소방서,연월,시간대,지역,이송수,출동수,평균기온
강남소방서,201701,0.0,서울,31.0,114,-2.6322580645161286
강남소방서,201701,1.0,서울,23.0,95,-2.92258064516129
강남소방서,201701,2.0,서울,26.0,73,-3.196774193548387
강남소방서,201701,3.0,서울,23.0,81,-3.541935483870968
강남소방서,201701,4.0,서울,28.0,63,-3.9516129032258074
강남소방서,201701,5.0,서울,10.0,54,-4.283870967741936
강남소방서,201701,6.0,서울,25.0,81,-4.52258064516129
강남소방서,201701,7.0,서울,33.0,77,-4.648387096774194
강남소방서,201701,8.0,서울,53.0,107,-4.767741935483872
강남소방서,201701,9.0,서울,64.0,120,-4.196774193548388
강남소방서,201701,10.0,서울,55.0,136,-2.6193548387096777
강남소방서,201701,11.0,서울,40.0,110,-1.0032258064516129
강남소방서,201701,12.0,서울,49.0,110,0.0999999999999999
강남소방서,201701,13.0,서울,41.0,113,1.1580645161290322
강남소방서,201701,14.0,서울,49.0,127,1.8774193548387093
강남소방서,201701,15.0,서울,39.0,121,2.141935483870968
강남소방서,201701,16.0,서울,44.0,108,2.05483870967742
강남소방서,201701,17.0,서울,47.0,119,1.164516129032258
강남소방서,201701,18.0,서울,47.0,109,-0.0129032258064516
강남소방서,201701,19.0,서울,34.0,113,-0.6903225806451614
강남소방서,201701,20.0,서울,33.0,100,-1.3129032258064517
강남소방서,201701,21.0,서울,47.0,123,-1.812903225806452
강남소방서,201701,22.0,서울,26.0,97,-2.2225806451612904
강남소방서,201701,23.0,서울,22.0,132,-2.5870967741935487
강남소방서,201702,0.0,서울,32.0,85,-1.467857142857143
강남소방서,201702,1.0,서울,25.0,68,-1.7964285714285713
강남소방서,201702,2.0,서울,23.0,75,-2.1535714285714285
강남소방서,201702,3.0,서울,22.0,46,-2.4857142857142853
강남소방서,201702,4.0,서울,29.0,44,-2.9
강남소방서,201702,5.0,서울,27.0,53,-3.257142857142857
강남소방서,201702,6.0,서울,28.0,64,-3.5535714285714284
강남소방서,201702,7.0,서울,41.0,82,-3.878571428571429
강남소방서,201702,8.0,서울,79.0,116,-3.95
강남소방서,201702,9.0,서울,77.0,111,-2.7142857142857144
강남소방서,201702,10.0,서울,79.0,116,-0.9892857142857144
강남소방서,201702,11.0,서울,47.0,89,0.6428571428571429
강남소방서,201702,12.0,서울,45.0,103,1.7321428571428572
강남소방서,201702,13.0,서울,39.0,76,2.782142857142857
강남소방서,201702,14.0,서울,54.0,113,3.5107142857142857
강남소방서,201702,15.0,서울,32.0,72,3.789285714285714
강남소방서,201702,16.0,서울,45.0,84,3.803571428571429
강남소방서,201702,17.0,서울,58.0,93,3.4107142857142856
강남소방서,201702,18.0,서울,57.0,92,2.1214285714285714
강남소방서,201702,19.0,서울,48.0,104,1.207142857142857
강남소방서,201702,20.0,서울,44.0,103,0.5642857142857142
강남소방서,201702,21.0,서울,43.0,90,0.0928571428571428
강남소방서,201702,22.0,서울,50.0,112,-0.3071428571428571
강남소방서,201702,23.0,서울,36.0,96,-0.675
강남소방서,201703,0.0,서울,63.0,97,4.406451612903226
강남소방서,201703,1.0,서울,43.0,77,3.9129032258064513
강남소방서,201703,2.0,서울,28.0,53,3.496774193548388
강남소방서,201703,3.0,서울,50.0,66,3.1258064516129034
강남소방서,201703,4.0,서울,39.0,49,2.770967741935484
강남소방서,201703,5.0,서울,54.0,54,2.5354838709677416
강남소방서,201703,6.0,서울,49.0,64,2.303225806451613
강남소방서,201703,7.0,서울,60.0,84,2.06774193548387
강남소방서,201703,8.0,서울,83.0,110,2.7580645161290325
강남소방서,201703,9.0,서울,79.0,117,4.645161290322581
강남소방서,201703,10.0,서울,91.0,125,6.738709677419355
강남소방서,201703,11.0,서울,65.0,106,8.425806451612903
강남소방서,201703,12.0,서울,76.0,114,9.76774193548387
강남소방서,201703,13.0,서울,87.0,122,10.751612903225809
강남소방서,201703,14.0,서울,75.0,110,11.27741935483871
강남소방서,201703,15.0,서울,94.0,134,11.506451612903223
강남소방서,201703,16.0,서울,63.0,94,11.058064516129033
강남소방서,201703,17.0,서울,82.0,121,10.183870967741935
강남소방서,201703,18.0,서울,75.0,122,8.929032258064517
강남소방서,201703,19.0,서울,92.0,132,7.548387096774194
강남소방서,201703,20.0,서울,71.0,106,6.648387096774194
강남소방서,201703,21.0,서울,73.0,117,5.958064516129032
강남소방서,201703,22.0,서울,71.0,108,5.348387096774194
강남소방서,201703,23.0,서울,70.0,127,4.838709677419355
강남소방서,201704,0.0,서울,61.0,119,11.526666666666667
강남소방서,201704,1.0,서울,41.0,94,11.166666666666666
강남소방서,201704,2.0,서울,34.0,76,10.833333333333334
강남소방서,201704,3.0,서울,46.0,70,10.466666666666669
강남소방서,201704,4.0,서울,34.0,63,10.133333333333333
강남소방서,201704,5.0,서울,33.0,69,9.78
강남소방서,201704,6.0,서울,36.0,58,9.52
강남소방서,201704,7.0,서울,45.0,68,9.663333333333332
강남소방서,201704,8.0,서울,101.0,135,11.21
강남소방서,201704,9.0,서울,91.0,122,13.043333333333331
강남소방서,201704,10.0,서울,71.0,105,14.853333333333332
강남소방서,201704,11.0,서울,72.0,112,16.48
강남소방서,201704,12.0,서울,66.0,116,17.673333333333336
강남소방서,201704,13.0,서울,79.0,138,18.21333333333333
강남소방서,201704,14.0,서울,73.0,122,18.746666666666663
강남소방서,201704,15.0,서울,90.0,137,18.90333333333333
강남소방서,201704,16.0,서울,72.0,124,18.446666666666665
강남소방서,201704,17.0,서울,59.0,107,17.743333333333332
강남소방서,201704,18.0,서울,61.0,122,16.62333333333333
강남소방서,201704,19.0,서울,72.0,113,15.203333333333337
강남소방서,201704,20.0,서울,80.0,121,14.106666666666666
강남소방서,201704,21.0,서울,62.0,101,13.373333333333331
강남소방서,201704,22.0,서울,71.0,125,12.733333333333333
강남소방서,201704,23.0,서울,54.0,119,12.173333333333334
강남소방서,201705,0.0,서울,71.0,126,16.700000000000003
강남소방서,201705,1.0,서울,69.0,105,16.24516129032258
강남소방서,201705,2.0,서울,41.0,70,15.8
강남소방서,201705,3.0,서울,34.0,66,15.45483870967742
강남소방서,201705,4.0,서울,59.0,83,15.13225806451613
강남소방서,201705,5.0,서울,42.0,68,14.890322580645162
강남소방서,201705,6.0,서울,36.0,67,14.77741935483871
강남소방서,201705,7.0,서울,48.0,91,15.441935483870967
강남소방서,201705,8.0,서울,90.0,120,17.325806451612905
강남소방서,201705,9.0,서울,87.0,124,19.33870967741936
강남소방서,201705,10.0,서울,86.0,135,21.083870967741937
강남소방서,201705,11.0,서울,97.0,136,22.33870967741936
강남소방서,201705,12.0,서울,86.0,131,23.38064516129032
강남소방서,201705,13.0,서울,81.0,133,24.15806451612903
강남소방서,201705,14.0,서울,69.0,113,24.64516129032258
강남소방서,201705,15.0,서울,84.0,134,24.716129032258067
강남소방서,201705,16.0,서울,54.0,114,24.32258064516129
강남소방서,201705,17.0,서울,85.0,128,23.68064516129032
강남소방서,201705,18.0,서울,73.0,129,22.687096774193545
강남소방서,201705,19.0,서울,72.0,111,21.083870967741937
강남소방서,201705,20.0,서울,77.0,131,19.55806451612903
강남소방서,201705,21.0,서울,67.0,117,18.66774193548387
강남소방서,201705,22.0,서울,58.0,99,18.016129032258064
강남소방서,201705,23.0,서울,57.0,108,17.43548387096774
강남소방서,201706,0.0,서울,62.0,110,20.986666666666668
강남소방서,201706,1.0,서울,56.0,111,20.6
강남소방서,201706,2.0,서울,53.0,106,20.203333333333333
강남소방서,201706,3.0,서울,43.0,66,19.85333333333333
강남소방서,201706,4.0,서울,49.0,77,19.516666666666666
강남소방서,201706,5.0,서울,54.0,76,19.24333333333333
강남소방서,201706,6.0,서울,53.0,91,19.19
강남소방서,201706,7.0,서울,59.0,77,19.846666666666668
강남소방서,201706,8.0,서울,89.0,115,21.266666666666666
강남소방서,201706,9.0,서울,94.0,122,22.683333333333334
강남소방서,201706,10.0,서울,91.0,139,24.11
강남소방서,201706,11.0,서울,93.0,121,25.43
강남소방서,201706,12.0,서울,80.0,143,26.63
강남소방서,201706,13.0,서울,97.0,144,27.473333333333336
강남소방서,201706,14.0,서울,81.0,116,28.040000000000003
강남소방서,201706,15.0,서울,89.0,140,28.16
강남소방서,201706,16.0,서울,77.0,116,27.72
강남소방서,201706,17.0,서울,76.0,133,26.92
강남소방서,201706,18.0,서울,91.0,123,26.023333333333333
강남소방서,201706,19.0,서울,99.0,124,24.80333333333333
강남소방서,201706,20.0,서울,75.0,105,23.42
강남소방서,201706,21.0,서울,110.0,160,22.523333333333333
강남소방서,201706,22.0,서울,76.0,137,21.926666666666662
강남소방서,201706,23.0,서울,80.0,134,21.476666666666667
강남소방서,201707,0.0,서울,75.0,114,25.770967741935483
강남소방서,201707,1.0,서울,76.0,112,25.50967741935484
강남소방서,201707,2.0,서울,52.0,100,25.32258064516129
강남소방서,201707,3.0,서울,55.0,75,25.18064516129032
강남소방서,201707,4.0,서울,51.0,81,24.96451612903226
강남소방서,201707,5.0,서울,51.0,88,24.80967741935484
강남소방서,201707,6.0,서울,64.0,82,24.738709677419354
강남소방서,201707,7.0,서울,79.0,104,24.932258064516127
강남소방서,201707,8.0,서울,110.0,144,25.425806451612903
강남소방서,201707,9.0,서울,106.0,152,26.016129032258064
강남소방서,201707,10.0,서울,115.0,162,26.816129032258065
강남소방서,201707,11.0,서울,93.0,132,27.66774193548387
강남소방서,201707,12.0,서울,100.0,139,28.451612903225808
강남소방서,201707,13.0,서울,98.0,127,29.05483870967742
강남소방서,201707,14.0,서울,107.0,141,29.451612903225808
강남소방서,201707,15.0,서울,96.0,152,29.73548387096774
강남소방서,201707,16.0,서울,95.0,131,29.69032258064516
강남소방서,201707,17.0,서울,83.0,129,29.241935483870968
강남소방서,201707,18.0,서울,109.0,145,28.638709677419357
강남소방서,201707,19.0,서울,66.0,107,27.983870967741936
강남소방서,201707,20.0,서울,111.0,151,27.296774193548387
강남소방서,201707,21.0,서울,88.0,138,26.758064516129032
강남소방서,201707,22.0,서울,87.0,140,26.43548387096774
강남소방서,201707,23.0,서울,66.0,122,26.106451612903225
강남소방서,201708,0.0,서울,88.0,125,24.73548387096774
강남소방서,201708,1.0,서울,56.0,90,24.406451612903226
강남소방서,201708,2.0,서울,64.0,95,24.17419354838709
강남소방서,201708,3.0,서울,44.0,61,23.90322580645161
강남소방서,201708,4.0,서울,50.0,66,23.68064516129032
강남소방서,201708,5.0,서울,47.0,72,23.44516129032258
강남소방서,201708,6.0,서울,63.0,82,23.248387096774195
강남소방서,201708,7.0,서울,73.0,91,23.35483870967742
강남소방서,201708,8.0,서울,118.0,138,24.125806451612902
강남소방서,201708,9.0,서울,115.0,154,25.216129032258067
강남소방서,201708,10.0,서울,100.0,128,26.080645161290324
강남소방서,201708,11.0,서울,81.0,117,26.83870967741936
강남소방서,201708,12.0,서울,87.0,114,27.62258064516129
강남소방서,201708,13.0,서울,93.0,130,28.125806451612902
강남소방서,201708,14.0,서울,71.0,106,28.52258064516129
강남소방서,201708,15.0,서울,93.0,138,28.75483870967742
강남소방서,201708,16.0,서울,95.0,136,28.89032258064516
강남소방서,201708,17.0,서울,93.0,141,28.72903225806452
강남소방서,201708,18.0,서울,87.0,126,28.141935483870967
강남소방서,201708,19.0,서울,94.0,126,27.125806451612902
강남소방서,201708,20.0,서울,106.0,135,26.29032258064516
강남소방서,201708,21.0,서울,79.0,112,25.80322580645161
강남소방서,201708,22.0,서울,69.0,127,25.358064516129037
강남소방서,201708,23.0,서울,88.0,124,24.94193548387097
강남소방서,201709,0.0,서울,83.0,122,20.173333333333336
강남소방서,201709,1.0,서울,65.0,106,19.676666666666662
강남소방서,201709,2.0,서울,51.0,83,19.23
강남소방서,201709,3.0,서울,35.0,53,18.85333333333333
강남소방서,201709,4.0,서울,37.0,59,18.496666666666663
강남소방서,201709,5.0,서울,51.0,56,18.14
강남소방서,201709,6.0,서울,47.0,66,17.85
강남소방서,201709,7.0,서울,84.0,106,17.84333333333333
강남소방서,201709,8.0,서울,121.0,141,19.16333333333333
강남소방서,201709,9.0,서울,107.0,142,21.0
강남소방서,201709,10.0,서울,121.0,149,22.813333333333333
강남소방서,201709,11.0,서울,73.0,120,24.21
강남소방서,201709,12.0,서울,127.0,147,25.2
강남소방서,201709,13.0,서울,108.0,143,25.97
강남소방서,201709,14.0,서울,99.0,121,26.61
강남소방서,201709,15.0,서울,87.0,114,26.93
강남소방서,201709,16.0,서울,85.0,147,26.63
강남소방서,201709,17.0,서울,96.0,123,26.04827586206897
강남소방서,201709,18.0,서울,101.0,133,24.99333333333333
강남소방서,201709,19.0,서울,96.0,132,23.523333333333333
강남소방서,201709,20.0,서울,94.0,119,22.65
강남소방서,201709,21.0,서울,73.0,113,21.866666666666667
강남소방서,201709,22.0,서울,86.0,133,21.186666666666667
강남소방서,201709,23.0,서울,80.0,133,20.6
강남소방서,201710,0.0,서울,71.0,115,14.758064516129032
강남소방서,201710,1.0,서울,75.0,110,14.28064516129032
강남소방서,201710,2.0,서울,51.0,76,13.82258064516129
강남소방서,201710,3.0,서울,52.0,65,13.4
강남소방서,201710,4.0,서울,47.0,59,13.003225806451614
강남소방서,201710,5.0,서울,44.0,61,12.667741935483871
강남소방서,201710,6.0,서울,63.0,74,12.403225806451612
강남소방서,201710,7.0,서울,70.0,82,12.193548387096774
강남소방서,201710,8.0,서울,106.0,134,12.851612903225806
강남소방서,201710,9.0,서울,96.0,120,15.13225806451613
강남소방서,201710,10.0,서울,92.0,121,17.24516129032258
강남소방서,201710,11.0,서울,100.0,123,18.91935483870968
강남소방서,201710,12.0,서울,96.0,133,20.12258064516129
강남소방서,201710,13.0,서울,96.0,117,20.84193548387097
강남소방서,201710,14.0,서울,98.0,116,21.16774193548387
강남소방서,201710,15.0,서울,84.0,119,21.55333333333333
강남소방서,201710,16.0,서울,89.0,106,21.116666666666667
강남소방서,201710,17.0,서울,62.0,94,20.113333333333333
강남소방서,201710,18.0,서울,109.0,129,18.38387096774193
강남소방서,201710,19.0,서울,89.0,110,17.338709677419356
강남소방서,201710,20.0,서울,75.0,108,16.603225806451615
강남소방서,201710,21.0,서울,68.0,99,16.0
강남소방서,201710,22.0,서울,79.0,113,15.48709677419355
강남소방서,201710,23.0,서울,86.0,118,14.974193548387095
강남소방서,201711,0.0,서울,70.0,103,4.503333333333333
강남소방서,201711,1.0,서울,66.0,94,4.216666666666667
강남소방서,201711,2.0,서울,57.0,75,3.9166666666666665
강남소방서,201711,3.0,서울,47.0,57,3.683333333333333
강남소방서,201711,4.0,서울,45.0,59,3.4233333333333333
강남소방서,201711,5.0,서울,40.0,55,3.23
강남소방서,201711,6.0,서울,43.0,70,3.07
강남소방서,201711,7.0,서울,58.0,78,2.91
강남소방서,201711,8.0,서울,105.0,121,2.9200000000000004
강남소방서,201711,9.0,서울,103.0,127,3.84
강남소방서,201711,10.0,서울,79.0,112,5.406666666666666
강남소방서,201711,11.0,서울,102.0,123,7.013333333333334
강남소방서,201711,12.0,서울,92.0,119,8.226666666666667
강남소방서,201711,13.0,서울,75.0,111,9.256666666666666
강남소방서,201711,14.0,서울,94.0,133,9.713333333333331
강남소방서,201711,15.0,서울,100.0,135,9.713333333333331
강남소방서,201711,16.0,서울,71.0,102,9.26
강남소방서,201711,17.0,서울,68.0,107,8.136666666666667
강남소방서,201711,18.0,서울,95.0,140,7.1433333333333335
강남소방서,201711,19.0,서울,87.0,117,6.493333333333333
강남소방서,201711,20.0,서울,76.0,106,5.846666666666667
강남소방서,201711,21.0,서울,83.0,99,5.29
강남소방서,201711,22.0,서울,106.0,132,4.816666666666666
강남소방서,201711,23.0,서울,76.0,105,4.356666666666667
강남소방서,201712,0.0,서울,90.0,122,-2.680645161290323
강남소방서,201712,1.0,서울,77.0,119,-2.970967741935484
강남소방서,201712,2.0,서울,57.0,94,-3.2774193548387096
강남소방서,201712,3.0,서울,45.0,78,-3.4612903225806453
강남소방서,201712,4.0,서울,53.0,75,-3.674193548387097
강남소방서,201712,5.0,서울,62.0,76,-3.916129032258065
강남소방서,201712,6.0,서울,63.0,88,-4.141935483870968
강남소방서,201712,7.0,서울,87.0,112,-4.335483870967742
강남소방서,201712,8.0,서울,94.0,104,-4.422580645161291
강남소방서,201712,9.0,서울,116.0,141,-4.02258064516129
강남소방서,201712,10.0,서울,127.0,145,-2.770967741935484
강남소방서,201712,11.0,서울,96.0,127,-1.4903225806451614
강남소방서,201712,12.0,서울,104.0,125,-0.2806451612903226
강남소방서,201712,13.0,서울,93.0,111,0.5032258064516129
강남소방서,201712,14.0,서울,103.0,138,1.1806451612903226
강남소방서,201712,15.0,서울,91.0,127,1.435483870967742
강남소방서,201712,16.0,서울,84.0,125,1.1193548387096774
강남소방서,201712,17.0,서울,105.0,132,0.2258064516129033
강남소방서,201712,18.0,서울,71.0,129,-0.6225806451612903
강남소방서,201712,19.0,서울,89.0,122,-1.067741935483871
강남소방서,201712,20.0,서울,96.0,125,-1.4258064516129034
강남소방서,201712,21.0,서울,86.0,138,-1.7903225806451613
강남소방서,201712,22.0,서울,105.0,165,-2.074193548387097
강남소방서,201712,23.0,서울,88.0,132,-2.329032258064516
강남소방서,201801,0.0,서울,64.0,118,-4.935483870967742
강남소방서,201801,1.0,서울,79.0,106,-5.16774193548387
강남소방서,201801,2.0,서울,59.0,75,-5.438709677419355
강남소방서,201801,3.0,서울,42.0,80,-5.606451612903226
강남소방서,201801,4.0,서울,49.0,70,-5.738709677419355
강남소방서,201801,5.0,서울,61.0,75,-5.993548387096775
강남소방서,201801,6.0,서울,78.0,92,-6.199999999999999
강남소방서,201801,7.0,서울,73.0,98,-6.435483870967742
강남소방서,201801,8.0,서울,86.0,108,-6.561290322580645
강남소방서,201801,9.0,서울,128.0,152,-6.125806451612903
강남소방서,201801,10.0,서울,96.0,125,-4.745161290322581
강남소방서,201801,11.0,서울,90.0,127,-3.296774193548387
강남소방서,201801,12.0,서울,109.0,145,-2.0451612903225804
강남소방서,201801,13.0,서울,106.0,144,-1.3096774193548388
강남소방서,201801,14.0,서울,126.0,153,-0.6548387096774194
강남소방서,201801,15.0,서울,104.0,152,-0.4580645161290323
강남소방서,201801,16.0,서울,74.0,107,-0.5580645161290322
강남소방서,201801,17.0,서울,70.0,96,-1.4225806451612903
강남소방서,201801,18.0,서울,106.0,135,-2.438709677419354
강남소방서,201801,19.0,서울,83.0,112,-3.0612903225806454
강남소방서,201801,20.0,서울,80.0,101,-3.532258064516129
강남소방서,201801,21.0,서울,83.0,113,-3.925806451612903
강남소방서,201801,22.0,서울,82.0,131,-4.325806451612903
강남소방서,201801,23.0,서울,73.0,125,-4.658064516129032
강남소방서,201802,0.0,서울,56.0,85,-3.1714285714285717
강남소방서,201802,1.0,서울,48.0,73,-3.4964285714285714
강남소방서,201802,2.0,서울,41.0,78,-3.767857142857143
강남소방서,201802,3.0,서울,44.0,68,-3.985714285714285
강남소방서,201802,4.0,서울,36.0,63,-4.25
강남소방서,201802,5.0,서울,44.0,67,-4.467857142857143
강남소방서,201802,6.0,서울,43.0,72,-4.721428571428571
강남소방서,201802,7.0,서울,49.0,66,-4.946428571428571
강남소방서,201802,8.0,서울,104.0,133,-4.960714285714286
강남소방서,201802,9.0,서울,104.0,125,-4.2
강남소방서,201802,10.0,서울,82.0,112,-2.332142857142857
강남소방서,201802,11.0,서울,103.0,131,-0.625
강남소방서,201802,12.0,서울,93.0,121,0.7535714285714287
강남소방서,201802,13.0,서울,81.0,114,1.5892857142857142
강남소방서,201802,14.0,서울,85.0,102,2.2178571428571425
강남소방서,201802,15.0,서울,101.0,133,2.6678571428571423
강남소방서,201802,16.0,서울,66.0,99,2.5357142857142856
강남소방서,201802,17.0,서울,91.0,118,1.775
강남소방서,201802,18.0,서울,69.0,112,0.7035714285714285
강남소방서,201802,19.0,서울,85.0,128,-0.3035714285714285
강남소방서,201802,20.0,서울,54.0,85,-1.0107142857142857
강남소방서,201802,21.0,서울,68.0,100,-1.5035714285714286
강남소방서,201802,22.0,서울,78.0,101,-1.989285714285714
강남소방서,201802,23.0,서울,67.0,109,-2.4642857142857144
강남소방서,201803,0.0,서울,71.0,111,6.025806451612904
강남소방서,201803,1.0,서울,72.0,93,5.72258064516129
강남소방서,201803,2.0,서울,59.0,86,5.451612903225806
강남소방서,201803,3.0,서울,67.0,102,5.225806451612903
강남소방서,201803,4.0,서울,52.0,66,5.054838709677419
강남소방서,201803,5.0,서울,48.0,70,4.964516129032258
강남소방서,201803,6.0,서울,60.0,79,4.838709677419355
강남소방서,201803,7.0,서울,69.0,89,4.729032258064516
강남소방서,201803,8.0,서울,110.0,134,5.074193548387097
강남소방서,201803,9.0,서울,91.0,131,6.22258064516129
강남소방서,201803,10.0,서울,87.0,128,7.803225806451613
강남소방서,201803,11.0,서울,86.0,104,9.44516129032258
강남소방서,201803,12.0,서울,74.0,110,10.83548387096774
강남소방서,201803,13.0,서울,82.0,125,11.748387096774191
강남소방서,201803,14.0,서울,98.0,136,12.412903225806453
강남소방서,201803,15.0,서울,88.0,123,12.67741935483871
강남소방서,201803,16.0,서울,80.0,114,12.6
강남소방서,201803,17.0,서울,97.0,125,11.851612903225806
강남소방서,201803,18.0,서울,88.0,121,10.648387096774194
강남소방서,201803,19.0,서울,99.0,125,9.374193548387098
강남소방서,201803,20.0,서울,87.0,126,8.47741935483871
강남소방서,201803,21.0,서울,76.0,124,7.84516129032258
강남소방서,201803,22.0,서울,72.0,116,7.267741935483872
강남소방서,201803,23.0,서울,70.0,117,6.770967741935484
강남소방서,201804,0.0,서울,89.0,101,10.953333333333337
강남소방서,201804,1.0,서울,58.0,90,10.52
강남소방서,201804,2.0,서울,32.0,67,10.126666666666669
강남소방서,201804,3.0,서울,56.0,74,9.746666666666666
강남소방서,201804,4.0,서울,41.0,65,9.383333333333333
강남소방서,201804,5.0,서울,48.0,64,8.983333333333333
강남소방서,201804,6.0,서울,47.0,80,8.696666666666665
강남소방서,201804,7.0,서울,53.0,83,8.796666666666665
강남소방서,201804,8.0,서울,92.0,104,9.936666666666667
강남소방서,201804,9.0,서울,110.0,130,11.716666666666669
강남소방서,201804,10.0,서울,88.0,124,13.4
강남소방서,201804,11.0,서울,87.0,127,14.876666666666669
강남소방서,201804,12.0,서울,100.0,133,16.113333333333333
강남소방서,201804,13.0,서울,108.0,121,17.073333333333334
강남소방서,201804,14.0,서울,84.0,122,17.646666666666665
강남소방서,201804,15.0,서울,95.0,134,17.7
강남소방서,201804,16.0,서울,63.0,91,17.5
강남소방서,201804,17.0,서울,95.0,119,17.016666666666666
강남소방서,201804,18.0,서울,94.0,126,16.0
강남소방서,201804,19.0,서울,98.0,135,14.596666666666666
강남소방서,201804,20.0,서울,73.0,104,13.513333333333332
강남소방서,201804,21.0,서울,87.0,112,12.73
강남소방서,201804,22.0,서울,92.0,128,12.14
강남소방서,201804,23.0,서울,91.0,128,11.586666666666668
강남소방서,201805,0.0,서울,83.0,118,16.20967741935484
강남소방서,201805,1.0,서울,71.0,99,15.787096774193548
강남소방서,201805,2.0,서울,65.0,91,15.393548387096772
강남소방서,201805,3.0,서울,45.0,75,15.05483870967742
강남소방서,201805,4.0,서울,34.0,61,14.725806451612904
강남소방서,201805,5.0,서울,44.0,63,14.470967741935484
강남소방서,201805,6.0,서울,53.0,79,14.303225806451612
강남소방서,201805,7.0,서울,67.0,94,14.674193548387096
강남소방서,201805,8.0,서울,96.0,131,15.987096774193548
강남소방서,201805,9.0,서울,117.0,142,17.416129032258063
강남소방서,201805,10.0,서울,104.0,137,18.75483870967742
강남소방서,201805,11.0,서울,113.0,142,19.9741935483871
강남소방서,201805,12.0,서울,119.0,155,20.85483870967742
강남소방서,201805,13.0,서울,107.0,135,21.67419354838709
강남소방서,201805,14.0,서울,90.0,138,22.12258064516129
강남소방서,201805,15.0,서울,107.0,123,22.238709677419354
강남소방서,201805,16.0,서울,85.0,133,22.038709677419355
강남소방서,201805,17.0,서울,84.0,107,21.825806451612905
강남소방서,201805,18.0,서울,81.0,104,21.30967741935484
강남소방서,201805,19.0,서울,87.0,129,20.03548387096774
강남소방서,201805,20.0,서울,107.0,129,18.68064516129032
강남소방서,201805,21.0,서울,92.0,103,17.86774193548387
강남소방서,201805,22.0,서울,96.0,142,17.287096774193547
강남소방서,201805,23.0,서울,94.0,132,16.77741935483871
강남소방서,201806,0.0,서울,66.0,107,20.93
강남소방서,201806,1.0,서울,63.0,99,20.546666666666667
강남소방서,201806,2.0,서울,50.0,78,20.206666666666667
강남소방서,201806,3.0,서울,65.0,87,19.84333333333333
강남소방서,201806,4.0,서울,61.0,80,19.563333333333333
강남소방서,201806,5.0,서울,63.0,74,19.28333333333333
강남소방서,201806,6.0,서울,67.0,79,19.126666666666665
강남소방서,201806,7.0,서울,71.0,97,19.62333333333333
강남소방서,201806,8.0,서울,105.0,149,20.97
강남소방서,201806,9.0,서울,130.0,166,22.39333333333333
강남소방서,201806,10.0,서울,102.0,133,23.72
강남소방서,201806,11.0,서울,129.0,148,24.91333333333333
강남소방서,201806,12.0,서울,119.0,141,25.966666666666665
강남소방서,201806,13.0,서울,87.0,130,26.82333333333333
강남소방서,201806,14.0,서울,107.0,142,27.456666666666667
강남소방서,201806,15.0,서울,91.0,135,27.683333333333334
강남소방서,201806,16.0,서울,87.0,120,27.60666666666667
강남소방서,201806,17.0,서울,94.0,120,27.08
강남소방서,201806,18.0,서울,89.0,141,26.23333333333333
강남소방서,201806,19.0,서울,94.0,132,25.06
강남소방서,201806,20.0,서울,78.0,119,23.78666666666667
강남소방서,201806,21.0,서울,72.0,117,22.826666666666664
강남소방서,201806,22.0,서울,79.0,131,22.1
강남소방서,201806,23.0,서울,81.0,114,21.540000000000003
강남소방서,201807,0.0,서울,94.0,123,26.01290322580645
강남소방서,201807,1.0,서울,81.0,107,25.61935483870968
강남소방서,201807,2.0,서울,49.0,85,25.293548387096774
강남소방서,201807,3.0,서울,55.0,79,25.041935483870965
강남소방서,201807,4.0,서울,45.0,76,24.76774193548387
강남소방서,201807,5.0,서울,42.0,72,24.538709677419355
강남소방서,201807,6.0,서울,81.0,104,24.39354838709677
강남소방서,201807,7.0,서울,82.0,97,24.712903225806453
강남소방서,201807,8.0,서울,156.0,179,25.787096774193547
강남소방서,201807,9.0,서울,119.0,169,26.958064516129035
강남소방서,201807,10.0,서울,122.0,166,28.08709677419355
강남소방서,201807,11.0,서울,119.0,155,29.02258064516129
강남소방서,201807,12.0,서울,123.0,147,29.906451612903226
강남소방서,201807,13.0,서울,105.0,154,30.62903225806452
강남소방서,201807,14.0,서울,109.0,152,31.070967741935487
강남소방서,201807,15.0,서울,105.0,133,31.30322580645161
강남소방서,201807,16.0,서울,113.0,142,31.32258064516129
강남소방서,201807,17.0,서울,99.0,140,31.206451612903223
강남소방서,201807,18.0,서울,106.0,152,30.716129032258067
강남소방서,201807,19.0,서울,137.0,186,29.74516129032258
강남소방서,201807,20.0,서울,122.0,156,28.53548387096774
강남소방서,201807,21.0,서울,105.0,144,27.76451612903226
강남소방서,201807,22.0,서울,107.0,163,27.193548387096776
강남소방서,201807,23.0,서울,109.0,136,26.706451612903223
강남소방서,201808,0.0,서울,86.0,119,27.19032258064516
강남소방서,201808,1.0,서울,73.0,116,26.86774193548387
강남소방서,201808,2.0,서울,78.0,102,26.66774193548387
강남소방서,201808,3.0,서울,53.0,73,26.39032258064516
강남소방서,201808,4.0,서울,53.0,77,26.10322580645161
강남소방서,201808,5.0,서울,62.0,86,25.83870967741936
강남소방서,201808,6.0,서울,71.0,86,25.69677419354839
강남소방서,201808,7.0,서울,98.0,114,25.864516129032257
강남소방서,201808,8.0,서울,111.0,128,26.73548387096774
강남소방서,201808,9.0,서울,122.0,149,28.01935483870968
강남소방서,201808,10.0,서울,113.0,158,29.26774193548387
강남소방서,201808,11.0,서울,100.0,142,30.329032258064515
강남소방서,201808,12.0,서울,126.0,133,31.345161290322583
강남소방서,201808,13.0,서울,111.0,151,31.80322580645161
강남소방서,201808,14.0,서울,112.0,146,32.08709677419355
강남소방서,201808,15.0,서울,91.0,131,32.39354838709678
강남소방서,201808,16.0,서울,102.0,130,32.44193548387097
강남소방서,201808,17.0,서울,87.0,144,31.783870967741933
강남소방서,201808,18.0,서울,104.0,136,31.080645161290324
강남소방서,201808,19.0,서울,108.0,153,29.88064516129032
강남소방서,201808,20.0,서울,92.0,133,28.770967741935483
강남소방서,201808,21.0,서울,119.0,135,28.13225806451613
강남소방서,201808,22.0,서울,113.0,159,27.687096774193545
강남소방서,201808,23.0,서울,107.0,144,27.296774193548387
강남소방서,201809,0.0,서울,51.0,91,20.023333333333333
강남소방서,201809,1.0,서울,82.0,106,19.646666666666665
강남소방서,201809,2.0,서울,61.0,83,19.28666666666667
강남소방서,201809,3.0,서울,46.0,61,18.9
강남소방서,201809,4.0,서울,50.0,71,18.60666666666667
강남소방서,201809,5.0,서울,63.0,69,18.32333333333333
강남소방서,201809,6.0,서울,56.0,69,18.040000000000003
강남소방서,201809,7.0,서울,51.0,62,17.983333333333334
강남소방서,201809,8.0,서울,102.0,116,18.756666666666668
강남소방서,201809,9.0,서울,93.0,114,20.383333333333333
강남소방서,201809,10.0,서울,95.0,129,21.896666666666665
강남소방서,201809,11.0,서울,80.0,116,23.02
강남소방서,201809,12.0,서울,102.0,111,24.026666666666664
강남소방서,201809,13.0,서울,87.0,115,24.73333333333333
강남소방서,201809,14.0,서울,106.0,132,25.34333333333333
강남소방서,201809,15.0,서울,99.0,127,25.51
강남소방서,201809,16.0,서울,94.0,114,25.47
강남소방서,201809,17.0,서울,83.0,114,25.006666666666668
강남소방서,201809,18.0,서울,107.0,131,23.986666666666668
강남소방서,201809,19.0,서울,107.0,129,22.76
강남소방서,201809,20.0,서울,98.0,122,21.96333333333333
강남소방서,201809,21.0,서울,90.0,114,21.30666666666667
강남소방서,201809,22.0,서울,67.0,103,20.76333333333333
강남소방서,201809,23.0,서울,81.0,113,20.23333333333333
강남소방서,201810,0.0,서울,89.0,105,11.461290322580645
강남소방서,201810,1.0,서울,56.0,68,11.03225806451613
강남소방서,201810,2.0,서울,56.0,77,10.525806451612905
강남소방서,201810,3.0,서울,51.0,83,10.167741935483871
강남소방서,201810,4.0,서울,48.0,56,9.903225806451612
강남소방서,201810,5.0,서울,48.0,63,9.54516129032258
강남소방서,201810,6.0,서울,51.0,72,9.26774193548387
강남소방서,201810,7.0,서울,69.0,75,9.138709677419357
강남소방서,201810,8.0,서울,98.0,125,9.577419354838709
강남소방서,201810,9.0,서울,112.0,140,11.283870967741937
강남소방서,201810,10.0,서울,111.0,141,13.36774193548387
강남소방서,201810,11.0,서울,110.0,118,15.064516129032258
강남소방서,201810,12.0,서울,104.0,118,16.216129032258063
강남소방서,201810,13.0,서울,102.0,123,16.990322580645163
강남소방서,201810,14.0,서울,87.0,106,17.638709677419353
강남소방서,201810,15.0,서울,109.0,149,17.993548387096773
강남소방서,201810,16.0,서울,90.0,120,17.825806451612905
강남소방서,201810,17.0,서울,99.0,123,16.916129032258063
강남소방서,201810,18.0,서울,87.0,127,15.46774193548387
강남소방서,201810,19.0,서울,89.0,119,14.416129032258064
강남소방서,201810,20.0,서울,98.0,109,13.603225806451611
강남소방서,201810,21.0,서울,71.0,109,12.858064516129032
강남소방서,201810,22.0,서울,81.0,129,12.225806451612904
강남소방서,201810,23.0,서울,72.0,118,11.651612903225804
강남소방서,201811,0.0,서울,71.0,107,6.443333333333333
강남소방서,201811,1.0,서울,70.0,86,5.996666666666667
강남소방서,201811,2.0,서울,52.0,79,5.656666666666666
강남소방서,201811,3.0,서울,57.0,64,5.23
강남소방서,201811,4.0,서울,31.0,48,4.886666666666667
강남소방서,201811,5.0,서울,51.0,57,4.67
강남소방서,201811,6.0,서울,60.0,58,4.433333333333334
강남소방서,201811,7.0,서울,67.0,82,4.156666666666667
강남소방서,201811,8.0,서울,84.0,96,4.203333333333333
강남소방서,201811,9.0,서울,117.0,134,5.423333333333333
강남소방서,201811,10.0,서울,105.0,142,7.4766666666666675
강남소방서,201811,11.0,서울,100.0,127,9.53
강남소방서,201811,12.0,서울,105.0,132,10.92
강남소방서,201811,13.0,서울,93.0,127,11.89
강남소방서,201811,14.0,서울,90.0,109,12.366666666666667
강남소방서,201811,15.0,서울,105.0,134,12.386666666666668
강남소방서,201811,16.0,서울,77.0,103,11.946666666666664
강남소방서,201811,17.0,서울,96.0,144,10.873333333333331
강남소방서,201811,18.0,서울,109.0,127,9.913793103448276
강남소방서,201811,19.0,서울,86.0,122,8.979999999999999
강남소방서,201811,20.0,서울,77.0,102,8.373333333333333
강남소방서,201811,21.0,서울,67.0,114,7.896666666666666
강남소방서,201811,22.0,서울,82.0,104,7.276666666666667
강남소방서,201811,23.0,서울,87.0,109,6.816666666666666
강남소방서,201812,0.0,서울,78.0,138,-1.632258064516129
강남소방서,201812,1.0,서울,80.0,117,-1.935483870967742
강남소방서,201812,2.0,서울,50.0,72,-2.2548387096774194
강남소방서,201812,3.0,서울,46.0,60,-2.487096774193548
강남소방서,201812,4.0,서울,65.0,80,-2.6548387096774198
강남소방서,201812,5.0,서울,58.0,77,-2.903225806451613
강남소방서,201812,6.0,서울,55.0,83,-3.206451612903226
강남소방서,201812,7.0,서울,80.0,88,-3.383870967741936
강남소방서,201812,8.0,서울,103.0,123,-3.435483870967742
강남소방서,201812,9.0,서울,123.0,147,-2.929032258064516
강남소방서,201812,10.0,서울,131.0,137,-1.5838709677419356
강남소방서,201812,11.0,서울,96.0,136,0.1354838709677421
강남소방서,201812,12.0,서울,104.0,115,1.5419354838709676
강남소방서,201812,13.0,서울,112.0,133,2.5580645161290323
강남소방서,201812,14.0,서울,117.0,128,3.2
강남소방서,201812,15.0,서울,128.0,154,3.438709677419355
강남소방서,201812,16.0,서울,106.0,138,3.074193548387097
강남소방서,201812,17.0,서울,127.0,142,2.05483870967742
강남소방서,201812,18.0,서울,103.0,121,1.1387096774193548
강남소방서,201812,19.0,서울,91.0,123,0.5096774193548387
강남소방서,201812,20.0,서울,91.0,120,-0.0774193548387097
강남소방서,201812,21.0,서울,106.0,142,-0.5677419354838709
강남소방서,201812,22.0,서울,88.0,134,-1.0451612903225806
강남소방서,201812,23.0,서울,104.0,126,-1.467741935483871
강남소방서,201901,0.0,서울,80.0,116,-1.970967741935484
강남소방서,201901,1.0,서울,68.0,91,-2.2516129032258063
강남소방서,201901,2.0,서울,65.0,89,-2.6258064516129034
강남소방서,201901,3.0,서울,42.0,62,-2.874193548387097
강남소방서,201901,4.0,서울,45.0,63,-3.2516129032258063
강남소방서,201901,5.0,서울,54.0,62,-3.570967741935484
강남소방서,201901,6.0,서울,55.0,68,-3.841935483870968
강남소방서,201901,7.0,서울,59.0,69,-4.070967741935484
강남소방서,201901,8.0,서울,94.0,113,-4.254838709677419
강남소방서,201901,9.0,서울,109.0,131,-3.6806451612903226
강남소방서,201901,10.0,서울,130.0,132,-1.8741935483870968
강남소방서,201901,11.0,서울,80.0,125,0.0193548387096774
강남소방서,201901,12.0,서울,121.0,142,1.3645161290322585
강남소방서,201901,13.0,서울,101.0,137,2.2451612903225806
강남소방서,201901,14.0,서울,92.0,120,2.9935483870967743
강남소방서,201901,15.0,서울,130.0,149,3.532258064516129
강남소방서,201901,16.0,서울,92.0,112,3.367741935483872
강남소방서,201901,17.0,서울,80.0,103,2.42258064516129
강남소방서,201901,18.0,서울,106.0,129,1.0838709677419356
강남소방서,201901,19.0,서울,78.0,108,0.2903225806451613
강남소방서,201901,20.0,서울,90.0,119,-0.3645161290322581
강남소방서,201901,21.0,서울,88.0,118,-0.8741935483870968
강남소방서,201901,22.0,서울,80.0,118,-1.3225806451612905
강남소방서,201901,23.0,서울,73.0,117,-1.6903225806451612
강남소방서,201902,0.0,서울,67.0,93,-0.3428571428571428
강남소방서,201902,1.0,서울,56.0,80,-0.7964285714285715
강남소방서,201902,2.0,서울,58.0,73,-1.1678571428571427
강남소방서,201902,3.0,서울,37.0,47,-1.4821428571428572
강남소방서,201902,4.0,서울,35.0,48,-1.8392857142857144
강남소방서,201902,5.0,서울,44.0,52,-2.210714285714286
강남소방서,201902,6.0,서울,50.0,70,-2.435714285714286
강남소방서,201902,7.0,서울,71.0,80,-2.5785714285714287
강남소방서,201902,8.0,서울,86.0,114,-2.582142857142857
강남소방서,201902,9.0,서울,147.0,126,-1.725
강남소방서,201902,10.0,서울,92.0,121,0.2285714285714285
강남소방서,201902,11.0,서울,98.0,108,1.8571428571428568
강남소방서,201902,12.0,서울,85.0,89,3.225
강남소방서,201902,13.0,서울,90.0,112,4.267857142857143
강남소방서,201902,14.0,서울,66.0,94,5.0
강남소방서,201902,15.0,서울,63.0,90,5.242857142857143
강남소방서,201902,16.0,서울,65.0,94,5.257142857142857
강남소방서,201902,17.0,서울,60.0,91,4.767857142857143
강남소방서,201902,18.0,서울,81.0,99,3.542857142857143
강남소방서,201902,19.0,서울,86.0,98,2.564285714285714
강남소방서,201902,20.0,서울,102.0,105,1.8214285714285716
강남소방서,201902,21.0,서울,83.0,106,1.3678571428571429
강남소방서,201902,22.0,서울,87.0,100,0.925
강남소방서,201902,23.0,서울,86.0,94,0.4785714285714285
강남소방서,201903,0.0,서울,84.0,102,5.329032258064516
강남소방서,201903,1.0,서울,72.0,81,4.906451612903226
강남소방서,201903,2.0,서울,69.0,84,4.580645161290323
강남소방서,201903,3.0,서울,45.0,61,4.306451612903226
강남소방서,201903,4.0,서울,53.0,52,4.051612903225807
강남소방서,201903,5.0,서울,61.0,71,3.793548387096775
강남소방서,201903,6.0,서울,55.0,54,3.5903225806451613
강남소방서,201903,7.0,서울,85.0,96,3.458064516129032
강남소방서,201903,8.0,서울,100.0,117,3.864516129032258
강남소방서,201903,9.0,서울,105.0,129,5.367741935483871
강남소방서,201903,10.0,서울,114.0,118,7.312903225806451
강남소방서,201903,11.0,서울,121.0,123,8.893548387096773
강남소방서,201903,12.0,서울,121.0,138,10.148387096774194
강남소방서,201903,13.0,서울,107.0,114,11.003225806451614
강남소방서,201903,14.0,서울,87.0,112,11.474193548387095
강남소방서,201903,15.0,서울,111.0,134,11.78064516129032
강남소방서,201903,16.0,서울,91.0,110,11.564516129032258
강남소방서,201903,17.0,서울,106.0,137,10.687096774193549
강남소방서,201903,18.0,서울,99.0,115,9.49032258064516
강남소방서,201903,19.0,서울,93.0,100,8.161290322580646
강남소방서,201903,20.0,서울,85.0,115,7.351612903225806
강남소방서,201903,21.0,서울,90.0,112,6.735483870967743
강남소방서,201903,22.0,서울,84.0,120,6.274193548387097
강남소방서,201903,23.0,서울,88.0,106,5.774193548387097
강남소방서,201904,0.0,서울,86.0,107,9.8
강남소방서,201904,1.0,서울,56.0,78,9.383333333333333
강남소방서,201904,2.0,서울,35.0,53,8.99
강남소방서,201904,3.0,서울,49.0,62,8.59
강남소방서,201904,4.0,서울,48.0,67,8.28
강남소방서,201904,5.0,서울,51.0,60,8.073333333333332
강남소방서,201904,6.0,서울,54.0,64,7.92
강남소방서,201904,7.0,서울,77.0,83,8.139999999999999
강남소방서,201904,8.0,서울,101.0,115,9.383333333333333
강남소방서,201904,9.0,서울,103.0,106,11.193333333333332
강남소방서,201904,10.0,서울,101.0,111,12.876666666666669
강남소방서,201904,11.0,서울,110.0,129,14.113333333333332
강남소방서,201904,12.0,서울,127.0,153,15.23
강남소방서,201904,13.0,서울,118.0,139,16.006666666666668
강남소방서,201904,14.0,서울,78.0,106,16.513333333333332
강남소방서,201904,15.0,서울,95.0,119,16.89
강남소방서,201904,16.0,서울,105.0,122,16.716666666666665
강남소방서,201904,17.0,서울,96.0,119,16.07
강남소방서,201904,18.0,서울,114.0,134,15.026666666666667
강남소방서,201904,19.0,서울,105.0,111,13.656666666666666
강남소방서,201904,20.0,서울,87.0,105,12.64
강남소방서,201904,21.0,서울,105.0,125,11.903333333333334
강남소방서,201904,22.0,서울,100.0,122,11.233333333333333
강남소방서,201904,23.0,서울,77.0,98,10.65
강남소방서,201905,0.0,서울,62.0,102,16.925806451612903
강남소방서,201905,1.0,서울,62.0,92,16.42258064516129
강남소방서,201905,2.0,서울,51.0,73,15.896774193548389
강남소방서,201905,3.0,서울,55.0,66,15.348387096774196
강남소방서,201905,4.0,서울,46.0,62,14.861290322580643
강남소방서,201905,5.0,서울,51.0,60,14.36451612903226
강남소방서,201905,6.0,서울,60.0,63,14.083870967741936
강남소방서,201905,7.0,서울,72.0,94,14.783870967741937
강남소방서,201905,8.0,서울,117.0,133,16.809677419354838
강남소방서,201905,9.0,서울,119.0,121,18.73548387096774
강남소방서,201905,10.0,서울,116.0,138,20.493548387096773
강남소방서,201905,11.0,서울,98.0,110,21.970967741935485
강남소방서,201905,12.0,서울,143.0,150,23.248387096774195
강남소방서,201905,13.0,서울,124.0,150,24.203225806451613
강남소방서,201905,14.0,서울,133.0,141,24.703225806451613
강남소방서,201905,15.0,서울,121.0,133,24.92258064516129
강남소방서,201905,16.0,서울,120.0,144,24.693548387096776
강남소방서,201905,17.0,서울,95.0,121,24.096774193548388
강남소방서,201905,18.0,서울,104.0,154,22.983870967741936
강남소방서,201905,19.0,서울,86.0,122,21.387096774193548
강남소방서,201905,20.0,서울,104.0,134,19.90967741935484
강남소방서,201905,21.0,서울,105.0,124,19.01290322580645
강남소방서,201905,22.0,서울,78.0,116,18.293548387096774
강남소방서,201905,23.0,서울,94.0,125,17.63225806451613
강남소방서,201906,0.0,서울,71.0,112,20.19333333333333
강남소방서,201906,1.0,서울,67.0,99,19.723333333333336
강남소방서,201906,2.0,서울,62.0,80,19.316666666666663
강남소방서,201906,3.0,서울,58.0,74,19.006666666666668
강남소방서,201906,4.0,서울,39.0,53,18.776666666666664
강남소방서,201906,5.0,서울,45.0,66,18.50333333333333
강남소방서,201906,6.0,서울,49.0,63,18.4
강남소방서,201906,7.0,서울,85.0,97,19.15
강남소방서,201906,8.0,서울,92.0,109,20.540000000000003
강남소방서,201906,9.0,서울,106.0,111,21.916666666666668
강남소방서,201906,10.0,서울,121.0,120,23.21
강남소방서,201906,11.0,서울,110.0,133,24.3
강남소방서,201906,12.0,서울,125.0,135,25.293333333333333
강남소방서,201906,13.0,서울,111.0,132,26.02
강남소방서,201906,14.0,서울,113.0,121,26.62
강남소방서,201906,15.0,서울,107.0,113,27.026666666666664
강남소방서,201906,16.0,서울,115.0,135,26.863333333333333
강남소방서,201906,17.0,서울,144.0,144,26.423333333333336
강남소방서,201906,18.0,서울,107.0,129,25.76333333333333
강남소방서,201906,19.0,서울,95.0,121,24.55
강남소방서,201906,20.0,서울,113.0,119,23.196666666666665
강남소방서,201906,21.0,서울,95.0,113,22.196666666666665
강남소방서,201906,22.0,서울,91.0,119,21.41333333333333
강남소방서,201906,23.0,서울,88.0,110,20.84
강남소방서,201907,0.0,서울,94.0,147,24.37741935483871
강남소방서,201907,1.0,서울,62.0,102,24.038709677419355
강남소방서,201907,2.0,서울,60.0,84,23.76129032258065
강남소방서,201907,3.0,서울,49.0,76,23.516129032258064
강남소방서,201907,4.0,서울,62.0,78,23.31290322580645
강남소방서,201907,5.0,서울,64.0,78,23.161290322580644
강남소방서,201907,6.0,서울,76.0,84,23.11935483870968
강남소방서,201907,7.0,서울,90.0,88,23.506451612903227
강남소방서,201907,8.0,서울,148.0,154,24.248387096774195
강남소방서,201907,9.0,서울,147.0,169,25.003225806451614
강남소방서,201907,10.0,서울,129.0,171,25.97741935483871
강남소방서,201907,11.0,서울,102.0,128,26.98064516129032
강남소방서,201907,12.0,서울,135.0,146,27.86774193548387
강남소방서,201907,13.0,서울,115.0,141,28.567741935483877
강남소방서,201907,14.0,서울,105.0,138,29.01290322580645
강남소방서,201907,15.0,서울,93.0,118,29.374193548387098
강남소방서,201907,16.0,서울,119.0,136,29.21935483870968
강남소방서,201907,17.0,서울,113.0,125,28.664516129032258
강남소방서,201907,18.0,서울,122.0,153,28.01935483870968
강남소방서,201907,19.0,서울,100.0,128,27.161290322580644
강남소방서,201907,20.0,서울,97.0,132,26.21935483870968
강남소방서,201907,21.0,서울,118.0,128,25.574193548387097
강남소방서,201907,22.0,서울,116.0,119,25.151612903225807
강남소방서,201907,23.0,서울,91.0,139,24.796774193548387
강남소방서,201908,0.0,서울,86.0,116,25.8
강남소방서,201908,1.0,서울,65.0,94,25.43870967741936
강남소방서,201908,2.0,서울,68.0,94,25.083870967741937
강남소방서,201908,3.0,서울,67.0,94,24.774193548387096
강남소방서,201908,4.0,서울,64.0,84,24.50967741935484
강남소방서,201908,5.0,서울,69.0,70,24.22903225806452
강남소방서,201908,6.0,서울,50.0,68,23.98064516129032
강남소방서,201908,7.0,서울,73.0,86,24.125806451612902
강남소방서,201908,8.0,서울,126.0,146,25.016129032258064
강남소방서,201908,9.0,서울,143.0,157,26.212903225806453
강남소방서,201908,10.0,서울,113.0,139,27.496774193548383
강남소방서,201908,11.0,서울,152.0,160,28.35483870967742
강남소방서,201908,12.0,서울,134.0,151,29.116129032258065
강남소방서,201908,13.0,서울,110.0,112,29.76451612903226
강남소방서,201908,14.0,서울,138.0,156,30.496774193548383
강남소방서,201908,15.0,서울,97.0,126,30.90322580645161
강남소방서,201908,16.0,서울,123.0,157,30.874193548387098
강남소방서,201908,17.0,서울,102.0,131,30.493548387096773
강남소방서,201908,18.0,서울,120.0,145,29.677419354838708
강남소방서,201908,19.0,서울,94.0,136,28.641935483870967
강남소방서,201908,20.0,서울,115.0,137,27.693548387096776
강남소방서,201908,21.0,서울,92.0,110,27.096774193548388
강남소방서,201908,22.0,서울,106.0,149,26.651612903225807
강남소방서,201908,23.0,서울,117.0,146,26.080645161290324
강남소방서,201909,0.0,서울,79.0,111,21.116666666666667
강남소방서,201909,1.0,서울,64.0,86,20.78666666666667
강남소방서,201909,2.0,서울,54.0,75,20.53
강남소방서,201909,3.0,서울,46.0,79,20.196666666666665
강남소방서,201909,4.0,서울,48.0,56,19.96333333333333
강남소방서,201909,5.0,서울,51.0,62,19.726666666666667
강남소방서,201909,6.0,서울,71.0,75,19.51333333333333
강남소방서,201909,7.0,서울,73.0,89,19.456666666666667
강남소방서,201909,8.0,서울,101.0,118,20.196666666666665
강남소방서,201909,9.0,서울,125.0,132,21.64
강남소방서,201909,10.0,서울,102.0,120,23.223333333333336
강남소방서,201909,11.0,서울,136.0,140,24.473333333333336
강남소방서,201909,12.0,서울,117.0,149,25.36
강남소방서,201909,13.0,서울,124.0,145,26.043333333333333
강남소방서,201909,14.0,서울,118.0,140,26.26333333333333
강남소방서,201909,15.0,서울,119.0,139,26.273333333333333
강남소방서,201909,16.0,서울,86.0,116,26.10333333333333
강남소방서,201909,17.0,서울,106.0,132,25.59333333333333
강남소방서,201909,18.0,서울,126.0,128,24.57
강남소방서,201909,19.0,서울,90.0,105,23.59333333333333
강남소방서,201909,20.0,서울,74.0,92,22.863333333333333
강남소방서,201909,21.0,서울,91.0,120,22.37
강남소방서,201909,22.0,서울,85.0,119,21.923333333333336
강남소방서,201909,23.0,서울,80.0,123,21.46333333333333
강남소방서,201910,0.0,서울,93.0,106,14.629032258064516
강남소방서,201910,1.0,서울,83.0,95,14.225806451612904
강남소방서,201910,2.0,서울,57.0,67,13.812903225806451
강남소방서,201910,3.0,서울,59.0,76,13.44516129032258
강남소방서,201910,4.0,서울,48.0,57,13.077419354838709
강남소방서,201910,5.0,서울,68.0,85,12.825806451612904
강남소방서,201910,6.0,서울,49.0,65,12.625806451612902
강남소방서,201910,7.0,서울,86.0,90,12.529032258064516
강남소방서,201910,8.0,서울,87.0,112,13.061290322580644
강남소방서,201910,9.0,서울,124.0,143,14.803225806451612
강남소방서,201910,10.0,서울,121.0,135,16.809677419354838
강남소방서,201910,11.0,서울,116.0,153,18.493548387096773
강남소방서,201910,12.0,서울,113.0,118,19.664516129032258
강남소방서,201910,13.0,서울,150.0,167,20.567741935483877
강남소방서,201910,14.0,서울,97.0,136,21.048387096774192
강남소방서,201910,15.0,서울,138.0,154,21.15806451612903
강남소방서,201910,16.0,서울,95.0,132,20.87741935483871
강남소방서,201910,17.0,서울,94.0,105,19.993548387096773
강남소방서,201910,18.0,서울,117.0,140,18.532258064516128
강남소방서,201910,19.0,서울,117.0,144,17.529032258064515
강남소방서,201910,20.0,서울,89.0,105,16.787096774193547
강남소방서,201910,21.0,서울,112.0,161,16.138709677419357
강남소방서,201910,22.0,서울,101.0,135,15.596774193548388
강남소방서,201910,23.0,서울,90.0,123,14.996774193548388
강남소방서,201911,0.0,서울,84.0,112,6.466666666666667
강남소방서,201911,1.0,서울,71.0,92,6.093333333333334
강남소방서,201911,2.0,서울,68.0,84,5.666666666666667
강남소방서,201911,3.0,서울,56.0,83,5.276666666666667
강남소방서,201911,4.0,서울,51.0,69,4.963333333333334
강남소방서,201911,5.0,서울,61.0,66,4.66
강남소방서,201911,6.0,서울,74.0,89,4.306666666666667
강남소방서,201911,7.0,서울,81.0,81,4.036666666666666
강남소방서,201911,8.0,서울,103.0,104,4.1066666666666665
강남소방서,201911,9.0,서울,134.0,153,5.553333333333333
강남소방서,201911,10.0,서울,122.0,115,7.510000000000001
강남소방서,201911,11.0,서울,121.0,136,9.116666666666667
강남소방서,201911,12.0,서울,95.0,116,10.276666666666667
강남소방서,201911,13.0,서울,115.0,140,11.336666666666668
강남소방서,201911,14.0,서울,96.0,106,11.963333333333331
강남소방서,201911,15.0,서울,91.0,99,12.203333333333337
강남소방서,201911,16.0,서울,123.0,145,11.87
강남소방서,201911,17.0,서울,102.0,106,10.64
강남소방서,201911,18.0,서울,97.0,119,9.526666666666667
강남소방서,201911,19.0,서울,115.0,145,8.643333333333334
강남소방서,201911,20.0,서울,76.0,106,7.946666666666667
강남소방서,201911,21.0,서울,94.0,107,7.373333333333333
강남소방서,201911,22.0,서울,108.0,132,6.926666666666667
강남소방서,201911,23.0,서울,89.0,130,6.516666666666667
강남소방서,201912,0.0,서울,107.0,120,0.8677419354838709
강남소방서,201912,1.0,서울,89.0,127,0.5645161290322581
강남소방서,201912,2.0,서울,81.0,96,0.2774193548387097
강남소방서,201912,3.0,서울,75.0,84,0.0419354838709677
강남소방서,201912,4.0,서울,58.0,69,-0.2193548387096775
강남소방서,201912,5.0,서울,71.0,91,-0.5129032258064516
강남소방서,201912,6.0,서울,64.0,68,-0.7096774193548387
강남소방서,201912,7.0,서울,76.0,78,-0.8548387096774193
강남소방서,201912,8.0,서울,120.0,128,-0.896774193548387
강남소방서,201912,9.0,서울,148.0,132,-0.3903225806451612
강남소방서,201912,10.0,서울,99.0,111,0.7193548387096773
강남소방서,201912,11.0,서울,118.0,115,1.8225806451612905
강남소방서,201912,12.0,서울,123.0,135,2.932258064516129
강남소방서,201912,13.0,서울,99.0,114,3.816129032258064
강남소방서,201912,14.0,서울,118.0,142,4.470967741935484
강남소방서,201912,15.0,서울,124.0,138,4.683870967741935
강남소방서,201912,16.0,서울,91.0,118,4.45483870967742
강남소방서,201912,17.0,서울,111.0,117,3.658064516129032
강남소방서,201912,18.0,서울,104.0,123,2.825806451612903
강남소방서,201912,19.0,서울,96.0,123,2.193548387096774
강남소방서,201912,20.0,서울,129.0,155,1.716129032258065
강남소방서,201912,21.0,서울,111.0,142,1.335483870967742
강남소방서,201912,22.0,서울,123.0,144,1.074193548387097
강남소방서,201912,23.0,서울,110.0,142,0.8064516129032258
강남소방서,202001,0.0,서울,75.0,94,0.3548387096774194
강남소방서,202001,1.0,서울,64.0,76,0.1354838709677419
강남소방서,202001,2.0,서울,59.0,65,-0.1645161290322581
강남소방서,202001,3.0,서울,40.0,56,-0.3451612903225806
강남소방서,202001,4.0,서울,42.0,45,-0.5741935483870968
강남소방서,202001,5.0,서울,56.0,63,-0.7096774193548387
강남소방서,202001,6.0,서울,73.0,63,-0.8838709677419355
강남소방서,202001,7.0,서울,65.0,63,-0.9612903225806452
강남소방서,202001,8.0,서울,110.0,109,-1.032258064516129
강남소방서,202001,9.0,서울,123.0,106,-0.5903225806451613
강남소방서,202001,10.0,서울,102.0,120,0.7870967741935483
강남소방서,202001,11.0,서울,126.0,125,2.3870967741935485
강남소방서,202001,12.0,서울,125.0,121,3.635483870967742
강남소방서,202001,13.0,서울,117.0,140,4.564516129032258
강남소방서,202001,14.0,서울,93.0,97,5.012903225806451
강남소방서,202001,15.0,서울,111.0,114,5.290322580645161
강남소방서,202001,16.0,서울,110.0,121,5.209677419354839
강남소방서,202001,17.0,서울,91.0,97,4.470967741935484
강남소방서,202001,18.0,서울,91.0,117,3.548387096774193
강남소방서,202001,19.0,서울,94.0,115,2.864516129032258
강남소방서,202001,20.0,서울,98.0,111,2.2483870967741937
강남소방서,202001,21.0,서울,106.0,111,1.7032258064516128
강남소방서,202001,22.0,서울,118.0,136,1.261290322580645
강남소방서,202001,23.0,서울,97.0,126,0.8483870967741935
강남소방서,202002,0.0,서울,74.0,94,1.4551724137931037
강남소방서,202002,1.0,서울,57.0,81,1.0517241379310345
강남소방서,202002,2.0,서울,54.0,67,0.8413793103448275
강남소방서,202002,3.0,서울,40.0,52,0.5241379310344828
강남소방서,202002,4.0,서울,48.0,55,0.1586206896551724
강남소방서,202002,5.0,서울,49.0,57,-0.2275862068965517
강남소방서,202002,6.0,서울,51.0,64,-0.4275862068965517
강남소방서,202002,7.0,서울,49.0,54,-0.6482758620689656
강남소방서,202002,8.0,서울,79.0,101,-0.5965517241379312
강남소방서,202002,9.0,서울,94.0,81,0.2758620689655172
강남소방서,202002,10.0,서울,86.0,95,1.827586206896552
강남소방서,202002,11.0,서울,106.0,124,3.2448275862068963
강남소방서,202002,12.0,서울,74.0,90,4.282758620689656
강남소방서,202002,13.0,서울,78.0,102,5.179310344827586
강남소방서,202002,14.0,서울,92.0,109,5.86551724137931
강남소방서,202002,15.0,서울,78.0,95,6.296551724137931
강남소방서,202002,16.0,서울,63.0,74,6.317241379310344
강남소방서,202002,17.0,서울,78.0,99,5.965517241379311
강남소방서,202002,18.0,서울,86.0,99,4.9206896551724135
강남소방서,202002,19.0,서울,91.0,119,3.972413793103448
강남소방서,202002,20.0,서울,88.0,102,3.362068965517241
강남소방서,202002,21.0,서울,82.0,98,2.7448275862068963
강남소방서,202002,22.0,서울,71.0,112,2.262068965517241
강남소방서,202002,23.0,서울,66.0,94,1.9620689655172412
강남소방서,202003,0.0,서울,69.0,84,5.870967741935484
강남소방서,202003,1.0,서울,57.0,82,5.487096774193549
강남소방서,202003,2.0,서울,37.0,50,5.119354838709677
강남소방서,202003,3.0,서울,53.0,59,4.758064516129032
강남소방서,202003,4.0,서울,43.0,57,4.4
강남소방서,202003,5.0,서울,37.0,47,4.025806451612903
강남소방서,202003,6.0,서울,36.0,49,3.729032258064517
강남소방서,202003,7.0,서울,59.0,68,3.6322580645161286
강남소방서,202003,8.0,서울,78.0,92,4.351612903225806
강남소방서,202003,9.0,서울,97.0,100,6.0
강남소방서,202003,10.0,서울,113.0,99,7.590322580645162
강남소방서,202003,11.0,서울,120.0,110,9.332258064516129
강남소방서,202003,12.0,서울,100.0,112,10.729032258064516
강남소방서,202003,13.0,서울,77.0,104,11.535483870967743
강남소방서,202003,14.0,서울,88.0,116,12.28064516129032
강남소방서,202003,15.0,서울,91.0,105,12.587096774193547
강남소방서,202003,16.0,서울,80.0,90,12.32258064516129
강남소방서,202003,17.0,서울,89.0,108,11.658064516129032
강남소방서,202003,18.0,서울,69.0,85,10.483870967741936
강남소방서,202003,19.0,서울,66.0,91,9.077419354838709
강남소방서,202003,20.0,서울,63.0,80,8.196774193548388
강남소방서,202003,21.0,서울,101.0,101,7.5
강남소방서,202003,22.0,서울,77.0,103,6.929032258064517
강남소방서,202003,23.0,서울,76.0,108,6.474193548387096
강남소방서,202004,0.0,서울,55.0,75,8.866666666666667
강남소방서,202004,1.0,서울,54.0,75,8.51
강남소방서,202004,2.0,서울,63.0,67,8.183333333333334
강남소방서,202004,3.0,서울,41.0,50,7.846666666666667
강남소방서,202004,4.0,서울,43.0,47,7.543333333333334
강남소방서,202004,5.0,서울,37.0,43,7.14
강남소방서,202004,6.0,서울,37.0,53,6.8966666666666665
강남소방서,202004,7.0,서울,54.0,53,7.113333333333333
강남소방서,202004,8.0,서울,72.0,83,8.483333333333333
강남소방서,202004,9.0,서울,91.0,99,10.253333333333334
강남소방서,202004,10.0,서울,68.0,90,11.943333333333332
강남소방서,202004,11.0,서울,69.0,91,13.36
강남소방서,202004,12.0,서울,65.0,82,14.373333333333331
강남소방서,202004,13.0,서울,69.0,97,15.27
강남소방서,202004,14.0,서울,78.0,114,15.753333333333334
강남소방서,202004,15.0,서울,83.0,108,15.893333333333334
강남소방서,202004,16.0,서울,64.0,84,15.683333333333334
강남소방서,202004,17.0,서울,70.0,78,14.913333333333332
강남소방서,202004,18.0,서울,70.0,89,13.92
강남소방서,202004,19.0,서울,53.0,90,12.49
강남소방서,202004,20.0,서울,79.0,98,11.403333333333334
강남소방서,202004,21.0,서울,56.0,67,10.643333333333334
강남소방서,202004,22.0,서울,70.0,94,10.043333333333331
강남소방서,202004,23.0,서울,64.0,84,9.49
강남소방서,202005,0.0,서울,71.0,94,15.961290322580645
강남소방서,202005,1.0,서울,55.0,83,15.67741935483871
강남소방서,202005,2.0,서울,55.0,75,15.370967741935484
강남소방서,202005,3.0,서울,34.0,47,15.067741935483872
강남소방서,202005,4.0,서울,46.0,56,14.851612903225808
강남소방서,202005,5.0,서울,45.0,56,14.680645161290323
강남소방서,202005,6.0,서울,63.0,76,14.551612903225807
강남소방서,202005,7.0,서울,59.0,53,14.958064516129031
강남소방서,202005,8.0,서울,97.0,99,15.964516129032257
강남소방서,202005,9.0,서울,106.0,119,17.229032258064517
강남소방서,202005,10.0,서울,87.0,123,18.451612903225808
강남소방서,202005,11.0,서울,81.0,95,19.648387096774197
강남소방서,202005,12.0,서울,79.0,100,20.72903225806452
강남소방서,202005,13.0,서울,108.0,109,21.59032258064516
강남소방서,202005,14.0,서울,72.0,99,22.23225806451613
강남소방서,202005,15.0,서울,110.0,110,22.306451612903224
강남소방서,202005,16.0,서울,84.0,103,21.961290322580645
강남소방서,202005,17.0,서울,84.0,109,21.40967741935484
강남소방서,202005,18.0,서울,91.0,109,20.55806451612903
강남소방서,202005,19.0,서울,77.0,90,19.5
강남소방서,202005,20.0,서울,104.0,112,18.4741935483871
강남소방서,202005,21.0,서울,63.0,109,17.648387096774194
강남소방서,202005,22.0,서울,86.0,113,16.929032258064513
강남소방서,202005,23.0,서울,78.0,119,16.403225806451612
강남소방서,202006,0.0,서울,72.0,107,21.863333333333333
강남소방서,202006,1.0,서울,62.0,102,21.476666666666667
강남소방서,202006,2.0,서울,63.0,73,21.14333333333333
강남소방서,202006,3.0,서울,52.0,66,20.87
강남소방서,202006,4.0,서울,56.0,65,20.636666666666667
강남소방서,202006,5.0,서울,40.0,53,20.39
강남소방서,202006,6.0,서울,75.0,76,20.30666666666667
강남소방서,202006,7.0,서울,46.0,82,20.81
강남소방서,202006,8.0,서울,79.0,97,21.89333333333333
강남소방서,202006,9.0,서울,100.0,122,23.11
강남소방서,202006,10.0,서울,92.0,114,24.35333333333333
강남소방서,202006,11.0,서울,107.0,117,25.446666666666665
강남소방서,202006,12.0,서울,111.0,111,26.47
강남소방서,202006,13.0,서울,99.0,122,27.226666666666667
강남소방서,202006,14.0,서울,73.0,106,27.78
강남소방서,202006,15.0,서울,90.0,96,28.316666666666663
강남소방서,202006,16.0,서울,94.0,124,28.3
강남소방서,202006,17.0,서울,69.0,98,27.673333333333336
강남소방서,202006,18.0,서울,98.0,130,26.676666666666662
강남소방서,202006,19.0,서울,87.0,103,25.506666666666668
강남소방서,202006,20.0,서울,103.0,115,24.31
강남소방서,202006,21.0,서울,89.0,122,23.40333333333333
강남소방서,202006,22.0,서울,76.0,111,22.82
강남소방서,202006,23.0,서울,106.0,127,22.33333333333333
강남소방서,202007,0.0,서울,95.0,121,22.83225806451613
강남소방서,202007,1.0,서울,62.0,95,22.57741935483871
강남소방서,202007,2.0,서울,70.0,89,22.34193548387097
강남소방서,202007,3.0,서울,43.0,53,22.13225806451613
강남소방서,202007,4.0,서울,54.0,73,21.94516129032258
강남소방서,202007,5.0,서울,44.0,54,21.8
강남소방서,202007,6.0,서울,73.0,74,21.693548387096776
강남소방서,202007,7.0,서울,74.0,84,21.87741935483871
강남소방서,202007,8.0,서울,120.0,119,22.6
강남소방서,202007,9.0,서울,111.0,129,23.364516129032257
강남소방서,202007,10.0,서울,126.0,127,24.19032258064516
강남소방서,202007,11.0,서울,102.0,119,24.970967741935485
강남소방서,202007,12.0,서울,105.0,136,25.51290322580645
강남소방서,202007,13.0,서울,113.0,122,26.038709677419355
강남소방서,202007,14.0,서울,80.0,106,26.68064516129032
강남소방서,202007,15.0,서울,110.0,112,27.006451612903227
강남소방서,202007,16.0,서울,85.0,123,27.21935483870968
강남소방서,202007,17.0,서울,87.0,114,26.825806451612905
강남소방서,202007,18.0,서울,91.0,134,26.25483870967742
강남소방서,202007,19.0,서울,111.0,128,25.59354838709677
강남소방서,202007,20.0,서울,101.0,128,24.706451612903223
강남소방서,202007,21.0,서울,100.0,129,24.08709677419355
강남소방서,202007,22.0,서울,103.0,134,23.67419354838709
강남소방서,202007,23.0,서울,67.0,122,23.306451612903224
강남소방서,202008,0.0,서울,82.0,109,25.62903225806452
강남소방서,202008,1.0,서울,57.0,92,25.43870967741936
강남소방서,202008,2.0,서울,60.0,77,25.335483870967742
강남소방서,202008,3.0,서울,42.0,70,25.16774193548387
강남소방서,202008,4.0,서울,59.0,71,25.038709677419355
강남소방서,202008,5.0,서울,35.0,52,24.93870967741936
강남소방서,202008,6.0,서울,70.0,67,24.81290322580645
강남소방서,202008,7.0,서울,65.0,86,24.851612903225806
강남소방서,202008,8.0,서울,95.0,109,25.32258064516129
강남소방서,202008,9.0,서울,137.0,146,25.825806451612905
강남소방서,202008,10.0,서울,92.0,123,26.493548387096773
강남소방서,202008,11.0,서울,118.0,105,27.203225806451613
강남소방서,202008,12.0,서울,73.0,100,27.703225806451613
강남소방서,202008,13.0,서울,119.0,132,27.74
강남소방서,202008,14.0,서울,100.0,123,28.451612903225808
강남소방서,202008,15.0,서울,94.0,119,28.54516129032258
강남소방서,202008,16.0,서울,91.0,117,28.64516129032258
강남소방서,202008,17.0,서울,89.0,113,28.40967741935484
강남소방서,202008,18.0,서울,90.0,127,27.996774193548383
강남소방서,202008,19.0,서울,99.0,124,27.364516129032257
강남소방서,202008,20.0,서울,93.0,110,26.76451612903226
강남소방서,202008,21.0,서울,74.0,105,26.416129032258063
강남소방서,202008,22.0,서울,93.0,120,26.177419354838708
강남소방서,202008,23.0,서울,85.0,116,25.929032258064517
강남소방서,202009,0.0,서울,52.0,86,20.09
강남소방서,202009,1.0,서울,70.0,78,19.73333333333333
강남소방서,202009,2.0,서울,52.0,65,19.426666666666662
강남소방서,202009,3.0,서울,46.0,59,19.17
강남소방서,202009,4.0,서울,47.0,51,18.966666666666665
강남소방서,202009,5.0,서울,46.0,53,18.65666666666667
강남소방서,202009,6.0,서울,43.0,57,18.43
강남소방서,202009,7.0,서울,62.0,78,18.38
강남소방서,202009,8.0,서울,90.0,87,19.146666666666665
강남소방서,202009,9.0,서울,116.0,131,20.40333333333333
강남소방서,202009,10.0,서울,85.0,106,21.86
강남소방서,202009,11.0,서울,94.0,117,23.03666666666667
강남소방서,202009,12.0,서울,95.0,109,24.043333333333333
강남소방서,202009,13.0,서울,79.0,122,24.58
강남소방서,202009,14.0,서울,84.0,112,24.726666666666667
강남소방서,202009,15.0,서울,102.0,124,24.87
강남소방서,202009,16.0,서울,59.0,90,24.74
강남소방서,202009,17.0,서울,87.0,109,24.14333333333333
강남소방서,202009,18.0,서울,85.0,120,23.313333333333333
강남소방서,202009,19.0,서울,71.0,115,22.376666666666665
강남소방서,202009,20.0,서울,92.0,120,21.69
강남소방서,202009,21.0,서울,85.0,105,21.126666666666665
강남소방서,202009,22.0,서울,84.0,123,20.61
강남소방서,202009,23.0,서울,82.0,117,20.166666666666668
강남소방서,202010,0.0,서울,80.0,101,12.580645161290322
강남소방서,202010,1.0,서울,62.0,84,12.248387096774191
강남소방서,202010,2.0,서울,43.0,71,11.851612903225806
강남소방서,202010,3.0,서울,55.0,64,11.470967741935484
강남소방서,202010,4.0,서울,46.0,66,11.17741935483871
강남소방서,202010,5.0,서울,55.0,65,10.8
강남소방서,202010,6.0,서울,65.0,76,10.54516129032258
강남소방서,202010,7.0,서울,73.0,78,10.358064516129032
강남소방서,202010,8.0,서울,99.0,115,10.916129032258064
강남소방서,202010,9.0,서울,102.0,105,12.819354838709677
강남소방서,202010,10.0,서울,108.0,122,14.593548387096773
강남소방서,202010,11.0,서울,99.0,100,16.406451612903226
강남소방서,202010,12.0,서울,102.0,131,17.567741935483873
강남소방서,202010,13.0,서울,115.0,107,18.406451612903226
강남소방서,202010,14.0,서울,93.0,113,18.851612903225806
강남소방서,202010,15.0,서울,101.0,125,18.948387096774194
강남소방서,202010,16.0,서울,97.0,135,18.8
강남소방서,202010,17.0,서울,99.0,111,17.996774193548386
강남소방서,202010,18.0,서울,100.0,122,16.48709677419355
강남소방서,202010,19.0,서울,107.0,137,15.383870967741936
강남소방서,202010,20.0,서울,79.0,92,14.651612903225804
강남소방서,202010,21.0,서울,76.0,107,13.980645161290322
강남소방서,202010,22.0,서울,71.0,115,13.422580645161291
강남소방서,202010,23.0,서울,82.0,98,12.951612903225806
강남소방서,202011,0.0,서울,67.0,87,7.180000000000001
강남소방서,202011,1.0,서울,60.0,87,6.863333333333333
강남소방서,202011,2.0,서울,49.0,55,6.596666666666667
강남소방서,202011,3.0,서울,39.0,51,6.3533333333333335
강남소방서,202011,4.0,서울,51.0,54,6.073333333333333
강남소방서,202011,5.0,서울,60.0,56,5.836666666666667
강남소방서,202011,6.0,서울,70.0,65,5.6033333333333335
강남소방서,202011,7.0,서울,78.0,91,5.326666666666667
강남소방서,202011,8.0,서울,98.0,102,5.3533333333333335
강남소방서,202011,9.0,서울,109.0,114,6.276666666666667
강남소방서,202011,10.0,서울,114.0,123,7.726666666666666
강남소방서,202011,11.0,서울,101.0,92,9.066666666666666
강남소방서,202011,12.0,서울,89.0,102,10.253333333333334
강남소방서,202011,13.0,서울,121.0,132,11.023333333333332
강남소방서,202011,14.0,서울,90.0,101,11.523333333333332
강남소방서,202011,15.0,서울,67.0,89,11.783333333333331
강남소방서,202011,16.0,서울,98.0,104,11.476666666666668
강남소방서,202011,17.0,서울,97.0,97,10.51
강남소방서,202011,18.0,서울,86.0,118,9.506666666666666
강남소방서,202011,19.0,서울,91.0,116,8.783333333333333
강남소방서,202011,20.0,서울,87.0,104,8.253333333333334
강남소방서,202011,21.0,서울,111.0,123,7.766666666666667
강남소방서,202011,22.0,서울,73.0,100,7.416666666666667
강남소방서,202011,23.0,서울,74.0,97,7.069999999999999
강남소방서,202012,0.0,서울,47.0,60,-1.270967741935484
강남소방서,202012,1.0,서울,34.0,54,-1.5096774193548386
강남소방서,202012,2.0,서울,37.0,50,-1.7967741935483872
강남소방서,202012,3.0,서울,17.0,36,-2.074193548387097
강남소방서,202012,4.0,서울,31.0,35,-2.2774193548387096
강남소방서,202012,5.0,서울,31.0,32,-2.52258064516129
강남소방서,202012,6.0,서울,35.0,32,-2.732258064516129
강남소방서,202012,7.0,서울,61.0,65,-2.9096774193548387
강남소방서,202012,8.0,서울,97.0,94,-3.0161290322580645
강남소방서,202012,9.0,서울,119.0,120,-2.425806451612903
강남소방서,202012,10.0,서울,73.0,90,-0.8258064516129031
강남소방서,202012,11.0,서울,88.0,111,0.6290322580645161
강남소방서,202012,12.0,서울,88.0,96,1.870967741935484
강남소방서,202012,13.0,서울,94.0,98,2.683870967741936
강남소방서,202012,14.0,서울,114.0,125,3.177419354838709
강남소방서,202012,15.0,서울,69.0,92,3.2580645161290325
강남소방서,202012,16.0,서울,80.0,102,3.1193548387096777
강남소방서,202012,17.0,서울,82.0,104,2.1516129032258067
강남소방서,202012,18.0,서울,104.0,125,1.2354838709677418
강남소방서,202012,19.0,서울,107.0,119,0.5483870967741935
강남소방서,202012,20.0,서울,83.0,89,-0.0451612903225805
강남소방서,202012,21.0,서울,100.0,112,-0.5
강남소방서,202012,22.0,서울,66.0,89,-0.8387096774193549
강남소방서,202012,23.0,서울,86.0,101,-1.1483870967741936
강남소방서,202101,0.0,서울,60.0,74,-3.6322580645161286
강남소방서,202101,1.0,서울,59.0,77,-3.948387096774194
강남소방서,202101,2.0,서울,50.0,60,-4.248387096774193
강남소방서,202101,3.0,서울,35.0,51,-4.548387096774194
강남소방서,202101,4.0,서울,32.0,43,-4.870967741935484
강남소방서,202101,5.0,서울,48.0,51,-5.164516129032258
강남소방서,202101,6.0,서울,43.0,47,-5.351612903225806
강남소방서,202101,7.0,서울,74.0,75,-5.448387096774193
강남소방서,202101,8.0,서울,98.0,98,-5.525806451612904
강남소방서,202101,9.0,서울,139.0,124,-4.874193548387097
강남소방서,202101,10.0,서울,112.0,110,-3.3032258064516125
강남소방서,202101,11.0,서울,73.0,96,-1.8870967741935485
강남소방서,202101,12.0,서울,73.0,89,-0.6129032258064516
강남소방서,202101,13.0,서울,98.0,111,0.535483870967742
강남소방서,202101,14.0,서울,98.0,112,1.3032258064516131
강남소방서,202101,15.0,서울,93.0,104,1.5548387096774194
강남소방서,202101,16.0,서울,107.0,112,1.4064516129032256
강남소방서,202101,17.0,서울,82.0,108,0.6838709677419355
강남소방서,202101,18.0,서울,84.0,105,-0.225806451612903
강남소방서,202101,19.0,서울,97.0,123,-0.8709677419354839
강남소방서,202101,20.0,서울,87.0,100,-1.4064516129032258
강남소방서,202101,21.0,서울,107.0,151,-1.832258064516129
강남소방서,202101,22.0,서울,76.0,107,-2.267741935483871
강남소방서,202101,23.0,서울,58.0,81,-2.735483870967742
강남소방서,202102,0.0,서울,49.0,71,1.3857142857142857
강남소방서,202102,1.0,서울,35.0,61,1.0607142857142855
강남소방서,202102,2.0,서울,39.0,53,0.7214285714285714
강남소방서,202102,3.0,서울,33.0,42,0.325
강남소방서,202102,4.0,서울,37.0,42,-0.0750000000000001
강남소방서,202102,5.0,서울,39.0,52,-0.367857142857143
강남소방서,202102,6.0,서울,43.0,48,-0.5499999999999999
강남소방서,202102,7.0,서울,48.0,61,-0.7107142857142857
강남소방서,202102,8.0,서울,103.0,105,-0.7178571428571427
강남소방서,202102,9.0,서울,111.0,105,0.3107142857142858
강남소방서,202102,10.0,서울,88.0,93,1.8535714285714284
강남소방서,202102,11.0,서울,73.0,83,3.346428571428571
강남소방서,202102,12.0,서울,77.0,95,4.771428571428571
강남소방서,202102,13.0,서울,95.0,111,5.817857142857143
강남소방서,202102,14.0,서울,95.0,110,6.621428571428572
강남소방서,202102,15.0,서울,94.0,100,7.0
강남소방서,202102,16.0,서울,62.0,90,7.167857142857143
강남소방서,202102,17.0,서울,70.0,90,6.739285714285714
강남소방서,202102,18.0,서울,98.0,123,5.510714285714286
강남소방서,202102,19.0,서울,76.0,100,4.414285714285714
강남소방서,202102,20.0,서울,70.0,104,3.6392857142857142
강남소방서,202102,21.0,서울,94.0,139,2.907142857142857
강남소방서,202102,22.0,서울,94.0,125,2.310714285714286
강남소방서,202102,23.0,서울,59.0,93,1.9357142857142853
강남소방서,202103,0.0,서울,62.0,78,7.261290322580645
강남소방서,202103,1.0,서울,51.0,69,6.896774193548388
강남소방서,202103,2.0,서울,38.0,54,6.558064516129033
강남소방서,202103,3.0,서울,44.0,50,6.241935483870968
강남소방서,202103,4.0,서울,29.0,46,5.835483870967742
강남소방서,202103,5.0,서울,27.0,34,5.438709677419355
강남소방서,202103,6.0,서울,40.0,47,5.148387096774194
강남소방서,202103,7.0,서울,76.0,75,4.951612903225806
강남소방서,202103,8.0,서울,75.0,115,5.45483870967742
강남소방서,202103,9.0,서울,120.0,128,7.025806451612904
강남소방서,202103,10.0,서울,96.0,112,8.796774193548387
강남소방서,202103,11.0,서울,112.0,125,10.396774193548389
강남소방서,202103,12.0,서울,102.0,128,11.825806451612904
강남소방서,202103,13.0,서울,103.0,131,12.796774193548387
강남소방서,202103,14.0,서울,97.0,115,13.34516129032258
강남소방서,202103,15.0,서울,106.0,135,13.67741935483871
강남소방서,202103,16.0,서울,74.0,111,13.751612903225809
강남소방서,202103,17.0,서울,85.0,132,13.109677419354838
강남소방서,202103,18.0,서울,85.0,113,11.787096774193548
강남소방서,202103,19.0,서울,75.0,125,10.358064516129032
강남소방서,202103,20.0,서울,93.0,116,9.541935483870969
강남소방서,202103,21.0,서울,84.0,142,8.916129032258064
강남소방서,202103,22.0,서울,89.0,151,8.399999999999999
강남소방서,202103,23.0,서울,77.0,127,7.874193548387097
강남소방서,202104,0.0,서울,70.0,89,12.213333333333331
강남소방서,202104,1.0,서울,57.0,80,11.776666666666667
강남소방서,202104,2.0,서울,63.0,72,11.386666666666668
강남소방서,202104,3.0,서울,35.0,40,11.046666666666663
강남소방서,202104,4.0,서울,37.0,48,10.69
강남소방서,202104,5.0,서울,37.0,43,10.423333333333334
강남소방서,202104,6.0,서울,52.0,58,10.23
강남소방서,202104,7.0,서울,66.0,57,10.346666666666668
강남소방서,202104,8.0,서울,95.0,92,11.61
강남소방서,202104,9.0,서울,100.0,109,13.176666666666668
강남소방서,202104,10.0,서울,97.0,121,14.676666666666668
강남소방서,202104,11.0,서울,123.0,138,15.956666666666669
강남소방서,202104,12.0,서울,111.0,145,17.063333333333336
강남소방서,202104,13.0,서울,104.0,120,17.71333333333333
강남소방서,202104,14.0,서울,104.0,118,18.40666666666667
강남소방서,202104,15.0,서울,118.0,120,18.66333333333333
강남소방서,202104,16.0,서울,101.0,126,18.53
강남소방서,202104,17.0,서울,97.0,131,17.89
강남소방서,202104,18.0,서울,74.0,98,17.1
강남소방서,202104,19.0,서울,93.0,120,15.863333333333337
강남소방서,202104,20.0,서울,81.0,108,14.886666666666663
강남소방서,202104,21.0,서울,105.0,144,14.146666666666668
강남소방서,202104,22.0,서울,113.0,171,13.42
강남소방서,202104,23.0,서울,92.0,143,12.693333333333332
강남소방서,202105,0.0,서울,69.0,109,15.119354838709675
강남소방서,202105,1.0,서울,60.0,99,14.693548387096774
강남소방서,202105,2.0,서울,53.0,78,14.341935483870968
강남소방서,202105,3.0,서울,45.0,48,13.993548387096777
강남소방서,202105,4.0,서울,40.0,59,13.796774193548387
강남소방서,202105,5.0,서울,57.0,58,13.59032258064516
강남소방서,202105,6.0,서울,70.0,69,13.50967741935484
강남소방서,202105,7.0,서울,89.0,78,13.851612903225808
강남소방서,202105,8.0,서울,82.0,101,14.954838709677418
강남소방서,202105,9.0,서울,132.0,154,16.170967741935485
강남소방서,202105,10.0,서울,148.0,145,17.348387096774193
강남소방서,202105,11.0,서울,113.0,134,18.490322580645163
강남소방서,202105,12.0,서울,136.0,156,19.651612903225807
강남소방서,202105,13.0,서울,123.0,148,20.48064516129032
강남소방서,202105,14.0,서울,126.0,154,20.73548387096774
강남소방서,202105,15.0,서울,108.0,128,20.88064516129032
강남소방서,202105,16.0,서울,104.0,142,20.92258064516129
강남소방서,202105,17.0,서울,116.0,156,20.52258064516129
강남소방서,202105,18.0,서울,120.0,156,19.848387096774196
강남소방서,202105,19.0,서울,101.0,124,18.90967741935484
강남소방서,202105,20.0,서울,101.0,122,17.758064516129032
강남소방서,202105,21.0,서울,103.0,132,17.04516129032258
강남소방서,202105,22.0,서울,127.0,197,16.432258064516127
강남소방서,202105,23.0,서울,86.0,124,15.858064516129032
강남소방서,202106,0.0,서울,70.0,121,20.876666666666665
강남소방서,202106,1.0,서울,57.0,75,20.49
강남소방서,202106,2.0,서울,53.0,91,20.19333333333333
강남소방서,202106,3.0,서울,46.0,71,19.946666666666665
강남소방서,202106,4.0,서울,39.0,45,19.666666666666668
강남소방서,202106,5.0,서울,65.0,68,19.423333333333336
강남소방서,202106,6.0,서울,62.0,67,19.30666666666667
강남소방서,202106,7.0,서울,65.0,73,19.790000000000003
강남소방서,202106,8.0,서울,116.0,116,20.793333333333333
강남소방서,202106,9.0,서울,115.0,152,22.01333333333333
강남소방서,202106,10.0,서울,164.0,175,23.196666666666665
강남소방서,202106,11.0,서울,131.0,142,24.386666666666667
강남소방서,202106,12.0,서울,131.0,154,25.24333333333333
강남소방서,202106,13.0,서울,118.0,138,25.82
강남소방서,202106,14.0,서울,132.0,178,26.25
강남소방서,202106,15.0,서울,137.0,157,26.67
강남소방서,202106,16.0,서울,98.0,150,26.56
강남소방서,202106,17.0,서울,107.0,155,26.206666666666667
강남소방서,202106,18.0,서울,141.0,170,25.696666666666665
강남소방서,202106,19.0,서울,131.0,167,24.566666666666663
강남소방서,202106,20.0,서울,109.0,145,23.48
강남소방서,202106,21.0,서울,109.0,167,22.65
강남소방서,202106,22.0,서울,124.0,196,22.02
강남소방서,202106,23.0,서울,110.0,157,21.5
강남소방서,202107,0.0,서울,77.0,104,26.59032258064516
강남소방서,202107,1.0,서울,57.0,96,26.20967741935484
강남소방서,202107,2.0,서울,60.0,80,25.848387096774196
강남소방서,202107,3.0,서울,43.0,58,25.561290322580643
강남소방서,202107,4.0,서울,62.0,64,25.30322580645161
강남소방서,202107,5.0,서울,62.0,61,25.04516129032258
강남소방서,202107,6.0,서울,68.0,72,24.86774193548387
강남소방서,202107,7.0,서울,91.0,105,25.22903225806452
강남소방서,202107,8.0,서울,138.0,133,26.38387096774193
강남소방서,202107,9.0,서울,140.0,156,27.493548387096773
강남소방서,202107,10.0,서울,163.0,151,28.506451612903227
강남소방서,202107,11.0,서울,111.0,142,29.396774193548385
강남소방서,202107,12.0,서울,143.0,164,30.31290322580645
강남소방서,202107,13.0,서울,160.0,181,30.97741935483871
강남소방서,202107,14.0,서울,153.0,160,31.33870967741936
강남소방서,202107,15.0,서울,137.0,150,31.51290322580645
강남소방서,202107,16.0,서울,160.0,172,31.44516129032258
강남소방서,202107,17.0,서울,111.0,144,30.932258064516127
강남소방서,202107,18.0,서울,124.0,147,30.40322580645161
강남소방서,202107,19.0,서울,119.0,180,29.53548387096774
강남소방서,202107,20.0,서울,132.0,155,28.56451612903226
강남소방서,202107,21.0,서울,141.0,159,27.91290322580645
강남소방서,202107,22.0,서울,110.0,170,27.470967741935485
강남소방서,202107,23.0,서울,106.0,129,27.07741935483871
강남소방서,202108,0.0,서울,78.0,97,24.758064516129032
강남소방서,202108,1.0,서울,54.0,79,24.45483870967742
강남소방서,202108,2.0,서울,63.0,73,24.12258064516129
강남소방서,202108,3.0,서울,31.0,42,23.87741935483871
강남소방서,202108,4.0,서울,66.0,63,23.654838709677417
강남소방서,202108,5.0,서울,43.0,46,23.458064516129035
강남소방서,202108,6.0,서울,77.0,80,23.33225806451613
강남소방서,202108,7.0,서울,96.0,86,23.493548387096773
강남소방서,202108,8.0,서울,145.0,126,24.283870967741933
강남소방서,202108,9.0,서울,141.0,160,25.22258064516129
강남소방서,202108,10.0,서울,175.0,175,26.074193548387097
강남소방서,202108,11.0,서울,123.0,143,27.006451612903227
강남소방서,202108,12.0,서울,155.0,166,27.774193548387096
강남소방서,202108,13.0,서울,149.0,177,28.148387096774197
강남소방서,202108,14.0,서울,152.0,169,28.451612903225808
강남소방서,202108,15.0,서울,155.0,156,28.8
강남소방서,202108,16.0,서울,119.0,145,28.706451612903223
강남소방서,202108,17.0,서울,124.0,150,28.55161290322581
강남소방서,202108,18.0,서울,120.0,156,27.80967741935484
강남소방서,202108,19.0,서울,133.0,155,26.96451612903226
강남소방서,202108,20.0,서울,123.0,140,26.04516129032258
강남소방서,202108,21.0,서울,124.0,171,25.516129032258064
강남소방서,202108,22.0,서울,124.0,180,25.106451612903225
강남소방서,202108,23.0,서울,114.0,133,24.8
강남소방서,202109,0.0,서울,83.0,105,20.87333333333333
강남소방서,202109,1.0,서울,74.0,91,20.44
강남소방서,202109,2.0,서울,53.0,86,20.066666666666663
강남소방서,202109,3.0,서울,51.0,64,19.790000000000003
강남소방서,202109,4.0,서울,46.0,53,19.566666666666663
강남소방서,202109,5.0,서울,51.0,73,19.396666666666665
강남소방서,202109,6.0,서울,57.0,54,19.30666666666667
강남소방서,202109,7.0,서울,81.0,89,19.386666666666667
강남소방서,202109,8.0,서울,113.0,118,20.313333333333333
강남소방서,202109,9.0,서울,131.0,144,21.596666666666668
강남소방서,202109,10.0,서울,130.0,149,22.71333333333333
강남소방서,202109,11.0,서울,138.0,147,23.80333333333333
강남소방서,202109,12.0,서울,143.0,155,24.85666666666667
강남소방서,202109,13.0,서울,124.0,176,25.646666666666665
강남소방서,202109,14.0,서울,129.0,150,26.26333333333333
강남소방서,202109,15.0,서울,140.0,150,26.51
강남소방서,202109,16.0,서울,94.0,120,26.386666666666667
강남소방서,202109,17.0,서울,135.0,153,25.98333333333333
강남소방서,202109,18.0,서울,130.0,160,25.14
강남소방서,202109,19.0,서울,114.0,144,24.05
강남소방서,202109,20.0,서울,117.0,143,23.26
강남소방서,202109,21.0,서울,133.0,171,22.633333333333333
강남소방서,202109,22.0,서울,116.0,172,22.046666666666667
강남소방서,202109,23.0,서울,101.0,139,21.456666666666667
강남소방서,202110,0.0,서울,86.0,104,14.170967741935485
강남소방서,202110,1.0,서울,68.0,99,13.787096774193548
강남소방서,202110,2.0,서울,73.0,80,13.474193548387095
강남소방서,202110,3.0,서울,53.0,51,13.174193548387096
강남소방서,202110,4.0,서울,69.0,72,12.922580645161291
강남소방서,202110,5.0,서울,49.0,57,12.738709677419354
강남소방서,202110,6.0,서울,58.0,61,12.606451612903228
강남소방서,202110,7.0,서울,96.0,82,12.44516129032258
강남소방서,202110,8.0,서울,129.0,127,12.819354838709677
강남소방서,202110,9.0,서울,132.0,147,14.270967741935484
강남소방서,202110,10.0,서울,121.0,134,15.774193548387096
강남소방서,202110,11.0,서울,139.0,148,17.016129032258064
강남소방서,202110,12.0,서울,144.0,123,18.225806451612904
강남소방서,202110,13.0,서울,127.0,146,18.932258064516127
강남소방서,202110,14.0,서울,150.0,177,19.503225806451614
강남소방서,202110,15.0,서울,117.0,131,19.60967741935484
강남소방서,202110,16.0,서울,123.0,150,19.50967741935484
강남소방서,202110,17.0,서울,122.0,130,18.72903225806452
강남소방서,202110,18.0,서울,139.0,159,17.41290322580645
강남소방서,202110,19.0,서울,104.0,135,16.55806451612903
강남소방서,202110,20.0,서울,122.0,149,15.83548387096774
강남소방서,202110,21.0,서울,142.0,143,15.296774193548387
강남소방서,202110,22.0,서울,127.0,183,14.80967741935484
강남소방서,202110,23.0,서울,110.0,135,14.28064516129032
강남소방서,202111,0.0,서울,96.0,119,7.2
강남소방서,202111,1.0,서울,92.0,131,6.766666666666667
강남소방서,202111,2.0,서울,52.0,66,6.443333333333333
강남소방서,202111,3.0,서울,73.0,87,6.180000000000001
강남소방서,202111,4.0,서울,66.0,67,5.866666666666666
강남소방서,202111,5.0,서울,68.0,74,5.566666666666666
강남소방서,202111,6.0,서울,81.0,67,5.293333333333334
강남소방서,202111,7.0,서울,96.0,101,5.046666666666667
강남소방서,202111,8.0,서울,109.0,114,5.093333333333334
강남소방서,202111,9.0,서울,160.0,154,6.153333333333333
강남소방서,202111,10.0,서울,158.0,166,7.97
강남소방서,202111,11.0,서울,137.0,153,9.523333333333332
강남소방서,202111,12.0,서울,126.0,131,10.77
강남소방서,202111,13.0,서울,139.0,173,11.523333333333332
강남소방서,202111,14.0,서울,138.0,151,12.013333333333332
강남소방서,202111,15.0,서울,134.0,151,12.186666666666667
강남소방서,202111,16.0,서울,117.0,142,11.83
강남소방서,202111,17.0,서울,136.0,161,10.836666666666668
강남소방서,202111,18.0,서울,144.0,156,9.886666666666668
강남소방서,202111,19.0,서울,131.0,158,9.136666666666668
강남소방서,202111,20.0,서울,139.0,144,8.573333333333332
강남소방서,202111,21.0,서울,96.0,144,8.066666666666666
강남소방서,202111,22.0,서울,150.0,185,7.66
강남소방서,202111,23.0,서울,106.0,153,7.236666666666666
강남소방서,202112,0.0,서울,104.0,116,-0.2935483870967741
강남소방서,202112,1.0,서울,82.0,104,-0.535483870967742
강남소방서,202112,2.0,서울,83.0,91,-0.832258064516129
강남소방서,202112,3.0,서울,47.0,65,-1.103225806451613
강남소방서,202112,4.0,서울,65.0,65,-1.3903225806451611
강남소방서,202112,5.0,서울,64.0,67,-1.6483870967741936
강남소방서,202112,6.0,서울,63.0,79,-1.8774193548387093
강남소방서,202112,7.0,서울,97.0,88,-2.064516129032258
강남소방서,202112,8.0,서울,131.0,137,-2.177419354838709
강남소방서,202112,9.0,서울,170.0,165,-1.5677419354838709
강남소방서,202112,10.0,서울,106.0,150,-0.0741935483870967
강남소방서,202112,11.0,서울,152.0,153,1.4096774193548387
강남소방서,202112,12.0,서울,151.0,161,2.7580645161290325
강남소방서,202112,13.0,서울,152.0,179,3.5870967741935487
강남소방서,202112,14.0,서울,154.0,177,4.148387096774194
강남소방서,202112,15.0,서울,137.0,168,4.309677419354839
강남소방서,202112,16.0,서울,118.0,131,4.054838709677419
강남소방서,202112,17.0,서울,122.0,161,3.148387096774193
강남소방서,202112,18.0,서울,102.0,132,2.206451612903226
강남소방서,202112,19.0,서울,158.0,171,1.535483870967742
강남소방서,202112,20.0,서울,127.0,139,0.970967741935484
강남소방서,202112,21.0,서울,126.0,156,0.4677419354838709
강남소방서,202112,22.0,서울,144.0,192,0.0548387096774193
강남소방서,202112,23.0,서울,111.0,132,-0.264516129032258
강남소방서,202201,0.0,서울,,110,-3.329032258064516
강남소방서,202201,1.0,서울,,94,-3.7
강남소방서,202201,2.0,서울,,61,-4.083870967741936
강남소방서,202201,3.0,서울,,47,-4.409677419354838
강남소방서,202201,4.0,서울,,67,-4.738709677419355
강남소방서,202201,5.0,서울,,51,-5.070967741935483
강남소방서,202201,6.0,서울,,58,-5.367741935483871
강남소방서,202201,7.0,서울,,80,-5.554838709677419
강남소방서,202201,8.0,서울,,90,-5.625806451612903
강남소방서,202201,9.0,서울,,131,-4.974193548387096
강남소방서,202201,10.0,서울,,113,-3.274193548387097
강남소방서,202201,11.0,서울,,142,-1.5548387096774192
강남소방서,202201,12.0,서울,,142,-0.1096774193548387
강남소방서,202201,13.0,서울,,125,0.8838709677419354
강남소방서,202201,14.0,서울,,139,1.6096774193548389
강남소방서,202201,15.0,서울,,123,1.9161290322580644
강남소방서,202201,16.0,서울,,123,1.929032258064516
강남소방서,202201,17.0,서울,,137,1.2258064516129032
강남소방서,202201,18.0,서울,,142,0.0935483870967742
강남소방서,202201,19.0,서울,,153,-0.6161290322580645
강남소방서,202201,20.0,서울,,135,-1.1903225806451612
강남소방서,202201,21.0,서울,,186,-1.696774193548387
강남소방서,202201,22.0,서울,,137,-2.2193548387096773
강남소방서,202201,23.0,서울,,121,-2.667741935483871
강남소방서,202202,0.0,서울,,109,-2.685714285714286
강남소방서,202202,1.0,서울,,78,-3.007142857142857
강남소방서,202202,2.0,서울,,52,-3.2285714285714286
강남소방서,202202,3.0,서울,,54,-3.532142857142857
강남소방서,202202,4.0,서울,,54,-3.9
강남소방서,202202,5.0,서울,,46,-4.210714285714285
강남소방서,202202,6.0,서울,,63,-4.353571428571429
강남소방서,202202,7.0,서울,,60,-4.635714285714286
강남소방서,202202,8.0,서울,,119,-4.671428571428572
강남소방서,202202,9.0,서울,,136,-3.4535714285714287
강남소방서,202202,10.0,서울,,138,-1.5892857142857142
강남소방서,202202,11.0,서울,,120,0.0357142857142856
강남소방서,202202,12.0,서울,,141,1.3464285714285715
강남소방서,202202,13.0,서울,,147,2.382142857142857
강남소방서,202202,14.0,서울,,147,2.996428571428571
강남소방서,202202,15.0,서울,,132,3.0821428571428577
강남소방서,202202,16.0,서울,,127,3.017857142857143
강남소방서,202202,17.0,서울,,146,2.560714285714286
강남소방서,202202,18.0,서울,,141,1.3678571428571429
강남소방서,202202,19.0,서울,,155,0.4285714285714285
강남소방서,202202,20.0,서울,,152,-0.3821428571428572
강남소방서,202202,21.0,서울,,153,-1.0285714285714285
강남소방서,202202,22.0,서울,,171,-1.6071428571428572
강남소방서,202202,23.0,서울,,133,-2.032142857142857
강남소방서,202203,0.0,서울,13.0,160,6.025806451612904
강남소방서,202203,1.0,서울,7.0,95,5.616129032258065
강남소방서,202203,2.0,서울,4.0,93,5.261290322580645
강남소방서,202203,3.0,서울,12.0,78,4.896774193548388
강남소방서,202203,4.0,서울,4.0,67,4.596774193548387
강남소방서,202203,5.0,서울,5.0,87,4.283870967741936
강남소방서,202203,6.0,서울,14.0,111,4.048387096774194
강남소방서,202203,7.0,서울,9.0,120,3.938709677419354
강남소방서,202203,8.0,서울,16.0,161,4.422580645161291
강남소방서,202203,9.0,서울,23.0,179,5.861290322580645
강남소방서,202203,10.0,서울,33.0,217,7.390322580645161
강남소방서,202203,11.0,서울,21.0,191,8.896774193548387
강남소방서,202203,12.0,서울,14.0,198,10.251612903225809
강남소방서,202203,13.0,서울,25.0,200,11.03225806451613
강남소방서,202203,14.0,서울,25.0,186,11.62258064516129
강남소방서,202203,15.0,서울,15.0,204,11.890322580645162
강남소방서,202203,16.0,서울,27.0,164,11.893548387096772
강남소방서,202203,17.0,서울,10.0,175,11.361290322580643
강남소방서,202203,18.0,서울,16.0,163,10.493548387096777
강남소방서,202203,19.0,서울,31.0,204,9.35483870967742
강남소방서,202203,20.0,서울,13.0,172,8.458064516129031
강남소방서,202203,21.0,서울,19.0,196,7.664516129032258
강남소방서,202203,22.0,서울,13.0,197,7.006451612903225
강남소방서,202203,23.0,서울,19.0,180,6.516129032258065
강남소방서,202204,0.0,서울,116.0,159,12.53
강남소방서,202204,1.0,서울,85.0,104,12.113333333333332
강남소방서,202204,2.0,서울,78.0,99,11.68
강남소방서,202204,3.0,서울,59.0,61,11.296666666666663
강남소방서,202204,4.0,서울,65.0,87,10.966666666666669
강남소방서,202204,5.0,서울,54.0,61,10.663333333333332
강남소방서,202204,6.0,서울,88.0,73,10.4
강남소방서,202204,7.0,서울,98.0,82,10.503333333333334
강남소방서,202204,8.0,서울,124.0,120,11.713333333333331
강남소방서,202204,9.0,서울,152.0,129,13.46
강남소방서,202204,10.0,서울,158.0,169,15.25
강남소방서,202204,11.0,서울,123.0,127,16.936666666666667
강남소방서,202204,12.0,서울,105.0,132,18.176666666666662
강남소방서,202204,13.0,서울,131.0,144,19.146666666666665
강남소방서,202204,14.0,서울,149.0,153,19.85333333333333
강남소방서,202204,15.0,서울,148.0,138,19.96
강남소방서,202204,16.0,서울,119.0,147,19.676666666666662
강남소방서,202204,17.0,서울,136.0,146,18.916666666666668
강남소방서,202204,18.0,서울,134.0,134,17.709999999999997
강남소방서,202204,19.0,서울,124.0,138,16.14
강남소방서,202204,20.0,서울,132.0,145,15.083333333333334
강남소방서,202204,21.0,서울,123.0,152,14.396666666666668
강남소방서,202204,22.0,서울,121.0,166,13.683333333333334
강남소방서,202204,23.0,서울,130.0,154,13.123333333333331
강남소방서,202205,0.0,서울,123.0,146,16.45806451612903
강남소방서,202205,1.0,서울,73.0,107,15.98709677419355
강남소방서,202205,2.0,서울,69.0,92,15.567741935483872
강남소방서,202205,3.0,서울,66.0,81,15.151612903225804
강남소방서,202205,4.0,서울,59.0,63,14.816129032258065
강남소방서,202205,5.0,서울,58.0,75,14.49032258064516
강남소방서,202205,6.0,서울,73.0,76,14.358064516129032
강남소방서,202205,7.0,서울,98.0,89,14.958064516129031
강남소방서,202205,8.0,서울,133.0,151,16.76774193548387
강남소방서,202205,9.0,서울,160.0,161,18.493548387096773
강남소방서,202205,10.0,서울,156.0,146,20.04516129032258
강남소방서,202205,11.0,서울,137.0,152,21.59354838709677
강남소방서,202205,12.0,서울,149.0,156,22.906451612903226
강남소방서,202205,13.0,서울,145.0,153,23.89032258064516
강남소방서,202205,14.0,서울,147.0,155,24.33225806451613
강남소방서,202205,15.0,서울,149.0,151,24.45483870967742
강남소방서,202205,16.0,서울,133.0,138,24.26774193548387
강남소방서,202205,17.0,서울,175.0,185,23.516129032258064
강남소방서,202205,18.0,서울,117.0,130,22.364516129032257
강남소방서,202205,19.0,서울,113.0,144,20.82903225806452
강남소방서,202205,20.0,서울,133.0,138,19.42903225806452
강남소방서,202205,21.0,서울,128.0,148,18.52258064516129
강남소방서,202205,22.0,서울,147.0,180,17.893548387096775
강남소방서,202205,23.0,서울,116.0,152,17.24516129032258
강남소방서,202206,0.0,서울,92.0,123,21.796666666666667
강남소방서,202206,1.0,서울,102.0,133,21.46333333333333
강남소방서,202206,2.0,서울,68.0,100,21.14333333333333
강남소방서,202206,3.0,서울,69.0,70,20.8
강남소방서,202206,4.0,서울,71.0,72,20.613333333333333
강남소방서,202206,5.0,서울,63.0,70,20.376666666666665
강남소방서,202206,6.0,서울,79.0,85,20.25333333333333
강남소방서,202206,7.0,서울,74.0,85,20.703333333333333
강남소방서,202206,8.0,서울,136.0,145,21.696666666666665
강남소방서,202206,9.0,서울,149.0,160,22.75
강남소방서,202206,10.0,서울,110.0,120,23.83
강남소방서,202206,11.0,서울,114.0,133,24.926666666666662
강남소방서,202206,12.0,서울,159.0,171,25.69
강남소방서,202206,13.0,서울,131.0,162,26.12
강남소방서,202206,14.0,서울,123.0,133,26.183333333333334
강남소방서,202206,15.0,서울,128.0,139,26.256666666666668
강남소방서,202206,16.0,서울,117.0,144,26.12333333333333
강남소방서,202206,17.0,서울,116.0,141,25.966666666666665
강남소방서,202206,18.0,서울,126.0,155,25.61
강남소방서,202206,19.0,서울,122.0,136,24.886666666666667
강남소방서,202206,20.0,서울,109.0,136,23.923333333333336
강남소방서,202206,21.0,서울,117.0,160,23.183333333333334
강남소방서,202206,22.0,서울,113.0,154,22.683333333333334
강남소방서,202206,23.0,서울,106.0,153,22.293333333333333
강남소방서,202207,0.0,서울,102.0,165,25.967741935483872
강남소방서,202207,1.0,서울,83.0,130,25.69032258064516
강남소방서,202207,2.0,서울,109.0,130,25.370967741935484
강남소방서,202207,3.0,서울,69.0,78,25.09354838709677
강남소방서,202207,4.0,서울,104.0,113,24.874193548387098
강남소방서,202207,5.0,서울,65.0,80,24.65806451612903
강남소방서,202207,6.0,서울,91.0,91,24.59032258064516
강남소방서,202207,7.0,서울,102.0,91,24.86774193548387
강남소방서,202207,8.0,서울,166.0,176,25.65483870967742
강남소방서,202207,9.0,서울,176.0,168,26.65806451612903
강남소방서,202207,10.0,서울,146.0,168,27.62903225806452
강남소방서,202207,11.0,서울,158.0,170,28.55161290322581
강남소방서,202207,12.0,서울,169.0,178,29.135483870967743
강남소방서,202207,13.0,서울,142.0,159,29.67419354838709
강남소방서,202207,14.0,서울,140.0,171,30.04516129032258
강남소방서,202207,15.0,서울,149.0,172,30.18387096774193
강남소방서,202207,16.0,서울,107.0,149,30.31935483870968
강남소방서,202207,17.0,서울,153.0,185,29.98064516129032
강남소방서,202207,18.0,서울,148.0,168,29.416129032258063
강남소방서,202207,19.0,서울,136.0,165,28.80322580645161
강남소방서,202207,20.0,서울,120.0,171,27.9741935483871
강남소방서,202207,21.0,서울,139.0,174,27.38387096774193
강남소방서,202207,22.0,서울,113.0,163,26.80967741935484
강남소방서,202207,23.0,서울,128.0,188,26.40967741935484
강남소방서,202208,0.0,서울,97.0,142,24.85483870967742
강남소방서,202208,1.0,서울,101.0,143,24.641935483870967
강남소방서,202208,2.0,서울,91.0,107,24.4
강남소방서,202208,3.0,서울,84.0,107,24.203225806451613
강남소방서,202208,4.0,서울,82.0,86,23.94516129032258
강남소방서,202208,5.0,서울,88.0,92,23.77741935483871
강남소방서,202208,6.0,서울,93.0,96,23.62903225806452
강남소방서,202208,7.0,서울,120.0,127,23.664516129032258
강남소방서,202208,8.0,서울,138.0,150,24.23225806451613
강남소방서,202208,9.0,서울,192.0,205,24.870967741935484
강남소방서,202208,10.0,서울,163.0,185,25.60967741935484
강남소방서,202208,11.0,서울,167.0,173,26.483870967741936
강남소방서,202208,12.0,서울,147.0,183,27.12258064516129
강남소방서,202208,13.0,서울,180.0,173,27.529032258064515
강남소방서,202208,14.0,서울,130.0,160,27.95483870967742
강남소방서,202208,15.0,서울,165.0,152,28.09032258064516
강남소방서,202208,16.0,서울,135.0,140,28.067741935483877
강남소방서,202208,17.0,서울,153.0,178,27.932258064516127
강남소방서,202208,18.0,서울,123.0,152,27.47741935483871
강남소방서,202208,19.0,서울,162.0,190,26.774193548387096
강남소방서,202208,20.0,서울,119.0,162,26.19032258064516
강남소방서,202208,21.0,서울,136.0,176,25.8
강남소방서,202208,22.0,서울,120.0,164,25.36774193548387
강남소방서,202208,23.0,서울,129.0,182,24.993548387096773
강남소방서,202209,0.0,서울,81.0,108,20.85
강남소방서,202209,1.0,서울,89.0,118,20.42
강남소방서,202209,2.0,서울,76.0,99,19.946666666666665
강남소방서,202209,3.0,서울,62.0,81,19.586666666666662
강남소방서,202209,4.0,서울,63.0,71,19.27
강남소방서,202209,5.0,서울,53.0,73,18.95
강남소방서,202209,6.0,서울,68.0,69,18.66
강남소방서,202209,7.0,서울,92.0,87,18.57
강남소방서,202209,8.0,서울,160.0,157,19.6
강남소방서,202209,9.0,서울,168.0,161,21.016666666666666
강남소방서,202209,10.0,서울,139.0,154,22.49333333333333
강남소방서,202209,11.0,서울,139.0,159,23.8
강남소방서,202209,12.0,서울,132.0,134,24.7
강남소방서,202209,13.0,서울,113.0,158,25.58
강남소방서,202209,14.0,서울,144.0,152,26.18
강남소방서,202209,15.0,서울,131.0,138,26.59
강남소방서,202209,16.0,서울,123.0,125,26.57
강남소방서,202209,17.0,서울,117.0,130,26.10666666666667
강남소방서,202209,18.0,서울,133.0,156,25.066666666666663
강남소방서,202209,19.0,서울,110.0,144,23.863333333333333
강남소방서,202209,20.0,서울,113.0,131,23.03666666666667
강남소방서,202209,21.0,서울,116.0,136,22.35
강남소방서,202209,22.0,서울,98.0,127,21.790000000000003
강남소방서,202209,23.0,서울,115.0,148,21.28
강남소방서,202210,0.0,서울,102.0,127,13.04516129032258
강남소방서,202210,1.0,서울,73.0,98,12.658064516129032
강남소방서,202210,2.0,서울,77.0,91,12.338709677419354
강남소방서,202210,3.0,서울,51.0,68,12.077419354838709
강남소방서,202210,4.0,서울,46.0,68,11.758064516129032
강남소방서,202210,5.0,서울,76.0,76,11.44516129032258
강남소방서,202210,6.0,서울,70.0,73,11.174193548387096
강남소방서,202210,7.0,서울,102.0,101,10.880645161290325
강남소방서,202210,8.0,서울,129.0,141,11.206451612903225
강남소방서,202210,9.0,서울,154.0,136,12.906451612903227
강남소방서,202210,10.0,서울,123.0,137,14.616129032258064
강남소방서,202210,11.0,서울,136.0,136,16.16774193548387
강남소방서,202210,12.0,서울,121.0,147,17.40967741935484
강남소방서,202210,13.0,서울,148.0,157,18.26451612903226
강남소방서,202210,14.0,서울,123.0,144,18.85483870967742
강남소방서,202210,15.0,서울,126.0,146,19.148387096774197
강남소방서,202210,16.0,서울,104.0,143,18.81290322580645
강남소방서,202210,17.0,서울,132.0,145,18.0258064516129
강남소방서,202210,18.0,서울,142.0,148,16.635483870967743
강남소방서,202210,19.0,서울,115.0,136,15.59032258064516
강남소방서,202210,20.0,서울,121.0,132,14.83548387096774
강남소방서,202210,21.0,서울,115.0,156,14.261290322580644
강남소방서,202210,22.0,서울,115.0,139,13.729032258064516
강남소방서,202210,23.0,서울,91.0,124,13.270967741935484
강남소방서,202211,0.0,서울,89.0,122,9.036666666666669
강남소방서,202211,1.0,서울,68.0,110,8.636666666666667
강남소방서,202211,2.0,서울,65.0,86,8.26
강남소방서,202211,3.0,서울,77.0,86,7.9
강남소방서,202211,4.0,서울,65.0,70,7.603333333333333
강남소방서,202211,5.0,서울,58.0,68,7.366666666666666
강남소방서,202211,6.0,서울,78.0,81,7.17
강남소방서,202211,7.0,서울,104.0,90,7.003333333333333
강남소방서,202211,8.0,서울,151.0,134,7.02
강남소방서,202211,9.0,서울,144.0,138,8.116666666666667
강남소방서,202211,10.0,서울,129.0,154,10.016666666666667
강남소방서,202211,11.0,서울,136.0,135,11.726666666666668
강남소방서,202211,12.0,서울,119.0,142,12.98
강남소방서,202211,13.0,서울,143.0,138,13.826666666666666
강남소방서,202211,14.0,서울,127.0,157,14.236666666666668
강남소방서,202211,15.0,서울,97.0,114,14.216666666666669
강남소방서,202211,16.0,서울,108.0,132,13.936666666666667
강남소방서,202211,17.0,서울,131.0,148,12.86
강남소방서,202211,18.0,서울,142.0,164,11.7
강남소방서,202211,19.0,서울,134.0,148,10.896666666666668
강남소방서,202211,20.0,서울,123.0,140,10.353333333333332
강남소방서,202211,21.0,서울,139.0,167,9.753333333333332
강남소방서,202211,22.0,서울,110.0,148,9.28
강남소방서,202211,23.0,서울,141.0,156,8.776666666666667
강남소방서,202212,0.0,서울,112.0,141,-4.009677419354839
강남소방서,202212,1.0,서울,95.0,135,-4.338709677419355
강남소방서,202212,2.0,서울,69.0,101,-4.590322580645162
강남소방서,202212,3.0,서울,77.0,88,-4.854838709677419
강남소방서,202212,4.0,서울,67.0,87,-4.980645161290322
강남소방서,202212,5.0,서울,67.0,75,-5.122580645161291
강남소방서,202212,6.0,서울,78.0,91,-5.248387096774194
강남소방서,202212,7.0,서울,104.0,98,-5.506451612903225
강남소방서,202212,8.0,서울,141.0,135,-5.696774193548387
강남소방서,202212,9.0,서울,111.0,141,-5.148387096774194
강남소방서,202212,10.0,서울,153.0,182,-3.487096774193548
강남소방서,202212,11.0,서울,136.0,136,-1.967741935483871
강남소방서,202212,12.0,서울,134.0,141,-0.8290322580645161
강남소방서,202212,13.0,서울,150.0,172,0.2387096774193549
강남소방서,202212,14.0,서울,141.0,150,0.8451612903225806
강남소방서,202212,15.0,서울,138.0,159,0.9612903225806452
강남소방서,202212,16.0,서울,101.0,117,0.832258064516129
강남소방서,202212,17.0,서울,169.0,182,-0.2096774193548387
강남소방서,202212,18.0,서울,147.0,140,-1.0806451612903225
강남소방서,202212,19.0,서울,135.0,167,-1.6483870967741936
강남소방서,202212,20.0,서울,145.0,169,-2.1129032258064515
강남소방서,202212,21.0,서울,121.0,174,-2.6516129032258067
강남소방서,202212,22.0,서울,146.0,181,-3.05483870967742
강남소방서,202212,23.0,서울,123.0,176,-3.42258064516129
강남소방서,202301,0.0,서울,79.0,119,-2.532258064516129
강남소방서,202301,1.0,서울,87.0,111,-2.864516129032258
강남소방서,202301,2.0,서울,55.0,86,-3.170967741935484
강남소방서,202301,3.0,서울,55.0,78,-3.396774193548387
강남소방서,202301,4.0,서울,76.0,90,-3.5903225806451613
강남소방서,202301,5.0,서울,47.0,66,-3.7903225806451615
강남소방서,202301,6.0,서울,97.0,98,-4.019354838709678
강남소방서,202301,7.0,서울,54.0,75,-4.164516129032258
강남소방서,202301,8.0,서울,119.0,119,-4.432258064516129
강남소방서,202301,9.0,서울,152.0,131,-3.983870967741936
강남소방서,202301,10.0,서울,137.0,129,-2.480645161290323
강남소방서,202301,11.0,서울,134.0,147,-1.0612903225806454
강남소방서,202301,12.0,서울,134.0,155,0.0806451612903226
강남소방서,202301,13.0,서울,121.0,131,1.0129032258064516
강남소방서,202301,14.0,서울,121.0,127,1.8645161290322585
강남소방서,202301,15.0,서울,103.0,120,2.177419354838709
강남소방서,202301,16.0,서울,106.0,119,2.2290322580645165
강남소방서,202301,17.0,서울,112.0,125,1.532258064516129
강남소방서,202301,18.0,서울,98.0,126,0.4774193548387097
강남소방서,202301,19.0,서울,112.0,132,-0.1741935483870968
강남소방서,202301,20.0,서울,115.0,140,-0.6903225806451613
강남소방서,202301,21.0,서울,103.0,132,-1.1709677419354838
강남소방서,202301,22.0,서울,117.0,149,-1.570967741935484
강남소방서,202301,23.0,서울,114.0,154,-1.964516129032258
강남소방서,202302,0.0,서울,80.0,117,0.8357142857142856
강남소방서,202302,1.0,서울,66.0,87,0.4678571428571429
강남소방서,202302,2.0,서울,58.0,76,0.1785714285714285
강남소방서,202302,3.0,서울,57.0,70,-0.1392857142857143
강남소방서,202302,4.0,서울,65.0,69,-0.4178571428571428
강남소방서,202302,5.0,서울,52.0,56,-0.6178571428571429
강남소방서,202302,6.0,서울,68.0,94,-0.85
강남소방서,202302,7.0,서울,72.0,75,-1.0357142857142858
강남소방서,202302,8.0,서울,95.0,107,-1.0571428571428572
강남소방서,202302,9.0,서울,104.0,118,-0.0249999999999999
강남소방서,202302,10.0,서울,104.0,100,1.6107142857142858
강남소방서,202302,11.0,서울,96.0,99,3.1785714285714284
강남소방서,202302,12.0,서울,108.0,121,4.575
강남소방서,202302,13.0,서울,82.0,115,5.675
강남소방서,202302,14.0,서울,114.0,110,6.4
강남소방서,202302,15.0,서울,100.0,122,6.803571428571429
강남소방서,202302,16.0,서울,100.0,105,6.839285714285714
강남소방서,202302,17.0,서울,106.0,121,6.217857142857143
강남소방서,202302,18.0,서울,98.0,120,4.8500000000000005
강남소방서,202302,19.0,서울,93.0,124,3.7142857142857135
강남소방서,202302,20.0,서울,109.0,122,2.907142857142857
강남소방서,202302,21.0,서울,100.0,135,2.2857142857142856
강남소방서,202302,22.0,서울,74.0,116,1.6892857142857145
강남소방서,202302,23.0,서울,64.0,107,1.2642857142857142
강남소방서,202303,0.0,서울,110.0,124,7.629032258064516
강남소방서,202303,1.0,서울,56.0,90,7.103225806451612
강남소방서,202303,2.0,서울,65.0,87,6.606451612903226
강남소방서,202303,3.0,서울,71.0,74,6.229032258064516
강남소방서,202303,4.0,서울,38.0,45,5.919354838709677
강남소방서,202303,5.0,서울,57.0,68,5.706451612903226
강남소방서,202303,6.0,서울,67.0,72,5.306451612903226
강남소방서,202303,7.0,서울,80.0,95,5.112903225806452
강남소방서,202303,8.0,서울,127.0,144,5.761290322580645
강남소방서,202303,9.0,서울,164.0,162,7.664516129032258
강남소방서,202303,10.0,서울,104.0,138,9.819354838709677
강남소방서,202303,11.0,서울,156.0,157,11.67741935483871
강남소방서,202303,12.0,서울,120.0,140,13.109677419354838
강남소방서,202303,13.0,서울,134.0,146,14.403225806451612
강남소방서,202303,14.0,서울,119.0,138,15.058064516129033
강남소방서,202303,15.0,서울,145.0,154,15.358064516129032
강남소방서,202303,16.0,서울,123.0,137,15.325806451612904
강남소방서,202303,17.0,서울,116.0,129,14.50967741935484
강남소방서,202303,18.0,서울,117.0,126,13.058064516129033
강남소방서,202303,19.0,서울,121.0,148,11.548387096774194
강남소방서,202303,20.0,서울,105.0,120,10.470967741935484
강남소방서,202303,21.0,서울,138.0,143,9.64516129032258
강남소방서,202303,22.0,서울,107.0,139,8.974193548387097
강남소방서,202303,23.0,서울,118.0,148,8.32258064516129
강남소방서,202304,0.0,서울,98.0,148,12.003333333333334
강남소방서,202304,1.0,서울,80.0,110,11.6
강남소방서,202304,2.0,서울,68.0,92,11.223333333333333
강남소방서,202304,3.0,서울,74.0,87,10.88
강남소방서,202304,4.0,서울,64.0,71,10.573333333333332
강남소방서,202304,5.0,서울,62.0,66,10.23
강남소방서,202304,6.0,서울,72.0,78,10.04
강남소방서,202304,7.0,서울,91.0,108,10.14
강남소방서,202304,8.0,서울,152.0,143,11.43
강남소방서,202304,9.0,서울,146.0,166,12.966666666666669
강남소방서,202304,10.0,서울,127.0,147,14.33
강남소방서,202304,11.0,서울,130.0,130,15.443333333333332
강남소방서,202304,12.0,서울,122.0,148,16.366666666666667
강남소방서,202304,13.0,서울,129.0,150,17.186666666666667
강남소방서,202304,14.0,서울,142.0,153,17.66
강남소방서,202304,15.0,서울,139.0,161,18.09333333333333
강남소방서,202304,16.0,서울,136.0,146,18.013333333333332
강남소방서,202304,17.0,서울,117.0,142,17.57
강남소방서,202304,18.0,서울,123.0,157,16.576666666666668
강남소방서,202304,19.0,서울,122.0,146,15.27
강남소방서,202304,20.0,서울,134.0,140,14.183333333333334
강남소방서,202304,21.0,서울,93.0,111,13.47
강남소방서,202304,22.0,서울,122.0,153,12.843333333333334
강남소방서,202304,23.0,서울,117.0,144,12.366666666666667
강남소방서,202305,0.0,서울,109.0,158,17.33225806451613
강남소방서,202305,1.0,서울,80.0,123,16.780645161290323
강남소방서,202305,2.0,서울,78.0,109,16.322580645161292
강남소방서,202305,3.0,서울,72.0,96,15.870967741935484
강남소방서,202305,4.0,서울,64.0,81,15.441935483870967
강남소방서,202305,5.0,서울,75.0,86,15.138709677419357
강남소방서,202305,6.0,서울,83.0,83,14.96774193548387
강남소방서,202305,7.0,서울,113.0,106,15.474193548387095
강남소방서,202305,8.0,서울,169.0,153,17.103225806451615
강남소방서,202305,9.0,서울,149.0,145,18.774193548387096
강남소방서,202305,10.0,서울,196.0,176,20.33225806451613
강남소방서,202305,11.0,서울,131.0,163,21.661290322580644
강남소방서,202305,12.0,서울,143.0,177,22.716129032258067
강남소방서,202305,13.0,서울,143.0,142,23.68064516129032
강남소방서,202305,14.0,서울,163.0,159,24.212903225806453
강남소방서,202305,15.0,서울,142.0,153,24.083870967741937
강남소방서,202305,16.0,서울,142.0,168,23.97741935483871
강남소방서,202305,17.0,서울,130.0,139,23.59354838709677
강남소방서,202305,18.0,서울,139.0,154,22.69032258064516
강남소방서,202305,19.0,서울,136.0,159,21.538709677419355
강남소방서,202305,20.0,서울,155.0,162,20.26451612903226
강남소방서,202305,21.0,서울,156.0,192,19.387096774193548
강남소방서,202305,22.0,서울,149.0,165,18.741935483870968
강남소방서,202305,23.0,서울,99.0,152,18.12903225806452
강남소방서,202306,0.0,서울,109.0,152,21.703333333333333
강남소방서,202306,1.0,서울,81.0,110,21.336666666666662
강남소방서,202306,2.0,서울,83.0,111,20.966666666666665
강남소방서,202306,3.0,서울,75.0,81,20.633333333333333
강남소방서,202306,4.0,서울,64.0,77,20.44333333333333
강남소방서,202306,5.0,서울,75.0,86,20.216666666666665
강남소방서,202306,6.0,서울,73.0,85,20.07
강남소방서,202306,7.0,서울,99.0,96,20.540000000000003
강남소방서,202306,8.0,서울,134.0,162,21.56
강남소방서,202306,9.0,서울,149.0,161,22.74333333333333
강남소방서,202306,10.0,서울,166.0,170,23.790000000000003
강남소방서,202306,11.0,서울,132.0,132,24.74
강남소방서,202306,12.0,서울,142.0,156,25.52
강남소방서,202306,13.0,서울,137.0,151,26.126666666666665
강남소방서,202306,14.0,서울,117.0,139,26.57
강남소방서,202306,15.0,서울,143.0,156,26.74
강남소방서,202306,16.0,서울,115.0,140,26.76
강남소방서,202306,17.0,서울,144.0,144,26.61
강남소방서,202306,18.0,서울,128.0,140,26.12333333333333
강남소방서,202306,19.0,서울,128.0,147,25.203333333333333
강남소방서,202306,20.0,서울,115.0,140,24.116666666666667
강남소방서,202306,21.0,서울,142.0,167,23.366666666666667
강남소방서,202306,22.0,서울,121.0,168,22.80666666666667
강남소방서,202306,23.0,서울,98.0,148,22.34333333333333
강남소방서,202307,0.0,서울,97.0,137,25.461290322580645
강남소방서,202307,1.0,서울,92.0,145,25.22903225806452
강남소방서,202307,2.0,서울,74.0,106,25.032258064516128
강남소방서,202307,3.0,서울,74.0,119,24.835483870967742
강남소방서,202307,4.0,서울,83.0,88,24.638709677419357
강남소방서,202307,5.0,서울,83.0,94,24.490322580645163
강남소방서,202307,6.0,서울,68.0,79,24.351612903225806
강남소방서,202307,7.0,서울,128.0,124,24.62903225806452
강남소방서,202307,8.0,서울,165.0,172,25.316129032258065
강남소방서,202307,9.0,서울,164.0,177,26.283870967741933
강남소방서,202307,10.0,서울,153.0,159,27.061290322580643
강남소방서,202307,11.0,서울,150.0,156,27.75483870967742
강남소방서,202307,12.0,서울,167.0,164,28.39032258064516
강남소방서,202307,13.0,서울,174.0,173,28.88387096774193
강남소방서,202307,14.0,서울,140.0,139,29.20967741935484
강남소방서,202307,15.0,서울,148.0,157,29.296774193548387
강남소방서,202307,16.0,서울,130.0,135,29.16774193548387
강남소방서,202307,17.0,서울,131.0,146,29.061290322580643
강남소방서,202307,18.0,서울,139.0,143,28.483870967741936
강남소방서,202307,19.0,서울,148.0,158,27.638709677419357
강남소방서,202307,20.0,서울,136.0,144,26.89032258064516
강남소방서,202307,21.0,서울,134.0,167,26.387096774193548
강남소방서,202307,22.0,서울,115.0,159,26.048387096774192
강남소방서,202307,23.0,서울,143.0,161,25.780645161290323
강남소방서,202308,0.0,서울,97.0,143,26.141935483870967
강남소방서,202308,1.0,서울,93.0,114,25.858064516129037
강남소방서,202308,2.0,서울,73.0,93,25.61935483870968
강남소방서,202308,3.0,서울,71.0,74,25.38064516129032
강남소방서,202308,4.0,서울,64.0,78,25.164516129032258
강남소방서,202308,5.0,서울,104.0,116,24.95483870967742
강남소방서,202308,6.0,서울,90.0,105,24.83870967741936
강남소방서,202308,7.0,서울,122.0,104,24.96451612903226
강남소방서,202308,8.0,서울,169.0,153,25.712903225806453
강남소방서,202308,9.0,서울,143.0,158,26.62258064516129
강남소방서,202308,10.0,서울,144.0,146,27.55483870967742
강남소방서,202308,11.0,서울,141.0,161,28.3
강남소방서,202308,12.0,서울,148.0,159,28.88387096774193
강남소방서,202308,13.0,서울,150.0,144,29.416129032258063
강남소방서,202308,14.0,서울,166.0,142,29.89032258064516
강남소방서,202308,15.0,서울,147.0,147,29.86451612903226
강남소방서,202308,16.0,서울,129.0,140,29.60967741935484
강남소방서,202308,17.0,서울,163.0,167,29.41935483870968
강남소방서,202308,18.0,서울,133.0,137,28.92903225806452
강남소방서,202308,19.0,서울,151.0,152,28.251612903225805
강남소방서,202308,20.0,서울,146.0,156,27.50967741935484
강남소방서,202308,21.0,서울,139.0,167,26.983870967741936
강남소방서,202308,22.0,서울,124.0,161,26.60322580645161
강남소방서,202308,23.0,서울,89.0,138,26.25483870967742
강남소방서,202309,0.0,서울,99.0,147,22.50333333333333
강남소방서,202309,1.0,서울,92.0,99,22.16333333333333
강남소방서,202309,2.0,서울,80.0,101,21.816666666666663
강남소방서,202309,3.0,서울,75.0,90,21.526666666666664
강남소방서,202309,4.0,서울,65.0,78,21.21333333333333
강남소방서,202309,5.0,서울,84.0,85,20.933333333333334
강남소방서,202309,6.0,서울,81.0,88,20.676666666666662
강남소방서,202309,7.0,서울,100.0,100,20.666666666666668
강남소방서,202309,8.0,서울,133.0,134,21.446666666666665
강남소방서,202309,9.0,서울,165.0,157,22.66333333333333
강남소방서,202309,10.0,서울,156.0,167,23.72
강남소방서,202309,11.0,서울,146.0,151,24.876666666666665
강남소방서,202309,12.0,서울,166.0,160,25.75
강남소방서,202309,13.0,서울,163.0,151,26.28
강남소방서,202309,14.0,서울,132.0,136,26.716666666666665
강남소방서,202309,15.0,서울,144.0,146,26.976666666666667
강남소방서,202309,16.0,서울,148.0,148,26.953333333333333
강남소방서,202309,17.0,서울,151.0,144,26.563333333333333
강남소방서,202309,18.0,서울,136.0,160,25.75333333333333
강남소방서,202309,19.0,서울,118.0,124,24.73
강남소방서,202309,20.0,서울,139.0,150,24.03666666666667
강남소방서,202309,21.0,서울,122.0,147,23.543333333333333
강남소방서,202309,22.0,서울,110.0,143,23.086666666666662
강남소방서,202309,23.0,서울,125.0,136,22.66333333333333
강남소방서,202310,0.0,서울,95.0,127,14.212903225806452
강남소방서,202310,1.0,서울,85.0,113,13.696774193548388
강남소방서,202310,2.0,서울,66.0,80,13.306451612903226
강남소방서,202310,3.0,서울,68.0,81,12.941935483870967
강남소방서,202310,4.0,서울,70.0,83,12.606451612903228
강남소방서,202310,5.0,서울,61.0,65,12.370967741935484
강남소방서,202310,6.0,서울,98.0,94,12.13548387096774
강남소방서,202310,7.0,서울,93.0,95,11.925806451612903
강남소방서,202310,8.0,서울,127.0,158,12.448387096774193
강남소방서,202310,9.0,서울,150.0,146,13.983870967741936
강남소방서,202310,10.0,서울,161.0,151,15.725806451612904
강남소방서,202310,11.0,서울,126.0,130,17.26774193548387
강남소방서,202310,12.0,서울,151.0,145,18.693548387096776
강남소방서,202310,13.0,서울,122.0,125,19.548387096774192
강남소방서,202310,14.0,서울,139.0,148,20.40322580645161
강남소방서,202310,15.0,서울,148.0,141,20.561290322580643
강남소방서,202310,16.0,서울,98.0,129,20.23225806451613
강남소방서,202310,17.0,서울,116.0,141,19.364516129032257
강남소방서,202310,18.0,서울,111.0,129,18.041935483870965
강남소방서,202310,19.0,서울,117.0,133,17.048387096774192
강남소방서,202310,20.0,서울,138.0,126,16.34193548387097
강남소방서,202310,21.0,서울,121.0,135,15.729032258064516
강남소방서,202310,22.0,서울,107.0,144,15.14516129032258
강남소방서,202310,23.0,서울,118.0,143,14.693548387096774
강남소방서,202311,0.0,서울,69.0,94,6.166666666666667
강남소방서,202311,1.0,서울,80.0,97,5.826666666666667
강남소방서,202311,2.0,서울,64.0,75,5.466666666666667
강남소방서,202311,3.0,서울,58.0,75,5.1066666666666665
강남소방서,202311,4.0,서울,65.0,73,4.8
강남소방서,202311,5.0,서울,55.0,65,4.553333333333333
강남소방서,202311,6.0,서울,77.0,86,4.29
강남소방서,202311,7.0,서울,90.0,92,3.966666666666667
강남소방서,202311,8.0,서울,155.0,133,3.9766666666666666
강남소방서,202311,9.0,서울,120.0,119,4.946666666666667
강남소방서,202311,10.0,서울,133.0,139,6.463333333333334
강남소방서,202311,11.0,서울,117.0,125,7.773333333333331
강남소방서,202311,12.0,서울,108.0,100,8.85
강남소방서,202311,13.0,서울,127.0,125,9.75
강남소방서,202311,14.0,서울,119.0,135,10.436666666666667
강남소방서,202311,15.0,서울,120.0,121,10.73
강남소방서,202311,16.0,서울,110.0,121,10.443333333333332
강남소방서,202311,17.0,서울,126.0,141,9.353333333333332
강남소방서,202311,18.0,서울,121.0,149,8.426666666666668
강남소방서,202311,19.0,서울,133.0,137,7.773333333333331
강남소방서,202311,20.0,서울,88.0,111,7.16
강남소방서,202311,21.0,서울,111.0,119,6.6033333333333335
강남소방서,202311,22.0,서울,135.0,156,6.17
강남소방서,202311,23.0,서울,88.0,109,5.806666666666668
강남소방서,202312,0.0,서울,98.0,130,0.3516129032258063
강남소방서,202312,1.0,서울,99.0,114,0.0516129032258063
강남소방서,202312,2.0,서울,75.0,92,-0.232258064516129
강남소방서,202312,3.0,서울,59.0,81,-0.5580645161290322
강남소방서,202312,4.0,서울,81.0,92,-0.864516129032258
강남소방서,202312,5.0,서울,66.0,84,-1.0
강남소방서,202312,6.0,서울,87.0,83,-1.1741935483870969
강남소방서,202312,7.0,서울,94.0,92,-1.270967741935484
강남소방서,202312,8.0,서울,129.0,134,-1.3580645161290326
강남소방서,202312,9.0,서울,131.0,148,-0.8806451612903227
강남소방서,202312,10.0,서울,139.0,135,0.3225806451612903
강남소방서,202312,11.0,서울,182.0,152,1.532258064516129
강남소방서,202312,12.0,서울,156.0,145,2.5354838709677416
강남소방서,202312,13.0,서울,145.0,127,3.512903225806452
강남소방서,202312,14.0,서울,139.0,147,4.0032258064516135
강남소방서,202312,15.0,서울,144.0,140,4.33225806451613
강남소방서,202312,16.0,서울,109.0,143,4.135483870967741
강남소방서,202312,17.0,서울,125.0,147,3.429032258064516
강남소방서,202312,18.0,서울,152.0,174,2.648387096774193
강남소방서,202312,19.0,서울,152.0,153,2.193548387096774
강남소방서,202312,20.0,서울,129.0,140,1.8516129032258064
강남소방서,202312,21.0,서울,124.0,153,1.4516129032258065
강남소방서,202312,22.0,서울,121.0,159,1.032258064516129
강남소방서,202312,23.0,서울,110.0,144,0.7258064516129032
강남소방서,202401,0.0,서울,100.0,110,-1.3516129032258066
강남소방서,202401,1.0,서울,89.0,86,-1.664516129032258
강남소방서,202401,2.0,서울,75.0,93,-1.8935483870967744
강남소방서,202401,3.0,서울,57.0,77,-2.1548387096774198
강남소방서,202401,4.0,서울,78.0,73,-2.403225806451613
강남소방서,202401,5.0,서울,63.0,63,-2.583870967741935
강남소방서,202401,6.0,서울,83.0,83,-2.7870967741935484
강남소방서,202401,7.0,서울,112.0,89,-2.929032258064516
강남소방서,202401,8.0,서울,114.0,129,-3.019354838709677
강남소방서,202401,9.0,서울,171.0,141,-2.5870967741935487
강남소방서,202401,10.0,서울,117.0,126,-1.2838709677419355
강남소방서,202401,11.0,서울,167.0,142,0.0580645161290323
강남소방서,202401,12.0,서울,120.0,127,1.1516129032258065
강남소방서,202401,13.0,서울,133.0,126,1.9838709677419355
강남소방서,202401,14.0,서울,130.0,120,2.438709677419354
강남소방서,202401,15.0,서울,140.0,143,2.867741935483872
강남소방서,202401,16.0,서울,117.0,123,2.9322580645161294
강남소방서,202401,17.0,서울,107.0,127,2.1806451612903226
강남소방서,202401,18.0,서울,128.0,140,1.229032258064516
강남소방서,202401,19.0,서울,102.0,124,0.5677419354838709
강남소방서,202401,20.0,서울,100.0,120,0.0290322580645161
강남소방서,202401,21.0,서울,100.0,121,-0.3709677419354839
강남소방서,202401,22.0,서울,106.0,129,-0.6741935483870969
강남소방서,202401,23.0,서울,89.0,115,-0.9741935483870968
강남소방서,202402,0.0,서울,143.0,126,2.813793103448276
강남소방서,202402,1.0,서울,112.0,94,2.527586206896552
강남소방서,202402,2.0,서울,92.0,70,2.1655172413793102
강남소방서,202402,3.0,서울,95.0,73,1.8827586206896552
강남소방서,202402,4.0,서울,81.0,63,1.6724137931034482
강남소방서,202402,5.0,서울,89.0,67,1.5551724137931036
강남소방서,202402,6.0,서울,82.0,61,1.389655172413793
강남소방서,202402,7.0,서울,109.0,74,1.2724137931034485
강남소방서,202402,8.0,서울,195.0,114,1.3344827586206898
강남소방서,202402,9.0,서울,194.0,126,2.127586206896552
강남소방서,202402,10.0,서울,180.0,113,3.4551724137931035
강남소방서,202402,11.0,서울,125.0,96,4.56551724137931
강남소방서,202402,12.0,서울,186.0,120,5.582758620689655
강남소방서,202402,13.0,서울,141.0,109,6.379310344827586
강남소방서,202402,14.0,서울,162.0,103,6.965517241379311
강남소방서,202402,15.0,서울,176.0,120,7.26551724137931
강남소방서,202402,16.0,서울,160.0,114,7.124137931034483
강남소방서,202402,17.0,서울,142.0,100,6.624137931034483
강남소방서,202402,18.0,서울,174.0,124,5.627586206896551
강남소방서,202402,19.0,서울,152.0,121,4.9
강남소방서,202402,20.0,서울,136.0,116,4.3517241379310345
강남소방서,202402,21.0,서울,172.0,125,3.886206896551724
강남소방서,202402,22.0,서울,149.0,123,3.475862068965517
강남소방서,202402,23.0,서울,130.0,103,3.079310344827586
강남소방서,202403,0.0,서울,88.0,114,5.267741935483872
강남소방서,202403,1.0,서울,76.0,89,4.916129032258064
강남소방서,202403,2.0,서울,72.0,92,4.564516129032258
강남소방서,202403,3.0,서울,72.0,84,4.209677419354839
강남소방서,202403,4.0,서울,80.0,81,3.883870967741936
강남소방서,202403,5.0,서울,69.0,62,3.606451612903226
강남소방서,202403,6.0,서울,81.0,76,3.274193548387097
강남소방서,202403,7.0,서울,94.0,90,3.161290322580645
강남소방서,202403,8.0,서울,118.0,107,3.696774193548387
강남소방서,202403,9.0,서울,109.0,116,5.174193548387097
강남소방서,202403,10.0,서울,144.0,150,6.67741935483871
강남소방서,202403,11.0,서울,127.0,125,8.1
강남소방서,202403,12.0,서울,125.0,141,9.338709677419354
강남소방서,202403,13.0,서울,147.0,153,10.261290322580646
강남소방서,202403,14.0,서울,125.0,133,10.851612903225806
강남소방서,202403,15.0,서울,109.0,114,11.264516129032256
강남소방서,202403,16.0,서울,104.0,133,11.183870967741935
강남소방서,202403,17.0,서울,124.0,131,10.803225806451612
강남소방서,202403,18.0,서울,122.0,130,9.796774193548387
강남소방서,202403,19.0,서울,133.0,119,8.570967741935483
강남소방서,202403,20.0,서울,111.0,123,7.709677419354839
강남소방서,202403,21.0,서울,107.0,115,7.02258064516129
강남소방서,202403,22.0,서울,130.0,141,6.435483870967742
강남소방서,202403,23.0,서울,76.0,90,5.95483870967742
강남소방서,202404,0.0,서울,90.0,129,13.933333333333334
강남소방서,202404,1.0,서울,63.0,86,13.533333333333331
강남소방서,202404,2.0,서울,89.0,94,13.133333333333333
강남소방서,202404,3.0,서울,60.0,71,12.84
강남소방서,202404,4.0,서울,63.0,69,12.563333333333333
강남소방서,202404,5.0,서울,62.0,75,12.356666666666666
강남소방서,202404,6.0,서울,56.0,73,12.116666666666667
강남소방서,202404,7.0,서울,66.0,66,12.226666666666668
강남소방서,202404,8.0,서울,118.0,106,13.376666666666669
강남소방서,202404,9.0,서울,127.0,147,14.886666666666668
강남소방서,202404,10.0,서울,119.0,123,16.513333333333332
강남소방서,202404,11.0,서울,138.0,125,18.03
강남소방서,202404,12.0,서울,136.0,131,19.30666666666667
강남소방서,202404,13.0,서울,120.0,124,20.46333333333333
강남소방서,202404,14.0,서울,145.0,138,21.39333333333333
강남소방서,202404,15.0,서울,111.0,107,21.636666666666667
강남소방서,202404,16.0,서울,115.0,122,21.47
강남소방서,202404,17.0,서울,148.0,132,20.883333333333333
강남소방서,202404,18.0,서울,128.0,141,19.76333333333333
강남소방서,202404,19.0,서울,129.0,140,18.2
강남소방서,202404,20.0,서울,117.0,120,16.843333333333334
강남소방서,202404,21.0,서울,119.0,129,15.92
강남소방서,202404,22.0,서울,140.0,137,15.203333333333337
강남소방서,202404,23.0,서울,96.0,128,14.653333333333334
강남소방서,202405,0.0,서울,92.0,119,16.380645161290325
강남소방서,202405,1.0,서울,66.0,98,15.932258064516128
강남소방서,202405,2.0,서울,59.0,69,15.52258064516129
강남소방서,202405,3.0,서울,61.0,67,15.216129032258063
강남소방서,202405,4.0,서울,62.0,72,14.87741935483871
강남소방서,202405,5.0,서울,67.0,74,14.54516129032258
강남소방서,202405,6.0,서울,84.0,82,14.270967741935484
강남소방서,202405,7.0,서울,146.0,110,14.764516129032256
강남소방서,202405,8.0,서울,151.0,141,16.412903225806453
강남소방서,202405,9.0,서울,148.0,130,17.98709677419355
강남소방서,202405,10.0,서울,146.0,141,19.458064516129035
강남소방서,202405,11.0,서울,135.0,132,20.62903225806452
강남소방서,202405,12.0,서울,142.0,144,21.54516129032258
강남소방서,202405,13.0,서울,139.0,151,22.212903225806453
강남소방서,202405,14.0,서울,140.0,148,22.51290322580645
강남소방서,202405,15.0,서울,135.0,124,22.68064516129032
강남소방서,202405,16.0,서울,133.0,132,22.63225806451613
강남소방서,202405,17.0,서울,110.0,123,22.30967741935484
강남소방서,202405,18.0,서울,121.0,123,21.5258064516129
강남소방서,202405,19.0,서울,125.0,129,20.29032258064516
강남소방서,202405,20.0,서울,119.0,127,19.032258064516128
강남소방서,202405,21.0,서울,137.0,133,18.1
강남소방서,202405,22.0,서울,110.0,154,17.451612903225808
강남소방서,202405,23.0,서울,94.0,120,16.929032258064513
강남소방서,202406,0.0,서울,103.0,142,22.173333333333336
강남소방서,202406,1.0,서울,65.0,95,21.766666666666666
강남소방서,202406,2.0,서울,73.0,92,21.34
강남소방서,202406,3.0,서울,72.0,80,20.98
강남소방서,202406,4.0,서울,63.0,75,20.59333333333333
강남소방서,202406,5.0,서울,60.0,70,20.266666666666666
강남소방서,202406,6.0,서울,87.0,104,20.146666666666665
강남소방서,202406,7.0,서울,98.0,99,20.87333333333333
강남소방서,202406,8.0,서울,134.0,132,22.506666666666668
강남소방서,202406,9.0,서울,168.0,167,24.086666666666662
강남소방서,202406,10.0,서울,130.0,139,25.39
강남소방서,202406,11.0,서울,120.0,127,26.646666666666665
강남소방서,202406,12.0,서울,124.0,125,27.68
강남소방서,202406,13.0,서울,125.0,144,28.593333333333337
강남소방서,202406,14.0,서울,130.0,127,29.14
강남소방서,202406,15.0,서울,90.0,121,29.383333333333333
강남소방서,202406,16.0,서울,144.0,134,29.23
강남소방서,202406,17.0,서울,127.0,148,28.71333333333333
강남소방서,202406,18.0,서울,156.0,154,27.896666666666665
강남소방서,202406,19.0,서울,120.0,139,26.58
강남소방서,202406,20.0,서울,122.0,121,25.15
강남소방서,202406,21.0,서울,126.0,135,24.19333333333333
강남소방서,202406,22.0,서울,110.0,133,23.453333333333333
강남소방서,202406,23.0,서울,115.0,123,22.836666666666662
강남소방서,202407,0.0,서울,95.0,117,25.61935483870968
강남소방서,202407,1.0,서울,97.0,123,25.39354838709677
강남소방서,202407,2.0,서울,78.0,109,25.17419354838709
강남소방서,202407,3.0,서울,62.0,82,24.96451612903226
강남소방서,202407,4.0,서울,64.0,76,24.748387096774195
강남소방서,202407,5.0,서울,86.0,85,24.561290322580643
강남소방서,202407,6.0,서울,77.0,95,24.5
강남소방서,202407,7.0,서울,117.0,101,24.687096774193545
강남소방서,202407,8.0,서울,173.0,159,25.26129032258065
강남소방서,202407,9.0,서울,140.0,143,25.887096774193548
강남소방서,202407,10.0,서울,132.0,141,26.451612903225808
강남소방서,202407,11.0,서울,175.0,161,27.151612903225807
강남소방서,202407,12.0,서울,156.0,148,27.84193548387097
강남소방서,202407,13.0,서울,126.0,118,28.283870967741933
강남소방서,202407,14.0,서울,154.0,169,28.62258064516129
강남소방서,202407,15.0,서울,152.0,157,28.783870967741933
강남소방서,202407,16.0,서울,115.0,127,28.738709677419354
강남소방서,202407,17.0,서울,160.0,160,28.56451612903226
강남소방서,202407,18.0,서울,128.0,136,28.32258064516129
강남소방서,202407,19.0,서울,129.0,146,27.687096774193545
강남소방서,202407,20.0,서울,136.0,141,27.041935483870965
강남소방서,202407,21.0,서울,126.0,147,26.703225806451613
강남소방서,202407,22.0,서울,137.0,169,26.33870967741936
강남소방서,202407,23.0,서울,118.0,157,26.05483870967742
강남소방서,202408,0.0,서울,102.0,131,28.00967741935484
강남소방서,202408,1.0,서울,87.0,106,27.712903225806453
강남소방서,202408,2.0,서울,70.0,90,27.41290322580645
강남소방서,202408,3.0,서울,64.0,77,27.177419354838708
강남소방서,202408,4.0,서울,78.0,86,26.92258064516129
강남소방서,202408,5.0,서울,72.0,90,26.664516129032258
강남소방서,202408,6.0,서울,86.0,83,26.44193548387097
강남소방서,202408,7.0,서울,121.0,111,26.583870967741937
강남소방서,202408,8.0,서울,182.0,154,27.51935483870968
강남소방서,202408,9.0,서울,166.0,165,28.616129032258065
강남소방서,202408,10.0,서울,156.0,147,29.561290322580643
강남소방서,202408,11.0,서울,148.0,154,30.506451612903227
강남소방서,202408,12.0,서울,154.0,160,31.21935483870968
강남소방서,202408,13.0,서울,141.0,168,31.796774193548387
강남소방서,202408,14.0,서울,166.0,163,32.303225806451614
강남소방서,202408,15.0,서울,128.0,139,32.6
강남소방서,202408,16.0,서울,148.0,171,32.75483870967742
강남소방서,202408,17.0,서울,162.0,161,32.16129032258065
강남소방서,202408,18.0,서울,129.0,134,31.50967741935484
강남소방서,202408,19.0,서울,115.0,126,30.46451612903226
강남소방서,202408,20.0,서울,128.0,133,29.651612903225807
강남소방서,202408,21.0,서울,145.0,169,29.06451612903226
강남소방서,202408,22.0,서울,110.0,131,28.67419354838709
강남소방서,202408,23.0,서울,96.0,140,28.3
강남소방서,202409,0.0,서울,89.0,90,24.133333333333333
강남소방서,202409,1.0,서울,71.0,90,23.796666666666667
강남소방서,202409,2.0,서울,44.0,63,23.48333333333333
강남소방서,202409,3.0,서울,56.0,66,23.236666666666668
강남소방서,202409,4.0,서울,41.0,60,22.933333333333334
강남소방서,202409,5.0,서울,46.0,49,22.74
강남소방서,202409,6.0,서울,76.0,79,22.47
강남소방서,202409,7.0,서울,91.0,97,22.473333333333333
강남소방서,202409,8.0,서울,113.0,119,23.25333333333333
강남소방서,202409,9.0,서울,123.0,120,24.47
강남소방서,202409,10.0,서울,132.0,124,25.703333333333333
강남소방서,202409,11.0,서울,118.0,116,26.776666666666664
강남소방서,202409,12.0,서울,133.0,132,27.683333333333334
강남소방서,202409,13.0,서울,123.0,128,28.396666666666665
강남소방서,202409,14.0,서울,115.0,121,28.766666666666666
강남소방서,202409,15.0,서울,101.0,112,29.1
강남소방서,202409,16.0,서울,131.0,126,28.94333333333333
강남소방서,202409,17.0,서울,113.0,116,28.49333333333333
강남소방서,202409,18.0,서울,97.0,117,27.58333333333333
강남소방서,202409,19.0,서울,126.0,129,26.566666666666663
강남소방서,202409,20.0,서울,112.0,121,25.89333333333333
강남소방서,202409,21.0,서울,118.0,145,25.30666666666667
강남소방서,202409,22.0,서울,90.0,114,24.8
강남소방서,202409,23.0,서울,101.0,128,24.35666666666667
강남소방서,202410,0.0,서울,80.0,106,15.3
강남소방서,202410,1.0,서울,73.0,77,14.858064516129032
강남소방서,202410,2.0,서울,66.0,74,14.5
강남소방서,202410,3.0,서울,42.0,52,14.119354838709675
강남소방서,202410,4.0,서울,62.0,59,13.870967741935484
강남소방서,202410,5.0,서울,63.0,57,13.603225806451611
강남소방서,202410,6.0,서울,86.0,68,13.383870967741936
강남소방서,202410,7.0,서울,88.0,87,13.251612903225809
강남소방서,202410,8.0,서울,114.0,112,13.738709677419354
강남소방서,202410,9.0,서울,144.0,121,15.216129032258063
강남소방서,202410,10.0,서울,100.0,104,16.72258064516129
강남소방서,202410,11.0,서울,141.0,130,18.22903225806452
강남소방서,202410,12.0,서울,118.0,114,19.287096774193547
강남소방서,202410,13.0,서울,144.0,145,20.09354838709677
강남소방서,202410,14.0,서울,126.0,121,20.64516129032258
강남소방서,202410,15.0,서울,125.0,118,20.85483870967742
강남소방서,202410,16.0,서울,115.0,123,20.661290322580644
강남소방서,202410,17.0,서울,102.0,132,20.006451612903227
강남소방서,202410,18.0,서울,92.0,113,18.80322580645161
강남소방서,202410,19.0,서울,109.0,116,17.851612903225806
강남소방서,202410,20.0,서울,98.0,115,17.151612903225807
강남소방서,202410,21.0,서울,99.0,118,16.49032258064516
강남소방서,202410,22.0,서울,110.0,108,15.964516129032257
강남소방서,202410,23.0,서울,77.0,102,15.47741935483871
강남소방서,202411,0.0,서울,91.0,104,8.493333333333334
강남소방서,202411,1.0,서울,83.0,90,8.206666666666667
강남소방서,202411,2.0,서울,74.0,79,7.823333333333333
강남소방서,202411,3.0,서울,49.0,75,7.56
강남소방서,202411,4.0,서울,61.0,83,7.28
강남소방서,202411,5.0,서울,67.0,60,6.996666666666667
강남소방서,202411,6.0,서울,73.0,71,6.760000000000001
강남소방서,202411,7.0,서울,103.0,92,6.5600000000000005
강남소방서,202411,8.0,서울,123.0,117,6.6033333333333335
강남소방서,202411,9.0,서울,121.0,106,7.813333333333333
강남소방서,202411,10.0,서울,145.0,117,9.756666666666666
강남소방서,202411,11.0,서울,138.0,128,11.276666666666667
강남소방서,202411,12.0,서울,134.0,133,12.41
강남소방서,202411,13.0,서울,151.0,141,13.433333333333334
강남소방서,202411,14.0,서울,118.0,130,13.926666666666668
강남소방서,202411,15.0,서울,116.0,109,13.98
강남소방서,202411,16.0,서울,117.0,118,13.63
강남소방서,202411,17.0,서울,129.0,122,12.423333333333334
강남소방서,202411,18.0,서울,129.0,143,11.313333333333333
강남소방서,202411,19.0,서울,109.0,131,10.62
강남소방서,202411,20.0,서울,105.0,126,10.006666666666666
강남소방서,202411,21.0,서울,102.0,117,9.453333333333337
강남소방서,202411,22.0,서울,116.0,128,8.976666666666667
강남소방서,202411,23.0,서울,103.0,112,8.54
강남소방서,202412,0.0,서울,87.0,115,-0.0870967741935484
강남소방서,202412,1.0,서울,71.0,90,-0.4290322580645161
강남소방서,202412,2.0,서울,54.0,65,-0.7064516129032258
강남소방서,202412,3.0,서울,61.0,75,-1.029032258064516
강남소방서,202412,4.0,서울,77.0,90,-1.2451612903225806
강남소방서,202412,5.0,서울,52.0,59,-1.4806451612903226
강남소방서,202412,6.0,서울,78.0,72,-1.7000000000000002
강남소방서,202412,7.0,서울,93.0,81,-1.912903225806452
강남소방서,202412,8.0,서울,133.0,106,-2.029032258064516
강남소방서,202412,9.0,서울,148.0,122,-1.441935483870968
강남소방서,202412,10.0,서울,134.0,134,0.2032258064516129
강남소방서,202412,11.0,서울,153.0,142,1.667741935483871
강남소방서,202412,12.0,서울,165.0,148,3.1161290322580646
강남소방서,202412,13.0,서울,138.0,120,3.990322580645161
강남소방서,202412,14.0,서울,122.0,123,4.516129032258065
강남소방서,202412,15.0,서울,132.0,120,4.703225806451614
강남소방서,202412,16.0,서울,131.0,134,4.448387096774193
강남소방서,202412,17.0,서울,117.0,120,3.3548387096774195
강남소방서,202412,18.0,서울,114.0,121,2.470967741935484
강남소방서,202412,19.0,서울,133.0,121,1.9064516129032256
강남소방서,202412,20.0,서울,126.0,129,1.4129032258064516
강남소방서,202412,21.0,서울,125.0,148,0.935483870967742
강남소방서,202412,22.0,서울,124.0,144,0.4870967741935483
강남소방서,202412,23.0,서울,100.0,114,0.0935483870967741
강남소방서,202501,0.0,서울,96.0,94,-1.506451612903226
강남소방서,202501,1.0,서울,68.0,87,-1.848387096774193
강남소방서,202501,2.0,서울,70.0,70,-2.1451612903225805
강남소방서,202501,3.0,서울,65.0,74,-2.274193548387097
강남소방서,202501,4.0,서울,39.0,46,-2.4935483870967743
강남소방서,202501,5.0,서울,59.0,58,-2.696774193548387
강남소방서,202501,6.0,서울,97.0,88,-2.8806451612903223
강남소방서,202501,7.0,서울,94.0,84,-3.012903225806452
강남소방서,202501,8.0,서울,110.0,108,-3.0903225806451613
강남소방서,202501,9.0,서울,123.0,107,-2.638709677419355
강남소방서,202501,10.0,서울,166.0,138,-1.2645161290322582
강남소방서,202501,11.0,서울,134.0,122,0.1290322580645161
강남소방서,202501,12.0,서울,137.0,126,1.564516129032258
강남소방서,202501,13.0,서울,114.0,101,2.52258064516129
강남소방서,202501,14.0,서울,140.0,120,3.0806451612903225
강남소방서,202501,15.0,서울,86.0,99,3.180645161290323
강남소방서,202501,16.0,서울,100.0,98,2.9612903225806453
강남소방서,202501,17.0,서울,112.0,112,2.296774193548387
강남소방서,202501,18.0,서울,101.0,109,1.3709677419354838
강남소방서,202501,19.0,서울,91.0,93,0.6741935483870969
강남소방서,202501,20.0,서울,109.0,114,0.1032258064516129
강남소방서,202501,21.0,서울,116.0,132,-0.3645161290322581
강남소방서,202501,22.0,서울,104.0,121,-0.7193548387096775
강남소방서,202501,23.0,서울,86.0,107,-1.1096774193548389
강남소방서,202502,0.0,서울,88.0,90,-2.775
강남소방서,202502,1.0,서울,63.0,70,-3.1107142857142853
강남소방서,202502,2.0,서울,77.0,80,-3.378571428571429
강남소방서,202502,3.0,서울,52.0,65,-3.625
강남소방서,202502,4.0,서울,50.0,60,-3.925
강남소방서,202502,5.0,서울,52.0,57,-4.114285714285715
강남소방서,202502,6.0,서울,65.0,64,-4.353571428571429
강남소방서,202502,7.0,서울,78.0,71,-4.621428571428572
강남소방서,202502,8.0,서울,114.0,93,-4.614285714285714
강남소방서,202502,9.0,서울,122.0,110,-3.4535714285714287
강남소방서,202502,10.0,서울,103.0,104,-1.6928571428571428
강남소방서,202502,11.0,서울,118.0,114,-0.1892857142857143
강남소방서,202502,12.0,서울,115.0,115,0.9607142857142856
강남소방서,202502,13.0,서울,108.0,116,1.9285714285714288
강남소방서,202502,14.0,서울,123.0,97,2.753571428571429
강남소방서,202502,15.0,서울,83.0,83,3.1714285714285717
강남소방서,202502,16.0,서울,94.0,97,3.2178571428571425
강남소방서,202502,17.0,서울,93.0,91,2.7142857142857144
강남소방서,202502,18.0,서울,82.0,104,1.4214285714285713
강남소방서,202502,19.0,서울,81.0,80,0.4285714285714285
강남소방서,202502,20.0,서울,95.0,105,-0.2857142857142857
강남소방서,202502,21.0,서울,113.0,114,-0.95
강남소방서,202502,22.0,서울,92.0,99,-1.5714285714285714
강남소방서,202502,23.0,서울,78.0,98,-2.132142857142857
강남소방서,202503,0.0,서울,76.0,90,6.241935483870968
강남소방서,202503,1.0,서울,77.0,89,5.890322580645161
강남소방서,202503,2.0,서울,80.0,79,5.577419354838709
강남소방서,202503,3.0,서울,55.0,58,5.203225806451614
강남소방서,202503,4.0,서울,60.0,62,4.877419354838709
강남소방서,202503,5.0,서울,64.0,66,4.554838709677419
강남소방서,202503,6.0,서울,76.0,72,4.387096774193548
강남소방서,202503,7.0,서울,88.0,87,4.193548387096774
강남소방서,202503,8.0,서울,110.0,104,4.770967741935484
강남소방서,202503,9.0,서울,132.0,112,6.27741935483871
강남소방서,202503,10.0,서울,123.0,105,7.883870967741935
강남소방서,202503,11.0,서울,140.0,120,9.348387096774196
강남소방서,202503,12.0,서울,135.0,120,10.712903225806452
강남소방서,202503,13.0,서울,140.0,130,11.812903225806451
강남소방서,202503,14.0,서울,106.0,106,12.638709677419357
강남소방서,202503,15.0,서울,94.0,100,12.793548387096775
강남소방서,202503,16.0,서울,129.0,117,12.480645161290322
강남소방서,202503,17.0,서울,125.0,115,11.883870967741936
강남소방서,202503,18.0,서울,137.0,114,10.651612903225804
강남소방서,202503,19.0,서울,110.0,113,9.287096774193548
강남소방서,202503,20.0,서울,111.0,125,8.316129032258065
강남소방서,202503,21.0,서울,98.0,110,7.638709677419355
강남소방서,202503,22.0,서울,105.0,108,7.070967741935483
강남소방서,202503,23.0,서울,90.0,107,6.683870967741936
강남소방서,202504,0.0,서울,84.0,95,11.123333333333331
강남소방서,202504,1.0,서울,84.0,77,10.763333333333332
강남소방서,202504,2.0,서울,54.0,58,10.363333333333332
강남소방서,202504,3.0,서울,43.0,54,9.973333333333333
강남소방서,202504,4.0,서울,49.0,55,9.67
강남소방서,202504,5.0,서울,53.0,57,9.433333333333334
강남소방서,202504,6.0,서울,74.0,71,9.213333333333331
강남소방서,202504,7.0,서울,89.0,93,9.37
강남소방서,202504,8.0,서울,129.0,123,10.803333333333336
강남소방서,202504,9.0,서울,127.0,118,12.563333333333333
강남소방서,202504,10.0,서울,126.0,126,14.216666666666669
강남소방서,202504,11.0,서울,88.0,95,15.636666666666668
강남소방서,202504,12.0,서울,148.0,134,16.806666666666665
강남소방서,202504,13.0,서울,138.0,140,17.503333333333334
강남소방서,202504,14.0,서울,125.0,121,17.926666666666666
강남소방서,202504,15.0,서울,134.0,118,17.916666666666668
강남소방서,202504,16.0,서울,160.0,126,17.779999999999998
강남소방서,202504,17.0,서울,128.0,121,17.266666666666666
강남소방서,202504,18.0,서울,102.0,119,16.266666666666666
강남소방서,202504,19.0,서울,142.0,117,14.886666666666668
강남소방서,202504,20.0,서울,93.0,110,13.813333333333333
강남소방서,202504,21.0,서울,97.0,120,13.086666666666668
강남소방서,202504,22.0,서울,110.0,114,12.453333333333337
강남소방서,202504,23.0,서울,96.0,99,11.916666666666666
강남소방서,202505,0.0,서울,89.0,106,16.05483870967742
강남소방서,202505,1.0,서울,80.0,82,15.593548387096773
강남소방서,202505,2.0,서울,77.0,76,15.170967741935485
강남소방서,202505,3.0,서울,48.0,46,14.80967741935484
강남소방서,202505,4.0,서울,64.0,58,14.40967741935484
강남소방서,202505,5.0,서울,78.0,76,14.083870967741936
강남소방서,202505,6.0,서울,83.0,75,13.94516129032258
강남소방서,202505,7.0,서울,86.0,78,14.412903225806453
강남소방서,202505,8.0,서울,140.0,120,15.69032258064516
강남소방서,202505,9.0,서울,129.0,113,16.993548387096773
강남소방서,202505,10.0,서울,148.0,126,18.15806451612903
강남소방서,202505,11.0,서울,134.0,128,19.216129032258067
강남소방서,202505,12.0,서울,152.0,144,20.19032258064516
강남소방서,202505,13.0,서울,134.0,137,21.05483870967742
강남소방서,202505,14.0,서울,134.0,116,21.651612903225807
강남소방서,202505,15.0,서울,104.0,109,21.81935483870968
강남소방서,202505,16.0,서울,143.0,126,21.687096774193545
강남소방서,202505,17.0,서울,104.0,115,21.24516129032258
강남소방서,202505,18.0,서울,144.0,124,20.52258064516129
강남소방서,202505,19.0,서울,146.0,125,19.43870967741936
강남소방서,202505,20.0,서울,136.0,129,18.44516129032258
강남소방서,202505,21.0,서울,90.0,94,17.741935483870968
강남소방서,202505,22.0,서울,131.0,129,17.148387096774194
강남소방서,202505,23.0,서울,91.0,103,16.629032258064516
강남소방서,202506,0.0,서울,101.0,100,22.126666666666665
강남소방서,202506,1.0,서울,69.0,90,21.78666666666667
강남소방서,202506,2.0,서울,68.0,63,21.46
강남소방서,202506,3.0,서울,48.0,71,21.10333333333333
강남소방서,202506,4.0,서울,51.0,54,20.78
강남소방서,202506,5.0,서울,67.0,59,20.516666666666666
강남소방서,202506,6.0,서울,71.0,54,20.42
강남소방서,202506,7.0,서울,113.0,107,21.03666666666667
강남소방서,202506,8.0,서울,108.0,105,22.18
강남소방서,202506,9.0,서울,166.0,141,23.33333333333333
강남소방서,202506,10.0,서울,151.0,138,24.563333333333333
강남소방서,202506,11.0,서울,115.0,130,25.55333333333333
강남소방서,202506,12.0,서울,141.0,139,26.46
강남소방서,202506,13.0,서울,179.0,159,27.173333333333336
강남소방서,202506,14.0,서울,133.0,123,27.566666666666663
강남소방서,202506,15.0,서울,141.0,138,27.813333333333333
강남소방서,202506,16.0,서울,112.0,110,27.686666666666667
강남소방서,202506,17.0,서울,107.0,112,27.41
강남소방서,202506,18.0,서울,151.0,139,26.73
강남소방서,202506,19.0,서울,104.0,117,25.716666666666665
강남소방서,202506,20.0,서울,121.0,129,24.75333333333333
강남소방서,202506,21.0,서울,140.0,129,23.973333333333336
강남소방서,202506,22.0,서울,123.0,128,23.223333333333336
강남소방서,202506,23.0,서울,102.0,112,22.74333333333333
강남소방서,202507,0.0,서울,120.0,135,27.48064516129032
강남소방서,202507,1.0,서울,93.0,96,27.161290322580644
강남소방서,202507,2.0,서울,56.0,70,26.845161290322583
강남소방서,202507,3.0,서울,71.0,70,26.548387096774192
강남소방서,202507,4.0,서울,70.0,74,26.30322580645161
강남소방서,202507,5.0,서울,79.0,75,26.06451612903226
강남소방서,202507,6.0,서울,106.0,97,25.906451612903226
강남소방서,202507,7.0,서울,113.0,109,26.177419354838708
강남소방서,202507,8.0,서울,164.0,143,27.07741935483871
강남소방서,202507,9.0,서울,173.0,161,28.025806451612905
강남소방서,202507,10.0,서울,155.0,136,28.85483870967742
강남소방서,202507,11.0,서울,165.0,151,29.68387096774193
강남소방서,202507,12.0,서울,150.0,145,30.42258064516129
강남소방서,202507,13.0,서울,143.0,139,30.967741935483872
강남소방서,202507,14.0,서울,141.0,135,31.51935483870968
강남소방서,202507,15.0,서울,133.0,137,31.79032258064516
강남소방서,202507,16.0,서울,142.0,144,31.741935483870968
강남소방서,202507,17.0,서울,148.0,142,31.693548387096776
강남소방서,202507,18.0,서울,127.0,146,31.267741935483876
강남소방서,202507,19.0,서울,120.0,133,30.23548387096774
강남소방서,202507,20.0,서울,146.0,124,29.32258064516129
강남소방서,202507,21.0,서울,117.0,133,28.69677419354839
강남소방서,202507,22.0,서울,141.0,142,28.21935483870968
강남소방서,202507,23.0,서울,104.0,104,27.83225806451613
강남소방서,202508,0.0,서울,116.0,126,27.016129032258064
강남소방서,202508,1.0,서울,88.0,82,26.796774193548387
강남소방서,202508,2.0,서울,98.0,102,26.6
강남소방서,202508,3.0,서울,50.0,68,26.39354838709677
강남소방서,202508,4.0,서울,88.0,85,26.151612903225807
강남소방서,202508,5.0,서울,60.0,60,25.91935483870968
강남소방서,202508,6.0,서울,78.0,79,25.738709677419354
강남소방서,202508,7.0,서울,109.0,88,25.85483870967742
강남소방서,202508,8.0,서울,134.0,126,26.51935483870968
강남소방서,202508,9.0,서울,158.0,144,27.33870967741936
강남소방서,202508,10.0,서울,117.0,131,28.33225806451613
강남소방서,202508,11.0,서울,134.0,146,29.251612903225805
강남소방서,202508,12.0,서울,134.0,132,29.98709677419355
강남소방서,202508,13.0,서울,125.0,121,30.43548387096774
강남소방서,202508,14.0,서울,171.0,136,31.061290322580643
강남소방서,202508,15.0,서울,129.0,122,31.22258064516129
강남소방서,202508,16.0,서울,135.0,127,31.22258064516129
강남소방서,202508,17.0,서울,113.0,120,30.87741935483871
강남소방서,202508,18.0,서울,150.0,142,30.296774193548387
강남소방서,202508,19.0,서울,122.0,133,29.345161290322583
강남소방서,202508,20.0,서울,114.0,130,28.46451612903226
강남소방서,202508,21.0,서울,108.0,109,27.95483870967742
강남소방서,202508,22.0,서울,101.0,119,27.567741935483877
강남소방서,202508,23.0,서울,123.0,118,27.258064516129032
강남소방서,202509,0.0,서울,85.0,103,22.47
강남소방서,202509,1.0,서울,55.0,63,22.133333333333333
강남소방서,202509,2.0,서울,100.0,95,21.80666666666667
강남소방서,202509,3.0,서울,61.0,65,21.540000000000003
강남소방서,202509,4.0,서울,80.0,66,21.273333333333333
강남소방서,202509,5.0,서울,70.0,58,21.01
강남소방서,202509,6.0,서울,79.0,66,20.756666666666668
강남소방서,202509,7.0,서울,106.0,103,20.75333333333333
강남소방서,202509,8.0,서울,133.0,127,21.37333333333333
강남소방서,202509,9.0,서울,164.0,145,22.346666666666668
강남소방서,202509,10.0,서울,161.0,135,23.383333333333333
강남소방서,202509,11.0,서울,171.0,148,24.306666666666665
강남소방서,202509,12.0,서울,141.0,127,25.22
강남소방서,202509,13.0,서울,152.0,131,25.96
강남소방서,202509,14.0,서울,137.0,133,26.37333333333333
강남소방서,202509,15.0,서울,135.0,133,26.62333333333333
강남소방서,202509,16.0,서울,104.0,104,26.66333333333333
강남소방서,202509,17.0,서울,122.0,109,26.40333333333333
강남소방서,202509,18.0,서울,121.0,135,25.563333333333333
강남소방서,202509,19.0,서울,135.0,131,24.62
강남소방서,202509,20.0,서울,101.0,115,23.85333333333333
강남소방서,202509,21.0,서울,123.0,125,23.35333333333333
강남소방서,202509,22.0,서울,106.0,125,22.923333333333336
강남소방서,202509,23.0,서울,94.0,105,22.53
강남소방서,202510,0.0,서울,88.0,90,15.36774193548387
강남소방서,202510,1.0,서울,59.0,64,15.061290322580644
강남소방서,202510,2.0,서울,60.0,73,14.76774193548387
강남소방서,202510,3.0,서울,62.0,59,14.516129032258064
강남소방서,202510,4.0,서울,55.0,69,14.306451612903226
강남소방서,202510,5.0,서울,47.0,48,14.093548387096776
강남소방서,202510,6.0,서울,86.0,78,13.92258064516129
강남소방서,202510,7.0,서울,64.0,60,13.851612903225806
강남소방서,202510,8.0,서울,126.0,111,14.170967741935485
강남소방서,202510,9.0,서울,126.0,125,15.34516129032258
강남소방서,202510,10.0,서울,116.0,104,16.519354838709678
강남소방서,202510,11.0,서울,138.0,119,17.73225806451613
강남소방서,202510,12.0,서울,148.0,124,18.62258064516129
강남소방서,202510,13.0,서울,129.0,123,19.287096774193547
강남소방서,202510,14.0,서울,119.0,107,19.738709677419354
강남소방서,202510,15.0,서울,106.0,116,19.787096774193547
강남소방서,202510,16.0,서울,110.0,96,19.538709677419355
강남소방서,202510,17.0,서울,107.0,118,18.88387096774193
강남소방서,202510,18.0,서울,129.0,125,18.02258064516129
강남소방서,202510,19.0,서울,125.0,120,17.31935483870968
강남소방서,202510,20.0,서울,123.0,128,16.799999999999997
강남소방서,202510,21.0,서울,131.0,141,16.358064516129033
강남소방서,202510,22.0,서울,102.0,111,15.94516129032258
강남소방서,202510,23.0,서울,68.0,89,15.548387096774194
강남소방서,202511,0.0,서울,93.0,83,7.39
강남소방서,202511,1.0,서울,95.0,97,6.946666666666667
강남소방서,202511,2.0,서울,75.0,72,6.636666666666667
강남소방서,202511,3.0,서울,73.0,70,6.306666666666667
강남소방서,202511,4.0,서울,69.0,71,6.083333333333333
강남소방서,202511,5.0,서울,83.0,70,5.91
강남소방서,202511,6.0,서울,101.0,86,5.7733333333333325
강남소방서,202511,7.0,서울,71.0,64,5.553333333333333
강남소방서,202511,8.0,서울,146.0,125,5.5633333333333335
강남소방서,202511,9.0,서울,159.0,133,6.806666666666667
강남소방서,202511,10.0,서울,159.0,119,8.76
강남소방서,202511,11.0,서울,162.0,131,10.473333333333333
강남소방서,202511,12.0,서울,161.0,130,11.986666666666668
강남소방서,202511,13.0,서울,133.0,121,12.916666666666666
강남소방서,202511,14.0,서울,125.0,103,13.46
강남소방서,202511,15.0,서울,138.0,116,13.593333333333334
강남소방서,202511,16.0,서울,125.0,124,13.146666666666668
강남소방서,202511,17.0,서울,130.0,118,11.966666666666669
강남소방서,202511,18.0,서울,153.0,145,10.803333333333336
강남소방서,202511,19.0,서울,141.0,109,10.0
강남소방서,202511,20.0,서울,143.0,135,9.416666666666666
강남소방서,202511,21.0,서울,123.0,133,8.896666666666667
강남소방서,202511,22.0,서울,116.0,121,8.473333333333333
강남소방서,202511,23.0,서울,112.0,103,7.97
강남소방서,202512,0.0,서울,113.0,112,0.6032258064516128
강남소방서,202512,1.0,서울,119.0,110,0.3354838709677418
강남소방서,202512,2.0,서울,55.0,70,0.1225806451612902
강남소방서,202512,3.0,서울,73.0,86,-0.1258064516129031
강남소방서,202512,4.0,서울,72.0,74,-0.4
강남소방서,202512,5.0,서울,69.0,61,-0.6483870967741936
강남소방서,202512,6.0,서울,85.0,80,-0.8580645161290323
강남소방서,202512,7.0,서울,109.0,78,-0.935483870967742
강남소방서,202512,8.0,서울,140.0,124,-0.9774193548387096
강남소방서,202512,9.0,서울,175.0,142,-0.4774193548387096
강남소방서,202512,10.0,서울,197.0,131,0.8645161290322579
강남소방서,202512,11.0,서울,161.0,136,2.0387096774193547
강남소방서,202512,12.0,서울,134.0,119,3.0290322580645164
강남소방서,202512,13.0,서울,123.0,135,3.835483870967742
강남소방서,202512,14.0,서울,156.0,139,4.351612903225806
강남소방서,202512,15.0,서울,159.0,126,4.632258064516129
강남소방서,202512,16.0,서울,146.0,119,4.367741935483871
강남소방서,202512,17.0,서울,131.0,116,3.4451612903225803
강남소방서,202512,18.0,서울,119.0,126,2.603225806451613
강남소방서,202512,19.0,서울,145.0,142,1.9580645161290324
강남소방서,202512,20.0,서울,133.0,138,1.470967741935484
강남소방서,202512,21.0,서울,114.0,130,1.0516129032258066
강남소방서,202512,22.0,서울,144.0,132,0.6193548387096774
강남소방서,202512,23.0,서울,127.0,118,0.2580645161290322
강동소방서,201701,0.0,서울,30.0,74,-2.6322580645161286
강동소방서,201701,1.0,서울,37.0,77,-2.92258064516129
강동소방서,201701,2.0,서울,21.0,44,-3.196774193548387
강동소방서,201701,3.0,서울,28.0,42,-3.541935483870968
강동소방서,201701,4.0,서울,21.0,38,-3.9516129032258074
강동소방서,201701,5.0,서울,23.0,51,-4.283870967741936
강동소방서,201701,6.0,서울,19.0,36,-4.52258064516129
강동소방서,201701,7.0,서울,28.0,55,-4.648387096774194
강동소방서,201701,8.0,서울,54.0,66,-4.767741935483872
강동소방서,201701,9.0,서울,55.0,76,-4.196774193548388
강동소방서,201701,10.0,서울,75.0,98,-2.6193548387096777
강동소방서,201701,11.0,서울,64.0,87,-1.0032258064516129
강동소방서,201701,12.0,서울,58.0,82,0.0999999999999999
강동소방서,201701,13.0,서울,45.0,75,1.1580645161290322
강동소방서,201701,14.0,서울,32.0,78,1.8774193548387093
강동소방서,201701,15.0,서울,42.0,64,2.141935483870968
강동소방서,201701,16.0,서울,44.0,78,2.05483870967742
강동소방서,201701,17.0,서울,40.0,74,1.164516129032258
강동소방서,201701,18.0,서울,36.0,73,-0.0129032258064516
강동소방서,201701,19.0,서울,40.0,70,-0.6903225806451614
강동소방서,201701,20.0,서울,58.0,84,-1.3129032258064517
강동소방서,201701,21.0,서울,45.0,91,-1.812903225806452
강동소방서,201701,22.0,서울,41.0,90,-2.2225806451612904
강동소방서,201701,23.0,서울,34.0,61,-2.5870967741935487
강동소방서,201702,0.0,서울,33.0,59,-1.467857142857143
강동소방서,201702,1.0,서울,25.0,59,-1.7964285714285713
강동소방서,201702,2.0,서울,16.0,42,-2.1535714285714285
강동소방서,201702,3.0,서울,18.0,28,-2.4857142857142853
강동소방서,201702,4.0,서울,23.0,33,-2.9
강동소방서,201702,5.0,서울,14.0,32,-3.257142857142857
강동소방서,201702,6.0,서울,31.0,38,-3.5535714285714284
강동소방서,201702,7.0,서울,35.0,48,-3.878571428571429
강동소방서,201702,8.0,서울,52.0,61,-3.95
강동소방서,201702,9.0,서울,54.0,83,-2.7142857142857144
강동소방서,201702,10.0,서울,54.0,82,-0.9892857142857144
강동소방서,201702,11.0,서울,41.0,62,0.6428571428571429
강동소방서,201702,12.0,서울,41.0,64,1.7321428571428572
강동소방서,201702,13.0,서울,54.0,74,2.782142857142857
강동소방서,201702,14.0,서울,32.0,56,3.5107142857142857
강동소방서,201702,15.0,서울,46.0,68,3.789285714285714
강동소방서,201702,16.0,서울,35.0,68,3.803571428571429
강동소방서,201702,17.0,서울,40.0,80,3.4107142857142856
강동소방서,201702,18.0,서울,30.0,80,2.1214285714285714
강동소방서,201702,19.0,서울,46.0,74,1.207142857142857
강동소방서,201702,20.0,서울,38.0,69,0.5642857142857142
강동소방서,201702,21.0,서울,52.0,83,0.0928571428571428
강동소방서,201702,22.0,서울,45.0,82,-0.3071428571428571
강동소방서,201702,23.0,서울,29.0,53,-0.675
강동소방서,201703,0.0,서울,36.0,69,4.406451612903226
강동소방서,201703,1.0,서울,38.0,52,3.9129032258064513
강동소방서,201703,2.0,서울,36.0,55,3.496774193548388
강동소방서,201703,3.0,서울,29.0,40,3.1258064516129034
강동소방서,201703,4.0,서울,25.0,45,2.770967741935484
강동소방서,201703,5.0,서울,26.0,32,2.5354838709677416
강동소방서,201703,6.0,서울,39.0,43,2.303225806451613
강동소방서,201703,7.0,서울,49.0,62,2.06774193548387
강동소방서,201703,8.0,서울,58.0,72,2.7580645161290325
강동소방서,201703,9.0,서울,69.0,82,4.645161290322581
강동소방서,201703,10.0,서울,68.0,72,6.738709677419355
강동소방서,201703,11.0,서울,54.0,76,8.425806451612903
강동소방서,201703,12.0,서울,62.0,70,9.76774193548387
강동소방서,201703,13.0,서울,56.0,86,10.751612903225809
강동소방서,201703,14.0,서울,63.0,74,11.27741935483871
강동소방서,201703,15.0,서울,80.0,83,11.506451612903223
강동소방서,201703,16.0,서울,59.0,75,11.058064516129033
강동소방서,201703,17.0,서울,35.0,67,10.183870967741935
강동소방서,201703,18.0,서울,68.0,87,8.929032258064517
강동소방서,201703,19.0,서울,68.0,87,7.548387096774194
강동소방서,201703,20.0,서울,51.0,86,6.648387096774194
강동소방서,201703,21.0,서울,43.0,66,5.958064516129032
강동소방서,201703,22.0,서울,48.0,65,5.348387096774194
강동소방서,201703,23.0,서울,46.0,60,4.838709677419355
강동소방서,201704,0.0,서울,38.0,74,11.526666666666667
강동소방서,201704,1.0,서울,40.0,61,11.166666666666666
강동소방서,201704,2.0,서울,31.0,47,10.833333333333334
강동소방서,201704,3.0,서울,25.0,48,10.466666666666669
강동소방서,201704,4.0,서울,35.0,49,10.133333333333333
강동소방서,201704,5.0,서울,21.0,30,9.78
강동소방서,201704,6.0,서울,45.0,43,9.52
강동소방서,201704,7.0,서울,49.0,69,9.663333333333332
강동소방서,201704,8.0,서울,58.0,69,11.21
강동소방서,201704,9.0,서울,54.0,89,13.043333333333331
강동소방서,201704,10.0,서울,81.0,96,14.853333333333332
강동소방서,201704,11.0,서울,49.0,76,16.48
강동소방서,201704,12.0,서울,50.0,76,17.673333333333336
강동소방서,201704,13.0,서울,31.0,70,18.21333333333333
강동소방서,201704,14.0,서울,55.0,76,18.746666666666663
강동소방서,201704,15.0,서울,50.0,99,18.90333333333333
강동소방서,201704,16.0,서울,42.0,78,18.446666666666665
강동소방서,201704,17.0,서울,47.0,88,17.743333333333332
강동소방서,201704,18.0,서울,44.0,79,16.62333333333333
강동소방서,201704,19.0,서울,55.0,70,15.203333333333337
강동소방서,201704,20.0,서울,47.0,64,14.106666666666666
강동소방서,201704,21.0,서울,47.0,80,13.373333333333331
강동소방서,201704,22.0,서울,46.0,74,12.733333333333333
강동소방서,201704,23.0,서울,43.0,82,12.173333333333334
강동소방서,201705,0.0,서울,24.0,62,16.700000000000003
강동소방서,201705,1.0,서울,21.0,44,16.24516129032258
강동소방서,201705,2.0,서울,40.0,51,15.8
강동소방서,201705,3.0,서울,33.0,46,15.45483870967742
강동소방서,201705,4.0,서울,20.0,36,15.13225806451613
강동소방서,201705,5.0,서울,27.0,43,14.890322580645162
강동소방서,201705,6.0,서울,51.0,50,14.77741935483871
강동소방서,201705,7.0,서울,34.0,51,15.441935483870967
강동소방서,201705,8.0,서울,66.0,69,17.325806451612905
강동소방서,201705,9.0,서울,96.0,116,19.33870967741936
강동소방서,201705,10.0,서울,71.0,101,21.083870967741937
강동소방서,201705,11.0,서울,69.0,92,22.33870967741936
강동소방서,201705,12.0,서울,59.0,90,23.38064516129032
강동소방서,201705,13.0,서울,68.0,93,24.15806451612903
강동소방서,201705,14.0,서울,76.0,90,24.64516129032258
강동소방서,201705,15.0,서울,52.0,78,24.716129032258067
강동소방서,201705,16.0,서울,71.0,102,24.32258064516129
강동소방서,201705,17.0,서울,66.0,86,23.68064516129032
강동소방서,201705,18.0,서울,57.0,90,22.687096774193545
강동소방서,201705,19.0,서울,71.0,99,21.083870967741937
강동소방서,201705,20.0,서울,59.0,104,19.55806451612903
강동소방서,201705,21.0,서울,52.0,86,18.66774193548387
강동소방서,201705,22.0,서울,49.0,87,18.016129032258064
강동소방서,201705,23.0,서울,51.0,75,17.43548387096774
강동소방서,201706,0.0,서울,41.0,63,20.986666666666668
강동소방서,201706,1.0,서울,35.0,60,20.6
강동소방서,201706,2.0,서울,44.0,64,20.203333333333333
강동소방서,201706,3.0,서울,42.0,47,19.85333333333333
강동소방서,201706,4.0,서울,31.0,45,19.516666666666666
강동소방서,201706,5.0,서울,28.0,41,19.24333333333333
강동소방서,201706,6.0,서울,34.0,43,19.19
강동소방서,201706,7.0,서울,51.0,57,19.846666666666668
강동소방서,201706,8.0,서울,61.0,77,21.266666666666666
강동소방서,201706,9.0,서울,84.0,95,22.683333333333334
강동소방서,201706,10.0,서울,80.0,97,24.11
강동소방서,201706,11.0,서울,52.0,78,25.43
강동소방서,201706,12.0,서울,70.0,91,26.63
강동소방서,201706,13.0,서울,50.0,77,27.473333333333336
강동소방서,201706,14.0,서울,62.0,91,28.040000000000003
강동소방서,201706,15.0,서울,55.0,87,28.16
강동소방서,201706,16.0,서울,65.0,95,27.72
강동소방서,201706,17.0,서울,65.0,96,26.92
강동소방서,201706,18.0,서울,57.0,90,26.023333333333333
강동소방서,201706,19.0,서울,73.0,103,24.80333333333333
강동소방서,201706,20.0,서울,58.0,74,23.42
강동소방서,201706,21.0,서울,66.0,106,22.523333333333333
강동소방서,201706,22.0,서울,46.0,93,21.926666666666662
강동소방서,201706,23.0,서울,59.0,98,21.476666666666667
강동소방서,201707,0.0,서울,61.0,77,25.770967741935483
강동소방서,201707,1.0,서울,50.0,74,25.50967741935484
강동소방서,201707,2.0,서울,49.0,60,25.32258064516129
강동소방서,201707,3.0,서울,39.0,57,25.18064516129032
강동소방서,201707,4.0,서울,43.0,59,24.96451612903226
강동소방서,201707,5.0,서울,25.0,42,24.80967741935484
강동소방서,201707,6.0,서울,53.0,50,24.738709677419354
강동소방서,201707,7.0,서울,73.0,74,24.932258064516127
강동소방서,201707,8.0,서울,100.0,104,25.425806451612903
강동소방서,201707,9.0,서울,107.0,106,26.016129032258064
강동소방서,201707,10.0,서울,84.0,95,26.816129032258065
강동소방서,201707,11.0,서울,69.0,83,27.66774193548387
강동소방서,201707,12.0,서울,81.0,84,28.451612903225808
강동소방서,201707,13.0,서울,77.0,90,29.05483870967742
강동소방서,201707,14.0,서울,85.0,93,29.451612903225808
강동소방서,201707,15.0,서울,78.0,83,29.73548387096774
강동소방서,201707,16.0,서울,83.0,93,29.69032258064516
강동소방서,201707,17.0,서울,66.0,81,29.241935483870968
강동소방서,201707,18.0,서울,63.0,79,28.638709677419357
강동소방서,201707,19.0,서울,82.0,101,27.983870967741936
강동소방서,201707,20.0,서울,77.0,87,27.296774193548387
강동소방서,201707,21.0,서울,66.0,96,26.758064516129032
강동소방서,201707,22.0,서울,61.0,84,26.43548387096774
강동소방서,201707,23.0,서울,52.0,82,26.106451612903225
강동소방서,201708,0.0,서울,63.0,78,24.73548387096774
강동소방서,201708,1.0,서울,51.0,57,24.406451612903226
강동소방서,201708,2.0,서울,50.0,77,24.17419354838709
강동소방서,201708,3.0,서울,41.0,62,23.90322580645161
강동소방서,201708,4.0,서울,28.0,38,23.68064516129032
강동소방서,201708,5.0,서울,32.0,44,23.44516129032258
강동소방서,201708,6.0,서울,48.0,58,23.248387096774195
강동소방서,201708,7.0,서울,72.0,70,23.35483870967742
강동소방서,201708,8.0,서울,84.0,81,24.125806451612902
강동소방서,201708,9.0,서울,82.0,86,25.216129032258067
강동소방서,201708,10.0,서울,99.0,86,26.080645161290324
강동소방서,201708,11.0,서울,80.0,91,26.83870967741936
강동소방서,201708,12.0,서울,75.0,79,27.62258064516129
강동소방서,201708,13.0,서울,82.0,91,28.125806451612902
강동소방서,201708,14.0,서울,75.0,94,28.52258064516129
강동소방서,201708,15.0,서울,76.0,97,28.75483870967742
강동소방서,201708,16.0,서울,64.0,89,28.89032258064516
강동소방서,201708,17.0,서울,89.0,97,28.72903225806452
강동소방서,201708,18.0,서울,94.0,90,28.141935483870967
강동소방서,201708,19.0,서울,78.0,86,27.125806451612902
강동소방서,201708,20.0,서울,64.0,95,26.29032258064516
강동소방서,201708,21.0,서울,76.0,101,25.80322580645161
강동소방서,201708,22.0,서울,78.0,94,25.358064516129037
강동소방서,201708,23.0,서울,56.0,75,24.94193548387097
강동소방서,201709,0.0,서울,48.0,64,20.173333333333336
강동소방서,201709,1.0,서울,47.0,63,19.676666666666662
강동소방서,201709,2.0,서울,47.0,58,19.23
강동소방서,201709,3.0,서울,40.0,51,18.85333333333333
강동소방서,201709,4.0,서울,35.0,48,18.496666666666663
강동소방서,201709,5.0,서울,32.0,45,18.14
강동소방서,201709,6.0,서울,68.0,69,17.85
강동소방서,201709,7.0,서울,59.0,61,17.84333333333333
강동소방서,201709,8.0,서울,63.0,73,19.16333333333333
강동소방서,201709,9.0,서울,81.0,80,21.0
강동소방서,201709,10.0,서울,102.0,110,22.813333333333333
강동소방서,201709,11.0,서울,64.0,86,24.21
강동소방서,201709,12.0,서울,96.0,97,25.2
강동소방서,201709,13.0,서울,66.0,69,25.97
강동소방서,201709,14.0,서울,89.0,94,26.61
강동소방서,201709,15.0,서울,83.0,80,26.93
강동소방서,201709,16.0,서울,60.0,85,26.63
강동소방서,201709,17.0,서울,76.0,93,26.04827586206897
강동소방서,201709,18.0,서울,70.0,80,24.99333333333333
강동소방서,201709,19.0,서울,78.0,115,23.523333333333333
강동소방서,201709,20.0,서울,70.0,94,22.65
강동소방서,201709,21.0,서울,74.0,87,21.866666666666667
강동소방서,201709,22.0,서울,71.0,91,21.186666666666667
강동소방서,201709,23.0,서울,66.0,82,20.6
강동소방서,201710,0.0,서울,61.0,73,14.758064516129032
강동소방서,201710,1.0,서울,55.0,69,14.28064516129032
강동소방서,201710,2.0,서울,50.0,60,13.82258064516129
강동소방서,201710,3.0,서울,41.0,45,13.4
강동소방서,201710,4.0,서울,37.0,44,13.003225806451614
강동소방서,201710,5.0,서울,42.0,37,12.667741935483871
강동소방서,201710,6.0,서울,34.0,42,12.403225806451612
강동소방서,201710,7.0,서울,59.0,51,12.193548387096774
강동소방서,201710,8.0,서울,79.0,85,12.851612903225806
강동소방서,201710,9.0,서울,98.0,93,15.13225806451613
강동소방서,201710,10.0,서울,100.0,92,17.24516129032258
강동소방서,201710,11.0,서울,83.0,78,18.91935483870968
강동소방서,201710,12.0,서울,86.0,93,20.12258064516129
강동소방서,201710,13.0,서울,76.0,81,20.84193548387097
강동소방서,201710,14.0,서울,101.0,91,21.16774193548387
강동소방서,201710,15.0,서울,84.0,91,21.55333333333333
강동소방서,201710,16.0,서울,77.0,88,21.116666666666667
강동소방서,201710,17.0,서울,89.0,91,20.113333333333333
강동소방서,201710,18.0,서울,85.0,105,18.38387096774193
강동소방서,201710,19.0,서울,69.0,75,17.338709677419356
강동소방서,201710,20.0,서울,95.0,97,16.603225806451615
강동소방서,201710,21.0,서울,85.0,86,16.0
강동소방서,201710,22.0,서울,57.0,87,15.48709677419355
강동소방서,201710,23.0,서울,70.0,84,14.974193548387095
강동소방서,201711,0.0,서울,45.0,60,4.503333333333333
강동소방서,201711,1.0,서울,37.0,43,4.216666666666667
강동소방서,201711,2.0,서울,47.0,53,3.9166666666666665
강동소방서,201711,3.0,서울,42.0,38,3.683333333333333
강동소방서,201711,4.0,서울,35.0,38,3.4233333333333333
강동소방서,201711,5.0,서울,27.0,33,3.23
강동소방서,201711,6.0,서울,44.0,42,3.07
강동소방서,201711,7.0,서울,70.0,64,2.91
강동소방서,201711,8.0,서울,78.0,67,2.9200000000000004
강동소방서,201711,9.0,서울,99.0,87,3.84
강동소방서,201711,10.0,서울,94.0,98,5.406666666666666
강동소방서,201711,11.0,서울,81.0,84,7.013333333333334
강동소방서,201711,12.0,서울,75.0,74,8.226666666666667
강동소방서,201711,13.0,서울,88.0,76,9.256666666666666
강동소방서,201711,14.0,서울,69.0,74,9.713333333333331
강동소방서,201711,15.0,서울,80.0,81,9.713333333333331
강동소방서,201711,16.0,서울,70.0,82,9.26
강동소방서,201711,17.0,서울,78.0,82,8.136666666666667
강동소방서,201711,18.0,서울,56.0,70,7.1433333333333335
강동소방서,201711,19.0,서울,66.0,77,6.493333333333333
강동소방서,201711,20.0,서울,70.0,87,5.846666666666667
강동소방서,201711,21.0,서울,60.0,74,5.29
강동소방서,201711,22.0,서울,60.0,92,4.816666666666666
강동소방서,201711,23.0,서울,53.0,71,4.356666666666667
강동소방서,201712,0.0,서울,68.0,90,-2.680645161290323
강동소방서,201712,1.0,서울,51.0,73,-2.970967741935484
강동소방서,201712,2.0,서울,35.0,45,-3.2774193548387096
강동소방서,201712,3.0,서울,40.0,45,-3.4612903225806453
강동소방서,201712,4.0,서울,38.0,40,-3.674193548387097
강동소방서,201712,5.0,서울,61.0,62,-3.916129032258065
강동소방서,201712,6.0,서울,54.0,60,-4.141935483870968
강동소방서,201712,7.0,서울,58.0,56,-4.335483870967742
강동소방서,201712,8.0,서울,79.0,87,-4.422580645161291
강동소방서,201712,9.0,서울,107.0,96,-4.02258064516129
강동소방서,201712,10.0,서울,106.0,97,-2.770967741935484
강동소방서,201712,11.0,서울,91.0,102,-1.4903225806451614
강동소방서,201712,12.0,서울,83.0,83,-0.2806451612903226
강동소방서,201712,13.0,서울,108.0,93,0.5032258064516129
강동소방서,201712,14.0,서울,89.0,80,1.1806451612903226
강동소방서,201712,15.0,서울,58.0,70,1.435483870967742
강동소방서,201712,16.0,서울,75.0,82,1.1193548387096774
강동소방서,201712,17.0,서울,84.0,99,0.2258064516129033
강동소방서,201712,18.0,서울,74.0,91,-0.6225806451612903
강동소방서,201712,19.0,서울,73.0,87,-1.067741935483871
강동소방서,201712,20.0,서울,84.0,94,-1.4258064516129034
강동소방서,201712,21.0,서울,93.0,106,-1.7903225806451613
강동소방서,201712,22.0,서울,67.0,85,-2.074193548387097
강동소방서,201712,23.0,서울,64.0,78,-2.329032258064516
강동소방서,201801,0.0,서울,66.0,87,-4.935483870967742
강동소방서,201801,1.0,서울,57.0,62,-5.16774193548387
강동소방서,201801,2.0,서울,70.0,79,-5.438709677419355
강동소방서,201801,3.0,서울,30.0,40,-5.606451612903226
강동소방서,201801,4.0,서울,37.0,40,-5.738709677419355
강동소방서,201801,5.0,서울,43.0,40,-5.993548387096775
강동소방서,201801,6.0,서울,46.0,44,-6.199999999999999
강동소방서,201801,7.0,서울,52.0,64,-6.435483870967742
강동소방서,201801,8.0,서울,96.0,84,-6.561290322580645
강동소방서,201801,9.0,서울,123.0,112,-6.125806451612903
강동소방서,201801,10.0,서울,119.0,101,-4.745161290322581
강동소방서,201801,11.0,서울,89.0,79,-3.296774193548387
강동소방서,201801,12.0,서울,85.0,88,-2.0451612903225804
강동소방서,201801,13.0,서울,86.0,90,-1.3096774193548388
강동소방서,201801,14.0,서울,68.0,81,-0.6548387096774194
강동소방서,201801,15.0,서울,80.0,93,-0.4580645161290323
강동소방서,201801,16.0,서울,62.0,77,-0.5580645161290322
강동소방서,201801,17.0,서울,63.0,82,-1.4225806451612903
강동소방서,201801,18.0,서울,84.0,91,-2.438709677419354
강동소방서,201801,19.0,서울,77.0,95,-3.0612903225806454
강동소방서,201801,20.0,서울,87.0,94,-3.532258064516129
강동소방서,201801,21.0,서울,76.0,77,-3.925806451612903
강동소방서,201801,22.0,서울,75.0,82,-4.325806451612903
강동소방서,201801,23.0,서울,67.0,65,-4.658064516129032
강동소방서,201802,0.0,서울,38.0,53,-3.1714285714285717
강동소방서,201802,1.0,서울,42.0,57,-3.4964285714285714
강동소방서,201802,2.0,서울,36.0,42,-3.767857142857143
강동소방서,201802,3.0,서울,27.0,38,-3.985714285714285
강동소방서,201802,4.0,서울,29.0,38,-4.25
강동소방서,201802,5.0,서울,34.0,42,-4.467857142857143
강동소방서,201802,6.0,서울,45.0,45,-4.721428571428571
강동소방서,201802,7.0,서울,52.0,57,-4.946428571428571
강동소방서,201802,8.0,서울,69.0,65,-4.960714285714286
강동소방서,201802,9.0,서울,65.0,77,-4.2
강동소방서,201802,10.0,서울,91.0,88,-2.332142857142857
강동소방서,201802,11.0,서울,54.0,59,-0.625
강동소방서,201802,12.0,서울,50.0,58,0.7535714285714287
강동소방서,201802,13.0,서울,68.0,66,1.5892857142857142
강동소방서,201802,14.0,서울,61.0,60,2.2178571428571425
강동소방서,201802,15.0,서울,63.0,58,2.6678571428571423
강동소방서,201802,16.0,서울,58.0,53,2.5357142857142856
강동소방서,201802,17.0,서울,69.0,74,1.775
강동소방서,201802,18.0,서울,50.0,65,0.7035714285714285
강동소방서,201802,19.0,서울,57.0,73,-0.3035714285714285
강동소방서,201802,20.0,서울,53.0,76,-1.0107142857142857
강동소방서,201802,21.0,서울,52.0,65,-1.5035714285714286
강동소방서,201802,22.0,서울,72.0,80,-1.989285714285714
강동소방서,201802,23.0,서울,54.0,67,-2.4642857142857144
강동소방서,201803,0.0,서울,48.0,67,6.025806451612904
강동소방서,201803,1.0,서울,51.0,67,5.72258064516129
강동소방서,201803,2.0,서울,33.0,49,5.451612903225806
강동소방서,201803,3.0,서울,39.0,56,5.225806451612903
강동소방서,201803,4.0,서울,37.0,45,5.054838709677419
강동소방서,201803,5.0,서울,36.0,38,4.964516129032258
강동소방서,201803,6.0,서울,46.0,50,4.838709677419355
강동소방서,201803,7.0,서울,89.0,80,4.729032258064516
강동소방서,201803,8.0,서울,65.0,69,5.074193548387097
강동소방서,201803,9.0,서울,98.0,91,6.22258064516129
강동소방서,201803,10.0,서울,72.0,67,7.803225806451613
강동소방서,201803,11.0,서울,60.0,66,9.44516129032258
강동소방서,201803,12.0,서울,61.0,88,10.83548387096774
강동소방서,201803,13.0,서울,65.0,75,11.748387096774191
강동소방서,201803,14.0,서울,59.0,63,12.412903225806453
강동소방서,201803,15.0,서울,78.0,101,12.67741935483871
강동소방서,201803,16.0,서울,61.0,74,12.6
강동소방서,201803,17.0,서울,54.0,73,11.851612903225806
강동소방서,201803,18.0,서울,65.0,78,10.648387096774194
강동소방서,201803,19.0,서울,65.0,79,9.374193548387098
강동소방서,201803,20.0,서울,83.0,105,8.47741935483871
강동소방서,201803,21.0,서울,59.0,72,7.84516129032258
강동소방서,201803,22.0,서울,78.0,85,7.267741935483872
강동소방서,201803,23.0,서울,68.0,105,6.770967741935484
강동소방서,201804,0.0,서울,31.0,55,10.953333333333337
강동소방서,201804,1.0,서울,27.0,39,10.52
강동소방서,201804,2.0,서울,38.0,44,10.126666666666669
강동소방서,201804,3.0,서울,29.0,39,9.746666666666666
강동소방서,201804,4.0,서울,44.0,51,9.383333333333333
강동소방서,201804,5.0,서울,27.0,31,8.983333333333333
강동소방서,201804,6.0,서울,49.0,52,8.696666666666665
강동소방서,201804,7.0,서울,59.0,65,8.796666666666665
강동소방서,201804,8.0,서울,78.0,79,9.936666666666667
강동소방서,201804,9.0,서울,90.0,95,11.716666666666669
강동소방서,201804,10.0,서울,74.0,81,13.4
강동소방서,201804,11.0,서울,90.0,95,14.876666666666669
강동소방서,201804,12.0,서울,90.0,92,16.113333333333333
강동소방서,201804,13.0,서울,65.0,74,17.073333333333334
강동소방서,201804,14.0,서울,59.0,63,17.646666666666665
강동소방서,201804,15.0,서울,73.0,77,17.7
강동소방서,201804,16.0,서울,52.0,66,17.5
강동소방서,201804,17.0,서울,67.0,76,17.016666666666666
강동소방서,201804,18.0,서울,59.0,76,16.0
강동소방서,201804,19.0,서울,77.0,85,14.596666666666666
강동소방서,201804,20.0,서울,66.0,81,13.513333333333332
강동소방서,201804,21.0,서울,76.0,89,12.73
강동소방서,201804,22.0,서울,60.0,77,12.14
강동소방서,201804,23.0,서울,53.0,68,11.586666666666668
강동소방서,201805,0.0,서울,54.0,60,16.20967741935484
강동소방서,201805,1.0,서울,49.0,67,15.787096774193548
강동소방서,201805,2.0,서울,38.0,44,15.393548387096772
강동소방서,201805,3.0,서울,28.0,37,15.05483870967742
강동소방서,201805,4.0,서울,42.0,44,14.725806451612904
강동소방서,201805,5.0,서울,35.0,41,14.470967741935484
강동소방서,201805,6.0,서울,51.0,57,14.303225806451612
강동소방서,201805,7.0,서울,57.0,56,14.674193548387096
강동소방서,201805,8.0,서울,81.0,86,15.987096774193548
강동소방서,201805,9.0,서울,90.0,81,17.416129032258063
강동소방서,201805,10.0,서울,79.0,85,18.75483870967742
강동소방서,201805,11.0,서울,78.0,90,19.9741935483871
강동소방서,201805,12.0,서울,94.0,89,20.85483870967742
강동소방서,201805,13.0,서울,88.0,101,21.67419354838709
강동소방서,201805,14.0,서울,77.0,77,22.12258064516129
강동소방서,201805,15.0,서울,70.0,79,22.238709677419354
강동소방서,201805,16.0,서울,74.0,79,22.038709677419355
강동소방서,201805,17.0,서울,71.0,83,21.825806451612905
강동소방서,201805,18.0,서울,81.0,89,21.30967741935484
강동소방서,201805,19.0,서울,95.0,108,20.03548387096774
강동소방서,201805,20.0,서울,72.0,93,18.68064516129032
강동소방서,201805,21.0,서울,66.0,72,17.86774193548387
강동소방서,201805,22.0,서울,58.0,63,17.287096774193547
강동소방서,201805,23.0,서울,52.0,66,16.77741935483871
강동소방서,201806,0.0,서울,51.0,59,20.93
강동소방서,201806,1.0,서울,55.0,61,20.546666666666667
강동소방서,201806,2.0,서울,49.0,68,20.206666666666667
강동소방서,201806,3.0,서울,34.0,32,19.84333333333333
강동소방서,201806,4.0,서울,33.0,34,19.563333333333333
강동소방서,201806,5.0,서울,35.0,41,19.28333333333333
강동소방서,201806,6.0,서울,44.0,50,19.126666666666665
강동소방서,201806,7.0,서울,59.0,70,19.62333333333333
강동소방서,201806,8.0,서울,70.0,79,20.97
강동소방서,201806,9.0,서울,112.0,91,22.39333333333333
강동소방서,201806,10.0,서울,89.0,86,23.72
강동소방서,201806,11.0,서울,78.0,88,24.91333333333333
강동소방서,201806,12.0,서울,92.0,89,25.966666666666665
강동소방서,201806,13.0,서울,74.0,88,26.82333333333333
강동소방서,201806,14.0,서울,67.0,76,27.456666666666667
강동소방서,201806,15.0,서울,71.0,86,27.683333333333334
강동소방서,201806,16.0,서울,60.0,81,27.60666666666667
강동소방서,201806,17.0,서울,74.0,82,27.08
강동소방서,201806,18.0,서울,81.0,90,26.23333333333333
강동소방서,201806,19.0,서울,68.0,84,25.06
강동소방서,201806,20.0,서울,84.0,95,23.78666666666667
강동소방서,201806,21.0,서울,74.0,90,22.826666666666664
강동소방서,201806,22.0,서울,60.0,75,22.1
강동소방서,201806,23.0,서울,70.0,79,21.540000000000003
강동소방서,201807,0.0,서울,44.0,63,26.01290322580645
강동소방서,201807,1.0,서울,49.0,66,25.61935483870968
강동소방서,201807,2.0,서울,44.0,50,25.293548387096774
강동소방서,201807,3.0,서울,36.0,59,25.041935483870965
강동소방서,201807,4.0,서울,37.0,43,24.76774193548387
강동소방서,201807,5.0,서울,40.0,53,24.538709677419355
강동소방서,201807,6.0,서울,53.0,59,24.39354838709677
강동소방서,201807,7.0,서울,60.0,60,24.712903225806453
강동소방서,201807,8.0,서울,108.0,95,25.787096774193547
강동소방서,201807,9.0,서울,103.0,110,26.958064516129035
강동소방서,201807,10.0,서울,77.0,79,28.08709677419355
강동소방서,201807,11.0,서울,85.0,92,29.02258064516129
강동소방서,201807,12.0,서울,87.0,86,29.906451612903226
강동소방서,201807,13.0,서울,76.0,91,30.62903225806452
강동소방서,201807,14.0,서울,78.0,91,31.070967741935487
강동소방서,201807,15.0,서울,76.0,82,31.30322580645161
강동소방서,201807,16.0,서울,72.0,85,31.32258064516129
강동소방서,201807,17.0,서울,79.0,81,31.206451612903223
강동소방서,201807,18.0,서울,89.0,105,30.716129032258067
강동소방서,201807,19.0,서울,69.0,86,29.74516129032258
강동소방서,201807,20.0,서울,78.0,83,28.53548387096774
강동소방서,201807,21.0,서울,75.0,89,27.76451612903226
강동소방서,201807,22.0,서울,88.0,98,27.193548387096776
강동소방서,201807,23.0,서울,54.0,85,26.706451612903223
강동소방서,201808,0.0,서울,58.0,70,27.19032258064516
강동소방서,201808,1.0,서울,63.0,65,26.86774193548387
강동소방서,201808,2.0,서울,68.0,68,26.66774193548387
강동소방서,201808,3.0,서울,46.0,53,26.39032258064516
강동소방서,201808,4.0,서울,40.0,44,26.10322580645161
강동소방서,201808,5.0,서울,39.0,42,25.83870967741936
강동소방서,201808,6.0,서울,62.0,60,25.69677419354839
강동소방서,201808,7.0,서울,62.0,63,25.864516129032257
강동소방서,201808,8.0,서울,95.0,87,26.73548387096774
강동소방서,201808,9.0,서울,127.0,118,28.01935483870968
강동소방서,201808,10.0,서울,103.0,96,29.26774193548387
강동소방서,201808,11.0,서울,80.0,77,30.329032258064515
강동소방서,201808,12.0,서울,105.0,95,31.345161290322583
강동소방서,201808,13.0,서울,94.0,91,31.80322580645161
강동소방서,201808,14.0,서울,98.0,101,32.08709677419355
강동소방서,201808,15.0,서울,78.0,85,32.39354838709678
강동소방서,201808,16.0,서울,98.0,90,32.44193548387097
강동소방서,201808,17.0,서울,105.0,103,31.783870967741933
강동소방서,201808,18.0,서울,78.0,89,31.080645161290324
강동소방서,201808,19.0,서울,92.0,98,29.88064516129032
강동소방서,201808,20.0,서울,73.0,90,28.770967741935483
강동소방서,201808,21.0,서울,72.0,77,28.13225806451613
강동소방서,201808,22.0,서울,82.0,102,27.687096774193545
강동소방서,201808,23.0,서울,62.0,82,27.296774193548387
강동소방서,201809,0.0,서울,63.0,81,20.023333333333333
강동소방서,201809,1.0,서울,42.0,53,19.646666666666665
강동소방서,201809,2.0,서울,51.0,52,19.28666666666667
강동소방서,201809,3.0,서울,39.0,43,18.9
강동소방서,201809,4.0,서울,46.0,53,18.60666666666667
강동소방서,201809,5.0,서울,40.0,31,18.32333333333333
강동소방서,201809,6.0,서울,53.0,47,18.040000000000003
강동소방서,201809,7.0,서울,78.0,70,17.983333333333334
강동소방서,201809,8.0,서울,77.0,69,18.756666666666668
강동소방서,201809,9.0,서울,88.0,77,20.383333333333333
강동소방서,201809,10.0,서울,89.0,85,21.896666666666665
강동소방서,201809,11.0,서울,78.0,84,23.02
강동소방서,201809,12.0,서울,80.0,77,24.026666666666664
강동소방서,201809,13.0,서울,83.0,87,24.73333333333333
강동소방서,201809,14.0,서울,64.0,73,25.34333333333333
강동소방서,201809,15.0,서울,64.0,70,25.51
강동소방서,201809,16.0,서울,78.0,82,25.47
강동소방서,201809,17.0,서울,74.0,81,25.006666666666668
강동소방서,201809,18.0,서울,82.0,95,23.986666666666668
강동소방서,201809,19.0,서울,66.0,87,22.76
강동소방서,201809,20.0,서울,70.0,74,21.96333333333333
강동소방서,201809,21.0,서울,89.0,102,21.30666666666667
강동소방서,201809,22.0,서울,78.0,84,20.76333333333333
강동소방서,201809,23.0,서울,57.0,85,20.23333333333333
강동소방서,201810,0.0,서울,43.0,51,11.461290322580645
강동소방서,201810,1.0,서울,44.0,47,11.03225806451613
강동소방서,201810,2.0,서울,29.0,42,10.525806451612905
강동소방서,201810,3.0,서울,41.0,44,10.167741935483871
강동소방서,201810,4.0,서울,29.0,31,9.903225806451612
강동소방서,201810,5.0,서울,38.0,40,9.54516129032258
강동소방서,201810,6.0,서울,44.0,43,9.26774193548387
강동소방서,201810,7.0,서울,60.0,66,9.138709677419357
강동소방서,201810,8.0,서울,86.0,79,9.577419354838709
강동소방서,201810,9.0,서울,90.0,93,11.283870967741937
강동소방서,201810,10.0,서울,105.0,99,13.36774193548387
강동소방서,201810,11.0,서울,83.0,73,15.064516129032258
강동소방서,201810,12.0,서울,83.0,82,16.216129032258063
강동소방서,201810,13.0,서울,81.0,87,16.990322580645163
강동소방서,201810,14.0,서울,72.0,80,17.638709677419353
강동소방서,201810,15.0,서울,82.0,79,17.993548387096773
강동소방서,201810,16.0,서울,83.0,84,17.825806451612905
강동소방서,201810,17.0,서울,69.0,74,16.916129032258063
강동소방서,201810,18.0,서울,76.0,87,15.46774193548387
강동소방서,201810,19.0,서울,74.0,80,14.416129032258064
강동소방서,201810,20.0,서울,77.0,92,13.603225806451611
강동소방서,201810,21.0,서울,66.0,77,12.858064516129032
강동소방서,201810,22.0,서울,66.0,72,12.225806451612904
강동소방서,201810,23.0,서울,42.0,66,11.651612903225804
강동소방서,201811,0.0,서울,64.0,58,6.443333333333333
강동소방서,201811,1.0,서울,34.0,45,5.996666666666667
강동소방서,201811,2.0,서울,42.0,53,5.656666666666666
강동소방서,201811,3.0,서울,42.0,42,5.23
강동소방서,201811,4.0,서울,44.0,46,4.886666666666667
강동소방서,201811,5.0,서울,51.0,50,4.67
강동소방서,201811,6.0,서울,53.0,42,4.433333333333334
강동소방서,201811,7.0,서울,65.0,67,4.156666666666667
강동소방서,201811,8.0,서울,69.0,67,4.203333333333333
강동소방서,201811,9.0,서울,70.0,69,5.423333333333333
강동소방서,201811,10.0,서울,75.0,75,7.4766666666666675
강동소방서,201811,11.0,서울,105.0,85,9.53
강동소방서,201811,12.0,서울,69.0,70,10.92
강동소방서,201811,13.0,서울,77.0,73,11.89
강동소방서,201811,14.0,서울,75.0,74,12.366666666666667
강동소방서,201811,15.0,서울,68.0,69,12.386666666666668
강동소방서,201811,16.0,서울,57.0,72,11.946666666666664
강동소방서,201811,17.0,서울,67.0,65,10.873333333333331
강동소방서,201811,18.0,서울,67.0,76,9.913793103448276
강동소방서,201811,19.0,서울,74.0,77,8.979999999999999
강동소방서,201811,20.0,서울,60.0,75,8.373333333333333
강동소방서,201811,21.0,서울,56.0,75,7.896666666666666
강동소방서,201811,22.0,서울,52.0,69,7.276666666666667
강동소방서,201811,23.0,서울,56.0,59,6.816666666666666
강동소방서,201812,0.0,서울,63.0,72,-1.632258064516129
강동소방서,201812,1.0,서울,56.0,65,-1.935483870967742
강동소방서,201812,2.0,서울,48.0,52,-2.2548387096774194
강동소방서,201812,3.0,서울,47.0,57,-2.487096774193548
강동소방서,201812,4.0,서울,45.0,44,-2.6548387096774198
강동소방서,201812,5.0,서울,45.0,48,-2.903225806451613
강동소방서,201812,6.0,서울,61.0,55,-3.206451612903226
강동소방서,201812,7.0,서울,75.0,66,-3.383870967741936
강동소방서,201812,8.0,서울,82.0,91,-3.435483870967742
강동소방서,201812,9.0,서울,99.0,85,-2.929032258064516
강동소방서,201812,10.0,서울,121.0,106,-1.5838709677419356
강동소방서,201812,11.0,서울,75.0,80,0.1354838709677421
강동소방서,201812,12.0,서울,82.0,79,1.5419354838709676
강동소방서,201812,13.0,서울,81.0,80,2.5580645161290323
강동소방서,201812,14.0,서울,84.0,82,3.2
강동소방서,201812,15.0,서울,80.0,85,3.438709677419355
강동소방서,201812,16.0,서울,61.0,70,3.074193548387097
강동소방서,201812,17.0,서울,63.0,72,2.05483870967742
강동소방서,201812,18.0,서울,88.0,101,1.1387096774193548
강동소방서,201812,19.0,서울,85.0,96,0.5096774193548387
강동소방서,201812,20.0,서울,69.0,79,-0.0774193548387097
강동소방서,201812,21.0,서울,60.0,76,-0.5677419354838709
강동소방서,201812,22.0,서울,72.0,94,-1.0451612903225806
강동소방서,201812,23.0,서울,63.0,80,-1.467741935483871
강동소방서,201901,0.0,서울,57.0,71,-1.970967741935484
강동소방서,201901,1.0,서울,41.0,57,-2.2516129032258063
강동소방서,201901,2.0,서울,37.0,45,-2.6258064516129034
강동소방서,201901,3.0,서울,37.0,47,-2.874193548387097
강동소방서,201901,4.0,서울,48.0,49,-3.2516129032258063
강동소방서,201901,5.0,서울,35.0,36,-3.570967741935484
강동소방서,201901,6.0,서울,43.0,38,-3.841935483870968
강동소방서,201901,7.0,서울,56.0,63,-4.070967741935484
강동소방서,201901,8.0,서울,84.0,77,-4.254838709677419
강동소방서,201901,9.0,서울,87.0,85,-3.6806451612903226
강동소방서,201901,10.0,서울,84.0,82,-1.8741935483870968
강동소방서,201901,11.0,서울,95.0,84,0.0193548387096774
강동소방서,201901,12.0,서울,93.0,86,1.3645161290322585
강동소방서,201901,13.0,서울,81.0,72,2.2451612903225806
강동소방서,201901,14.0,서울,80.0,77,2.9935483870967743
강동소방서,201901,15.0,서울,80.0,78,3.532258064516129
강동소방서,201901,16.0,서울,72.0,86,3.367741935483872
강동소방서,201901,17.0,서울,77.0,83,2.42258064516129
강동소방서,201901,18.0,서울,63.0,69,1.0838709677419356
강동소방서,201901,19.0,서울,70.0,81,0.2903225806451613
강동소방서,201901,20.0,서울,77.0,81,-0.3645161290322581
강동소방서,201901,21.0,서울,59.0,73,-0.8741935483870968
강동소방서,201901,22.0,서울,43.0,54,-1.3225806451612905
강동소방서,201901,23.0,서울,70.0,78,-1.6903225806451612
강동소방서,201902,0.0,서울,33.0,53,-0.3428571428571428
강동소방서,201902,1.0,서울,38.0,50,-0.7964285714285715
강동소방서,201902,2.0,서울,36.0,39,-1.1678571428571427
강동소방서,201902,3.0,서울,36.0,36,-1.4821428571428572
강동소방서,201902,4.0,서울,27.0,34,-1.8392857142857144
강동소방서,201902,5.0,서울,26.0,31,-2.210714285714286
강동소방서,201902,6.0,서울,39.0,39,-2.435714285714286
강동소방서,201902,7.0,서울,52.0,54,-2.5785714285714287
강동소방서,201902,8.0,서울,66.0,65,-2.582142857142857
강동소방서,201902,9.0,서울,76.0,69,-1.725
강동소방서,201902,10.0,서울,68.0,65,0.2285714285714285
강동소방서,201902,11.0,서울,60.0,61,1.8571428571428568
강동소방서,201902,12.0,서울,58.0,57,3.225
강동소방서,201902,13.0,서울,66.0,66,4.267857142857143
강동소방서,201902,14.0,서울,74.0,73,5.0
강동소방서,201902,15.0,서울,58.0,63,5.242857142857143
강동소방서,201902,16.0,서울,50.0,61,5.257142857142857
강동소방서,201902,17.0,서울,75.0,72,4.767857142857143
강동소방서,201902,18.0,서울,64.0,61,3.542857142857143
강동소방서,201902,19.0,서울,82.0,80,2.564285714285714
강동소방서,201902,20.0,서울,73.0,76,1.8214285714285716
강동소방서,201902,21.0,서울,66.0,60,1.3678571428571429
강동소방서,201902,22.0,서울,49.0,60,0.925
강동소방서,201902,23.0,서울,62.0,77,0.4785714285714285
강동소방서,201903,0.0,서울,57.0,66,5.329032258064516
강동소방서,201903,1.0,서울,59.0,66,4.906451612903226
강동소방서,201903,2.0,서울,51.0,53,4.580645161290323
강동소방서,201903,3.0,서울,55.0,52,4.306451612903226
강동소방서,201903,4.0,서울,30.0,39,4.051612903225807
강동소방서,201903,5.0,서울,40.0,40,3.793548387096775
강동소방서,201903,6.0,서울,39.0,49,3.5903225806451613
강동소방서,201903,7.0,서울,57.0,58,3.458064516129032
강동소방서,201903,8.0,서울,75.0,76,3.864516129032258
강동소방서,201903,9.0,서울,70.0,68,5.367741935483871
강동소방서,201903,10.0,서울,83.0,76,7.312903225806451
강동소방서,201903,11.0,서울,92.0,88,8.893548387096773
강동소방서,201903,12.0,서울,69.0,77,10.148387096774194
강동소방서,201903,13.0,서울,75.0,79,11.003225806451614
강동소방서,201903,14.0,서울,66.0,70,11.474193548387095
강동소방서,201903,15.0,서울,53.0,66,11.78064516129032
강동소방서,201903,16.0,서울,81.0,82,11.564516129032258
강동소방서,201903,17.0,서울,59.0,64,10.687096774193549
강동소방서,201903,18.0,서울,88.0,77,9.49032258064516
강동소방서,201903,19.0,서울,71.0,82,8.161290322580646
강동소방서,201903,20.0,서울,60.0,73,7.351612903225806
강동소방서,201903,21.0,서울,93.0,99,6.735483870967743
강동소방서,201903,22.0,서울,72.0,79,6.274193548387097
강동소방서,201903,23.0,서울,49.0,68,5.774193548387097
강동소방서,201904,0.0,서울,59.0,75,9.8
강동소방서,201904,1.0,서울,44.0,66,9.383333333333333
강동소방서,201904,2.0,서울,46.0,49,8.99
강동소방서,201904,3.0,서울,21.0,25,8.59
강동소방서,201904,4.0,서울,34.0,35,8.28
강동소방서,201904,5.0,서울,43.0,37,8.073333333333332
강동소방서,201904,6.0,서울,58.0,53,7.92
강동소방서,201904,7.0,서울,67.0,74,8.139999999999999
강동소방서,201904,8.0,서울,62.0,68,9.383333333333333
강동소방서,201904,9.0,서울,85.0,74,11.193333333333332
강동소방서,201904,10.0,서울,99.0,94,12.876666666666669
강동소방서,201904,11.0,서울,73.0,74,14.113333333333332
강동소방서,201904,12.0,서울,78.0,77,15.23
강동소방서,201904,13.0,서울,71.0,67,16.006666666666668
강동소방서,201904,14.0,서울,88.0,90,16.513333333333332
강동소방서,201904,15.0,서울,65.0,76,16.89
강동소방서,201904,16.0,서울,90.0,88,16.716666666666665
강동소방서,201904,17.0,서울,64.0,74,16.07
강동소방서,201904,18.0,서울,62.0,75,15.026666666666667
강동소방서,201904,19.0,서울,68.0,83,13.656666666666666
강동소방서,201904,20.0,서울,102.0,100,12.64
강동소방서,201904,21.0,서울,63.0,83,11.903333333333334
강동소방서,201904,22.0,서울,58.0,75,11.233333333333333
강동소방서,201904,23.0,서울,74.0,79,10.65
강동소방서,201905,0.0,서울,50.0,68,16.925806451612903
강동소방서,201905,1.0,서울,56.0,71,16.42258064516129
강동소방서,201905,2.0,서울,43.0,55,15.896774193548389
강동소방서,201905,3.0,서울,51.0,47,15.348387096774196
강동소방서,201905,4.0,서울,33.0,45,14.861290322580643
강동소방서,201905,5.0,서울,32.0,29,14.36451612903226
강동소방서,201905,6.0,서울,55.0,58,14.083870967741936
강동소방서,201905,7.0,서울,67.0,58,14.783870967741937
강동소방서,201905,8.0,서울,81.0,79,16.809677419354838
강동소방서,201905,9.0,서울,100.0,88,18.73548387096774
강동소방서,201905,10.0,서울,100.0,89,20.493548387096773
강동소방서,201905,11.0,서울,83.0,87,21.970967741935485
강동소방서,201905,12.0,서울,86.0,78,23.248387096774195
강동소방서,201905,13.0,서울,83.0,82,24.203225806451613
강동소방서,201905,14.0,서울,84.0,78,24.703225806451613
강동소방서,201905,15.0,서울,116.0,109,24.92258064516129
강동소방서,201905,16.0,서울,85.0,87,24.693548387096776
강동소방서,201905,17.0,서울,95.0,91,24.096774193548388
강동소방서,201905,18.0,서울,79.0,79,22.983870967741936
강동소방서,201905,19.0,서울,83.0,92,21.387096774193548
강동소방서,201905,20.0,서울,72.0,72,19.90967741935484
강동소방서,201905,21.0,서울,59.0,73,19.01290322580645
강동소방서,201905,22.0,서울,62.0,78,18.293548387096774
강동소방서,201905,23.0,서울,59.0,59,17.63225806451613
강동소방서,201906,0.0,서울,38.0,54,20.19333333333333
강동소방서,201906,1.0,서울,41.0,50,19.723333333333336
강동소방서,201906,2.0,서울,46.0,58,19.316666666666663
강동소방서,201906,3.0,서울,36.0,36,19.006666666666668
강동소방서,201906,4.0,서울,33.0,37,18.776666666666664
강동소방서,201906,5.0,서울,42.0,49,18.50333333333333
강동소방서,201906,6.0,서울,41.0,48,18.4
강동소방서,201906,7.0,서울,70.0,69,19.15
강동소방서,201906,8.0,서울,87.0,80,20.540000000000003
강동소방서,201906,9.0,서울,109.0,101,21.916666666666668
강동소방서,201906,10.0,서울,85.0,86,23.21
강동소방서,201906,11.0,서울,76.0,80,24.3
강동소방서,201906,12.0,서울,93.0,86,25.293333333333333
강동소방서,201906,13.0,서울,92.0,80,26.02
강동소방서,201906,14.0,서울,86.0,77,26.62
강동소방서,201906,15.0,서울,88.0,68,27.026666666666664
강동소방서,201906,16.0,서울,68.0,65,26.863333333333333
강동소방서,201906,17.0,서울,82.0,86,26.423333333333336
강동소방서,201906,18.0,서울,75.0,80,25.76333333333333
강동소방서,201906,19.0,서울,80.0,83,24.55
강동소방서,201906,20.0,서울,65.0,64,23.196666666666665
강동소방서,201906,21.0,서울,81.0,88,22.196666666666665
강동소방서,201906,22.0,서울,51.0,75,21.41333333333333
강동소방서,201906,23.0,서울,65.0,85,20.84
강동소방서,201907,0.0,서울,75.0,73,24.37741935483871
강동소방서,201907,1.0,서울,71.0,80,24.038709677419355
강동소방서,201907,2.0,서울,53.0,61,23.76129032258065
강동소방서,201907,3.0,서울,50.0,54,23.516129032258064
강동소방서,201907,4.0,서울,38.0,48,23.31290322580645
강동소방서,201907,5.0,서울,60.0,56,23.161290322580644
강동소방서,201907,6.0,서울,59.0,65,23.11935483870968
강동소방서,201907,7.0,서울,63.0,60,23.506451612903227
강동소방서,201907,8.0,서울,110.0,90,24.248387096774195
강동소방서,201907,9.0,서울,110.0,98,25.003225806451614
강동소방서,201907,10.0,서울,92.0,88,25.97741935483871
강동소방서,201907,11.0,서울,76.0,79,26.98064516129032
강동소방서,201907,12.0,서울,57.0,73,27.86774193548387
강동소방서,201907,13.0,서울,110.0,94,28.567741935483877
강동소방서,201907,14.0,서울,68.0,69,29.01290322580645
강동소방서,201907,15.0,서울,89.0,85,29.374193548387098
강동소방서,201907,16.0,서울,76.0,69,29.21935483870968
강동소방서,201907,17.0,서울,103.0,91,28.664516129032258
강동소방서,201907,18.0,서울,94.0,103,28.01935483870968
강동소방서,201907,19.0,서울,77.0,86,27.161290322580644
강동소방서,201907,20.0,서울,72.0,73,26.21935483870968
강동소방서,201907,21.0,서울,95.0,106,25.574193548387097
강동소방서,201907,22.0,서울,77.0,96,25.151612903225807
강동소방서,201907,23.0,서울,60.0,79,24.796774193548387
강동소방서,201908,0.0,서울,66.0,73,25.8
강동소방서,201908,1.0,서울,62.0,75,25.43870967741936
강동소방서,201908,2.0,서울,68.0,82,25.083870967741937
강동소방서,201908,3.0,서울,39.0,61,24.774193548387096
강동소방서,201908,4.0,서울,52.0,42,24.50967741935484
강동소방서,201908,5.0,서울,41.0,44,24.22903225806452
강동소방서,201908,6.0,서울,64.0,54,23.98064516129032
강동소방서,201908,7.0,서울,80.0,69,24.125806451612902
강동소방서,201908,8.0,서울,101.0,96,25.016129032258064
강동소방서,201908,9.0,서울,115.0,99,26.212903225806453
강동소방서,201908,10.0,서울,102.0,93,27.496774193548383
강동소방서,201908,11.0,서울,90.0,90,28.35483870967742
강동소방서,201908,12.0,서울,108.0,88,29.116129032258065
강동소방서,201908,13.0,서울,119.0,118,29.76451612903226
강동소방서,201908,14.0,서울,84.0,94,30.496774193548383
강동소방서,201908,15.0,서울,81.0,80,30.90322580645161
강동소방서,201908,16.0,서울,90.0,82,30.874193548387098
강동소방서,201908,17.0,서울,73.0,87,30.493548387096773
강동소방서,201908,18.0,서울,95.0,99,29.677419354838708
강동소방서,201908,19.0,서울,88.0,85,28.641935483870967
강동소방서,201908,20.0,서울,84.0,89,27.693548387096776
강동소방서,201908,21.0,서울,90.0,110,27.096774193548388
강동소방서,201908,22.0,서울,81.0,99,26.651612903225807
강동소방서,201908,23.0,서울,68.0,77,26.080645161290324
강동소방서,201909,0.0,서울,57.0,68,21.116666666666667
강동소방서,201909,1.0,서울,42.0,55,20.78666666666667
강동소방서,201909,2.0,서울,37.0,54,20.53
강동소방서,201909,3.0,서울,28.0,28,20.196666666666665
강동소방서,201909,4.0,서울,41.0,55,19.96333333333333
강동소방서,201909,5.0,서울,60.0,55,19.726666666666667
강동소방서,201909,6.0,서울,48.0,51,19.51333333333333
강동소방서,201909,7.0,서울,79.0,69,19.456666666666667
강동소방서,201909,8.0,서울,78.0,79,20.196666666666665
강동소방서,201909,9.0,서울,94.0,88,21.64
강동소방서,201909,10.0,서울,88.0,69,23.223333333333336
강동소방서,201909,11.0,서울,87.0,84,24.473333333333336
강동소방서,201909,12.0,서울,93.0,70,25.36
강동소방서,201909,13.0,서울,99.0,92,26.043333333333333
강동소방서,201909,14.0,서울,85.0,88,26.26333333333333
강동소방서,201909,15.0,서울,96.0,80,26.273333333333333
강동소방서,201909,16.0,서울,88.0,91,26.10333333333333
강동소방서,201909,17.0,서울,85.0,88,25.59333333333333
강동소방서,201909,18.0,서울,62.0,75,24.57
강동소방서,201909,19.0,서울,90.0,100,23.59333333333333
강동소방서,201909,20.0,서울,93.0,106,22.863333333333333
강동소방서,201909,21.0,서울,71.0,69,22.37
강동소방서,201909,22.0,서울,86.0,109,21.923333333333336
강동소방서,201909,23.0,서울,67.0,81,21.46333333333333
강동소방서,201910,0.0,서울,58.0,60,14.629032258064516
강동소방서,201910,1.0,서울,57.0,62,14.225806451612904
강동소방서,201910,2.0,서울,48.0,57,13.812903225806451
강동소방서,201910,3.0,서울,45.0,49,13.44516129032258
강동소방서,201910,4.0,서울,46.0,34,13.077419354838709
강동소방서,201910,5.0,서울,43.0,38,12.825806451612904
강동소방서,201910,6.0,서울,50.0,52,12.625806451612902
강동소방서,201910,7.0,서울,58.0,48,12.529032258064516
강동소방서,201910,8.0,서울,82.0,71,13.061290322580644
강동소방서,201910,9.0,서울,101.0,104,14.803225806451612
강동소방서,201910,10.0,서울,118.0,86,16.809677419354838
강동소방서,201910,11.0,서울,64.0,78,18.493548387096773
강동소방서,201910,12.0,서울,69.0,67,19.664516129032258
강동소방서,201910,13.0,서울,123.0,98,20.567741935483877
강동소방서,201910,14.0,서울,78.0,89,21.048387096774192
강동소방서,201910,15.0,서울,88.0,81,21.15806451612903
강동소방서,201910,16.0,서울,104.0,92,20.87741935483871
강동소방서,201910,17.0,서울,76.0,76,19.993548387096773
강동소방서,201910,18.0,서울,82.0,92,18.532258064516128
강동소방서,201910,19.0,서울,69.0,76,17.529032258064515
강동소방서,201910,20.0,서울,72.0,69,16.787096774193547
강동소방서,201910,21.0,서울,96.0,102,16.138709677419357
강동소방서,201910,22.0,서울,69.0,74,15.596774193548388
강동소방서,201910,23.0,서울,73.0,92,14.996774193548388
강동소방서,201911,0.0,서울,57.0,60,6.466666666666667
강동소방서,201911,1.0,서울,50.0,52,6.093333333333334
강동소방서,201911,2.0,서울,42.0,52,5.666666666666667
강동소방서,201911,3.0,서울,44.0,50,5.276666666666667
강동소방서,201911,4.0,서울,36.0,42,4.963333333333334
강동소방서,201911,5.0,서울,44.0,35,4.66
강동소방서,201911,6.0,서울,69.0,53,4.306666666666667
강동소방서,201911,7.0,서울,54.0,60,4.036666666666666
강동소방서,201911,8.0,서울,112.0,82,4.1066666666666665
강동소방서,201911,9.0,서울,82.0,85,5.553333333333333
강동소방서,201911,10.0,서울,89.0,78,7.510000000000001
강동소방서,201911,11.0,서울,85.0,77,9.116666666666667
강동소방서,201911,12.0,서울,86.0,81,10.276666666666667
강동소방서,201911,13.0,서울,125.0,108,11.336666666666668
강동소방서,201911,14.0,서울,78.0,71,11.963333333333331
강동소방서,201911,15.0,서울,76.0,69,12.203333333333337
강동소방서,201911,16.0,서울,96.0,97,11.87
강동소방서,201911,17.0,서울,79.0,80,10.64
강동소방서,201911,18.0,서울,80.0,81,9.526666666666667
강동소방서,201911,19.0,서울,86.0,96,8.643333333333334
강동소방서,201911,20.0,서울,73.0,74,7.946666666666667
강동소방서,201911,21.0,서울,78.0,89,7.373333333333333
강동소방서,201911,22.0,서울,99.0,89,6.926666666666667
강동소방서,201911,23.0,서울,71.0,83,6.516666666666667
강동소방서,201912,0.0,서울,77.0,77,0.8677419354838709
강동소방서,201912,1.0,서울,47.0,51,0.5645161290322581
강동소방서,201912,2.0,서울,55.0,56,0.2774193548387097
강동소방서,201912,3.0,서울,43.0,48,0.0419354838709677
강동소방서,201912,4.0,서울,51.0,55,-0.2193548387096775
강동소방서,201912,5.0,서울,47.0,51,-0.5129032258064516
강동소방서,201912,6.0,서울,54.0,45,-0.7096774193548387
강동소방서,201912,7.0,서울,45.0,50,-0.8548387096774193
강동소방서,201912,8.0,서울,78.0,74,-0.896774193548387
강동소방서,201912,9.0,서울,121.0,103,-0.3903225806451612
강동소방서,201912,10.0,서울,98.0,86,0.7193548387096773
강동소방서,201912,11.0,서울,94.0,88,1.8225806451612905
강동소방서,201912,12.0,서울,72.0,66,2.932258064516129
강동소방서,201912,13.0,서울,93.0,87,3.816129032258064
강동소방서,201912,14.0,서울,103.0,84,4.470967741935484
강동소방서,201912,15.0,서울,73.0,86,4.683870967741935
강동소방서,201912,16.0,서울,74.0,72,4.45483870967742
강동소방서,201912,17.0,서울,98.0,81,3.658064516129032
강동소방서,201912,18.0,서울,92.0,79,2.825806451612903
강동소방서,201912,19.0,서울,83.0,95,2.193548387096774
강동소방서,201912,20.0,서울,55.0,61,1.716129032258065
강동소방서,201912,21.0,서울,78.0,83,1.335483870967742
강동소방서,201912,22.0,서울,71.0,81,1.074193548387097
강동소방서,201912,23.0,서울,76.0,92,0.8064516129032258
강동소방서,202001,0.0,서울,69.0,77,0.3548387096774194
강동소방서,202001,1.0,서울,49.0,56,0.1354838709677419
강동소방서,202001,2.0,서울,28.0,43,-0.1645161290322581
강동소방서,202001,3.0,서울,34.0,35,-0.3451612903225806
강동소방서,202001,4.0,서울,48.0,44,-0.5741935483870968
강동소방서,202001,5.0,서울,50.0,48,-0.7096774193548387
강동소방서,202001,6.0,서울,68.0,64,-0.8838709677419355
강동소방서,202001,7.0,서울,59.0,62,-0.9612903225806452
강동소방서,202001,8.0,서울,92.0,84,-1.032258064516129
강동소방서,202001,9.0,서울,85.0,81,-0.5903225806451613
강동소방서,202001,10.0,서울,112.0,99,0.7870967741935483
강동소방서,202001,11.0,서울,124.0,104,2.3870967741935485
강동소방서,202001,12.0,서울,74.0,81,3.635483870967742
강동소방서,202001,13.0,서울,99.0,88,4.564516129032258
강동소방서,202001,14.0,서울,76.0,71,5.012903225806451
강동소방서,202001,15.0,서울,99.0,87,5.290322580645161
강동소방서,202001,16.0,서울,71.0,76,5.209677419354839
강동소방서,202001,17.0,서울,85.0,82,4.470967741935484
강동소방서,202001,18.0,서울,85.0,81,3.548387096774193
강동소방서,202001,19.0,서울,74.0,84,2.864516129032258
강동소방서,202001,20.0,서울,76.0,73,2.2483870967741937
강동소방서,202001,21.0,서울,71.0,55,1.7032258064516128
강동소방서,202001,22.0,서울,54.0,58,1.261290322580645
강동소방서,202001,23.0,서울,73.0,72,0.8483870967741935
강동소방서,202002,0.0,서울,57.0,54,1.4551724137931037
강동소방서,202002,1.0,서울,51.0,58,1.0517241379310345
강동소방서,202002,2.0,서울,45.0,44,0.8413793103448275
강동소방서,202002,3.0,서울,39.0,43,0.5241379310344828
강동소방서,202002,4.0,서울,33.0,43,0.1586206896551724
강동소방서,202002,5.0,서울,35.0,41,-0.2275862068965517
강동소방서,202002,6.0,서울,38.0,38,-0.4275862068965517
강동소방서,202002,7.0,서울,47.0,47,-0.6482758620689656
강동소방서,202002,8.0,서울,61.0,51,-0.5965517241379312
강동소방서,202002,9.0,서울,63.0,57,0.2758620689655172
강동소방서,202002,10.0,서울,94.0,75,1.827586206896552
강동소방서,202002,11.0,서울,83.0,68,3.2448275862068963
강동소방서,202002,12.0,서울,81.0,67,4.282758620689656
강동소방서,202002,13.0,서울,103.0,83,5.179310344827586
강동소방서,202002,14.0,서울,60.0,61,5.86551724137931
강동소방서,202002,15.0,서울,69.0,76,6.296551724137931
강동소방서,202002,16.0,서울,84.0,60,6.317241379310344
강동소방서,202002,17.0,서울,35.0,50,5.965517241379311
강동소방서,202002,18.0,서울,72.0,71,4.9206896551724135
강동소방서,202002,19.0,서울,72.0,71,3.972413793103448
강동소방서,202002,20.0,서울,58.0,65,3.362068965517241
강동소방서,202002,21.0,서울,77.0,79,2.7448275862068963
강동소방서,202002,22.0,서울,60.0,63,2.262068965517241
강동소방서,202002,23.0,서울,38.0,47,1.9620689655172412
강동소방서,202003,0.0,서울,56.0,59,5.870967741935484
강동소방서,202003,1.0,서울,47.0,51,5.487096774193549
강동소방서,202003,2.0,서울,42.0,52,5.119354838709677
강동소방서,202003,3.0,서울,22.0,33,4.758064516129032
강동소방서,202003,4.0,서울,30.0,40,4.4
강동소방서,202003,5.0,서울,40.0,38,4.025806451612903
강동소방서,202003,6.0,서울,35.0,40,3.729032258064517
강동소방서,202003,7.0,서울,50.0,46,3.6322580645161286
강동소방서,202003,8.0,서울,68.0,65,4.351612903225806
강동소방서,202003,9.0,서울,76.0,61,6.0
강동소방서,202003,10.0,서울,74.0,66,7.590322580645162
강동소방서,202003,11.0,서울,61.0,62,9.332258064516129
강동소방서,202003,12.0,서울,61.0,57,10.729032258064516
강동소방서,202003,13.0,서울,62.0,67,11.535483870967743
강동소방서,202003,14.0,서울,63.0,70,12.28064516129032
강동소방서,202003,15.0,서울,65.0,72,12.587096774193547
강동소방서,202003,16.0,서울,73.0,79,12.32258064516129
강동소방서,202003,17.0,서울,48.0,62,11.658064516129032
강동소방서,202003,18.0,서울,65.0,58,10.483870967741936
강동소방서,202003,19.0,서울,59.0,69,9.077419354838709
강동소방서,202003,20.0,서울,80.0,87,8.196774193548388
강동소방서,202003,21.0,서울,80.0,78,7.5
강동소방서,202003,22.0,서울,60.0,71,6.929032258064517
강동소방서,202003,23.0,서울,51.0,63,6.474193548387096
강동소방서,202004,0.0,서울,40.0,52,8.866666666666667
강동소방서,202004,1.0,서울,37.0,45,8.51
강동소방서,202004,2.0,서울,52.0,44,8.183333333333334
강동소방서,202004,3.0,서울,29.0,36,7.846666666666667
강동소방서,202004,4.0,서울,38.0,37,7.543333333333334
강동소방서,202004,5.0,서울,40.0,34,7.14
강동소방서,202004,6.0,서울,36.0,38,6.8966666666666665
강동소방서,202004,7.0,서울,49.0,41,7.113333333333333
강동소방서,202004,8.0,서울,72.0,56,8.483333333333333
강동소방서,202004,9.0,서울,103.0,81,10.253333333333334
강동소방서,202004,10.0,서울,76.0,61,11.943333333333332
강동소방서,202004,11.0,서울,68.0,68,13.36
강동소방서,202004,12.0,서울,81.0,66,14.373333333333331
강동소방서,202004,13.0,서울,100.0,81,15.27
강동소방서,202004,14.0,서울,69.0,69,15.753333333333334
강동소방서,202004,15.0,서울,81.0,78,15.893333333333334
강동소방서,202004,16.0,서울,71.0,76,15.683333333333334
강동소방서,202004,17.0,서울,78.0,82,14.913333333333332
강동소방서,202004,18.0,서울,58.0,63,13.92
강동소방서,202004,19.0,서울,64.0,69,12.49
강동소방서,202004,20.0,서울,61.0,78,11.403333333333334
강동소방서,202004,21.0,서울,64.0,68,10.643333333333334
강동소방서,202004,22.0,서울,61.0,70,10.043333333333331
강동소방서,202004,23.0,서울,60.0,70,9.49
강동소방서,202005,0.0,서울,57.0,74,15.961290322580645
강동소방서,202005,1.0,서울,48.0,54,15.67741935483871
강동소방서,202005,2.0,서울,38.0,50,15.370967741935484
강동소방서,202005,3.0,서울,39.0,43,15.067741935483872
강동소방서,202005,4.0,서울,27.0,33,14.851612903225808
강동소방서,202005,5.0,서울,46.0,35,14.680645161290323
강동소방서,202005,6.0,서울,56.0,54,14.551612903225807
강동소방서,202005,7.0,서울,43.0,42,14.958064516129031
강동소방서,202005,8.0,서울,84.0,78,15.964516129032257
강동소방서,202005,9.0,서울,118.0,93,17.229032258064517
강동소방서,202005,10.0,서울,80.0,83,18.451612903225808
강동소방서,202005,11.0,서울,100.0,79,19.648387096774197
강동소방서,202005,12.0,서울,80.0,73,20.72903225806452
강동소방서,202005,13.0,서울,100.0,89,21.59032258064516
강동소방서,202005,14.0,서울,78.0,74,22.23225806451613
강동소방서,202005,15.0,서울,68.0,82,22.306451612903224
강동소방서,202005,16.0,서울,105.0,90,21.961290322580645
강동소방서,202005,17.0,서울,78.0,84,21.40967741935484
강동소방서,202005,18.0,서울,59.0,60,20.55806451612903
강동소방서,202005,19.0,서울,101.0,92,19.5
강동소방서,202005,20.0,서울,102.0,94,18.4741935483871
강동소방서,202005,21.0,서울,83.0,82,17.648387096774194
강동소방서,202005,22.0,서울,69.0,71,16.929032258064513
강동소방서,202005,23.0,서울,66.0,66,16.403225806451612
강동소방서,202006,0.0,서울,54.0,58,21.863333333333333
강동소방서,202006,1.0,서울,54.0,61,21.476666666666667
강동소방서,202006,2.0,서울,47.0,51,21.14333333333333
강동소방서,202006,3.0,서울,44.0,44,20.87
강동소방서,202006,4.0,서울,21.0,30,20.636666666666667
강동소방서,202006,5.0,서울,48.0,34,20.39
강동소방서,202006,6.0,서울,69.0,56,20.30666666666667
강동소방서,202006,7.0,서울,62.0,61,20.81
강동소방서,202006,8.0,서울,80.0,66,21.89333333333333
강동소방서,202006,9.0,서울,98.0,95,23.11
강동소방서,202006,10.0,서울,85.0,77,24.35333333333333
강동소방서,202006,11.0,서울,81.0,72,25.446666666666665
강동소방서,202006,12.0,서울,85.0,83,26.47
강동소방서,202006,13.0,서울,82.0,78,27.226666666666667
강동소방서,202006,14.0,서울,91.0,75,27.78
강동소방서,202006,15.0,서울,79.0,86,28.316666666666663
강동소방서,202006,16.0,서울,85.0,80,28.3
강동소방서,202006,17.0,서울,74.0,85,27.673333333333336
강동소방서,202006,18.0,서울,88.0,79,26.676666666666662
강동소방서,202006,19.0,서울,66.0,77,25.506666666666668
강동소방서,202006,20.0,서울,82.0,92,24.31
강동소방서,202006,21.0,서울,67.0,68,23.40333333333333
강동소방서,202006,22.0,서울,63.0,66,22.82
강동소방서,202006,23.0,서울,44.0,61,22.33333333333333
강동소방서,202007,0.0,서울,56.0,70,22.83225806451613
강동소방서,202007,1.0,서울,43.0,51,22.57741935483871
강동소방서,202007,2.0,서울,35.0,47,22.34193548387097
강동소방서,202007,3.0,서울,45.0,41,22.13225806451613
강동소방서,202007,4.0,서울,55.0,48,21.94516129032258
강동소방서,202007,5.0,서울,71.0,68,21.8
강동소방서,202007,6.0,서울,56.0,48,21.693548387096776
강동소방서,202007,7.0,서울,56.0,50,21.87741935483871
강동소방서,202007,8.0,서울,122.0,108,22.6
강동소방서,202007,9.0,서울,114.0,86,23.364516129032257
강동소방서,202007,10.0,서울,140.0,117,24.19032258064516
강동소방서,202007,11.0,서울,122.0,109,24.970967741935485
강동소방서,202007,12.0,서울,95.0,96,25.51290322580645
강동소방서,202007,13.0,서울,94.0,89,26.038709677419355
강동소방서,202007,14.0,서울,90.0,83,26.68064516129032
강동소방서,202007,15.0,서울,102.0,95,27.006451612903227
강동소방서,202007,16.0,서울,81.0,82,27.21935483870968
강동소방서,202007,17.0,서울,81.0,90,26.825806451612905
강동소방서,202007,18.0,서울,87.0,92,26.25483870967742
강동소방서,202007,19.0,서울,90.0,100,25.59354838709677
강동소방서,202007,20.0,서울,86.0,104,24.706451612903223
강동소방서,202007,21.0,서울,85.0,96,24.08709677419355
강동소방서,202007,22.0,서울,77.0,89,23.67419354838709
강동소방서,202007,23.0,서울,68.0,73,23.306451612903224
강동소방서,202008,0.0,서울,63.0,74,25.62903225806452
강동소방서,202008,1.0,서울,47.0,70,25.43870967741936
강동소방서,202008,2.0,서울,47.0,56,25.335483870967742
강동소방서,202008,3.0,서울,52.0,51,25.16774193548387
강동소방서,202008,4.0,서울,38.0,41,25.038709677419355
강동소방서,202008,5.0,서울,44.0,39,24.93870967741936
강동소방서,202008,6.0,서울,51.0,54,24.81290322580645
강동소방서,202008,7.0,서울,81.0,78,24.851612903225806
강동소방서,202008,8.0,서울,68.0,81,25.32258064516129
강동소방서,202008,9.0,서울,88.0,95,25.825806451612905
강동소방서,202008,10.0,서울,101.0,89,26.493548387096773
강동소방서,202008,11.0,서울,75.0,80,27.203225806451613
강동소방서,202008,12.0,서울,101.0,85,27.703225806451613
강동소방서,202008,13.0,서울,84.0,92,27.74
강동소방서,202008,14.0,서울,95.0,95,28.451612903225808
강동소방서,202008,15.0,서울,87.0,83,28.54516129032258
강동소방서,202008,16.0,서울,78.0,84,28.64516129032258
강동소방서,202008,17.0,서울,83.0,95,28.40967741935484
강동소방서,202008,18.0,서울,98.0,103,27.996774193548383
강동소방서,202008,19.0,서울,74.0,88,27.364516129032257
강동소방서,202008,20.0,서울,72.0,90,26.76451612903226
강동소방서,202008,21.0,서울,63.0,74,26.416129032258063
강동소방서,202008,22.0,서울,68.0,95,26.177419354838708
강동소방서,202008,23.0,서울,49.0,67,25.929032258064517
강동소방서,202009,0.0,서울,53.0,72,20.09
강동소방서,202009,1.0,서울,45.0,55,19.73333333333333
강동소방서,202009,2.0,서울,44.0,49,19.426666666666662
강동소방서,202009,3.0,서울,31.0,42,19.17
강동소방서,202009,4.0,서울,38.0,42,18.966666666666665
강동소방서,202009,5.0,서울,31.0,29,18.65666666666667
강동소방서,202009,6.0,서울,48.0,43,18.43
강동소방서,202009,7.0,서울,62.0,57,18.38
강동소방서,202009,8.0,서울,75.0,72,19.146666666666665
강동소방서,202009,9.0,서울,80.0,80,20.40333333333333
강동소방서,202009,10.0,서울,105.0,88,21.86
강동소방서,202009,11.0,서울,99.0,90,23.03666666666667
강동소방서,202009,12.0,서울,65.0,61,24.043333333333333
강동소방서,202009,13.0,서울,90.0,80,24.58
강동소방서,202009,14.0,서울,73.0,82,24.726666666666667
강동소방서,202009,15.0,서울,68.0,73,24.87
강동소방서,202009,16.0,서울,63.0,73,24.74
강동소방서,202009,17.0,서울,72.0,77,24.14333333333333
강동소방서,202009,18.0,서울,74.0,81,23.313333333333333
강동소방서,202009,19.0,서울,71.0,84,22.376666666666665
강동소방서,202009,20.0,서울,99.0,103,21.69
강동소방서,202009,21.0,서울,82.0,79,21.126666666666665
강동소방서,202009,22.0,서울,70.0,86,20.61
강동소방서,202009,23.0,서울,49.0,56,20.166666666666668
강동소방서,202010,0.0,서울,57.0,68,12.580645161290322
강동소방서,202010,1.0,서울,40.0,53,12.248387096774191
강동소방서,202010,2.0,서울,33.0,39,11.851612903225806
강동소방서,202010,3.0,서울,54.0,46,11.470967741935484
강동소방서,202010,4.0,서울,34.0,39,11.17741935483871
강동소방서,202010,5.0,서울,42.0,42,10.8
강동소방서,202010,6.0,서울,67.0,56,10.54516129032258
강동소방서,202010,7.0,서울,61.0,58,10.358064516129032
강동소방서,202010,8.0,서울,104.0,88,10.916129032258064
강동소방서,202010,9.0,서울,106.0,90,12.819354838709677
강동소방서,202010,10.0,서울,90.0,81,14.593548387096773
강동소방서,202010,11.0,서울,76.0,75,16.406451612903226
강동소방서,202010,12.0,서울,84.0,80,17.567741935483873
강동소방서,202010,13.0,서울,101.0,100,18.406451612903226
강동소방서,202010,14.0,서울,66.0,76,18.851612903225806
강동소방서,202010,15.0,서울,82.0,84,18.948387096774194
강동소방서,202010,16.0,서울,103.0,108,18.8
강동소방서,202010,17.0,서울,82.0,86,17.996774193548386
강동소방서,202010,18.0,서울,82.0,87,16.48709677419355
강동소방서,202010,19.0,서울,81.0,79,15.383870967741936
강동소방서,202010,20.0,서울,74.0,73,14.651612903225804
강동소방서,202010,21.0,서울,80.0,84,13.980645161290322
강동소방서,202010,22.0,서울,56.0,68,13.422580645161291
강동소방서,202010,23.0,서울,71.0,68,12.951612903225806
강동소방서,202011,0.0,서울,50.0,69,7.180000000000001
강동소방서,202011,1.0,서울,43.0,47,6.863333333333333
강동소방서,202011,2.0,서울,45.0,45,6.596666666666667
강동소방서,202011,3.0,서울,38.0,42,6.3533333333333335
강동소방서,202011,4.0,서울,50.0,42,6.073333333333333
강동소방서,202011,5.0,서울,52.0,42,5.836666666666667
강동소방서,202011,6.0,서울,43.0,39,5.6033333333333335
강동소방서,202011,7.0,서울,72.0,64,5.326666666666667
강동소방서,202011,8.0,서울,80.0,59,5.3533333333333335
강동소방서,202011,9.0,서울,97.0,89,6.276666666666667
강동소방서,202011,10.0,서울,83.0,71,7.726666666666666
강동소방서,202011,11.0,서울,86.0,74,9.066666666666666
강동소방서,202011,12.0,서울,88.0,86,10.253333333333334
강동소방서,202011,13.0,서울,80.0,83,11.023333333333332
강동소방서,202011,14.0,서울,77.0,76,11.523333333333332
강동소방서,202011,15.0,서울,72.0,74,11.783333333333331
강동소방서,202011,16.0,서울,88.0,74,11.476666666666668
강동소방서,202011,17.0,서울,56.0,65,10.51
강동소방서,202011,18.0,서울,70.0,75,9.506666666666666
강동소방서,202011,19.0,서울,69.0,79,8.783333333333333
강동소방서,202011,20.0,서울,72.0,74,8.253333333333334
강동소방서,202011,21.0,서울,64.0,75,7.766666666666667
강동소방서,202011,22.0,서울,80.0,83,7.416666666666667
강동소방서,202011,23.0,서울,50.0,57,7.069999999999999
강동소방서,202012,0.0,서울,39.0,39,-1.270967741935484
강동소방서,202012,1.0,서울,43.0,37,-1.5096774193548386
강동소방서,202012,2.0,서울,30.0,33,-1.7967741935483872
강동소방서,202012,3.0,서울,27.0,23,-2.074193548387097
강동소방서,202012,4.0,서울,25.0,22,-2.2774193548387096
강동소방서,202012,5.0,서울,29.0,27,-2.52258064516129
강동소방서,202012,6.0,서울,39.0,34,-2.732258064516129
강동소방서,202012,7.0,서울,53.0,46,-2.9096774193548387
강동소방서,202012,8.0,서울,91.0,79,-3.0161290322580645
강동소방서,202012,9.0,서울,98.0,82,-2.425806451612903
강동소방서,202012,10.0,서울,102.0,83,-0.8258064516129031
강동소방서,202012,11.0,서울,99.0,84,0.6290322580645161
강동소방서,202012,12.0,서울,85.0,85,1.870967741935484
강동소방서,202012,13.0,서울,71.0,66,2.683870967741936
강동소방서,202012,14.0,서울,92.0,93,3.177419354838709
강동소방서,202012,15.0,서울,89.0,77,3.2580645161290325
강동소방서,202012,16.0,서울,95.0,78,3.1193548387096777
강동소방서,202012,17.0,서울,91.0,95,2.1516129032258067
강동소방서,202012,18.0,서울,94.0,95,1.2354838709677418
강동소방서,202012,19.0,서울,87.0,87,0.5483870967741935
강동소방서,202012,20.0,서울,73.0,81,-0.0451612903225805
강동소방서,202012,21.0,서울,69.0,100,-0.5
강동소방서,202012,22.0,서울,63.0,66,-0.8387096774193549
강동소방서,202012,23.0,서울,46.0,45,-1.1483870967741936
강동소방서,202101,0.0,서울,52.0,54,-3.6322580645161286
강동소방서,202101,1.0,서울,41.0,41,-3.948387096774194
강동소방서,202101,2.0,서울,38.0,36,-4.248387096774193
강동소방서,202101,3.0,서울,28.0,27,-4.548387096774194
강동소방서,202101,4.0,서울,27.0,24,-4.870967741935484
강동소방서,202101,5.0,서울,28.0,34,-5.164516129032258
강동소방서,202101,6.0,서울,31.0,28,-5.351612903225806
강동소방서,202101,7.0,서울,49.0,40,-5.448387096774193
강동소방서,202101,8.0,서울,81.0,66,-5.525806451612904
강동소방서,202101,9.0,서울,97.0,89,-4.874193548387097
강동소방서,202101,10.0,서울,103.0,78,-3.3032258064516125
강동소방서,202101,11.0,서울,82.0,69,-1.8870967741935485
강동소방서,202101,12.0,서울,78.0,73,-0.6129032258064516
강동소방서,202101,13.0,서울,95.0,85,0.535483870967742
강동소방서,202101,14.0,서울,69.0,68,1.3032258064516131
강동소방서,202101,15.0,서울,64.0,88,1.5548387096774194
강동소방서,202101,16.0,서울,78.0,76,1.4064516129032256
강동소방서,202101,17.0,서울,69.0,70,0.6838709677419355
강동소방서,202101,18.0,서울,83.0,77,-0.225806451612903
강동소방서,202101,19.0,서울,63.0,77,-0.8709677419354839
강동소방서,202101,20.0,서울,94.0,89,-1.4064516129032258
강동소방서,202101,21.0,서울,80.0,98,-1.832258064516129
강동소방서,202101,22.0,서울,74.0,89,-2.267741935483871
강동소방서,202101,23.0,서울,57.0,55,-2.735483870967742
강동소방서,202102,0.0,서울,36.0,37,1.3857142857142857
강동소방서,202102,1.0,서울,41.0,40,1.0607142857142855
강동소방서,202102,2.0,서울,34.0,32,0.7214285714285714
강동소방서,202102,3.0,서울,41.0,29,0.325
강동소방서,202102,4.0,서울,33.0,23,-0.0750000000000001
강동소방서,202102,5.0,서울,39.0,39,-0.367857142857143
강동소방서,202102,6.0,서울,40.0,28,-0.5499999999999999
강동소방서,202102,7.0,서울,40.0,35,-0.7107142857142857
강동소방서,202102,8.0,서울,71.0,63,-0.7178571428571427
강동소방서,202102,9.0,서울,82.0,75,0.3107142857142858
강동소방서,202102,10.0,서울,92.0,80,1.8535714285714284
강동소방서,202102,11.0,서울,81.0,80,3.346428571428571
강동소방서,202102,12.0,서울,74.0,80,4.771428571428571
강동소방서,202102,13.0,서울,84.0,73,5.817857142857143
강동소방서,202102,14.0,서울,66.0,62,6.621428571428572
강동소방서,202102,15.0,서울,81.0,72,7.0
강동소방서,202102,16.0,서울,62.0,65,7.167857142857143
강동소방서,202102,17.0,서울,77.0,100,6.739285714285714
강동소방서,202102,18.0,서울,91.0,68,5.510714285714286
강동소방서,202102,19.0,서울,88.0,89,4.414285714285714
강동소방서,202102,20.0,서울,72.0,78,3.6392857142857142
강동소방서,202102,21.0,서울,78.0,81,2.907142857142857
강동소방서,202102,22.0,서울,61.0,72,2.310714285714286
강동소방서,202102,23.0,서울,47.0,44,1.9357142857142853
강동소방서,202103,0.0,서울,62.0,58,7.261290322580645
강동소방서,202103,1.0,서울,30.0,35,6.896774193548388
강동소방서,202103,2.0,서울,45.0,44,6.558064516129033
강동소방서,202103,3.0,서울,39.0,39,6.241935483870968
강동소방서,202103,4.0,서울,41.0,30,5.835483870967742
강동소방서,202103,5.0,서울,41.0,44,5.438709677419355
강동소방서,202103,6.0,서울,54.0,40,5.148387096774194
강동소방서,202103,7.0,서울,88.0,64,4.951612903225806
강동소방서,202103,8.0,서울,68.0,58,5.45483870967742
강동소방서,202103,9.0,서울,118.0,95,7.025806451612904
강동소방서,202103,10.0,서울,102.0,89,8.796774193548387
강동소방서,202103,11.0,서울,105.0,82,10.396774193548389
강동소방서,202103,12.0,서울,92.0,92,11.825806451612904
강동소방서,202103,13.0,서울,90.0,81,12.796774193548387
강동소방서,202103,14.0,서울,93.0,88,13.34516129032258
강동소방서,202103,15.0,서울,96.0,99,13.67741935483871
강동소방서,202103,16.0,서울,76.0,69,13.751612903225809
강동소방서,202103,17.0,서울,100.0,86,13.109677419354838
강동소방서,202103,18.0,서울,90.0,94,11.787096774193548
강동소방서,202103,19.0,서울,82.0,89,10.358064516129032
강동소방서,202103,20.0,서울,71.0,72,9.541935483870969
강동소방서,202103,21.0,서울,73.0,95,8.916129032258064
강동소방서,202103,22.0,서울,71.0,99,8.399999999999999
강동소방서,202103,23.0,서울,80.0,85,7.874193548387097
강동소방서,202104,0.0,서울,51.0,76,12.213333333333331
강동소방서,202104,1.0,서울,42.0,37,11.776666666666667
강동소방서,202104,2.0,서울,33.0,34,11.386666666666668
강동소방서,202104,3.0,서울,40.0,33,11.046666666666663
강동소방서,202104,4.0,서울,33.0,32,10.69
강동소방서,202104,5.0,서울,37.0,33,10.423333333333334
강동소방서,202104,6.0,서울,49.0,34,10.23
강동소방서,202104,7.0,서울,60.0,49,10.346666666666668
강동소방서,202104,8.0,서울,82.0,76,11.61
강동소방서,202104,9.0,서울,100.0,79,13.176666666666668
강동소방서,202104,10.0,서울,88.0,81,14.676666666666668
강동소방서,202104,11.0,서울,91.0,92,15.956666666666669
강동소방서,202104,12.0,서울,92.0,85,17.063333333333336
강동소방서,202104,13.0,서울,118.0,108,17.71333333333333
강동소방서,202104,14.0,서울,70.0,66,18.40666666666667
강동소방서,202104,15.0,서울,109.0,101,18.66333333333333
강동소방서,202104,16.0,서울,98.0,98,18.53
강동소방서,202104,17.0,서울,96.0,89,17.89
강동소방서,202104,18.0,서울,105.0,101,17.1
강동소방서,202104,19.0,서울,88.0,86,15.863333333333337
강동소방서,202104,20.0,서울,87.0,85,14.886666666666663
강동소방서,202104,21.0,서울,87.0,89,14.146666666666668
강동소방서,202104,22.0,서울,69.0,78,13.42
강동소방서,202104,23.0,서울,76.0,78,12.693333333333332
강동소방서,202105,0.0,서울,56.0,81,15.119354838709675
강동소방서,202105,1.0,서울,53.0,66,14.693548387096774
강동소방서,202105,2.0,서울,49.0,55,14.341935483870968
강동소방서,202105,3.0,서울,45.0,36,13.993548387096777
강동소방서,202105,4.0,서울,33.0,39,13.796774193548387
강동소방서,202105,5.0,서울,47.0,44,13.59032258064516
강동소방서,202105,6.0,서울,50.0,41,13.50967741935484
강동소방서,202105,7.0,서울,71.0,56,13.851612903225808
강동소방서,202105,8.0,서울,105.0,73,14.954838709677418
강동소방서,202105,9.0,서울,128.0,104,16.170967741935485
강동소방서,202105,10.0,서울,102.0,93,17.348387096774193
강동소방서,202105,11.0,서울,122.0,98,18.490322580645163
강동소방서,202105,12.0,서울,110.0,82,19.651612903225807
강동소방서,202105,13.0,서울,86.0,91,20.48064516129032
강동소방서,202105,14.0,서울,94.0,100,20.73548387096774
강동소방서,202105,15.0,서울,108.0,93,20.88064516129032
강동소방서,202105,16.0,서울,83.0,87,20.92258064516129
강동소방서,202105,17.0,서울,78.0,77,20.52258064516129
강동소방서,202105,18.0,서울,104.0,86,19.848387096774196
강동소방서,202105,19.0,서울,103.0,108,18.90967741935484
강동소방서,202105,20.0,서울,84.0,92,17.758064516129032
강동소방서,202105,21.0,서울,87.0,101,17.04516129032258
강동소방서,202105,22.0,서울,97.0,110,16.432258064516127
강동소방서,202105,23.0,서울,87.0,77,15.858064516129032
강동소방서,202106,0.0,서울,46.0,54,20.876666666666665
강동소방서,202106,1.0,서울,56.0,57,20.49
강동소방서,202106,2.0,서울,41.0,54,20.19333333333333
강동소방서,202106,3.0,서울,26.0,27,19.946666666666665
강동소방서,202106,4.0,서울,45.0,45,19.666666666666668
강동소방서,202106,5.0,서울,43.0,36,19.423333333333336
강동소방서,202106,6.0,서울,57.0,47,19.30666666666667
강동소방서,202106,7.0,서울,102.0,63,19.790000000000003
강동소방서,202106,8.0,서울,106.0,81,20.793333333333333
강동소방서,202106,9.0,서울,123.0,101,22.01333333333333
강동소방서,202106,10.0,서울,160.0,110,23.196666666666665
강동소방서,202106,11.0,서울,108.0,100,24.386666666666667
강동소방서,202106,12.0,서울,99.0,87,25.24333333333333
강동소방서,202106,13.0,서울,128.0,107,25.82
강동소방서,202106,14.0,서울,109.0,111,26.25
강동소방서,202106,15.0,서울,104.0,108,26.67
강동소방서,202106,16.0,서울,87.0,79,26.56
강동소방서,202106,17.0,서울,95.0,89,26.206666666666667
강동소방서,202106,18.0,서울,78.0,83,25.696666666666665
강동소방서,202106,19.0,서울,101.0,110,24.566666666666663
강동소방서,202106,20.0,서울,123.0,111,23.48
강동소방서,202106,21.0,서울,107.0,116,22.65
강동소방서,202106,22.0,서울,104.0,120,22.02
강동소방서,202106,23.0,서울,77.0,93,21.5
강동소방서,202107,0.0,서울,70.0,67,26.59032258064516
강동소방서,202107,1.0,서울,48.0,56,26.20967741935484
강동소방서,202107,2.0,서울,62.0,47,25.848387096774196
강동소방서,202107,3.0,서울,30.0,35,25.561290322580643
강동소방서,202107,4.0,서울,30.0,42,25.30322580645161
강동소방서,202107,5.0,서울,68.0,50,25.04516129032258
강동소방서,202107,6.0,서울,58.0,52,24.86774193548387
강동소방서,202107,7.0,서울,84.0,75,25.22903225806452
강동소방서,202107,8.0,서울,125.0,106,26.38387096774193
강동소방서,202107,9.0,서울,120.0,96,27.493548387096773
강동소방서,202107,10.0,서울,143.0,119,28.506451612903227
강동소방서,202107,11.0,서울,123.0,115,29.396774193548385
강동소방서,202107,12.0,서울,124.0,105,30.31290322580645
강동소방서,202107,13.0,서울,120.0,122,30.97741935483871
강동소방서,202107,14.0,서울,113.0,115,31.33870967741936
강동소방서,202107,15.0,서울,119.0,115,31.51290322580645
강동소방서,202107,16.0,서울,114.0,104,31.44516129032258
강동소방서,202107,17.0,서울,113.0,106,30.932258064516127
강동소방서,202107,18.0,서울,132.0,114,30.40322580645161
강동소방서,202107,19.0,서울,122.0,122,29.53548387096774
강동소방서,202107,20.0,서울,107.0,120,28.56451612903226
강동소방서,202107,21.0,서울,112.0,118,27.91290322580645
강동소방서,202107,22.0,서울,112.0,119,27.470967741935485
강동소방서,202107,23.0,서울,79.0,94,27.07741935483871
강동소방서,202108,0.0,서울,82.0,73,24.758064516129032
강동소방서,202108,1.0,서울,51.0,55,24.45483870967742
강동소방서,202108,2.0,서울,42.0,41,24.12258064516129
강동소방서,202108,3.0,서울,47.0,45,23.87741935483871
강동소방서,202108,4.0,서울,43.0,37,23.654838709677417
강동소방서,202108,5.0,서울,49.0,49,23.458064516129035
강동소방서,202108,6.0,서울,67.0,47,23.33225806451613
강동소방서,202108,7.0,서울,93.0,70,23.493548387096773
강동소방서,202108,8.0,서울,122.0,93,24.283870967741933
강동소방서,202108,9.0,서울,152.0,140,25.22258064516129
강동소방서,202108,10.0,서울,118.0,97,26.074193548387097
강동소방서,202108,11.0,서울,120.0,102,27.006451612903227
강동소방서,202108,12.0,서울,117.0,99,27.774193548387096
강동소방서,202108,13.0,서울,122.0,123,28.148387096774197
강동소방서,202108,14.0,서울,102.0,101,28.451612903225808
강동소방서,202108,15.0,서울,113.0,102,28.8
강동소방서,202108,16.0,서울,93.0,98,28.706451612903223
강동소방서,202108,17.0,서울,100.0,96,28.55161290322581
강동소방서,202108,18.0,서울,140.0,113,27.80967741935484
강동소방서,202108,19.0,서울,123.0,121,26.96451612903226
강동소방서,202108,20.0,서울,110.0,109,26.04516129032258
강동소방서,202108,21.0,서울,100.0,114,25.516129032258064
강동소방서,202108,22.0,서울,113.0,115,25.106451612903225
강동소방서,202108,23.0,서울,91.0,98,24.8
강동소방서,202109,0.0,서울,62.0,68,20.87333333333333
강동소방서,202109,1.0,서울,60.0,72,20.44
강동소방서,202109,2.0,서울,45.0,50,20.066666666666663
강동소방서,202109,3.0,서울,59.0,50,19.790000000000003
강동소방서,202109,4.0,서울,60.0,46,19.566666666666663
강동소방서,202109,5.0,서울,58.0,51,19.396666666666665
강동소방서,202109,6.0,서울,67.0,50,19.30666666666667
강동소방서,202109,7.0,서울,76.0,64,19.386666666666667
강동소방서,202109,8.0,서울,123.0,95,20.313333333333333
강동소방서,202109,9.0,서울,133.0,108,21.596666666666668
강동소방서,202109,10.0,서울,139.0,127,22.71333333333333
강동소방서,202109,11.0,서울,141.0,117,23.80333333333333
강동소방서,202109,12.0,서울,108.0,107,24.85666666666667
강동소방서,202109,13.0,서울,113.0,122,25.646666666666665
강동소방서,202109,14.0,서울,117.0,112,26.26333333333333
강동소방서,202109,15.0,서울,131.0,107,26.51
강동소방서,202109,16.0,서울,104.0,99,26.386666666666667
강동소방서,202109,17.0,서울,125.0,113,25.98333333333333
강동소방서,202109,18.0,서울,102.0,121,25.14
강동소방서,202109,19.0,서울,122.0,131,24.05
강동소방서,202109,20.0,서울,102.0,102,23.26
강동소방서,202109,21.0,서울,99.0,95,22.633333333333333
강동소방서,202109,22.0,서울,106.0,131,22.046666666666667
강동소방서,202109,23.0,서울,74.0,100,21.456666666666667
강동소방서,202110,0.0,서울,72.0,69,14.170967741935485
강동소방서,202110,1.0,서울,61.0,54,13.787096774193548
강동소방서,202110,2.0,서울,44.0,45,13.474193548387095
강동소방서,202110,3.0,서울,45.0,43,13.174193548387096
강동소방서,202110,4.0,서울,53.0,57,12.922580645161291
강동소방서,202110,5.0,서울,38.0,31,12.738709677419354
강동소방서,202110,6.0,서울,53.0,51,12.606451612903228
강동소방서,202110,7.0,서울,90.0,73,12.44516129032258
강동소방서,202110,8.0,서울,124.0,96,12.819354838709677
강동소방서,202110,9.0,서울,113.0,105,14.270967741935484
강동소방서,202110,10.0,서울,134.0,123,15.774193548387096
강동소방서,202110,11.0,서울,143.0,111,17.016129032258064
강동소방서,202110,12.0,서울,127.0,91,18.225806451612904
강동소방서,202110,13.0,서울,125.0,123,18.932258064516127
강동소방서,202110,14.0,서울,106.0,107,19.503225806451614
강동소방서,202110,15.0,서울,110.0,102,19.60967741935484
강동소방서,202110,16.0,서울,90.0,99,19.50967741935484
강동소방서,202110,17.0,서울,115.0,104,18.72903225806452
강동소방서,202110,18.0,서울,103.0,126,17.41290322580645
강동소방서,202110,19.0,서울,81.0,104,16.55806451612903
강동소방서,202110,20.0,서울,108.0,106,15.83548387096774
강동소방서,202110,21.0,서울,87.0,104,15.296774193548387
강동소방서,202110,22.0,서울,81.0,104,14.80967741935484
강동소방서,202110,23.0,서울,72.0,69,14.28064516129032
강동소방서,202111,0.0,서울,99.0,94,7.2
강동소방서,202111,1.0,서울,87.0,81,6.766666666666667
강동소방서,202111,2.0,서울,63.0,56,6.443333333333333
강동소방서,202111,3.0,서울,45.0,53,6.180000000000001
강동소방서,202111,4.0,서울,44.0,38,5.866666666666666
강동소방서,202111,5.0,서울,62.0,60,5.566666666666666
강동소방서,202111,6.0,서울,82.0,63,5.293333333333334
강동소방서,202111,7.0,서울,96.0,79,5.046666666666667
강동소방서,202111,8.0,서울,120.0,96,5.093333333333334
강동소방서,202111,9.0,서울,150.0,130,6.153333333333333
강동소방서,202111,10.0,서울,127.0,119,7.97
강동소방서,202111,11.0,서울,112.0,108,9.523333333333332
강동소방서,202111,12.0,서울,134.0,105,10.77
강동소방서,202111,13.0,서울,124.0,107,11.523333333333332
강동소방서,202111,14.0,서울,113.0,106,12.013333333333332
강동소방서,202111,15.0,서울,109.0,105,12.186666666666667
강동소방서,202111,16.0,서울,113.0,102,11.83
강동소방서,202111,17.0,서울,138.0,104,10.836666666666668
강동소방서,202111,18.0,서울,124.0,120,9.886666666666668
강동소방서,202111,19.0,서울,110.0,106,9.136666666666668
강동소방서,202111,20.0,서울,103.0,80,8.573333333333332
강동소방서,202111,21.0,서울,86.0,114,8.066666666666666
강동소방서,202111,22.0,서울,117.0,114,7.66
강동소방서,202111,23.0,서울,83.0,90,7.236666666666666
강동소방서,202112,0.0,서울,64.0,61,-0.2935483870967741
강동소방서,202112,1.0,서울,42.0,45,-0.535483870967742
강동소방서,202112,2.0,서울,65.0,53,-0.832258064516129
강동소방서,202112,3.0,서울,63.0,46,-1.103225806451613
강동소방서,202112,4.0,서울,41.0,37,-1.3903225806451611
강동소방서,202112,5.0,서울,65.0,57,-1.6483870967741936
강동소방서,202112,6.0,서울,76.0,53,-1.8774193548387093
강동소방서,202112,7.0,서울,94.0,74,-2.064516129032258
강동소방서,202112,8.0,서울,121.0,86,-2.177419354838709
강동소방서,202112,9.0,서울,158.0,117,-1.5677419354838709
강동소방서,202112,10.0,서울,151.0,130,-0.0741935483870967
강동소방서,202112,11.0,서울,144.0,107,1.4096774193548387
강동소방서,202112,12.0,서울,140.0,96,2.7580645161290325
강동소방서,202112,13.0,서울,91.0,83,3.5870967741935487
강동소방서,202112,14.0,서울,130.0,109,4.148387096774194
강동소방서,202112,15.0,서울,124.0,111,4.309677419354839
강동소방서,202112,16.0,서울,107.0,97,4.054838709677419
강동소방서,202112,17.0,서울,107.0,99,3.148387096774193
강동소방서,202112,18.0,서울,88.0,93,2.206451612903226
강동소방서,202112,19.0,서울,124.0,115,1.535483870967742
강동소방서,202112,20.0,서울,81.0,80,0.970967741935484
강동소방서,202112,21.0,서울,157.0,127,0.4677419354838709
강동소방서,202112,22.0,서울,100.0,112,0.0548387096774193
강동소방서,202112,23.0,서울,106.0,91,-0.264516129032258
강동소방서,202201,0.0,서울,,63,-3.329032258064516
강동소방서,202201,1.0,서울,,60,-3.7
강동소방서,202201,2.0,서울,,49,-4.083870967741936
강동소방서,202201,3.0,서울,,34,-4.409677419354838
강동소방서,202201,4.0,서울,,48,-4.738709677419355
강동소방서,202201,5.0,서울,,36,-5.070967741935483
강동소방서,202201,6.0,서울,,45,-5.367741935483871
강동소방서,202201,7.0,서울,,64,-5.554838709677419
강동소방서,202201,8.0,서울,,79,-5.625806451612903
강동소방서,202201,9.0,서울,,93,-4.974193548387096
강동소방서,202201,10.0,서울,,101,-3.274193548387097
강동소방서,202201,11.0,서울,,83,-1.5548387096774192
강동소방서,202201,12.0,서울,,76,-0.1096774193548387
강동소방서,202201,13.0,서울,,98,0.8838709677419354
강동소방서,202201,14.0,서울,,97,1.6096774193548389
강동소방서,202201,15.0,서울,,114,1.9161290322580644
강동소방서,202201,16.0,서울,,97,1.929032258064516
강동소방서,202201,17.0,서울,,86,1.2258064516129032
강동소방서,202201,18.0,서울,,104,0.0935483870967742
강동소방서,202201,19.0,서울,,84,-0.6161290322580645
강동소방서,202201,20.0,서울,,96,-1.1903225806451612
강동소방서,202201,21.0,서울,,119,-1.696774193548387
강동소방서,202201,22.0,서울,,86,-2.2193548387096773
강동소방서,202201,23.0,서울,,75,-2.667741935483871
강동소방서,202202,0.0,서울,,55,-2.685714285714286
강동소방서,202202,1.0,서울,,54,-3.007142857142857
강동소방서,202202,2.0,서울,,45,-3.2285714285714286
강동소방서,202202,3.0,서울,,54,-3.532142857142857
강동소방서,202202,4.0,서울,,60,-3.9
강동소방서,202202,5.0,서울,,61,-4.210714285714285
강동소방서,202202,6.0,서울,,46,-4.353571428571429
강동소방서,202202,7.0,서울,,60,-4.635714285714286
강동소방서,202202,8.0,서울,,100,-4.671428571428572
강동소방서,202202,9.0,서울,,115,-3.4535714285714287
강동소방서,202202,10.0,서울,,119,-1.5892857142857142
강동소방서,202202,11.0,서울,,104,0.0357142857142856
강동소방서,202202,12.0,서울,,101,1.3464285714285715
강동소방서,202202,13.0,서울,,108,2.382142857142857
강동소방서,202202,14.0,서울,,102,2.996428571428571
강동소방서,202202,15.0,서울,,95,3.0821428571428577
강동소방서,202202,16.0,서울,,116,3.017857142857143
강동소방서,202202,17.0,서울,,95,2.560714285714286
강동소방서,202202,18.0,서울,,88,1.3678571428571429
강동소방서,202202,19.0,서울,,96,0.4285714285714285
강동소방서,202202,20.0,서울,,105,-0.3821428571428572
강동소방서,202202,21.0,서울,,102,-1.0285714285714285
강동소방서,202202,22.0,서울,,90,-1.6071428571428572
강동소방서,202202,23.0,서울,,90,-2.032142857142857
강동소방서,202203,0.0,서울,20.0,96,6.025806451612904
강동소방서,202203,1.0,서울,14.0,83,5.616129032258065
강동소방서,202203,2.0,서울,9.0,58,5.261290322580645
강동소방서,202203,3.0,서울,12.0,64,4.896774193548388
강동소방서,202203,4.0,서울,11.0,61,4.596774193548387
강동소방서,202203,5.0,서울,18.0,52,4.283870967741936
강동소방서,202203,6.0,서울,14.0,60,4.048387096774194
강동소방서,202203,7.0,서울,22.0,93,3.938709677419354
강동소방서,202203,8.0,서울,37.0,137,4.422580645161291
강동소방서,202203,9.0,서울,59.0,134,5.861290322580645
강동소방서,202203,10.0,서울,28.0,151,7.390322580645161
강동소방서,202203,11.0,서울,36.0,121,8.896774193548387
강동소방서,202203,12.0,서울,39.0,122,10.251612903225809
강동소방서,202203,13.0,서울,19.0,126,11.03225806451613
강동소방서,202203,14.0,서울,36.0,145,11.62258064516129
강동소방서,202203,15.0,서울,38.0,127,11.890322580645162
강동소방서,202203,16.0,서울,29.0,115,11.893548387096772
강동소방서,202203,17.0,서울,26.0,122,11.361290322580643
강동소방서,202203,18.0,서울,17.0,125,10.493548387096777
강동소방서,202203,19.0,서울,26.0,141,9.35483870967742
강동소방서,202203,20.0,서울,44.0,118,8.458064516129031
강동소방서,202203,21.0,서울,33.0,113,7.664516129032258
강동소방서,202203,22.0,서울,30.0,119,7.006451612903225
강동소방서,202203,23.0,서울,18.0,113,6.516129032258065
강동소방서,202204,0.0,서울,79.0,93,12.53
강동소방서,202204,1.0,서울,66.0,66,12.113333333333332
강동소방서,202204,2.0,서울,75.0,75,11.68
강동소방서,202204,3.0,서울,54.0,43,11.296666666666663
강동소방서,202204,4.0,서울,67.0,55,10.966666666666669
강동소방서,202204,5.0,서울,62.0,49,10.663333333333332
강동소방서,202204,6.0,서울,67.0,52,10.4
강동소방서,202204,7.0,서울,109.0,80,10.503333333333334
강동소방서,202204,8.0,서울,88.0,80,11.713333333333331
강동소방서,202204,9.0,서울,166.0,105,13.46
강동소방서,202204,10.0,서울,168.0,123,15.25
강동소방서,202204,11.0,서울,132.0,103,16.936666666666667
강동소방서,202204,12.0,서울,100.0,81,18.176666666666662
강동소방서,202204,13.0,서울,136.0,125,19.146666666666665
강동소방서,202204,14.0,서울,96.0,86,19.85333333333333
강동소방서,202204,15.0,서울,131.0,113,19.96
강동소방서,202204,16.0,서울,148.0,118,19.676666666666662
강동소방서,202204,17.0,서울,113.0,88,18.916666666666668
강동소방서,202204,18.0,서울,130.0,111,17.709999999999997
강동소방서,202204,19.0,서울,113.0,104,16.14
강동소방서,202204,20.0,서울,125.0,101,15.083333333333334
강동소방서,202204,21.0,서울,132.0,125,14.396666666666668
강동소방서,202204,22.0,서울,115.0,115,13.683333333333334
강동소방서,202204,23.0,서울,90.0,87,13.123333333333331
강동소방서,202205,0.0,서울,66.0,80,16.45806451612903
강동소방서,202205,1.0,서울,77.0,80,15.98709677419355
강동소방서,202205,2.0,서울,58.0,46,15.567741935483872
강동소방서,202205,3.0,서울,45.0,46,15.151612903225804
강동소방서,202205,4.0,서울,37.0,32,14.816129032258065
강동소방서,202205,5.0,서울,81.0,55,14.49032258064516
강동소방서,202205,6.0,서울,65.0,59,14.358064516129032
강동소방서,202205,7.0,서울,102.0,78,14.958064516129031
강동소방서,202205,8.0,서울,145.0,106,16.76774193548387
강동소방서,202205,9.0,서울,138.0,114,18.493548387096773
강동소방서,202205,10.0,서울,131.0,107,20.04516129032258
강동소방서,202205,11.0,서울,147.0,114,21.59354838709677
강동소방서,202205,12.0,서울,99.0,75,22.906451612903226
강동소방서,202205,13.0,서울,98.0,83,23.89032258064516
강동소방서,202205,14.0,서울,109.0,98,24.33225806451613
강동소방서,202205,15.0,서울,92.0,84,24.45483870967742
강동소방서,202205,16.0,서울,103.0,96,24.26774193548387
강동소방서,202205,17.0,서울,122.0,107,23.516129032258064
강동소방서,202205,18.0,서울,113.0,103,22.364516129032257
강동소방서,202205,19.0,서울,121.0,98,20.82903225806452
강동소방서,202205,20.0,서울,109.0,106,19.42903225806452
강동소방서,202205,21.0,서울,86.0,83,18.52258064516129
강동소방서,202205,22.0,서울,86.0,98,17.893548387096775
강동소방서,202205,23.0,서울,93.0,97,17.24516129032258
강동소방서,202206,0.0,서울,85.0,93,21.796666666666667
강동소방서,202206,1.0,서울,54.0,52,21.46333333333333
강동소방서,202206,2.0,서울,66.0,62,21.14333333333333
강동소방서,202206,3.0,서울,51.0,66,20.8
강동소방서,202206,4.0,서울,51.0,50,20.613333333333333
강동소방서,202206,5.0,서울,67.0,65,20.376666666666665
강동소방서,202206,6.0,서울,99.0,67,20.25333333333333
강동소방서,202206,7.0,서울,88.0,68,20.703333333333333
강동소방서,202206,8.0,서울,106.0,93,21.696666666666665
강동소방서,202206,9.0,서울,133.0,103,22.75
강동소방서,202206,10.0,서울,131.0,110,23.83
강동소방서,202206,11.0,서울,103.0,94,24.926666666666662
강동소방서,202206,12.0,서울,130.0,102,25.69
강동소방서,202206,13.0,서울,147.0,106,26.12
강동소방서,202206,14.0,서울,121.0,94,26.183333333333334
강동소방서,202206,15.0,서울,87.0,86,26.256666666666668
강동소방서,202206,16.0,서울,106.0,96,26.12333333333333
강동소방서,202206,17.0,서울,106.0,110,25.966666666666665
강동소방서,202206,18.0,서울,125.0,107,25.61
강동소방서,202206,19.0,서울,107.0,100,24.886666666666667
강동소방서,202206,20.0,서울,118.0,114,23.923333333333336
강동소방서,202206,21.0,서울,111.0,109,23.183333333333334
강동소방서,202206,22.0,서울,74.0,73,22.683333333333334
강동소방서,202206,23.0,서울,88.0,95,22.293333333333333
강동소방서,202207,0.0,서울,101.0,103,25.967741935483872
강동소방서,202207,1.0,서울,56.0,69,25.69032258064516
강동소방서,202207,2.0,서울,70.0,68,25.370967741935484
강동소방서,202207,3.0,서울,70.0,64,25.09354838709677
강동소방서,202207,4.0,서울,73.0,65,24.874193548387098
강동소방서,202207,5.0,서울,95.0,64,24.65806451612903
강동소방서,202207,6.0,서울,90.0,76,24.59032258064516
강동소방서,202207,7.0,서울,107.0,83,24.86774193548387
강동소방서,202207,8.0,서울,152.0,113,25.65483870967742
강동소방서,202207,9.0,서울,147.0,123,26.65806451612903
강동소방서,202207,10.0,서울,164.0,120,27.62903225806452
강동소방서,202207,11.0,서울,128.0,123,28.55161290322581
강동소방서,202207,12.0,서울,136.0,126,29.135483870967743
강동소방서,202207,13.0,서울,149.0,118,29.67419354838709
강동소방서,202207,14.0,서울,102.0,96,30.04516129032258
강동소방서,202207,15.0,서울,131.0,121,30.18387096774193
강동소방서,202207,16.0,서울,140.0,115,30.31935483870968
강동소방서,202207,17.0,서울,106.0,109,29.98064516129032
강동소방서,202207,18.0,서울,130.0,116,29.416129032258063
강동소방서,202207,19.0,서울,122.0,103,28.80322580645161
강동소방서,202207,20.0,서울,118.0,128,27.9741935483871
강동소방서,202207,21.0,서울,142.0,120,27.38387096774193
강동소방서,202207,22.0,서울,115.0,121,26.80967741935484
강동소방서,202207,23.0,서울,101.0,92,26.40967741935484
강동소방서,202208,0.0,서울,96.0,92,24.85483870967742
강동소방서,202208,1.0,서울,73.0,74,24.641935483870967
강동소방서,202208,2.0,서울,63.0,74,24.4
강동소방서,202208,3.0,서울,68.0,65,24.203225806451613
강동소방서,202208,4.0,서울,75.0,61,23.94516129032258
강동소방서,202208,5.0,서울,87.0,83,23.77741935483871
강동소방서,202208,6.0,서울,100.0,82,23.62903225806452
강동소방서,202208,7.0,서울,119.0,88,23.664516129032258
강동소방서,202208,8.0,서울,188.0,142,24.23225806451613
강동소방서,202208,9.0,서울,184.0,132,24.870967741935484
강동소방서,202208,10.0,서울,136.0,107,25.60967741935484
강동소방서,202208,11.0,서울,135.0,115,26.483870967741936
강동소방서,202208,12.0,서울,125.0,105,27.12258064516129
강동소방서,202208,13.0,서울,148.0,138,27.529032258064515
강동소방서,202208,14.0,서울,142.0,122,27.95483870967742
강동소방서,202208,15.0,서울,98.0,116,28.09032258064516
강동소방서,202208,16.0,서울,93.0,99,28.067741935483877
강동소방서,202208,17.0,서울,119.0,127,27.932258064516127
강동소방서,202208,18.0,서울,133.0,124,27.47741935483871
강동소방서,202208,19.0,서울,121.0,112,26.774193548387096
강동소방서,202208,20.0,서울,112.0,119,26.19032258064516
강동소방서,202208,21.0,서울,114.0,118,25.8
강동소방서,202208,22.0,서울,122.0,137,25.36774193548387
강동소방서,202208,23.0,서울,91.0,95,24.993548387096773
강동소방서,202209,0.0,서울,71.0,106,20.85
강동소방서,202209,1.0,서울,61.0,68,20.42
강동소방서,202209,2.0,서울,61.0,63,19.946666666666665
강동소방서,202209,3.0,서울,64.0,61,19.586666666666662
강동소방서,202209,4.0,서울,60.0,52,19.27
강동소방서,202209,5.0,서울,74.0,56,18.95
강동소방서,202209,6.0,서울,100.0,68,18.66
강동소방서,202209,7.0,서울,89.0,76,18.57
강동소방서,202209,8.0,서울,118.0,98,19.6
강동소방서,202209,9.0,서울,163.0,108,21.016666666666666
강동소방서,202209,10.0,서울,124.0,115,22.49333333333333
강동소방서,202209,11.0,서울,122.0,100,23.8
강동소방서,202209,12.0,서울,115.0,103,24.7
강동소방서,202209,13.0,서울,124.0,99,25.58
강동소방서,202209,14.0,서울,117.0,96,26.18
강동소방서,202209,15.0,서울,118.0,107,26.59
강동소방서,202209,16.0,서울,130.0,111,26.57
강동소방서,202209,17.0,서울,89.0,92,26.10666666666667
강동소방서,202209,18.0,서울,133.0,122,25.066666666666663
강동소방서,202209,19.0,서울,106.0,104,23.863333333333333
강동소방서,202209,20.0,서울,109.0,95,23.03666666666667
강동소방서,202209,21.0,서울,123.0,100,22.35
강동소방서,202209,22.0,서울,116.0,123,21.790000000000003
강동소방서,202209,23.0,서울,88.0,100,21.28
강동소방서,202210,0.0,서울,88.0,85,13.04516129032258
강동소방서,202210,1.0,서울,55.0,62,12.658064516129032
강동소방서,202210,2.0,서울,51.0,48,12.338709677419354
강동소방서,202210,3.0,서울,60.0,56,12.077419354838709
강동소방서,202210,4.0,서울,76.0,55,11.758064516129032
강동소방서,202210,5.0,서울,59.0,50,11.44516129032258
강동소방서,202210,6.0,서울,78.0,69,11.174193548387096
강동소방서,202210,7.0,서울,98.0,84,10.880645161290325
강동소방서,202210,8.0,서울,107.0,91,11.206451612903225
강동소방서,202210,9.0,서울,176.0,108,12.906451612903227
강동소방서,202210,10.0,서울,142.0,121,14.616129032258064
강동소방서,202210,11.0,서울,121.0,87,16.16774193548387
강동소방서,202210,12.0,서울,116.0,95,17.40967741935484
강동소방서,202210,13.0,서울,130.0,117,18.26451612903226
강동소방서,202210,14.0,서울,119.0,102,18.85483870967742
강동소방서,202210,15.0,서울,128.0,111,19.148387096774197
강동소방서,202210,16.0,서울,102.0,101,18.81290322580645
강동소방서,202210,17.0,서울,149.0,114,18.0258064516129
강동소방서,202210,18.0,서울,123.0,120,16.635483870967743
강동소방서,202210,19.0,서울,95.0,89,15.59032258064516
강동소방서,202210,20.0,서울,124.0,130,14.83548387096774
강동소방서,202210,21.0,서울,124.0,133,14.261290322580644
강동소방서,202210,22.0,서울,125.0,104,13.729032258064516
강동소방서,202210,23.0,서울,87.0,77,13.270967741935484
강동소방서,202211,0.0,서울,61.0,75,9.036666666666669
강동소방서,202211,1.0,서울,69.0,67,8.636666666666667
강동소방서,202211,2.0,서울,70.0,65,8.26
강동소방서,202211,3.0,서울,47.0,50,7.9
강동소방서,202211,4.0,서울,63.0,46,7.603333333333333
강동소방서,202211,5.0,서울,85.0,65,7.366666666666666
강동소방서,202211,6.0,서울,71.0,55,7.17
강동소방서,202211,7.0,서울,81.0,68,7.003333333333333
강동소방서,202211,8.0,서울,113.0,101,7.02
강동소방서,202211,9.0,서울,170.0,113,8.116666666666667
강동소방서,202211,10.0,서울,149.0,119,10.016666666666667
강동소방서,202211,11.0,서울,146.0,102,11.726666666666668
강동소방서,202211,12.0,서울,110.0,108,12.98
강동소방서,202211,13.0,서울,142.0,101,13.826666666666666
강동소방서,202211,14.0,서울,106.0,83,14.236666666666668
강동소방서,202211,15.0,서울,115.0,87,14.216666666666669
강동소방서,202211,16.0,서울,159.0,131,13.936666666666667
강동소방서,202211,17.0,서울,126.0,89,12.86
강동소방서,202211,18.0,서울,129.0,110,11.7
강동소방서,202211,19.0,서울,111.0,99,10.896666666666668
강동소방서,202211,20.0,서울,130.0,125,10.353333333333332
강동소방서,202211,21.0,서울,115.0,110,9.753333333333332
강동소방서,202211,22.0,서울,124.0,119,9.28
강동소방서,202211,23.0,서울,78.0,95,8.776666666666667
강동소방서,202212,0.0,서울,89.0,109,-4.009677419354839
강동소방서,202212,1.0,서울,75.0,90,-4.338709677419355
강동소방서,202212,2.0,서울,59.0,60,-4.590322580645162
강동소방서,202212,3.0,서울,53.0,52,-4.854838709677419
강동소방서,202212,4.0,서울,65.0,44,-4.980645161290322
강동소방서,202212,5.0,서울,63.0,58,-5.122580645161291
강동소방서,202212,6.0,서울,73.0,58,-5.248387096774194
강동소방서,202212,7.0,서울,88.0,79,-5.506451612903225
강동소방서,202212,8.0,서울,126.0,106,-5.696774193548387
강동소방서,202212,9.0,서울,156.0,120,-5.148387096774194
강동소방서,202212,10.0,서울,151.0,111,-3.487096774193548
강동소방서,202212,11.0,서울,128.0,97,-1.967741935483871
강동소방서,202212,12.0,서울,146.0,111,-0.8290322580645161
강동소방서,202212,13.0,서울,134.0,103,0.2387096774193549
강동소방서,202212,14.0,서울,112.0,115,0.8451612903225806
강동소방서,202212,15.0,서울,135.0,116,0.9612903225806452
강동소방서,202212,16.0,서울,136.0,108,0.832258064516129
강동소방서,202212,17.0,서울,143.0,123,-0.2096774193548387
강동소방서,202212,18.0,서울,121.0,102,-1.0806451612903225
강동소방서,202212,19.0,서울,109.0,122,-1.6483870967741936
강동소방서,202212,20.0,서울,143.0,122,-2.1129032258064515
강동소방서,202212,21.0,서울,107.0,112,-2.6516129032258067
강동소방서,202212,22.0,서울,120.0,138,-3.05483870967742
강동소방서,202212,23.0,서울,89.0,101,-3.42258064516129
강동소방서,202301,0.0,서울,93.0,106,-2.532258064516129
강동소방서,202301,1.0,서울,60.0,67,-2.864516129032258
강동소방서,202301,2.0,서울,69.0,52,-3.170967741935484
강동소방서,202301,3.0,서울,46.0,46,-3.396774193548387
강동소방서,202301,4.0,서울,60.0,59,-3.5903225806451613
강동소방서,202301,5.0,서울,62.0,58,-3.7903225806451615
강동소방서,202301,6.0,서울,62.0,56,-4.019354838709678
강동소방서,202301,7.0,서울,113.0,83,-4.164516129032258
강동소방서,202301,8.0,서울,115.0,87,-4.432258064516129
강동소방서,202301,9.0,서울,151.0,117,-3.983870967741936
강동소방서,202301,10.0,서울,134.0,113,-2.480645161290323
강동소방서,202301,11.0,서울,148.0,112,-1.0612903225806454
강동소방서,202301,12.0,서울,108.0,108,0.0806451612903226
강동소방서,202301,13.0,서울,120.0,89,1.0129032258064516
강동소방서,202301,14.0,서울,115.0,82,1.8645161290322585
강동소방서,202301,15.0,서울,135.0,107,2.177419354838709
강동소방서,202301,16.0,서울,102.0,90,2.2290322580645165
강동소방서,202301,17.0,서울,118.0,101,1.532258064516129
강동소방서,202301,18.0,서울,131.0,111,0.4774193548387097
강동소방서,202301,19.0,서울,92.0,96,-0.1741935483870968
강동소방서,202301,20.0,서울,93.0,95,-0.6903225806451613
강동소방서,202301,21.0,서울,79.0,91,-1.1709677419354838
강동소방서,202301,22.0,서울,106.0,108,-1.570967741935484
강동소방서,202301,23.0,서울,75.0,84,-1.964516129032258
강동소방서,202302,0.0,서울,63.0,71,0.8357142857142856
강동소방서,202302,1.0,서울,73.0,84,0.4678571428571429
강동소방서,202302,2.0,서울,71.0,67,0.1785714285714285
강동소방서,202302,3.0,서울,31.0,30,-0.1392857142857143
강동소방서,202302,4.0,서울,43.0,42,-0.4178571428571428
강동소방서,202302,5.0,서울,47.0,46,-0.6178571428571429
강동소방서,202302,6.0,서울,76.0,56,-0.85
강동소방서,202302,7.0,서울,81.0,60,-1.0357142857142858
강동소방서,202302,8.0,서울,116.0,82,-1.0571428571428572
강동소방서,202302,9.0,서울,134.0,103,-0.0249999999999999
강동소방서,202302,10.0,서울,119.0,79,1.6107142857142858
강동소방서,202302,11.0,서울,137.0,101,3.1785714285714284
강동소방서,202302,12.0,서울,113.0,88,4.575
강동소방서,202302,13.0,서울,96.0,77,5.675
강동소방서,202302,14.0,서울,141.0,117,6.4
강동소방서,202302,15.0,서울,98.0,89,6.803571428571429
강동소방서,202302,16.0,서울,107.0,91,6.839285714285714
강동소방서,202302,17.0,서울,95.0,88,6.217857142857143
강동소방서,202302,18.0,서울,111.0,95,4.8500000000000005
강동소방서,202302,19.0,서울,105.0,97,3.7142857142857135
강동소방서,202302,20.0,서울,84.0,85,2.907142857142857
강동소방서,202302,21.0,서울,90.0,94,2.2857142857142856
강동소방서,202302,22.0,서울,94.0,91,1.6892857142857145
강동소방서,202302,23.0,서울,63.0,65,1.2642857142857142
강동소방서,202303,0.0,서울,81.0,104,7.629032258064516
강동소방서,202303,1.0,서울,66.0,74,7.103225806451612
강동소방서,202303,2.0,서울,48.0,52,6.606451612903226
강동소방서,202303,3.0,서울,52.0,58,6.229032258064516
강동소방서,202303,4.0,서울,56.0,47,5.919354838709677
강동소방서,202303,5.0,서울,44.0,33,5.706451612903226
강동소방서,202303,6.0,서울,60.0,50,5.306451612903226
강동소방서,202303,7.0,서울,113.0,78,5.112903225806452
강동소방서,202303,8.0,서울,115.0,94,5.761290322580645
강동소방서,202303,9.0,서울,133.0,112,7.664516129032258
강동소방서,202303,10.0,서울,140.0,128,9.819354838709677
강동소방서,202303,11.0,서울,121.0,104,11.67741935483871
강동소방서,202303,12.0,서울,83.0,89,13.109677419354838
강동소방서,202303,13.0,서울,127.0,102,14.403225806451612
강동소방서,202303,14.0,서울,147.0,119,15.058064516129033
강동소방서,202303,15.0,서울,116.0,102,15.358064516129032
강동소방서,202303,16.0,서울,106.0,96,15.325806451612904
강동소방서,202303,17.0,서울,115.0,103,14.50967741935484
강동소방서,202303,18.0,서울,96.0,107,13.058064516129033
강동소방서,202303,19.0,서울,104.0,100,11.548387096774194
강동소방서,202303,20.0,서울,97.0,105,10.470967741935484
강동소방서,202303,21.0,서울,98.0,129,9.64516129032258
강동소방서,202303,22.0,서울,87.0,104,8.974193548387097
강동소방서,202303,23.0,서울,81.0,91,8.32258064516129
강동소방서,202304,0.0,서울,76.0,90,12.003333333333334
강동소방서,202304,1.0,서울,89.0,87,11.6
강동소방서,202304,2.0,서울,46.0,52,11.223333333333333
강동소방서,202304,3.0,서울,54.0,50,10.88
강동소방서,202304,4.0,서울,45.0,50,10.573333333333332
강동소방서,202304,5.0,서울,77.0,53,10.23
강동소방서,202304,6.0,서울,61.0,53,10.04
강동소방서,202304,7.0,서울,105.0,80,10.14
강동소방서,202304,8.0,서울,124.0,115,11.43
강동소방서,202304,9.0,서울,133.0,109,12.966666666666669
강동소방서,202304,10.0,서울,128.0,122,14.33
강동소방서,202304,11.0,서울,140.0,117,15.443333333333332
강동소방서,202304,12.0,서울,135.0,115,16.366666666666667
강동소방서,202304,13.0,서울,112.0,107,17.186666666666667
강동소방서,202304,14.0,서울,113.0,106,17.66
강동소방서,202304,15.0,서울,99.0,113,18.09333333333333
강동소방서,202304,16.0,서울,127.0,119,18.013333333333332
강동소방서,202304,17.0,서울,96.0,104,17.57
강동소방서,202304,18.0,서울,90.0,103,16.576666666666668
강동소방서,202304,19.0,서울,113.0,113,15.27
강동소방서,202304,20.0,서울,108.0,128,14.183333333333334
강동소방서,202304,21.0,서울,94.0,94,13.47
강동소방서,202304,22.0,서울,102.0,119,12.843333333333334
강동소방서,202304,23.0,서울,99.0,100,12.366666666666667
강동소방서,202305,0.0,서울,92.0,103,17.33225806451613
강동소방서,202305,1.0,서울,54.0,68,16.780645161290323
강동소방서,202305,2.0,서울,68.0,57,16.322580645161292
강동소방서,202305,3.0,서울,38.0,52,15.870967741935484
강동소방서,202305,4.0,서울,71.0,55,15.441935483870967
강동소방서,202305,5.0,서울,68.0,66,15.138709677419357
강동소방서,202305,6.0,서울,87.0,65,14.96774193548387
강동소방서,202305,7.0,서울,112.0,85,15.474193548387095
강동소방서,202305,8.0,서울,138.0,115,17.103225806451615
강동소방서,202305,9.0,서울,150.0,118,18.774193548387096
강동소방서,202305,10.0,서울,132.0,141,20.33225806451613
강동소방서,202305,11.0,서울,101.0,93,21.661290322580644
강동소방서,202305,12.0,서울,137.0,131,22.716129032258067
강동소방서,202305,13.0,서울,118.0,97,23.68064516129032
강동소방서,202305,14.0,서울,151.0,150,24.212903225806453
강동소방서,202305,15.0,서울,108.0,109,24.083870967741937
강동소방서,202305,16.0,서울,99.0,104,23.97741935483871
강동소방서,202305,17.0,서울,137.0,118,23.59354838709677
강동소방서,202305,18.0,서울,132.0,115,22.69032258064516
강동소방서,202305,19.0,서울,136.0,139,21.538709677419355
강동소방서,202305,20.0,서울,120.0,128,20.26451612903226
강동소방서,202305,21.0,서울,110.0,120,19.387096774193548
강동소방서,202305,22.0,서울,93.0,113,18.741935483870968
강동소방서,202305,23.0,서울,113.0,117,18.12903225806452
강동소방서,202306,0.0,서울,85.0,99,21.703333333333333
강동소방서,202306,1.0,서울,61.0,70,21.336666666666662
강동소방서,202306,2.0,서울,44.0,60,20.966666666666665
강동소방서,202306,3.0,서울,57.0,57,20.633333333333333
강동소방서,202306,4.0,서울,29.0,32,20.44333333333333
강동소방서,202306,5.0,서울,55.0,51,20.216666666666665
강동소방서,202306,6.0,서울,81.0,58,20.07
강동소방서,202306,7.0,서울,93.0,86,20.540000000000003
강동소방서,202306,8.0,서울,120.0,90,21.56
강동소방서,202306,9.0,서울,144.0,111,22.74333333333333
강동소방서,202306,10.0,서울,125.0,116,23.790000000000003
강동소방서,202306,11.0,서울,101.0,98,24.74
강동소방서,202306,12.0,서울,114.0,98,25.52
강동소방서,202306,13.0,서울,120.0,105,26.126666666666665
강동소방서,202306,14.0,서울,111.0,111,26.57
강동소방서,202306,15.0,서울,121.0,125,26.74
강동소방서,202306,16.0,서울,104.0,99,26.76
강동소방서,202306,17.0,서울,111.0,108,26.61
강동소방서,202306,18.0,서울,86.0,96,26.12333333333333
강동소방서,202306,19.0,서울,113.0,107,25.203333333333333
강동소방서,202306,20.0,서울,122.0,114,24.116666666666667
강동소방서,202306,21.0,서울,90.0,135,23.366666666666667
강동소방서,202306,22.0,서울,101.0,126,22.80666666666667
강동소방서,202306,23.0,서울,72.0,94,22.34333333333333
강동소방서,202307,0.0,서울,71.0,87,25.461290322580645
강동소방서,202307,1.0,서울,93.0,96,25.22903225806452
강동소방서,202307,2.0,서울,49.0,70,25.032258064516128
강동소방서,202307,3.0,서울,44.0,66,24.835483870967742
강동소방서,202307,4.0,서울,48.0,56,24.638709677419357
강동소방서,202307,5.0,서울,67.0,70,24.490322580645163
강동소방서,202307,6.0,서울,68.0,60,24.351612903225806
강동소방서,202307,7.0,서울,79.0,78,24.62903225806452
강동소방서,202307,8.0,서울,122.0,107,25.316129032258065
강동소방서,202307,9.0,서울,135.0,110,26.283870967741933
강동소방서,202307,10.0,서울,144.0,128,27.061290322580643
강동소방서,202307,11.0,서울,131.0,114,27.75483870967742
강동소방서,202307,12.0,서울,123.0,135,28.39032258064516
강동소방서,202307,13.0,서울,134.0,127,28.88387096774193
강동소방서,202307,14.0,서울,86.0,102,29.20967741935484
강동소방서,202307,15.0,서울,115.0,121,29.296774193548387
강동소방서,202307,16.0,서울,112.0,110,29.16774193548387
강동소방서,202307,17.0,서울,140.0,126,29.061290322580643
강동소방서,202307,18.0,서울,113.0,106,28.483870967741936
강동소방서,202307,19.0,서울,111.0,120,27.638709677419357
강동소방서,202307,20.0,서울,108.0,113,26.89032258064516
강동소방서,202307,21.0,서울,107.0,114,26.387096774193548
강동소방서,202307,22.0,서울,110.0,132,26.048387096774192
강동소방서,202307,23.0,서울,111.0,124,25.780645161290323
강동소방서,202308,0.0,서울,76.0,90,26.141935483870967
강동소방서,202308,1.0,서울,91.0,105,25.858064516129037
강동소방서,202308,2.0,서울,54.0,70,25.61935483870968
강동소방서,202308,3.0,서울,70.0,59,25.38064516129032
강동소방서,202308,4.0,서울,50.0,52,25.164516129032258
강동소방서,202308,5.0,서울,59.0,63,24.95483870967742
강동소방서,202308,6.0,서울,80.0,66,24.83870967741936
강동소방서,202308,7.0,서울,99.0,83,24.96451612903226
강동소방서,202308,8.0,서울,152.0,124,25.712903225806453
강동소방서,202308,9.0,서울,134.0,116,26.62258064516129
강동소방서,202308,10.0,서울,189.0,133,27.55483870967742
강동소방서,202308,11.0,서울,119.0,112,28.3
강동소방서,202308,12.0,서울,135.0,115,28.88387096774193
강동소방서,202308,13.0,서울,127.0,126,29.416129032258063
강동소방서,202308,14.0,서울,129.0,110,29.89032258064516
강동소방서,202308,15.0,서울,111.0,106,29.86451612903226
강동소방서,202308,16.0,서울,154.0,130,29.60967741935484
강동소방서,202308,17.0,서울,132.0,126,29.41935483870968
강동소방서,202308,18.0,서울,142.0,127,28.92903225806452
강동소방서,202308,19.0,서울,125.0,130,28.251612903225805
강동소방서,202308,20.0,서울,94.0,97,27.50967741935484
강동소방서,202308,21.0,서울,109.0,114,26.983870967741936
강동소방서,202308,22.0,서울,95.0,119,26.60322580645161
강동소방서,202308,23.0,서울,75.0,88,26.25483870967742
강동소방서,202309,0.0,서울,76.0,87,22.50333333333333
강동소방서,202309,1.0,서울,51.0,62,22.16333333333333
강동소방서,202309,2.0,서울,72.0,86,21.816666666666663
강동소방서,202309,3.0,서울,61.0,63,21.526666666666664
강동소방서,202309,4.0,서울,49.0,48,21.21333333333333
강동소방서,202309,5.0,서울,74.0,61,20.933333333333334
강동소방서,202309,6.0,서울,102.0,82,20.676666666666662
강동소방서,202309,7.0,서울,104.0,95,20.666666666666668
강동소방서,202309,8.0,서울,125.0,93,21.446666666666665
강동소방서,202309,9.0,서울,137.0,123,22.66333333333333
강동소방서,202309,10.0,서울,171.0,136,23.72
강동소방서,202309,11.0,서울,139.0,130,24.876666666666665
강동소방서,202309,12.0,서울,114.0,105,25.75
강동소방서,202309,13.0,서울,142.0,121,26.28
강동소방서,202309,14.0,서울,127.0,113,26.716666666666665
강동소방서,202309,15.0,서울,93.0,93,26.976666666666667
강동소방서,202309,16.0,서울,99.0,102,26.953333333333333
강동소방서,202309,17.0,서울,88.0,108,26.563333333333333
강동소방서,202309,18.0,서울,103.0,112,25.75333333333333
강동소방서,202309,19.0,서울,117.0,131,24.73
강동소방서,202309,20.0,서울,86.0,123,24.03666666666667
강동소방서,202309,21.0,서울,92.0,108,23.543333333333333
강동소방서,202309,22.0,서울,82.0,103,23.086666666666662
강동소방서,202309,23.0,서울,76.0,101,22.66333333333333
강동소방서,202310,0.0,서울,72.0,83,14.212903225806452
강동소방서,202310,1.0,서울,63.0,79,13.696774193548388
강동소방서,202310,2.0,서울,62.0,57,13.306451612903226
강동소방서,202310,3.0,서울,53.0,70,12.941935483870967
강동소방서,202310,4.0,서울,41.0,37,12.606451612903228
강동소방서,202310,5.0,서울,47.0,39,12.370967741935484
강동소방서,202310,6.0,서울,75.0,67,12.13548387096774
강동소방서,202310,7.0,서울,80.0,77,11.925806451612903
강동소방서,202310,8.0,서울,152.0,111,12.448387096774193
강동소방서,202310,9.0,서울,135.0,93,13.983870967741936
강동소방서,202310,10.0,서울,135.0,112,15.725806451612904
강동소방서,202310,11.0,서울,137.0,105,17.26774193548387
강동소방서,202310,12.0,서울,137.0,130,18.693548387096776
강동소방서,202310,13.0,서울,101.0,108,19.548387096774192
강동소방서,202310,14.0,서울,126.0,108,20.40322580645161
강동소방서,202310,15.0,서울,123.0,118,20.561290322580643
강동소방서,202310,16.0,서울,124.0,120,20.23225806451613
강동소방서,202310,17.0,서울,96.0,88,19.364516129032257
강동소방서,202310,18.0,서울,106.0,119,18.041935483870965
강동소방서,202310,19.0,서울,90.0,111,17.048387096774192
강동소방서,202310,20.0,서울,108.0,95,16.34193548387097
강동소방서,202310,21.0,서울,92.0,102,15.729032258064516
강동소방서,202310,22.0,서울,74.0,92,15.14516129032258
강동소방서,202310,23.0,서울,94.0,99,14.693548387096774
강동소방서,202311,0.0,서울,62.0,63,6.166666666666667
강동소방서,202311,1.0,서울,37.0,38,5.826666666666667
강동소방서,202311,2.0,서울,63.0,50,5.466666666666667
강동소방서,202311,3.0,서울,50.0,50,5.1066666666666665
강동소방서,202311,4.0,서울,47.0,38,4.8
강동소방서,202311,5.0,서울,50.0,39,4.553333333333333
강동소방서,202311,6.0,서울,70.0,57,4.29
강동소방서,202311,7.0,서울,99.0,72,3.966666666666667
강동소방서,202311,8.0,서울,134.0,110,3.9766666666666666
강동소방서,202311,9.0,서울,150.0,122,4.946666666666667
강동소방서,202311,10.0,서울,120.0,106,6.463333333333334
강동소방서,202311,11.0,서울,106.0,90,7.773333333333331
강동소방서,202311,12.0,서울,135.0,105,8.85
강동소방서,202311,13.0,서울,110.0,97,9.75
강동소방서,202311,14.0,서울,112.0,81,10.436666666666667
강동소방서,202311,15.0,서울,128.0,108,10.73
강동소방서,202311,16.0,서울,100.0,84,10.443333333333332
강동소방서,202311,17.0,서울,104.0,103,9.353333333333332
강동소방서,202311,18.0,서울,115.0,92,8.426666666666668
강동소방서,202311,19.0,서울,106.0,124,7.773333333333331
강동소방서,202311,20.0,서울,82.0,90,7.16
강동소방서,202311,21.0,서울,92.0,98,6.6033333333333335
강동소방서,202311,22.0,서울,79.0,97,6.17
강동소방서,202311,23.0,서울,71.0,82,5.806666666666668
강동소방서,202312,0.0,서울,64.0,79,0.3516129032258063
강동소방서,202312,1.0,서울,63.0,77,0.0516129032258063
강동소방서,202312,2.0,서울,77.0,67,-0.232258064516129
강동소방서,202312,3.0,서울,56.0,60,-0.5580645161290322
강동소방서,202312,4.0,서울,52.0,51,-0.864516129032258
강동소방서,202312,5.0,서울,51.0,55,-1.0
강동소방서,202312,6.0,서울,81.0,71,-1.1741935483870969
강동소방서,202312,7.0,서울,109.0,78,-1.270967741935484
강동소방서,202312,8.0,서울,129.0,112,-1.3580645161290326
강동소방서,202312,9.0,서울,156.0,131,-0.8806451612903227
강동소방서,202312,10.0,서울,153.0,125,0.3225806451612903
강동소방서,202312,11.0,서울,154.0,114,1.532258064516129
강동소방서,202312,12.0,서울,97.0,95,2.5354838709677416
강동소방서,202312,13.0,서울,142.0,115,3.512903225806452
강동소방서,202312,14.0,서울,128.0,111,4.0032258064516135
강동소방서,202312,15.0,서울,138.0,102,4.33225806451613
강동소방서,202312,16.0,서울,127.0,115,4.135483870967741
강동소방서,202312,17.0,서울,129.0,99,3.429032258064516
강동소방서,202312,18.0,서울,133.0,125,2.648387096774193
강동소방서,202312,19.0,서울,141.0,113,2.193548387096774
강동소방서,202312,20.0,서울,100.0,110,1.8516129032258064
강동소방서,202312,21.0,서울,124.0,132,1.4516129032258065
강동소방서,202312,22.0,서울,89.0,94,1.032258064516129
강동소방서,202312,23.0,서울,89.0,82,0.7258064516129032
강동소방서,202401,0.0,서울,65.0,77,-1.3516129032258066
강동소방서,202401,1.0,서울,66.0,64,-1.664516129032258
강동소방서,202401,2.0,서울,55.0,57,-1.8935483870967744
강동소방서,202401,3.0,서울,47.0,48,-2.1548387096774198
강동소방서,202401,4.0,서울,34.0,34,-2.403225806451613
강동소방서,202401,5.0,서울,63.0,56,-2.583870967741935
강동소방서,202401,6.0,서울,59.0,47,-2.7870967741935484
강동소방서,202401,7.0,서울,96.0,83,-2.929032258064516
강동소방서,202401,8.0,서울,126.0,115,-3.019354838709677
강동소방서,202401,9.0,서울,129.0,107,-2.5870967741935487
강동소방서,202401,10.0,서울,110.0,98,-1.2838709677419355
강동소방서,202401,11.0,서울,138.0,109,0.0580645161290323
강동소방서,202401,12.0,서울,108.0,91,1.1516129032258065
강동소방서,202401,13.0,서울,104.0,94,1.9838709677419355
강동소방서,202401,14.0,서울,96.0,99,2.438709677419354
강동소방서,202401,15.0,서울,97.0,87,2.867741935483872
강동소방서,202401,16.0,서울,90.0,84,2.9322580645161294
강동소방서,202401,17.0,서울,116.0,102,2.1806451612903226
강동소방서,202401,18.0,서울,98.0,101,1.229032258064516
강동소방서,202401,19.0,서울,114.0,109,0.5677419354838709
강동소방서,202401,20.0,서울,101.0,105,0.0290322580645161
강동소방서,202401,21.0,서울,77.0,92,-0.3709677419354839
강동소방서,202401,22.0,서울,86.0,97,-0.6741935483870969
강동소방서,202401,23.0,서울,83.0,106,-0.9741935483870968
강동소방서,202402,0.0,서울,115.0,78,2.813793103448276
강동소방서,202402,1.0,서울,103.0,69,2.527586206896552
강동소방서,202402,2.0,서울,67.0,46,2.1655172413793102
강동소방서,202402,3.0,서울,54.0,34,1.8827586206896552
강동소방서,202402,4.0,서울,63.0,40,1.6724137931034482
강동소방서,202402,5.0,서울,74.0,41,1.5551724137931036
강동소방서,202402,6.0,서울,75.0,36,1.389655172413793
강동소방서,202402,7.0,서울,129.0,63,1.2724137931034485
강동소방서,202402,8.0,서울,128.0,84,1.3344827586206898
강동소방서,202402,9.0,서울,184.0,102,2.127586206896552
강동소방서,202402,10.0,서울,144.0,91,3.4551724137931035
강동소방서,202402,11.0,서울,201.0,119,4.56551724137931
강동소방서,202402,12.0,서울,146.0,85,5.582758620689655
강동소방서,202402,13.0,서울,143.0,88,6.379310344827586
강동소방서,202402,14.0,서울,151.0,76,6.965517241379311
강동소방서,202402,15.0,서울,122.0,75,7.26551724137931
강동소방서,202402,16.0,서울,147.0,78,7.124137931034483
강동소방서,202402,17.0,서울,119.0,77,6.624137931034483
강동소방서,202402,18.0,서울,120.0,77,5.627586206896551
강동소방서,202402,19.0,서울,120.0,75,4.9
강동소방서,202402,20.0,서울,167.0,91,4.3517241379310345
강동소방서,202402,21.0,서울,158.0,104,3.886206896551724
강동소방서,202402,22.0,서울,146.0,86,3.475862068965517
강동소방서,202402,23.0,서울,102.0,65,3.079310344827586
강동소방서,202403,0.0,서울,92.0,78,5.267741935483872
강동소방서,202403,1.0,서울,60.0,66,4.916129032258064
강동소방서,202403,2.0,서울,60.0,55,4.564516129032258
강동소방서,202403,3.0,서울,47.0,53,4.209677419354839
강동소방서,202403,4.0,서울,43.0,48,3.883870967741936
강동소방서,202403,5.0,서울,58.0,43,3.606451612903226
강동소방서,202403,6.0,서울,53.0,57,3.274193548387097
강동소방서,202403,7.0,서울,88.0,59,3.161290322580645
강동소방서,202403,8.0,서울,129.0,104,3.696774193548387
강동소방서,202403,9.0,서울,135.0,92,5.174193548387097
강동소방서,202403,10.0,서울,98.0,89,6.67741935483871
강동소방서,202403,11.0,서울,104.0,91,8.1
강동소방서,202403,12.0,서울,126.0,117,9.338709677419354
강동소방서,202403,13.0,서울,98.0,92,10.261290322580646
강동소방서,202403,14.0,서울,128.0,116,10.851612903225806
강동소방서,202403,15.0,서울,114.0,98,11.264516129032256
강동소방서,202403,16.0,서울,102.0,101,11.183870967741935
강동소방서,202403,17.0,서울,101.0,96,10.803225806451612
강동소방서,202403,18.0,서울,100.0,109,9.796774193548387
강동소방서,202403,19.0,서울,133.0,106,8.570967741935483
강동소방서,202403,20.0,서울,79.0,78,7.709677419354839
강동소방서,202403,21.0,서울,94.0,106,7.02258064516129
강동소방서,202403,22.0,서울,66.0,80,6.435483870967742
강동소방서,202403,23.0,서울,79.0,95,5.95483870967742
강동소방서,202404,0.0,서울,83.0,94,13.933333333333334
강동소방서,202404,1.0,서울,54.0,59,13.533333333333331
강동소방서,202404,2.0,서울,51.0,50,13.133333333333333
강동소방서,202404,3.0,서울,31.0,41,12.84
강동소방서,202404,4.0,서울,68.0,64,12.563333333333333
강동소방서,202404,5.0,서울,60.0,58,12.356666666666666
강동소방서,202404,6.0,서울,70.0,54,12.116666666666667
강동소방서,202404,7.0,서울,113.0,94,12.226666666666668
강동소방서,202404,8.0,서울,136.0,103,13.376666666666669
강동소방서,202404,9.0,서울,113.0,108,14.886666666666668
강동소방서,202404,10.0,서울,112.0,94,16.513333333333332
강동소방서,202404,11.0,서울,96.0,87,18.03
강동소방서,202404,12.0,서울,97.0,95,19.30666666666667
강동소방서,202404,13.0,서울,121.0,106,20.46333333333333
강동소방서,202404,14.0,서울,100.0,101,21.39333333333333
강동소방서,202404,15.0,서울,110.0,90,21.636666666666667
강동소방서,202404,16.0,서울,108.0,100,21.47
강동소방서,202404,17.0,서울,109.0,114,20.883333333333333
강동소방서,202404,18.0,서울,96.0,104,19.76333333333333
강동소방서,202404,19.0,서울,69.0,77,18.2
강동소방서,202404,20.0,서울,111.0,116,16.843333333333334
강동소방서,202404,21.0,서울,85.0,96,15.92
강동소방서,202404,22.0,서울,93.0,108,15.203333333333337
강동소방서,202404,23.0,서울,62.0,95,14.653333333333334
강동소방서,202405,0.0,서울,61.0,91,16.380645161290325
강동소방서,202405,1.0,서울,73.0,67,15.932258064516128
강동소방서,202405,2.0,서울,48.0,54,15.52258064516129
강동소방서,202405,3.0,서울,59.0,58,15.216129032258063
강동소방서,202405,4.0,서울,50.0,49,14.87741935483871
강동소방서,202405,5.0,서울,51.0,49,14.54516129032258
강동소방서,202405,6.0,서울,69.0,55,14.270967741935484
강동소방서,202405,7.0,서울,70.0,68,14.764516129032256
강동소방서,202405,8.0,서울,127.0,102,16.412903225806453
강동소방서,202405,9.0,서울,139.0,102,17.98709677419355
강동소방서,202405,10.0,서울,120.0,110,19.458064516129035
강동소방서,202405,11.0,서울,102.0,96,20.62903225806452
강동소방서,202405,12.0,서울,105.0,95,21.54516129032258
강동소방서,202405,13.0,서울,130.0,108,22.212903225806453
강동소방서,202405,14.0,서울,123.0,116,22.51290322580645
강동소방서,202405,15.0,서울,106.0,99,22.68064516129032
강동소방서,202405,16.0,서울,130.0,125,22.63225806451613
강동소방서,202405,17.0,서울,98.0,97,22.30967741935484
강동소방서,202405,18.0,서울,98.0,112,21.5258064516129
강동소방서,202405,19.0,서울,94.0,120,20.29032258064516
강동소방서,202405,20.0,서울,104.0,118,19.032258064516128
강동소방서,202405,21.0,서울,95.0,112,18.1
강동소방서,202405,22.0,서울,98.0,112,17.451612903225808
강동소방서,202405,23.0,서울,81.0,95,16.929032258064513
강동소방서,202406,0.0,서울,70.0,93,22.173333333333336
강동소방서,202406,1.0,서울,44.0,70,21.766666666666666
강동소방서,202406,2.0,서울,53.0,67,21.34
강동소방서,202406,3.0,서울,46.0,54,20.98
강동소방서,202406,4.0,서울,54.0,56,20.59333333333333
강동소방서,202406,5.0,서울,52.0,47,20.266666666666666
강동소방서,202406,6.0,서울,55.0,59,20.146666666666665
강동소방서,202406,7.0,서울,102.0,82,20.87333333333333
강동소방서,202406,8.0,서울,113.0,104,22.506666666666668
강동소방서,202406,9.0,서울,125.0,113,24.086666666666662
강동소방서,202406,10.0,서울,106.0,102,25.39
강동소방서,202406,11.0,서울,110.0,87,26.646666666666665
강동소방서,202406,12.0,서울,88.0,106,27.68
강동소방서,202406,13.0,서울,111.0,95,28.593333333333337
강동소방서,202406,14.0,서울,109.0,87,29.14
강동소방서,202406,15.0,서울,104.0,100,29.383333333333333
강동소방서,202406,16.0,서울,113.0,111,29.23
강동소방서,202406,17.0,서울,92.0,98,28.71333333333333
강동소방서,202406,18.0,서울,126.0,120,27.896666666666665
강동소방서,202406,19.0,서울,119.0,119,26.58
강동소방서,202406,20.0,서울,100.0,108,25.15
강동소방서,202406,21.0,서울,93.0,102,24.19333333333333
강동소방서,202406,22.0,서울,82.0,83,23.453333333333333
강동소방서,202406,23.0,서울,69.0,92,22.836666666666662
강동소방서,202407,0.0,서울,68.0,76,25.61935483870968
강동소방서,202407,1.0,서울,69.0,75,25.39354838709677
강동소방서,202407,2.0,서울,31.0,50,25.17419354838709
강동소방서,202407,3.0,서울,39.0,52,24.96451612903226
강동소방서,202407,4.0,서울,41.0,39,24.748387096774195
강동소방서,202407,5.0,서울,68.0,56,24.561290322580643
강동소방서,202407,6.0,서울,76.0,77,24.5
강동소방서,202407,7.0,서울,113.0,81,24.687096774193545
강동소방서,202407,8.0,서울,112.0,107,25.26129032258065
강동소방서,202407,9.0,서울,142.0,96,25.887096774193548
강동소방서,202407,10.0,서울,156.0,126,26.451612903225808
강동소방서,202407,11.0,서울,94.0,95,27.151612903225807
강동소방서,202407,12.0,서울,101.0,98,27.84193548387097
강동소방서,202407,13.0,서울,125.0,102,28.283870967741933
강동소방서,202407,14.0,서울,107.0,95,28.62258064516129
강동소방서,202407,15.0,서울,92.0,95,28.783870967741933
강동소방서,202407,16.0,서울,147.0,125,28.738709677419354
강동소방서,202407,17.0,서울,90.0,88,28.56451612903226
강동소방서,202407,18.0,서울,107.0,117,28.32258064516129
강동소방서,202407,19.0,서울,112.0,107,27.687096774193545
강동소방서,202407,20.0,서울,104.0,101,27.041935483870965
강동소방서,202407,21.0,서울,101.0,118,26.703225806451613
강동소방서,202407,22.0,서울,89.0,114,26.33870967741936
강동소방서,202407,23.0,서울,71.0,101,26.05483870967742
강동소방서,202408,0.0,서울,66.0,82,28.00967741935484
강동소방서,202408,1.0,서울,59.0,73,27.712903225806453
강동소방서,202408,2.0,서울,77.0,74,27.41290322580645
강동소방서,202408,3.0,서울,51.0,56,27.177419354838708
강동소방서,202408,4.0,서울,56.0,44,26.92258064516129
강동소방서,202408,5.0,서울,62.0,54,26.664516129032258
강동소방서,202408,6.0,서울,89.0,80,26.44193548387097
강동소방서,202408,7.0,서울,88.0,88,26.583870967741937
강동소방서,202408,8.0,서울,130.0,121,27.51935483870968
강동소방서,202408,9.0,서울,143.0,129,28.616129032258065
강동소방서,202408,10.0,서울,176.0,124,29.561290322580643
강동소방서,202408,11.0,서울,117.0,113,30.506451612903227
강동소방서,202408,12.0,서울,110.0,115,31.21935483870968
강동소방서,202408,13.0,서울,134.0,112,31.796774193548387
강동소방서,202408,14.0,서울,122.0,117,32.303225806451614
강동소방서,202408,15.0,서울,133.0,124,32.6
강동소방서,202408,16.0,서울,103.0,105,32.75483870967742
강동소방서,202408,17.0,서울,112.0,105,32.16129032258065
강동소방서,202408,18.0,서울,121.0,105,31.50967741935484
강동소방서,202408,19.0,서울,118.0,109,30.46451612903226
강동소방서,202408,20.0,서울,129.0,129,29.651612903225807
강동소방서,202408,21.0,서울,102.0,111,29.06451612903226
강동소방서,202408,22.0,서울,94.0,114,28.67419354838709
강동소방서,202408,23.0,서울,102.0,112,28.3
강동소방서,202409,0.0,서울,65.0,84,24.133333333333333
강동소방서,202409,1.0,서울,60.0,68,23.796666666666667
강동소방서,202409,2.0,서울,62.0,60,23.48333333333333
강동소방서,202409,3.0,서울,51.0,53,23.236666666666668
강동소방서,202409,4.0,서울,59.0,58,22.933333333333334
강동소방서,202409,5.0,서울,55.0,50,22.74
강동소방서,202409,6.0,서울,74.0,61,22.47
강동소방서,202409,7.0,서울,73.0,62,22.473333333333333
강동소방서,202409,8.0,서울,81.0,86,23.25333333333333
강동소방서,202409,9.0,서울,113.0,93,24.47
강동소방서,202409,10.0,서울,100.0,82,25.703333333333333
강동소방서,202409,11.0,서울,93.0,89,26.776666666666664
강동소방서,202409,12.0,서울,119.0,110,27.683333333333334
강동소방서,202409,13.0,서울,105.0,91,28.396666666666665
강동소방서,202409,14.0,서울,107.0,87,28.766666666666666
강동소방서,202409,15.0,서울,106.0,89,29.1
강동소방서,202409,16.0,서울,103.0,96,28.94333333333333
강동소방서,202409,17.0,서울,114.0,103,28.49333333333333
강동소방서,202409,18.0,서울,111.0,109,27.58333333333333
강동소방서,202409,19.0,서울,109.0,116,26.566666666666663
강동소방서,202409,20.0,서울,90.0,106,25.89333333333333
강동소방서,202409,21.0,서울,82.0,91,25.30666666666667
강동소방서,202409,22.0,서울,94.0,105,24.8
강동소방서,202409,23.0,서울,72.0,95,24.35666666666667
강동소방서,202410,0.0,서울,84.0,78,15.3
강동소방서,202410,1.0,서울,59.0,57,14.858064516129032
강동소방서,202410,2.0,서울,52.0,52,14.5
강동소방서,202410,3.0,서울,36.0,37,14.119354838709675
강동소방서,202410,4.0,서울,47.0,46,13.870967741935484
강동소방서,202410,5.0,서울,65.0,49,13.603225806451611
강동소방서,202410,6.0,서울,36.0,32,13.383870967741936
강동소방서,202410,7.0,서울,87.0,62,13.251612903225809
강동소방서,202410,8.0,서울,113.0,97,13.738709677419354
강동소방서,202410,9.0,서울,122.0,102,15.216129032258063
강동소방서,202410,10.0,서울,125.0,113,16.72258064516129
강동소방서,202410,11.0,서울,119.0,108,18.22903225806452
강동소방서,202410,12.0,서울,107.0,95,19.287096774193547
강동소방서,202410,13.0,서울,106.0,95,20.09354838709677
강동소방서,202410,14.0,서울,122.0,105,20.64516129032258
강동소방서,202410,15.0,서울,100.0,98,20.85483870967742
강동소방서,202410,16.0,서울,111.0,96,20.661290322580644
강동소방서,202410,17.0,서울,81.0,90,20.006451612903227
강동소방서,202410,18.0,서울,124.0,106,18.80322580645161
강동소방서,202410,19.0,서울,97.0,91,17.851612903225806
강동소방서,202410,20.0,서울,96.0,84,17.151612903225807
강동소방서,202410,21.0,서울,86.0,86,16.49032258064516
강동소방서,202410,22.0,서울,89.0,88,15.964516129032257
강동소방서,202410,23.0,서울,60.0,81,15.47741935483871
강동소방서,202411,0.0,서울,56.0,65,8.493333333333334
강동소방서,202411,1.0,서울,51.0,53,8.206666666666667
강동소방서,202411,2.0,서울,42.0,43,7.823333333333333
강동소방서,202411,3.0,서울,43.0,38,7.56
강동소방서,202411,4.0,서울,35.0,37,7.28
강동소방서,202411,5.0,서울,45.0,48,6.996666666666667
강동소방서,202411,6.0,서울,72.0,54,6.760000000000001
강동소방서,202411,7.0,서울,87.0,70,6.5600000000000005
강동소방서,202411,8.0,서울,100.0,91,6.6033333333333335
강동소방서,202411,9.0,서울,124.0,93,7.813333333333333
강동소방서,202411,10.0,서울,115.0,113,9.756666666666666
강동소방서,202411,11.0,서울,110.0,73,11.276666666666667
강동소방서,202411,12.0,서울,96.0,92,12.41
강동소방서,202411,13.0,서울,103.0,90,13.433333333333334
강동소방서,202411,14.0,서울,92.0,90,13.926666666666668
강동소방서,202411,15.0,서울,122.0,106,13.98
강동소방서,202411,16.0,서울,94.0,80,13.63
강동소방서,202411,17.0,서울,93.0,99,12.423333333333334
강동소방서,202411,18.0,서울,101.0,90,11.313333333333333
강동소방서,202411,19.0,서울,100.0,94,10.62
강동소방서,202411,20.0,서울,102.0,97,10.006666666666666
강동소방서,202411,21.0,서울,103.0,105,9.453333333333337
강동소방서,202411,22.0,서울,95.0,96,8.976666666666667
강동소방서,202411,23.0,서울,76.0,94,8.54
강동소방서,202412,0.0,서울,87.0,96,-0.0870967741935484
강동소방서,202412,1.0,서울,63.0,64,-0.4290322580645161
강동소방서,202412,2.0,서울,48.0,50,-0.7064516129032258
강동소방서,202412,3.0,서울,44.0,58,-1.029032258064516
강동소방서,202412,4.0,서울,45.0,43,-1.2451612903225806
강동소방서,202412,5.0,서울,41.0,35,-1.4806451612903226
강동소방서,202412,6.0,서울,84.0,58,-1.7000000000000002
강동소방서,202412,7.0,서울,92.0,76,-1.912903225806452
강동소방서,202412,8.0,서울,132.0,89,-2.029032258064516
강동소방서,202412,9.0,서울,146.0,111,-1.441935483870968
강동소방서,202412,10.0,서울,149.0,120,0.2032258064516129
강동소방서,202412,11.0,서울,95.0,87,1.667741935483871
강동소방서,202412,12.0,서울,125.0,94,3.1161290322580646
강동소방서,202412,13.0,서울,96.0,85,3.990322580645161
강동소방서,202412,14.0,서울,156.0,109,4.516129032258065
강동소방서,202412,15.0,서울,106.0,93,4.703225806451614
강동소방서,202412,16.0,서울,110.0,93,4.448387096774193
강동소방서,202412,17.0,서울,128.0,104,3.3548387096774195
강동소방서,202412,18.0,서울,127.0,116,2.470967741935484
강동소방서,202412,19.0,서울,107.0,98,1.9064516129032256
강동소방서,202412,20.0,서울,87.0,84,1.4129032258064516
강동소방서,202412,21.0,서울,81.0,92,0.935483870967742
강동소방서,202412,22.0,서울,86.0,98,0.4870967741935483
강동소방서,202412,23.0,서울,85.0,88,0.0935483870967741
강동소방서,202501,0.0,서울,52.0,60,-1.506451612903226
강동소방서,202501,1.0,서울,57.0,67,-1.848387096774193
강동소방서,202501,2.0,서울,52.0,56,-2.1451612903225805
강동소방서,202501,3.0,서울,49.0,57,-2.274193548387097
강동소방서,202501,4.0,서울,44.0,49,-2.4935483870967743
강동소방서,202501,5.0,서울,47.0,40,-2.696774193548387
강동소방서,202501,6.0,서울,66.0,56,-2.8806451612903223
강동소방서,202501,7.0,서울,87.0,69,-3.012903225806452
강동소방서,202501,8.0,서울,130.0,98,-3.0903225806451613
강동소방서,202501,9.0,서울,169.0,126,-2.638709677419355
강동소방서,202501,10.0,서울,126.0,98,-1.2645161290322582
강동소방서,202501,11.0,서울,164.0,124,0.1290322580645161
강동소방서,202501,12.0,서울,105.0,83,1.564516129032258
강동소방서,202501,13.0,서울,124.0,93,2.52258064516129
강동소방서,202501,14.0,서울,105.0,88,3.0806451612903225
강동소방서,202501,15.0,서울,117.0,88,3.180645161290323
강동소방서,202501,16.0,서울,118.0,112,2.9612903225806453
강동소방서,202501,17.0,서울,117.0,85,2.296774193548387
강동소방서,202501,18.0,서울,118.0,100,1.3709677419354838
강동소방서,202501,19.0,서울,107.0,101,0.6741935483870969
강동소방서,202501,20.0,서울,129.0,111,0.1032258064516129
강동소방서,202501,21.0,서울,93.0,110,-0.3645161290322581
강동소방서,202501,22.0,서울,97.0,92,-0.7193548387096775
강동소방서,202501,23.0,서울,80.0,99,-1.1096774193548389
강동소방서,202502,0.0,서울,89.0,82,-2.775
강동소방서,202502,1.0,서울,55.0,53,-3.1107142857142853
강동소방서,202502,2.0,서울,30.0,34,-3.378571428571429
강동소방서,202502,3.0,서울,43.0,40,-3.625
강동소방서,202502,4.0,서울,38.0,36,-3.925
강동소방서,202502,5.0,서울,70.0,43,-4.114285714285715
강동소방서,202502,6.0,서울,35.0,32,-4.353571428571429
강동소방서,202502,7.0,서울,104.0,65,-4.621428571428572
강동소방서,202502,8.0,서울,82.0,65,-4.614285714285714
강동소방서,202502,9.0,서울,130.0,100,-3.4535714285714287
강동소방서,202502,10.0,서울,112.0,79,-1.6928571428571428
강동소방서,202502,11.0,서울,112.0,97,-0.1892857142857143
강동소방서,202502,12.0,서울,108.0,91,0.9607142857142856
강동소방서,202502,13.0,서울,102.0,81,1.9285714285714288
강동소방서,202502,14.0,서울,94.0,86,2.753571428571429
강동소방서,202502,15.0,서울,90.0,86,3.1714285714285717
강동소방서,202502,16.0,서울,81.0,69,3.2178571428571425
강동소방서,202502,17.0,서울,87.0,75,2.7142857142857144
강동소방서,202502,18.0,서울,100.0,86,1.4214285714285713
강동소방서,202502,19.0,서울,73.0,75,0.4285714285714285
강동소방서,202502,20.0,서울,115.0,117,-0.2857142857142857
강동소방서,202502,21.0,서울,83.0,87,-0.95
강동소방서,202502,22.0,서울,72.0,91,-1.5714285714285714
강동소방서,202502,23.0,서울,76.0,69,-2.132142857142857
강동소방서,202503,0.0,서울,70.0,66,6.241935483870968
강동소방서,202503,1.0,서울,50.0,50,5.890322580645161
강동소방서,202503,2.0,서울,65.0,57,5.577419354838709
강동소방서,202503,3.0,서울,47.0,43,5.203225806451614
강동소방서,202503,4.0,서울,37.0,34,4.877419354838709
강동소방서,202503,5.0,서울,39.0,43,4.554838709677419
강동소방서,202503,6.0,서울,60.0,42,4.387096774193548
강동소방서,202503,7.0,서울,102.0,64,4.193548387096774
강동소방서,202503,8.0,서울,122.0,84,4.770967741935484
강동소방서,202503,9.0,서울,129.0,101,6.27741935483871
강동소방서,202503,10.0,서울,122.0,100,7.883870967741935
강동소방서,202503,11.0,서울,136.0,114,9.348387096774196
강동소방서,202503,12.0,서울,140.0,101,10.712903225806452
강동소방서,202503,13.0,서울,95.0,88,11.812903225806451
강동소방서,202503,14.0,서울,136.0,95,12.638709677419357
강동소방서,202503,15.0,서울,109.0,90,12.793548387096775
강동소방서,202503,16.0,서울,99.0,103,12.480645161290322
강동소방서,202503,17.0,서울,89.0,86,11.883870967741936
강동소방서,202503,18.0,서울,110.0,98,10.651612903225804
강동소방서,202503,19.0,서울,123.0,113,9.287096774193548
강동소방서,202503,20.0,서울,129.0,96,8.316129032258065
강동소방서,202503,21.0,서울,145.0,106,7.638709677419355
강동소방서,202503,22.0,서울,68.0,80,7.070967741935483
강동소방서,202503,23.0,서울,107.0,100,6.683870967741936
강동소방서,202504,0.0,서울,67.0,58,11.123333333333331
강동소방서,202504,1.0,서울,71.0,65,10.763333333333332
강동소방서,202504,2.0,서울,54.0,53,10.363333333333332
강동소방서,202504,3.0,서울,51.0,51,9.973333333333333
강동소방서,202504,4.0,서울,55.0,39,9.67
강동소방서,202504,5.0,서울,60.0,47,9.433333333333334
강동소방서,202504,6.0,서울,65.0,56,9.213333333333331
강동소방서,202504,7.0,서울,77.0,60,9.37
강동소방서,202504,8.0,서울,121.0,83,10.803333333333336
강동소방서,202504,9.0,서울,146.0,100,12.563333333333333
강동소방서,202504,10.0,서울,100.0,81,14.216666666666669
강동소방서,202504,11.0,서울,138.0,112,15.636666666666668
강동소방서,202504,12.0,서울,101.0,79,16.806666666666665
강동소방서,202504,13.0,서울,123.0,101,17.503333333333334
강동소방서,202504,14.0,서울,118.0,96,17.926666666666666
강동소방서,202504,15.0,서울,117.0,103,17.916666666666668
강동소방서,202504,16.0,서울,87.0,76,17.779999999999998
강동소방서,202504,17.0,서울,103.0,88,17.266666666666666
강동소방서,202504,18.0,서울,103.0,80,16.266666666666666
강동소방서,202504,19.0,서울,122.0,98,14.886666666666668
강동소방서,202504,20.0,서울,99.0,89,13.813333333333333
강동소방서,202504,21.0,서울,108.0,105,13.086666666666668
강동소방서,202504,22.0,서울,84.0,88,12.453333333333337
강동소방서,202504,23.0,서울,73.0,82,11.916666666666666
강동소방서,202505,0.0,서울,75.0,70,16.05483870967742
강동소방서,202505,1.0,서울,61.0,66,15.593548387096773
강동소방서,202505,2.0,서울,73.0,61,15.170967741935485
강동소방서,202505,3.0,서울,54.0,53,14.80967741935484
강동소방서,202505,4.0,서울,56.0,48,14.40967741935484
강동소방서,202505,5.0,서울,63.0,52,14.083870967741936
강동소방서,202505,6.0,서울,79.0,54,13.94516129032258
강동소방서,202505,7.0,서울,103.0,77,14.412903225806453
강동소방서,202505,8.0,서울,94.0,79,15.69032258064516
강동소방서,202505,9.0,서울,154.0,111,16.993548387096773
강동소방서,202505,10.0,서울,156.0,109,18.15806451612903
강동소방서,202505,11.0,서울,139.0,99,19.216129032258067
강동소방서,202505,12.0,서울,104.0,79,20.19032258064516
강동소방서,202505,13.0,서울,87.0,81,21.05483870967742
강동소방서,202505,14.0,서울,125.0,95,21.651612903225807
강동소방서,202505,15.0,서울,117.0,112,21.81935483870968
강동소방서,202505,16.0,서울,131.0,111,21.687096774193545
강동소방서,202505,17.0,서울,106.0,98,21.24516129032258
강동소방서,202505,18.0,서울,107.0,102,20.52258064516129
강동소방서,202505,19.0,서울,80.0,87,19.43870967741936
강동소방서,202505,20.0,서울,134.0,115,18.44516129032258
강동소방서,202505,21.0,서울,120.0,121,17.741935483870968
강동소방서,202505,22.0,서울,95.0,83,17.148387096774194
강동소방서,202505,23.0,서울,74.0,66,16.629032258064516
강동소방서,202506,0.0,서울,67.0,79,22.126666666666665
강동소방서,202506,1.0,서울,53.0,55,21.78666666666667
강동소방서,202506,2.0,서울,74.0,61,21.46
강동소방서,202506,3.0,서울,35.0,40,21.10333333333333
강동소방서,202506,4.0,서울,64.0,60,20.78
강동소방서,202506,5.0,서울,46.0,53,20.516666666666666
강동소방서,202506,6.0,서울,87.0,65,20.42
강동소방서,202506,7.0,서울,73.0,48,21.03666666666667
강동소방서,202506,8.0,서울,119.0,84,22.18
강동소방서,202506,9.0,서울,136.0,97,23.33333333333333
강동소방서,202506,10.0,서울,129.0,112,24.563333333333333
강동소방서,202506,11.0,서울,148.0,104,25.55333333333333
강동소방서,202506,12.0,서울,123.0,106,26.46
강동소방서,202506,13.0,서울,123.0,105,27.173333333333336
강동소방서,202506,14.0,서울,104.0,79,27.566666666666663
강동소방서,202506,15.0,서울,142.0,99,27.813333333333333
강동소방서,202506,16.0,서울,118.0,101,27.686666666666667
강동소방서,202506,17.0,서울,110.0,98,27.41
강동소방서,202506,18.0,서울,139.0,110,26.73
강동소방서,202506,19.0,서울,125.0,117,25.716666666666665
강동소방서,202506,20.0,서울,109.0,101,24.75333333333333
강동소방서,202506,21.0,서울,105.0,102,23.973333333333336
강동소방서,202506,22.0,서울,92.0,99,23.223333333333336
강동소방서,202506,23.0,서울,101.0,87,22.74333333333333
강동소방서,202507,0.0,서울,64.0,89,27.48064516129032
강동소방서,202507,1.0,서울,79.0,73,27.161290322580644
강동소방서,202507,2.0,서울,54.0,54,26.845161290322583
강동소방서,202507,3.0,서울,54.0,54,26.548387096774192
강동소방서,202507,4.0,서울,59.0,62,26.30322580645161
강동소방서,202507,5.0,서울,77.0,66,26.06451612903226
강동소방서,202507,6.0,서울,61.0,48,25.906451612903226
강동소방서,202507,7.0,서울,107.0,79,26.177419354838708
강동소방서,202507,8.0,서울,138.0,109,27.07741935483871
강동소방서,202507,9.0,서울,128.0,107,28.025806451612905
강동소방서,202507,10.0,서울,128.0,108,28.85483870967742
강동소방서,202507,11.0,서울,169.0,123,29.68387096774193
강동소방서,202507,12.0,서울,114.0,110,30.42258064516129
강동소방서,202507,13.0,서울,135.0,102,30.967741935483872
강동소방서,202507,14.0,서울,138.0,113,31.51935483870968
강동소방서,202507,15.0,서울,135.0,106,31.79032258064516
강동소방서,202507,16.0,서울,110.0,103,31.741935483870968
강동소방서,202507,17.0,서울,111.0,98,31.693548387096776
강동소방서,202507,18.0,서울,114.0,102,31.267741935483876
강동소방서,202507,19.0,서울,134.0,122,30.23548387096774
강동소방서,202507,20.0,서울,125.0,108,29.32258064516129
강동소방서,202507,21.0,서울,104.0,107,28.69677419354839
강동소방서,202507,22.0,서울,89.0,100,28.21935483870968
강동소방서,202507,23.0,서울,103.0,91,27.83225806451613
강동소방서,202508,0.0,서울,72.0,80,27.016129032258064
강동소방서,202508,1.0,서울,60.0,55,26.796774193548387
강동소방서,202508,2.0,서울,81.0,72,26.6
강동소방서,202508,3.0,서울,54.0,54,26.39354838709677
강동소방서,202508,4.0,서울,50.0,41,26.151612903225807
강동소방서,202508,5.0,서울,54.0,42,25.91935483870968
강동소방서,202508,6.0,서울,84.0,62,25.738709677419354
강동소방서,202508,7.0,서울,112.0,83,25.85483870967742
강동소방서,202508,8.0,서울,122.0,85,26.51935483870968
강동소방서,202508,9.0,서울,143.0,115,27.33870967741936
강동소방서,202508,10.0,서울,143.0,109,28.33225806451613
강동소방서,202508,11.0,서울,158.0,115,29.251612903225805
강동소방서,202508,12.0,서울,125.0,103,29.98709677419355
강동소방서,202508,13.0,서울,148.0,102,30.43548387096774
강동소방서,202508,14.0,서울,119.0,88,31.061290322580643
강동소방서,202508,15.0,서울,113.0,95,31.22258064516129
강동소방서,202508,16.0,서울,94.0,101,31.22258064516129
강동소방서,202508,17.0,서울,116.0,104,30.87741935483871
강동소방서,202508,18.0,서울,151.0,108,30.296774193548387
강동소방서,202508,19.0,서울,164.0,124,29.345161290322583
강동소방서,202508,20.0,서울,129.0,108,28.46451612903226
강동소방서,202508,21.0,서울,125.0,122,27.95483870967742
강동소방서,202508,22.0,서울,92.0,94,27.567741935483877
강동소방서,202508,23.0,서울,92.0,98,27.258064516129032
강동소방서,202509,0.0,서울,69.0,72,22.47
강동소방서,202509,1.0,서울,62.0,65,22.133333333333333
강동소방서,202509,2.0,서울,67.0,60,21.80666666666667
강동소방서,202509,3.0,서울,57.0,53,21.540000000000003
강동소방서,202509,4.0,서울,49.0,48,21.273333333333333
강동소방서,202509,5.0,서울,65.0,61,21.01
강동소방서,202509,6.0,서울,80.0,56,20.756666666666668
강동소방서,202509,7.0,서울,85.0,70,20.75333333333333
강동소방서,202509,8.0,서울,112.0,93,21.37333333333333
강동소방서,202509,9.0,서울,157.0,108,22.346666666666668
강동소방서,202509,10.0,서울,144.0,112,23.383333333333333
강동소방서,202509,11.0,서울,137.0,97,24.306666666666665
강동소방서,202509,12.0,서울,109.0,87,25.22
강동소방서,202509,13.0,서울,112.0,100,25.96
강동소방서,202509,14.0,서울,132.0,102,26.37333333333333
강동소방서,202509,15.0,서울,129.0,115,26.62333333333333
강동소방서,202509,16.0,서울,133.0,100,26.66333333333333
강동소방서,202509,17.0,서울,111.0,99,26.40333333333333
강동소방서,202509,18.0,서울,135.0,110,25.563333333333333
강동소방서,202509,19.0,서울,121.0,108,24.62
강동소방서,202509,20.0,서울,106.0,107,23.85333333333333
강동소방서,202509,21.0,서울,94.0,103,23.35333333333333
강동소방서,202509,22.0,서울,83.0,112,22.923333333333336
강동소방서,202509,23.0,서울,84.0,84,22.53
강동소방서,202510,0.0,서울,74.0,85,15.36774193548387
강동소방서,202510,1.0,서울,54.0,61,15.061290322580644
강동소방서,202510,2.0,서울,41.0,38,14.76774193548387
강동소방서,202510,3.0,서울,39.0,44,14.516129032258064
강동소방서,202510,4.0,서울,40.0,35,14.306451612903226
강동소방서,202510,5.0,서울,38.0,34,14.093548387096776
강동소방서,202510,6.0,서울,72.0,68,13.92258064516129
강동소방서,202510,7.0,서울,94.0,77,13.851612903225806
강동소방서,202510,8.0,서울,126.0,86,14.170967741935485
강동소방서,202510,9.0,서울,142.0,122,15.34516129032258
강동소방서,202510,10.0,서울,112.0,92,16.519354838709678
강동소방서,202510,11.0,서울,97.0,77,17.73225806451613
강동소방서,202510,12.0,서울,111.0,87,18.62258064516129
강동소방서,202510,13.0,서울,119.0,106,19.287096774193547
강동소방서,202510,14.0,서울,113.0,100,19.738709677419354
강동소방서,202510,15.0,서울,104.0,105,19.787096774193547
강동소방서,202510,16.0,서울,101.0,94,19.538709677419355
강동소방서,202510,17.0,서울,121.0,113,18.88387096774193
강동소방서,202510,18.0,서울,91.0,100,18.02258064516129
강동소방서,202510,19.0,서울,125.0,107,17.31935483870968
강동소방서,202510,20.0,서울,73.0,85,16.799999999999997
강동소방서,202510,21.0,서울,105.0,112,16.358064516129033
강동소방서,202510,22.0,서울,93.0,87,15.94516129032258
강동소방서,202510,23.0,서울,64.0,76,15.548387096774194
강동소방서,202511,0.0,서울,84.0,87,7.39
강동소방서,202511,1.0,서울,61.0,64,6.946666666666667
강동소방서,202511,2.0,서울,58.0,55,6.636666666666667
강동소방서,202511,3.0,서울,44.0,41,6.306666666666667
강동소방서,202511,4.0,서울,42.0,37,6.083333333333333
강동소방서,202511,5.0,서울,58.0,51,5.91
강동소방서,202511,6.0,서울,67.0,52,5.7733333333333325
강동소방서,202511,7.0,서울,109.0,68,5.553333333333333
강동소방서,202511,8.0,서울,152.0,117,5.5633333333333335
강동소방서,202511,9.0,서울,134.0,100,6.806666666666667
강동소방서,202511,10.0,서울,141.0,117,8.76
강동소방서,202511,11.0,서울,118.0,100,10.473333333333333
강동소방서,202511,12.0,서울,131.0,104,11.986666666666668
강동소방서,202511,13.0,서울,112.0,102,12.916666666666666
강동소방서,202511,14.0,서울,147.0,106,13.46
강동소방서,202511,15.0,서울,105.0,94,13.593333333333334
강동소방서,202511,16.0,서울,108.0,93,13.146666666666668
강동소방서,202511,17.0,서울,83.0,78,11.966666666666669
강동소방서,202511,18.0,서울,134.0,117,10.803333333333336
강동소방서,202511,19.0,서울,129.0,106,10.0
강동소방서,202511,20.0,서울,95.0,83,9.416666666666666
강동소방서,202511,21.0,서울,115.0,105,8.896666666666667
강동소방서,202511,22.0,서울,95.0,93,8.473333333333333
강동소방서,202511,23.0,서울,83.0,96,7.97
강동소방서,202512,0.0,서울,85.0,77,0.6032258064516128
강동소방서,202512,1.0,서울,73.0,64,0.3354838709677418
강동소방서,202512,2.0,서울,67.0,67,0.1225806451612902
강동소방서,202512,3.0,서울,67.0,58,-0.1258064516129031
강동소방서,202512,4.0,서울,56.0,47,-0.4
강동소방서,202512,5.0,서울,57.0,46,-0.6483870967741936
강동소방서,202512,6.0,서울,110.0,71,-0.8580645161290323
강동소방서,202512,7.0,서울,77.0,71,-0.935483870967742
강동소방서,202512,8.0,서울,122.0,104,-0.9774193548387096
강동소방서,202512,9.0,서울,136.0,95,-0.4774193548387096
강동소방서,202512,10.0,서울,157.0,104,0.8645161290322579
강동소방서,202512,11.0,서울,129.0,98,2.0387096774193547
강동소방서,202512,12.0,서울,108.0,98,3.0290322580645164
강동소방서,202512,13.0,서울,171.0,172,3.835483870967742
강동소방서,202512,14.0,서울,145.0,116,4.351612903225806
강동소방서,202512,15.0,서울,114.0,94,4.632258064516129
강동소방서,202512,16.0,서울,123.0,103,4.367741935483871
강동소방서,202512,17.0,서울,114.0,90,3.4451612903225803
강동소방서,202512,18.0,서울,111.0,100,2.603225806451613
강동소방서,202512,19.0,서울,129.0,115,1.9580645161290324
강동소방서,202512,20.0,서울,92.0,94,1.470967741935484
강동소방서,202512,21.0,서울,108.0,108,1.0516129032258066
강동소방서,202512,22.0,서울,82.0,90,0.6193548387096774
강동소방서,202512,23.0,서울,87.0,89,0.2580645161290322
노원소방서,201701,0.0,서울,53.0,100,-2.6322580645161286
노원소방서,201701,1.0,서울,50.0,71,-2.92258064516129
노원소방서,201701,2.0,서울,45.0,61,-3.196774193548387
노원소방서,201701,3.0,서울,45.0,62,-3.541935483870968
노원소방서,201701,4.0,서울,46.0,54,-3.9516129032258074
노원소방서,201701,5.0,서울,34.0,45,-4.283870967741936
노원소방서,201701,6.0,서울,70.0,67,-4.52258064516129
노원소방서,201701,7.0,서울,67.0,73,-4.648387096774194
노원소방서,201701,8.0,서울,90.0,109,-4.767741935483872
노원소방서,201701,9.0,서울,141.0,138,-4.196774193548388
노원소방서,201701,10.0,서울,100.0,107,-2.6193548387096777
노원소방서,201701,11.0,서울,73.0,87,-1.0032258064516129
노원소방서,201701,12.0,서울,100.0,112,0.0999999999999999
노원소방서,201701,13.0,서울,69.0,90,1.1580645161290322
노원소방서,201701,14.0,서울,83.0,96,1.8774193548387093
노원소방서,201701,15.0,서울,88.0,100,2.141935483870968
노원소방서,201701,16.0,서울,65.0,86,2.05483870967742
노원소방서,201701,17.0,서울,71.0,81,1.164516129032258
노원소방서,201701,18.0,서울,91.0,107,-0.0129032258064516
노원소방서,201701,19.0,서울,74.0,102,-0.6903225806451614
노원소방서,201701,20.0,서울,67.0,84,-1.3129032258064517
노원소방서,201701,21.0,서울,79.0,109,-1.812903225806452
노원소방서,201701,22.0,서울,66.0,90,-2.2225806451612904
노원소방서,201701,23.0,서울,71.0,100,-2.5870967741935487
노원소방서,201702,0.0,서울,53.0,70,-1.467857142857143
노원소방서,201702,1.0,서울,31.0,61,-1.7964285714285713
노원소방서,201702,2.0,서울,36.0,44,-2.1535714285714285
노원소방서,201702,3.0,서울,30.0,43,-2.4857142857142853
노원소방서,201702,4.0,서울,24.0,35,-2.9
노원소방서,201702,5.0,서울,42.0,39,-3.257142857142857
노원소방서,201702,6.0,서울,39.0,48,-3.5535714285714284
노원소방서,201702,7.0,서울,49.0,48,-3.878571428571429
노원소방서,201702,8.0,서울,57.0,72,-3.95
노원소방서,201702,9.0,서울,93.0,96,-2.7142857142857144
노원소방서,201702,10.0,서울,97.0,96,-0.9892857142857144
노원소방서,201702,11.0,서울,74.0,78,0.6428571428571429
노원소방서,201702,12.0,서울,59.0,82,1.7321428571428572
노원소방서,201702,13.0,서울,60.0,77,2.782142857142857
노원소방서,201702,14.0,서울,65.0,98,3.5107142857142857
노원소방서,201702,15.0,서울,69.0,76,3.789285714285714
노원소방서,201702,16.0,서울,77.0,73,3.803571428571429
노원소방서,201702,17.0,서울,62.0,74,3.4107142857142856
노원소방서,201702,18.0,서울,46.0,75,2.1214285714285714
노원소방서,201702,19.0,서울,85.0,97,1.207142857142857
노원소방서,201702,20.0,서울,54.0,80,0.5642857142857142
노원소방서,201702,21.0,서울,58.0,71,0.0928571428571428
노원소방서,201702,22.0,서울,67.0,89,-0.3071428571428571
노원소방서,201702,23.0,서울,41.0,79,-0.675
노원소방서,201703,0.0,서울,51.0,80,4.406451612903226
노원소방서,201703,1.0,서울,66.0,79,3.9129032258064513
노원소방서,201703,2.0,서울,38.0,43,3.496774193548388
노원소방서,201703,3.0,서울,40.0,51,3.1258064516129034
노원소방서,201703,4.0,서울,35.0,45,2.770967741935484
노원소방서,201703,5.0,서울,54.0,54,2.5354838709677416
노원소방서,201703,6.0,서울,56.0,58,2.303225806451613
노원소방서,201703,7.0,서울,78.0,78,2.06774193548387
노원소방서,201703,8.0,서울,86.0,88,2.7580645161290325
노원소방서,201703,9.0,서울,119.0,114,4.645161290322581
노원소방서,201703,10.0,서울,105.0,115,6.738709677419355
노원소방서,201703,11.0,서울,67.0,81,8.425806451612903
노원소방서,201703,12.0,서울,67.0,85,9.76774193548387
노원소방서,201703,13.0,서울,91.0,90,10.751612903225809
노원소방서,201703,14.0,서울,97.0,105,11.27741935483871
노원소방서,201703,15.0,서울,90.0,102,11.506451612903223
노원소방서,201703,16.0,서울,108.0,122,11.058064516129033
노원소방서,201703,17.0,서울,78.0,97,10.183870967741935
노원소방서,201703,18.0,서울,83.0,87,8.929032258064517
노원소방서,201703,19.0,서울,88.0,95,7.548387096774194
노원소방서,201703,20.0,서울,86.0,91,6.648387096774194
노원소방서,201703,21.0,서울,75.0,99,5.958064516129032
노원소방서,201703,22.0,서울,72.0,90,5.348387096774194
노원소방서,201703,23.0,서울,52.0,82,4.838709677419355
노원소방서,201704,0.0,서울,33.0,89,11.526666666666667
노원소방서,201704,1.0,서울,55.0,70,11.166666666666666
노원소방서,201704,2.0,서울,39.0,48,10.833333333333334
노원소방서,201704,3.0,서울,51.0,57,10.466666666666669
노원소방서,201704,4.0,서울,51.0,72,10.133333333333333
노원소방서,201704,5.0,서울,55.0,50,9.78
노원소방서,201704,6.0,서울,41.0,57,9.52
노원소방서,201704,7.0,서울,61.0,72,9.663333333333332
노원소방서,201704,8.0,서울,104.0,110,11.21
노원소방서,201704,9.0,서울,106.0,104,13.043333333333331
노원소방서,201704,10.0,서울,90.0,93,14.853333333333332
노원소방서,201704,11.0,서울,84.0,98,16.48
노원소방서,201704,12.0,서울,85.0,101,17.673333333333336
노원소방서,201704,13.0,서울,64.0,88,18.21333333333333
노원소방서,201704,14.0,서울,59.0,86,18.746666666666663
노원소방서,201704,15.0,서울,93.0,98,18.90333333333333
노원소방서,201704,16.0,서울,64.0,97,18.446666666666665
노원소방서,201704,17.0,서울,90.0,111,17.743333333333332
노원소방서,201704,18.0,서울,95.0,111,16.62333333333333
노원소방서,201704,19.0,서울,64.0,95,15.203333333333337
노원소방서,201704,20.0,서울,81.0,103,14.106666666666666
노원소방서,201704,21.0,서울,64.0,97,13.373333333333331
노원소방서,201704,22.0,서울,60.0,86,12.733333333333333
노원소방서,201704,23.0,서울,48.0,84,12.173333333333334
노원소방서,201705,0.0,서울,56.0,85,16.700000000000003
노원소방서,201705,1.0,서울,55.0,63,16.24516129032258
노원소방서,201705,2.0,서울,55.0,73,15.8
노원소방서,201705,3.0,서울,42.0,50,15.45483870967742
노원소방서,201705,4.0,서울,25.0,44,15.13225806451613
노원소방서,201705,5.0,서울,34.0,47,14.890322580645162
노원소방서,201705,6.0,서울,63.0,61,14.77741935483871
노원소방서,201705,7.0,서울,56.0,57,15.441935483870967
노원소방서,201705,8.0,서울,94.0,103,17.325806451612905
노원소방서,201705,9.0,서울,117.0,106,19.33870967741936
노원소방서,201705,10.0,서울,85.0,113,21.083870967741937
노원소방서,201705,11.0,서울,106.0,107,22.33870967741936
노원소방서,201705,12.0,서울,70.0,100,23.38064516129032
노원소방서,201705,13.0,서울,97.0,112,24.15806451612903
노원소방서,201705,14.0,서울,81.0,101,24.64516129032258
노원소방서,201705,15.0,서울,98.0,125,24.716129032258067
노원소방서,201705,16.0,서울,97.0,108,24.32258064516129
노원소방서,201705,17.0,서울,95.0,119,23.68064516129032
노원소방서,201705,18.0,서울,84.0,106,22.687096774193545
노원소방서,201705,19.0,서울,88.0,118,21.083870967741937
노원소방서,201705,20.0,서울,76.0,112,19.55806451612903
노원소방서,201705,21.0,서울,67.0,99,18.66774193548387
노원소방서,201705,22.0,서울,64.0,84,18.016129032258064
노원소방서,201705,23.0,서울,64.0,92,17.43548387096774
노원소방서,201706,0.0,서울,47.0,76,20.986666666666668
노원소방서,201706,1.0,서울,39.0,58,20.6
노원소방서,201706,2.0,서울,54.0,76,20.203333333333333
노원소방서,201706,3.0,서울,34.0,45,19.85333333333333
노원소방서,201706,4.0,서울,38.0,42,19.516666666666666
노원소방서,201706,5.0,서울,44.0,48,19.24333333333333
노원소방서,201706,6.0,서울,58.0,65,19.19
노원소방서,201706,7.0,서울,84.0,88,19.846666666666668
노원소방서,201706,8.0,서울,102.0,102,21.266666666666666
노원소방서,201706,9.0,서울,112.0,117,22.683333333333334
노원소방서,201706,10.0,서울,85.0,103,24.11
노원소방서,201706,11.0,서울,82.0,100,25.43
노원소방서,201706,12.0,서울,89.0,101,26.63
노원소방서,201706,13.0,서울,74.0,97,27.473333333333336
노원소방서,201706,14.0,서울,89.0,102,28.040000000000003
노원소방서,201706,15.0,서울,59.0,76,28.16
노원소방서,201706,16.0,서울,67.0,106,27.72
노원소방서,201706,17.0,서울,89.0,103,26.92
노원소방서,201706,18.0,서울,76.0,103,26.023333333333333
노원소방서,201706,19.0,서울,80.0,113,24.80333333333333
노원소방서,201706,20.0,서울,85.0,97,23.42
노원소방서,201706,21.0,서울,84.0,102,22.523333333333333
노원소방서,201706,22.0,서울,63.0,94,21.926666666666662
노원소방서,201706,23.0,서울,79.0,97,21.476666666666667
노원소방서,201707,0.0,서울,69.0,87,25.770967741935483
노원소방서,201707,1.0,서울,57.0,73,25.50967741935484
노원소방서,201707,2.0,서울,60.0,62,25.32258064516129
노원소방서,201707,3.0,서울,58.0,65,25.18064516129032
노원소방서,201707,4.0,서울,53.0,54,24.96451612903226
노원소방서,201707,5.0,서울,57.0,64,24.80967741935484
노원소방서,201707,6.0,서울,63.0,60,24.738709677419354
노원소방서,201707,7.0,서울,60.0,72,24.932258064516127
노원소방서,201707,8.0,서울,95.0,108,25.425806451612903
노원소방서,201707,9.0,서울,131.0,135,26.016129032258064
노원소방서,201707,10.0,서울,125.0,113,26.816129032258065
노원소방서,201707,11.0,서울,102.0,110,27.66774193548387
노원소방서,201707,12.0,서울,86.0,93,28.451612903225808
노원소방서,201707,13.0,서울,96.0,99,29.05483870967742
노원소방서,201707,14.0,서울,78.0,88,29.451612903225808
노원소방서,201707,15.0,서울,108.0,106,29.73548387096774
노원소방서,201707,16.0,서울,101.0,110,29.69032258064516
노원소방서,201707,17.0,서울,115.0,112,29.241935483870968
노원소방서,201707,18.0,서울,83.0,119,28.638709677419357
노원소방서,201707,19.0,서울,101.0,115,27.983870967741936
노원소방서,201707,20.0,서울,98.0,120,27.296774193548387
노원소방서,201707,21.0,서울,112.0,124,26.758064516129032
노원소방서,201707,22.0,서울,88.0,101,26.43548387096774
노원소방서,201707,23.0,서울,79.0,102,26.106451612903225
노원소방서,201708,0.0,서울,68.0,80,24.73548387096774
노원소방서,201708,1.0,서울,66.0,85,24.406451612903226
노원소방서,201708,2.0,서울,48.0,50,24.17419354838709
노원소방서,201708,3.0,서울,68.0,64,23.90322580645161
노원소방서,201708,4.0,서울,42.0,45,23.68064516129032
노원소방서,201708,5.0,서울,54.0,50,23.44516129032258
노원소방서,201708,6.0,서울,83.0,72,23.248387096774195
노원소방서,201708,7.0,서울,82.0,77,23.35483870967742
노원소방서,201708,8.0,서울,106.0,95,24.125806451612902
노원소방서,201708,9.0,서울,147.0,119,25.216129032258067
노원소방서,201708,10.0,서울,104.0,110,26.080645161290324
노원소방서,201708,11.0,서울,132.0,120,26.83870967741936
노원소방서,201708,12.0,서울,106.0,114,27.62258064516129
노원소방서,201708,13.0,서울,111.0,109,28.125806451612902
노원소방서,201708,14.0,서울,124.0,126,28.52258064516129
노원소방서,201708,15.0,서울,84.0,86,28.75483870967742
노원소방서,201708,16.0,서울,107.0,109,28.89032258064516
노원소방서,201708,17.0,서울,80.0,101,28.72903225806452
노원소방서,201708,18.0,서울,121.0,110,28.141935483870967
노원소방서,201708,19.0,서울,111.0,119,27.125806451612902
노원소방서,201708,20.0,서울,96.0,104,26.29032258064516
노원소방서,201708,21.0,서울,101.0,111,25.80322580645161
노원소방서,201708,22.0,서울,97.0,102,25.358064516129037
노원소방서,201708,23.0,서울,69.0,98,24.94193548387097
노원소방서,201709,0.0,서울,90.0,97,20.173333333333336
노원소방서,201709,1.0,서울,66.0,67,19.676666666666662
노원소방서,201709,2.0,서울,46.0,50,19.23
노원소방서,201709,3.0,서울,38.0,41,18.85333333333333
노원소방서,201709,4.0,서울,50.0,49,18.496666666666663
노원소방서,201709,5.0,서울,56.0,49,18.14
노원소방서,201709,6.0,서울,85.0,56,17.85
노원소방서,201709,7.0,서울,60.0,59,17.84333333333333
노원소방서,201709,8.0,서울,124.0,113,19.16333333333333
노원소방서,201709,9.0,서울,129.0,109,21.0
노원소방서,201709,10.0,서울,118.0,118,22.813333333333333
노원소방서,201709,11.0,서울,100.0,107,24.21
노원소방서,201709,12.0,서울,98.0,104,25.2
노원소방서,201709,13.0,서울,96.0,103,25.97
노원소방서,201709,14.0,서울,90.0,102,26.61
노원소방서,201709,15.0,서울,108.0,94,26.93
노원소방서,201709,16.0,서울,111.0,104,26.63
노원소방서,201709,17.0,서울,98.0,126,26.04827586206897
노원소방서,201709,18.0,서울,98.0,101,24.99333333333333
노원소방서,201709,19.0,서울,105.0,115,23.523333333333333
노원소방서,201709,20.0,서울,109.0,123,22.65
노원소방서,201709,21.0,서울,99.0,116,21.866666666666667
노원소방서,201709,22.0,서울,107.0,101,21.186666666666667
노원소방서,201709,23.0,서울,70.0,87,20.6
노원소방서,201710,0.0,서울,76.0,94,14.758064516129032
노원소방서,201710,1.0,서울,58.0,68,14.28064516129032
노원소방서,201710,2.0,서울,59.0,59,13.82258064516129
노원소방서,201710,3.0,서울,45.0,50,13.4
노원소방서,201710,4.0,서울,35.0,42,13.003225806451614
노원소방서,201710,5.0,서울,64.0,51,12.667741935483871
노원소방서,201710,6.0,서울,77.0,75,12.403225806451612
노원소방서,201710,7.0,서울,89.0,78,12.193548387096774
노원소방서,201710,8.0,서울,98.0,92,12.851612903225806
노원소방서,201710,9.0,서울,162.0,120,15.13225806451613
노원소방서,201710,10.0,서울,136.0,133,17.24516129032258
노원소방서,201710,11.0,서울,129.0,108,18.91935483870968
노원소방서,201710,12.0,서울,115.0,117,20.12258064516129
노원소방서,201710,13.0,서울,120.0,107,20.84193548387097
노원소방서,201710,14.0,서울,111.0,103,21.16774193548387
노원소방서,201710,15.0,서울,103.0,94,21.55333333333333
노원소방서,201710,16.0,서울,104.0,99,21.116666666666667
노원소방서,201710,17.0,서울,113.0,114,20.113333333333333
노원소방서,201710,18.0,서울,121.0,101,18.38387096774193
노원소방서,201710,19.0,서울,105.0,119,17.338709677419356
노원소방서,201710,20.0,서울,87.0,98,16.603225806451615
노원소방서,201710,21.0,서울,89.0,105,16.0
노원소방서,201710,22.0,서울,103.0,99,15.48709677419355
노원소방서,201710,23.0,서울,88.0,83,14.974193548387095
노원소방서,201711,0.0,서울,67.0,80,4.503333333333333
노원소방서,201711,1.0,서울,49.0,56,4.216666666666667
노원소방서,201711,2.0,서울,58.0,55,3.9166666666666665
노원소방서,201711,3.0,서울,46.0,39,3.683333333333333
노원소방서,201711,4.0,서울,42.0,45,3.4233333333333333
노원소방서,201711,5.0,서울,59.0,48,3.23
노원소방서,201711,6.0,서울,57.0,65,3.07
노원소방서,201711,7.0,서울,71.0,71,2.91
노원소방서,201711,8.0,서울,102.0,101,2.9200000000000004
노원소방서,201711,9.0,서울,133.0,106,3.84
노원소방서,201711,10.0,서울,134.0,94,5.406666666666666
노원소방서,201711,11.0,서울,85.0,85,7.013333333333334
노원소방서,201711,12.0,서울,104.0,103,8.226666666666667
노원소방서,201711,13.0,서울,127.0,114,9.256666666666666
노원소방서,201711,14.0,서울,70.0,91,9.713333333333331
노원소방서,201711,15.0,서울,118.0,90,9.713333333333331
노원소방서,201711,16.0,서울,98.0,100,9.26
노원소방서,201711,17.0,서울,105.0,103,8.136666666666667
노원소방서,201711,18.0,서울,94.0,108,7.1433333333333335
노원소방서,201711,19.0,서울,109.0,109,6.493333333333333
노원소방서,201711,20.0,서울,87.0,98,5.846666666666667
노원소방서,201711,21.0,서울,87.0,89,5.29
노원소방서,201711,22.0,서울,108.0,92,4.816666666666666
노원소방서,201711,23.0,서울,82.0,106,4.356666666666667
노원소방서,201712,0.0,서울,68.0,78,-2.680645161290323
노원소방서,201712,1.0,서울,84.0,88,-2.970967741935484
노원소방서,201712,2.0,서울,62.0,68,-3.2774193548387096
노원소방서,201712,3.0,서울,62.0,59,-3.4612903225806453
노원소방서,201712,4.0,서울,56.0,67,-3.674193548387097
노원소방서,201712,5.0,서울,59.0,51,-3.916129032258065
노원소방서,201712,6.0,서울,66.0,69,-4.141935483870968
노원소방서,201712,7.0,서울,72.0,58,-4.335483870967742
노원소방서,201712,8.0,서울,137.0,116,-4.422580645161291
노원소방서,201712,9.0,서울,152.0,117,-4.02258064516129
노원소방서,201712,10.0,서울,138.0,105,-2.770967741935484
노원소방서,201712,11.0,서울,127.0,110,-1.4903225806451614
노원소방서,201712,12.0,서울,140.0,131,-0.2806451612903226
노원소방서,201712,13.0,서울,117.0,106,0.5032258064516129
노원소방서,201712,14.0,서울,107.0,116,1.1806451612903226
노원소방서,201712,15.0,서울,127.0,113,1.435483870967742
노원소방서,201712,16.0,서울,87.0,93,1.1193548387096774
노원소방서,201712,17.0,서울,111.0,106,0.2258064516129033
노원소방서,201712,18.0,서울,125.0,113,-0.6225806451612903
노원소방서,201712,19.0,서울,91.0,116,-1.067741935483871
노원소방서,201712,20.0,서울,102.0,107,-1.4258064516129034
노원소방서,201712,21.0,서울,106.0,116,-1.7903225806451613
노원소방서,201712,22.0,서울,110.0,111,-2.074193548387097
노원소방서,201712,23.0,서울,106.0,109,-2.329032258064516
노원소방서,201801,0.0,서울,95.0,94,-4.935483870967742
노원소방서,201801,1.0,서울,69.0,85,-5.16774193548387
노원소방서,201801,2.0,서울,65.0,70,-5.438709677419355
노원소방서,201801,3.0,서울,40.0,51,-5.606451612903226
노원소방서,201801,4.0,서울,66.0,59,-5.738709677419355
노원소방서,201801,5.0,서울,52.0,62,-5.993548387096775
노원소방서,201801,6.0,서울,101.0,78,-6.199999999999999
노원소방서,201801,7.0,서울,107.0,87,-6.435483870967742
노원소방서,201801,8.0,서울,156.0,124,-6.561290322580645
노원소방서,201801,9.0,서울,175.0,139,-6.125806451612903
노원소방서,201801,10.0,서울,168.0,140,-4.745161290322581
노원소방서,201801,11.0,서울,133.0,113,-3.296774193548387
노원소방서,201801,12.0,서울,135.0,115,-2.0451612903225804
노원소방서,201801,13.0,서울,130.0,125,-1.3096774193548388
노원소방서,201801,14.0,서울,115.0,102,-0.6548387096774194
노원소방서,201801,15.0,서울,135.0,124,-0.4580645161290323
노원소방서,201801,16.0,서울,107.0,97,-0.5580645161290322
노원소방서,201801,17.0,서울,143.0,111,-1.4225806451612903
노원소방서,201801,18.0,서울,106.0,106,-2.438709677419354
노원소방서,201801,19.0,서울,107.0,109,-3.0612903225806454
노원소방서,201801,20.0,서울,118.0,126,-3.532258064516129
노원소방서,201801,21.0,서울,110.0,97,-3.925806451612903
노원소방서,201801,22.0,서울,100.0,105,-4.325806451612903
노원소방서,201801,23.0,서울,96.0,101,-4.658064516129032
노원소방서,201802,0.0,서울,88.0,98,-3.1714285714285717
노원소방서,201802,1.0,서울,70.0,56,-3.4964285714285714
노원소방서,201802,2.0,서울,46.0,46,-3.767857142857143
노원소방서,201802,3.0,서울,39.0,43,-3.985714285714285
노원소방서,201802,4.0,서울,45.0,48,-4.25
노원소방서,201802,5.0,서울,75.0,52,-4.467857142857143
노원소방서,201802,6.0,서울,58.0,47,-4.721428571428571
노원소방서,201802,7.0,서울,71.0,62,-4.946428571428571
노원소방서,201802,8.0,서울,105.0,91,-4.960714285714286
노원소방서,201802,9.0,서울,152.0,109,-4.2
노원소방서,201802,10.0,서울,104.0,92,-2.332142857142857
노원소방서,201802,11.0,서울,134.0,119,-0.625
노원소방서,201802,12.0,서울,75.0,76,0.7535714285714287
노원소방서,201802,13.0,서울,105.0,91,1.5892857142857142
노원소방서,201802,14.0,서울,108.0,91,2.2178571428571425
노원소방서,201802,15.0,서울,74.0,72,2.6678571428571423
노원소방서,201802,16.0,서울,99.0,88,2.5357142857142856
노원소방서,201802,17.0,서울,73.0,80,1.775
노원소방서,201802,18.0,서울,100.0,100,0.7035714285714285
노원소방서,201802,19.0,서울,81.0,79,-0.3035714285714285
노원소방서,201802,20.0,서울,86.0,75,-1.0107142857142857
노원소방서,201802,21.0,서울,91.0,81,-1.5035714285714286
노원소방서,201802,22.0,서울,91.0,90,-1.989285714285714
노원소방서,201802,23.0,서울,86.0,86,-2.4642857142857144
노원소방서,201803,0.0,서울,72.0,78,6.025806451612904
노원소방서,201803,1.0,서울,68.0,77,5.72258064516129
노원소방서,201803,2.0,서울,64.0,56,5.451612903225806
노원소방서,201803,3.0,서울,51.0,53,5.225806451612903
노원소방서,201803,4.0,서울,43.0,38,5.054838709677419
노원소방서,201803,5.0,서울,65.0,62,4.964516129032258
노원소방서,201803,6.0,서울,56.0,52,4.838709677419355
노원소방서,201803,7.0,서울,93.0,80,4.729032258064516
노원소방서,201803,8.0,서울,108.0,83,5.074193548387097
노원소방서,201803,9.0,서울,146.0,125,6.22258064516129
노원소방서,201803,10.0,서울,137.0,102,7.803225806451613
노원소방서,201803,11.0,서울,104.0,81,9.44516129032258
노원소방서,201803,12.0,서울,87.0,87,10.83548387096774
노원소방서,201803,13.0,서울,103.0,92,11.748387096774191
노원소방서,201803,14.0,서울,120.0,105,12.412903225806453
노원소방서,201803,15.0,서울,96.0,94,12.67741935483871
노원소방서,201803,16.0,서울,113.0,99,12.6
노원소방서,201803,17.0,서울,107.0,94,11.851612903225806
노원소방서,201803,18.0,서울,101.0,95,10.648387096774194
노원소방서,201803,19.0,서울,119.0,100,9.374193548387098
노원소방서,201803,20.0,서울,101.0,101,8.47741935483871
노원소방서,201803,21.0,서울,87.0,89,7.84516129032258
노원소방서,201803,22.0,서울,93.0,97,7.267741935483872
노원소방서,201803,23.0,서울,79.0,81,6.770967741935484
노원소방서,201804,0.0,서울,66.0,74,10.953333333333337
노원소방서,201804,1.0,서울,44.0,56,10.52
노원소방서,201804,2.0,서울,65.0,61,10.126666666666669
노원소방서,201804,3.0,서울,44.0,45,9.746666666666666
노원소방서,201804,4.0,서울,67.0,63,9.383333333333333
노원소방서,201804,5.0,서울,55.0,55,8.983333333333333
노원소방서,201804,6.0,서울,62.0,41,8.696666666666665
노원소방서,201804,7.0,서울,81.0,56,8.796666666666665
노원소방서,201804,8.0,서울,136.0,96,9.936666666666667
노원소방서,201804,9.0,서울,162.0,118,11.716666666666669
노원소방서,201804,10.0,서울,162.0,129,13.4
노원소방서,201804,11.0,서울,92.0,88,14.876666666666669
노원소방서,201804,12.0,서울,118.0,95,16.113333333333333
노원소방서,201804,13.0,서울,117.0,92,17.073333333333334
노원소방서,201804,14.0,서울,109.0,88,17.646666666666665
노원소방서,201804,15.0,서울,102.0,96,17.7
노원소방서,201804,16.0,서울,109.0,93,17.5
노원소방서,201804,17.0,서울,112.0,92,17.016666666666666
노원소방서,201804,18.0,서울,108.0,108,16.0
노원소방서,201804,19.0,서울,88.0,99,14.596666666666666
노원소방서,201804,20.0,서울,89.0,89,13.513333333333332
노원소방서,201804,21.0,서울,119.0,112,12.73
노원소방서,201804,22.0,서울,70.0,83,12.14
노원소방서,201804,23.0,서울,86.0,86,11.586666666666668
노원소방서,201805,0.0,서울,82.0,79,16.20967741935484
노원소방서,201805,1.0,서울,78.0,73,15.787096774193548
노원소방서,201805,2.0,서울,49.0,60,15.393548387096772
노원소방서,201805,3.0,서울,43.0,41,15.05483870967742
노원소방서,201805,4.0,서울,70.0,54,14.725806451612904
노원소방서,201805,5.0,서울,60.0,58,14.470967741935484
노원소방서,201805,6.0,서울,57.0,51,14.303225806451612
노원소방서,201805,7.0,서울,123.0,87,14.674193548387096
노원소방서,201805,8.0,서울,128.0,98,15.987096774193548
노원소방서,201805,9.0,서울,175.0,122,17.416129032258063
노원소방서,201805,10.0,서울,151.0,112,18.75483870967742
노원소방서,201805,11.0,서울,127.0,104,19.9741935483871
노원소방서,201805,12.0,서울,140.0,112,20.85483870967742
노원소방서,201805,13.0,서울,141.0,110,21.67419354838709
노원소방서,201805,14.0,서울,107.0,94,22.12258064516129
노원소방서,201805,15.0,서울,102.0,97,22.238709677419354
노원소방서,201805,16.0,서울,113.0,103,22.038709677419355
노원소방서,201805,17.0,서울,100.0,95,21.825806451612905
노원소방서,201805,18.0,서울,121.0,116,21.30967741935484
노원소방서,201805,19.0,서울,116.0,99,20.03548387096774
노원소방서,201805,20.0,서울,120.0,114,18.68064516129032
노원소방서,201805,21.0,서울,97.0,96,17.86774193548387
노원소방서,201805,22.0,서울,116.0,105,17.287096774193547
노원소방서,201805,23.0,서울,83.0,77,16.77741935483871
노원소방서,201806,0.0,서울,77.0,93,20.93
노원소방서,201806,1.0,서울,59.0,74,20.546666666666667
노원소방서,201806,2.0,서울,60.0,62,20.206666666666667
노원소방서,201806,3.0,서울,63.0,63,19.84333333333333
노원소방서,201806,4.0,서울,67.0,59,19.563333333333333
노원소방서,201806,5.0,서울,59.0,62,19.28333333333333
노원소방서,201806,6.0,서울,79.0,64,19.126666666666665
노원소방서,201806,7.0,서울,76.0,74,19.62333333333333
노원소방서,201806,8.0,서울,128.0,101,20.97
노원소방서,201806,9.0,서울,159.0,108,22.39333333333333
노원소방서,201806,10.0,서울,154.0,116,23.72
노원소방서,201806,11.0,서울,129.0,107,24.91333333333333
노원소방서,201806,12.0,서울,104.0,98,25.966666666666665
노원소방서,201806,13.0,서울,129.0,103,26.82333333333333
노원소방서,201806,14.0,서울,149.0,114,27.456666666666667
노원소방서,201806,15.0,서울,133.0,111,27.683333333333334
노원소방서,201806,16.0,서울,119.0,116,27.60666666666667
노원소방서,201806,17.0,서울,127.0,113,27.08
노원소방서,201806,18.0,서울,139.0,108,26.23333333333333
노원소방서,201806,19.0,서울,130.0,98,25.06
노원소방서,201806,20.0,서울,119.0,92,23.78666666666667
노원소방서,201806,21.0,서울,94.0,93,22.826666666666664
노원소방서,201806,22.0,서울,103.0,86,22.1
노원소방서,201806,23.0,서울,108.0,90,21.540000000000003
노원소방서,201807,0.0,서울,98.0,96,26.01290322580645
노원소방서,201807,1.0,서울,57.0,66,25.61935483870968
노원소방서,201807,2.0,서울,68.0,73,25.293548387096774
노원소방서,201807,3.0,서울,56.0,54,25.041935483870965
노원소방서,201807,4.0,서울,49.0,51,24.76774193548387
노원소방서,201807,5.0,서울,58.0,55,24.538709677419355
노원소방서,201807,6.0,서울,62.0,60,24.39354838709677
노원소방서,201807,7.0,서울,111.0,96,24.712903225806453
노원소방서,201807,8.0,서울,127.0,97,25.787096774193547
노원소방서,201807,9.0,서울,148.0,117,26.958064516129035
노원소방서,201807,10.0,서울,139.0,123,28.08709677419355
노원소방서,201807,11.0,서울,142.0,114,29.02258064516129
노원소방서,201807,12.0,서울,114.0,94,29.906451612903226
노원소방서,201807,13.0,서울,127.0,108,30.62903225806452
노원소방서,201807,14.0,서울,91.0,86,31.070967741935487
노원소방서,201807,15.0,서울,135.0,119,31.30322580645161
노원소방서,201807,16.0,서울,122.0,106,31.32258064516129
노원소방서,201807,17.0,서울,115.0,111,31.206451612903223
노원소방서,201807,18.0,서울,155.0,121,30.716129032258067
노원소방서,201807,19.0,서울,111.0,115,29.74516129032258
노원소방서,201807,20.0,서울,124.0,118,28.53548387096774
노원소방서,201807,21.0,서울,105.0,108,27.76451612903226
노원소방서,201807,22.0,서울,104.0,100,27.193548387096776
노원소방서,201807,23.0,서울,100.0,107,26.706451612903223
노원소방서,201808,0.0,서울,100.0,99,27.19032258064516
노원소방서,201808,1.0,서울,66.0,80,26.86774193548387
노원소방서,201808,2.0,서울,70.0,73,26.66774193548387
노원소방서,201808,3.0,서울,51.0,56,26.39032258064516
노원소방서,201808,4.0,서울,59.0,58,26.10322580645161
노원소방서,201808,5.0,서울,66.0,61,25.83870967741936
노원소방서,201808,6.0,서울,95.0,82,25.69677419354839
노원소방서,201808,7.0,서울,100.0,85,25.864516129032257
노원소방서,201808,8.0,서울,134.0,117,26.73548387096774
노원소방서,201808,9.0,서울,145.0,129,28.01935483870968
노원소방서,201808,10.0,서울,147.0,122,29.26774193548387
노원소방서,201808,11.0,서울,135.0,110,30.329032258064515
노원소방서,201808,12.0,서울,120.0,107,31.345161290322583
노원소방서,201808,13.0,서울,157.0,127,31.80322580645161
노원소방서,201808,14.0,서울,122.0,99,32.08709677419355
노원소방서,201808,15.0,서울,138.0,112,32.39354838709678
노원소방서,201808,16.0,서울,115.0,111,32.44193548387097
노원소방서,201808,17.0,서울,109.0,98,31.783870967741933
노원소방서,201808,18.0,서울,124.0,116,31.080645161290324
노원소방서,201808,19.0,서울,123.0,105,29.88064516129032
노원소방서,201808,20.0,서울,125.0,121,28.770967741935483
노원소방서,201808,21.0,서울,125.0,125,28.13225806451613
노원소방서,201808,22.0,서울,97.0,95,27.687096774193545
노원소방서,201808,23.0,서울,103.0,109,27.296774193548387
노원소방서,201809,0.0,서울,96.0,85,20.023333333333333
노원소방서,201809,1.0,서울,55.0,68,19.646666666666665
노원소방서,201809,2.0,서울,64.0,79,19.28666666666667
노원소방서,201809,3.0,서울,58.0,50,18.9
노원소방서,201809,4.0,서울,55.0,41,18.60666666666667
노원소방서,201809,5.0,서울,81.0,59,18.32333333333333
노원소방서,201809,6.0,서울,63.0,53,18.040000000000003
노원소방서,201809,7.0,서울,116.0,91,17.983333333333334
노원소방서,201809,8.0,서울,104.0,86,18.756666666666668
노원소방서,201809,9.0,서울,160.0,111,20.383333333333333
노원소방서,201809,10.0,서울,111.0,101,21.896666666666665
노원소방서,201809,11.0,서울,100.0,92,23.02
노원소방서,201809,12.0,서울,109.0,93,24.026666666666664
노원소방서,201809,13.0,서울,96.0,90,24.73333333333333
노원소방서,201809,14.0,서울,120.0,101,25.34333333333333
노원소방서,201809,15.0,서울,112.0,116,25.51
노원소방서,201809,16.0,서울,124.0,107,25.47
노원소방서,201809,17.0,서울,96.0,91,25.006666666666668
노원소방서,201809,18.0,서울,120.0,115,23.986666666666668
노원소방서,201809,19.0,서울,116.0,114,22.76
노원소방서,201809,20.0,서울,117.0,117,21.96333333333333
노원소방서,201809,21.0,서울,101.0,101,21.30666666666667
노원소방서,201809,22.0,서울,109.0,102,20.76333333333333
노원소방서,201809,23.0,서울,93.0,97,20.23333333333333
노원소방서,201810,0.0,서울,52.0,64,11.461290322580645
노원소방서,201810,1.0,서울,59.0,65,11.03225806451613
노원소방서,201810,2.0,서울,53.0,46,10.525806451612905
노원소방서,201810,3.0,서울,65.0,69,10.167741935483871
노원소방서,201810,4.0,서울,42.0,40,9.903225806451612
노원소방서,201810,5.0,서울,43.0,43,9.54516129032258
노원소방서,201810,6.0,서울,80.0,54,9.26774193548387
노원소방서,201810,7.0,서울,101.0,87,9.138709677419357
노원소방서,201810,8.0,서울,104.0,95,9.577419354838709
노원소방서,201810,9.0,서울,151.0,121,11.283870967741937
노원소방서,201810,10.0,서울,141.0,121,13.36774193548387
노원소방서,201810,11.0,서울,105.0,81,15.064516129032258
노원소방서,201810,12.0,서울,94.0,81,16.216129032258063
노원소방서,201810,13.0,서울,100.0,98,16.990322580645163
노원소방서,201810,14.0,서울,113.0,98,17.638709677419353
노원소방서,201810,15.0,서울,110.0,98,17.993548387096773
노원소방서,201810,16.0,서울,115.0,100,17.825806451612905
노원소방서,201810,17.0,서울,84.0,85,16.916129032258063
노원소방서,201810,18.0,서울,114.0,112,15.46774193548387
노원소방서,201810,19.0,서울,89.0,87,14.416129032258064
노원소방서,201810,20.0,서울,103.0,97,13.603225806451611
노원소방서,201810,21.0,서울,67.0,80,12.858064516129032
노원소방서,201810,22.0,서울,92.0,99,12.225806451612904
노원소방서,201810,23.0,서울,97.0,103,11.651612903225804
노원소방서,201811,0.0,서울,89.0,79,6.443333333333333
노원소방서,201811,1.0,서울,73.0,70,5.996666666666667
노원소방서,201811,2.0,서울,62.0,78,5.656666666666666
노원소방서,201811,3.0,서울,48.0,37,5.23
노원소방서,201811,4.0,서울,50.0,47,4.886666666666667
노원소방서,201811,5.0,서울,51.0,50,4.67
노원소방서,201811,6.0,서울,63.0,54,4.433333333333334
노원소방서,201811,7.0,서울,97.0,69,4.156666666666667
노원소방서,201811,8.0,서울,132.0,100,4.203333333333333
노원소방서,201811,9.0,서울,138.0,109,5.423333333333333
노원소방서,201811,10.0,서울,146.0,103,7.4766666666666675
노원소방서,201811,11.0,서울,120.0,98,9.53
노원소방서,201811,12.0,서울,104.0,82,10.92
노원소방서,201811,13.0,서울,112.0,95,11.89
노원소방서,201811,14.0,서울,119.0,100,12.366666666666667
노원소방서,201811,15.0,서울,90.0,91,12.386666666666668
노원소방서,201811,16.0,서울,87.0,78,11.946666666666664
노원소방서,201811,17.0,서울,108.0,82,10.873333333333331
노원소방서,201811,18.0,서울,122.0,112,9.913793103448276
노원소방서,201811,19.0,서울,100.0,90,8.979999999999999
노원소방서,201811,20.0,서울,84.0,77,8.373333333333333
노원소방서,201811,21.0,서울,75.0,83,7.896666666666666
노원소방서,201811,22.0,서울,92.0,92,7.276666666666667
노원소방서,201811,23.0,서울,69.0,75,6.816666666666666
노원소방서,201812,0.0,서울,81.0,89,-1.632258064516129
노원소방서,201812,1.0,서울,69.0,57,-1.935483870967742
노원소방서,201812,2.0,서울,63.0,78,-2.2548387096774194
노원소방서,201812,3.0,서울,52.0,44,-2.487096774193548
노원소방서,201812,4.0,서울,40.0,48,-2.6548387096774198
노원소방서,201812,5.0,서울,51.0,43,-2.903225806451613
노원소방서,201812,6.0,서울,73.0,55,-3.206451612903226
노원소방서,201812,7.0,서울,78.0,69,-3.383870967741936
노원소방서,201812,8.0,서울,128.0,104,-3.435483870967742
노원소방서,201812,9.0,서울,159.0,111,-2.929032258064516
노원소방서,201812,10.0,서울,128.0,97,-1.5838709677419356
노원소방서,201812,11.0,서울,134.0,115,0.1354838709677421
노원소방서,201812,12.0,서울,118.0,88,1.5419354838709676
노원소방서,201812,13.0,서울,124.0,103,2.5580645161290323
노원소방서,201812,14.0,서울,127.0,105,3.2
노원소방서,201812,15.0,서울,108.0,95,3.438709677419355
노원소방서,201812,16.0,서울,98.0,100,3.074193548387097
노원소방서,201812,17.0,서울,110.0,92,2.05483870967742
노원소방서,201812,18.0,서울,114.0,110,1.1387096774193548
노원소방서,201812,19.0,서울,100.0,101,0.5096774193548387
노원소방서,201812,20.0,서울,97.0,97,-0.0774193548387097
노원소방서,201812,21.0,서울,117.0,98,-0.5677419354838709
노원소방서,201812,22.0,서울,91.0,92,-1.0451612903225806
노원소방서,201812,23.0,서울,103.0,98,-1.467741935483871
노원소방서,201901,0.0,서울,68.0,86,-1.970967741935484
노원소방서,201901,1.0,서울,73.0,62,-2.2516129032258063
노원소방서,201901,2.0,서울,62.0,64,-2.6258064516129034
노원소방서,201901,3.0,서울,61.0,53,-2.874193548387097
노원소방서,201901,4.0,서울,45.0,37,-3.2516129032258063
노원소방서,201901,5.0,서울,64.0,53,-3.570967741935484
노원소방서,201901,6.0,서울,65.0,53,-3.841935483870968
노원소방서,201901,7.0,서울,79.0,65,-4.070967741935484
노원소방서,201901,8.0,서울,120.0,91,-4.254838709677419
노원소방서,201901,9.0,서울,132.0,102,-3.6806451612903226
노원소방서,201901,10.0,서울,129.0,97,-1.8741935483870968
노원소방서,201901,11.0,서울,129.0,107,0.0193548387096774
노원소방서,201901,12.0,서울,112.0,95,1.3645161290322585
노원소방서,201901,13.0,서울,126.0,99,2.2451612903225806
노원소방서,201901,14.0,서울,115.0,96,2.9935483870967743
노원소방서,201901,15.0,서울,92.0,87,3.532258064516129
노원소방서,201901,16.0,서울,96.0,92,3.367741935483872
노원소방서,201901,17.0,서울,111.0,103,2.42258064516129
노원소방서,201901,18.0,서울,124.0,92,1.0838709677419356
노원소방서,201901,19.0,서울,86.0,76,0.2903225806451613
노원소방서,201901,20.0,서울,94.0,75,-0.3645161290322581
노원소방서,201901,21.0,서울,81.0,72,-0.8741935483870968
노원소방서,201901,22.0,서울,96.0,91,-1.3225806451612905
노원소방서,201901,23.0,서울,73.0,71,-1.6903225806451612
노원소방서,201902,0.0,서울,68.0,68,-0.3428571428571428
노원소방서,201902,1.0,서울,63.0,71,-0.7964285714285715
노원소방서,201902,2.0,서울,38.0,39,-1.1678571428571427
노원소방서,201902,3.0,서울,58.0,50,-1.4821428571428572
노원소방서,201902,4.0,서울,50.0,39,-1.8392857142857144
노원소방서,201902,5.0,서울,46.0,36,-2.210714285714286
노원소방서,201902,6.0,서울,62.0,49,-2.435714285714286
노원소방서,201902,7.0,서울,85.0,54,-2.5785714285714287
노원소방서,201902,8.0,서울,137.0,107,-2.582142857142857
노원소방서,201902,9.0,서울,120.0,91,-1.725
노원소방서,201902,10.0,서울,133.0,95,0.2285714285714285
노원소방서,201902,11.0,서울,111.0,87,1.8571428571428568
노원소방서,201902,12.0,서울,98.0,67,3.225
노원소방서,201902,13.0,서울,119.0,91,4.267857142857143
노원소방서,201902,14.0,서울,103.0,88,5.0
노원소방서,201902,15.0,서울,140.0,101,5.242857142857143
노원소방서,201902,16.0,서울,101.0,86,5.257142857142857
노원소방서,201902,17.0,서울,89.0,88,4.767857142857143
노원소방서,201902,18.0,서울,98.0,86,3.542857142857143
노원소방서,201902,19.0,서울,90.0,73,2.564285714285714
노원소방서,201902,20.0,서울,87.0,76,1.8214285714285716
노원소방서,201902,21.0,서울,112.0,94,1.3678571428571429
노원소방서,201902,22.0,서울,87.0,88,0.925
노원소방서,201902,23.0,서울,68.0,76,0.4785714285714285
노원소방서,201903,0.0,서울,74.0,79,5.329032258064516
노원소방서,201903,1.0,서울,47.0,54,4.906451612903226
노원소방서,201903,2.0,서울,65.0,54,4.580645161290323
노원소방서,201903,3.0,서울,70.0,58,4.306451612903226
노원소방서,201903,4.0,서울,68.0,42,4.051612903225807
노원소방서,201903,5.0,서울,75.0,53,3.793548387096775
노원소방서,201903,6.0,서울,88.0,67,3.5903225806451613
노원소방서,201903,7.0,서울,110.0,70,3.458064516129032
노원소방서,201903,8.0,서울,105.0,88,3.864516129032258
노원소방서,201903,9.0,서울,120.0,99,5.367741935483871
노원소방서,201903,10.0,서울,148.0,104,7.312903225806451
노원소방서,201903,11.0,서울,125.0,101,8.893548387096773
노원소방서,201903,12.0,서울,135.0,93,10.148387096774194
노원소방서,201903,13.0,서울,140.0,122,11.003225806451614
노원소방서,201903,14.0,서울,121.0,103,11.474193548387095
노원소방서,201903,15.0,서울,108.0,95,11.78064516129032
노원소방서,201903,16.0,서울,115.0,99,11.564516129032258
노원소방서,201903,17.0,서울,129.0,107,10.687096774193549
노원소방서,201903,18.0,서울,122.0,94,9.49032258064516
노원소방서,201903,19.0,서울,123.0,99,8.161290322580646
노원소방서,201903,20.0,서울,103.0,102,7.351612903225806
노원소방서,201903,21.0,서울,94.0,89,6.735483870967743
노원소방서,201903,22.0,서울,96.0,95,6.274193548387097
노원소방서,201903,23.0,서울,82.0,93,5.774193548387097
노원소방서,201904,0.0,서울,82.0,76,9.8
노원소방서,201904,1.0,서울,77.0,64,9.383333333333333
노원소방서,201904,2.0,서울,37.0,37,8.99
노원소방서,201904,3.0,서울,52.0,48,8.59
노원소방서,201904,4.0,서울,58.0,46,8.28
노원소방서,201904,5.0,서울,59.0,46,8.073333333333332
노원소방서,201904,6.0,서울,59.0,45,7.92
노원소방서,201904,7.0,서울,85.0,70,8.139999999999999
노원소방서,201904,8.0,서울,121.0,105,9.383333333333333
노원소방서,201904,9.0,서울,164.0,99,11.193333333333332
노원소방서,201904,10.0,서울,150.0,108,12.876666666666669
노원소방서,201904,11.0,서울,127.0,97,14.113333333333332
노원소방서,201904,12.0,서울,118.0,100,15.23
노원소방서,201904,13.0,서울,113.0,97,16.006666666666668
노원소방서,201904,14.0,서울,117.0,85,16.513333333333332
노원소방서,201904,15.0,서울,90.0,89,16.89
노원소방서,201904,16.0,서울,115.0,94,16.716666666666665
노원소방서,201904,17.0,서울,123.0,89,16.07
노원소방서,201904,18.0,서울,141.0,121,15.026666666666667
노원소방서,201904,19.0,서울,144.0,111,13.656666666666666
노원소방서,201904,20.0,서울,117.0,99,12.64
노원소방서,201904,21.0,서울,107.0,98,11.903333333333334
노원소방서,201904,22.0,서울,111.0,100,11.233333333333333
노원소방서,201904,23.0,서울,83.0,84,10.65
노원소방서,201905,0.0,서울,105.0,88,16.925806451612903
노원소방서,201905,1.0,서울,88.0,60,16.42258064516129
노원소방서,201905,2.0,서울,66.0,63,15.896774193548389
노원소방서,201905,3.0,서울,39.0,43,15.348387096774196
노원소방서,201905,4.0,서울,64.0,44,14.861290322580643
노원소방서,201905,5.0,서울,62.0,61,14.36451612903226
노원소방서,201905,6.0,서울,77.0,60,14.083870967741936
노원소방서,201905,7.0,서울,95.0,69,14.783870967741937
노원소방서,201905,8.0,서울,124.0,99,16.809677419354838
노원소방서,201905,9.0,서울,163.0,116,18.73548387096774
노원소방서,201905,10.0,서울,149.0,107,20.493548387096773
노원소방서,201905,11.0,서울,145.0,103,21.970967741935485
노원소방서,201905,12.0,서울,113.0,94,23.248387096774195
노원소방서,201905,13.0,서울,149.0,112,24.203225806451613
노원소방서,201905,14.0,서울,147.0,118,24.703225806451613
노원소방서,201905,15.0,서울,103.0,98,24.92258064516129
노원소방서,201905,16.0,서울,138.0,103,24.693548387096776
노원소방서,201905,17.0,서울,104.0,91,24.096774193548388
노원소방서,201905,18.0,서울,151.0,119,22.983870967741936
노원소방서,201905,19.0,서울,131.0,105,21.387096774193548
노원소방서,201905,20.0,서울,103.0,92,19.90967741935484
노원소방서,201905,21.0,서울,119.0,106,19.01290322580645
노원소방서,201905,22.0,서울,104.0,94,18.293548387096774
노원소방서,201905,23.0,서울,107.0,98,17.63225806451613
노원소방서,201906,0.0,서울,81.0,71,20.19333333333333
노원소방서,201906,1.0,서울,61.0,60,19.723333333333336
노원소방서,201906,2.0,서울,71.0,61,19.316666666666663
노원소방서,201906,3.0,서울,45.0,48,19.006666666666668
노원소방서,201906,4.0,서울,48.0,46,18.776666666666664
노원소방서,201906,5.0,서울,59.0,44,18.50333333333333
노원소방서,201906,6.0,서울,72.0,54,18.4
노원소방서,201906,7.0,서울,121.0,78,19.15
노원소방서,201906,8.0,서울,128.0,101,20.540000000000003
노원소방서,201906,9.0,서울,172.0,124,21.916666666666668
노원소방서,201906,10.0,서울,116.0,100,23.21
노원소방서,201906,11.0,서울,145.0,96,24.3
노원소방서,201906,12.0,서울,129.0,92,25.293333333333333
노원소방서,201906,13.0,서울,148.0,103,26.02
노원소방서,201906,14.0,서울,141.0,109,26.62
노원소방서,201906,15.0,서울,115.0,94,27.026666666666664
노원소방서,201906,16.0,서울,124.0,98,26.863333333333333
노원소방서,201906,17.0,서울,98.0,97,26.423333333333336
노원소방서,201906,18.0,서울,122.0,108,25.76333333333333
노원소방서,201906,19.0,서울,132.0,103,24.55
노원소방서,201906,20.0,서울,105.0,97,23.196666666666665
노원소방서,201906,21.0,서울,107.0,81,22.196666666666665
노원소방서,201906,22.0,서울,118.0,99,21.41333333333333
노원소방서,201906,23.0,서울,95.0,92,20.84
노원소방서,201907,0.0,서울,97.0,91,24.37741935483871
노원소방서,201907,1.0,서울,80.0,69,24.038709677419355
노원소방서,201907,2.0,서울,62.0,59,23.76129032258065
노원소방서,201907,3.0,서울,47.0,52,23.516129032258064
노원소방서,201907,4.0,서울,60.0,53,23.31290322580645
노원소방서,201907,5.0,서울,59.0,48,23.161290322580644
노원소방서,201907,6.0,서울,87.0,58,23.11935483870968
노원소방서,201907,7.0,서울,118.0,95,23.506451612903227
노원소방서,201907,8.0,서울,131.0,99,24.248387096774195
노원소방서,201907,9.0,서울,157.0,116,25.003225806451614
노원소방서,201907,10.0,서울,154.0,117,25.97741935483871
노원소방서,201907,11.0,서울,109.0,84,26.98064516129032
노원소방서,201907,12.0,서울,143.0,120,27.86774193548387
노원소방서,201907,13.0,서울,149.0,105,28.567741935483877
노원소방서,201907,14.0,서울,150.0,112,29.01290322580645
노원소방서,201907,15.0,서울,155.0,107,29.374193548387098
노원소방서,201907,16.0,서울,125.0,97,29.21935483870968
노원소방서,201907,17.0,서울,125.0,99,28.664516129032258
노원소방서,201907,18.0,서울,111.0,99,28.01935483870968
노원소방서,201907,19.0,서울,113.0,100,27.161290322580644
노원소방서,201907,20.0,서울,138.0,106,26.21935483870968
노원소방서,201907,21.0,서울,149.0,114,25.574193548387097
노원소방서,201907,22.0,서울,113.0,102,25.151612903225807
노원소방서,201907,23.0,서울,94.0,92,24.796774193548387
노원소방서,201908,0.0,서울,96.0,92,25.8
노원소방서,201908,1.0,서울,91.0,76,25.43870967741936
노원소방서,201908,2.0,서울,70.0,69,25.083870967741937
노원소방서,201908,3.0,서울,73.0,60,24.774193548387096
노원소방서,201908,4.0,서울,73.0,51,24.50967741935484
노원소방서,201908,5.0,서울,76.0,68,24.22903225806452
노원소방서,201908,6.0,서울,84.0,61,23.98064516129032
노원소방서,201908,7.0,서울,126.0,96,24.125806451612902
노원소방서,201908,8.0,서울,123.0,91,25.016129032258064
노원소방서,201908,9.0,서울,168.0,120,26.212903225806453
노원소방서,201908,10.0,서울,106.0,88,27.496774193548383
노원소방서,201908,11.0,서울,137.0,99,28.35483870967742
노원소방서,201908,12.0,서울,113.0,95,29.116129032258065
노원소방서,201908,13.0,서울,138.0,97,29.76451612903226
노원소방서,201908,14.0,서울,129.0,100,30.496774193548383
노원소방서,201908,15.0,서울,132.0,103,30.90322580645161
노원소방서,201908,16.0,서울,117.0,94,30.874193548387098
노원소방서,201908,17.0,서울,130.0,108,30.493548387096773
노원소방서,201908,18.0,서울,104.0,100,29.677419354838708
노원소방서,201908,19.0,서울,138.0,118,28.641935483870967
노원소방서,201908,20.0,서울,146.0,108,27.693548387096776
노원소방서,201908,21.0,서울,112.0,107,27.096774193548388
노원소방서,201908,22.0,서울,128.0,114,26.651612903225807
노원소방서,201908,23.0,서울,105.0,97,26.080645161290324
노원소방서,201909,0.0,서울,97.0,86,21.116666666666667
노원소방서,201909,1.0,서울,59.0,62,20.78666666666667
노원소방서,201909,2.0,서울,69.0,54,20.53
노원소방서,201909,3.0,서울,53.0,49,20.196666666666665
노원소방서,201909,4.0,서울,59.0,64,19.96333333333333
노원소방서,201909,5.0,서울,50.0,47,19.726666666666667
노원소방서,201909,6.0,서울,80.0,67,19.51333333333333
노원소방서,201909,7.0,서울,108.0,78,19.456666666666667
노원소방서,201909,8.0,서울,114.0,98,20.196666666666665
노원소방서,201909,9.0,서울,121.0,92,21.64
노원소방서,201909,10.0,서울,171.0,114,23.223333333333336
노원소방서,201909,11.0,서울,139.0,100,24.473333333333336
노원소방서,201909,12.0,서울,127.0,87,25.36
노원소방서,201909,13.0,서울,142.0,106,26.043333333333333
노원소방서,201909,14.0,서울,148.0,101,26.26333333333333
노원소방서,201909,15.0,서울,147.0,113,26.273333333333333
노원소방서,201909,16.0,서울,139.0,100,26.10333333333333
노원소방서,201909,17.0,서울,143.0,122,25.59333333333333
노원소방서,201909,18.0,서울,108.0,96,24.57
노원소방서,201909,19.0,서울,108.0,97,23.59333333333333
노원소방서,201909,20.0,서울,126.0,111,22.863333333333333
노원소방서,201909,21.0,서울,112.0,94,22.37
노원소방서,201909,22.0,서울,99.0,91,21.923333333333336
노원소방서,201909,23.0,서울,96.0,83,21.46333333333333
노원소방서,201910,0.0,서울,80.0,79,14.629032258064516
노원소방서,201910,1.0,서울,83.0,77,14.225806451612904
노원소방서,201910,2.0,서울,56.0,46,13.812903225806451
노원소방서,201910,3.0,서울,57.0,58,13.44516129032258
노원소방서,201910,4.0,서울,35.0,45,13.077419354838709
노원소방서,201910,5.0,서울,54.0,39,12.825806451612904
노원소방서,201910,6.0,서울,61.0,53,12.625806451612902
노원소방서,201910,7.0,서울,88.0,73,12.529032258064516
노원소방서,201910,8.0,서울,127.0,96,13.061290322580644
노원소방서,201910,9.0,서울,153.0,101,14.803225806451612
노원소방서,201910,10.0,서울,122.0,112,16.809677419354838
노원소방서,201910,11.0,서울,147.0,112,18.493548387096773
노원소방서,201910,12.0,서울,134.0,102,19.664516129032258
노원소방서,201910,13.0,서울,99.0,95,20.567741935483877
노원소방서,201910,14.0,서울,139.0,120,21.048387096774192
노원소방서,201910,15.0,서울,144.0,105,21.15806451612903
노원소방서,201910,16.0,서울,125.0,112,20.87741935483871
노원소방서,201910,17.0,서울,118.0,114,19.993548387096773
노원소방서,201910,18.0,서울,122.0,99,18.532258064516128
노원소방서,201910,19.0,서울,126.0,106,17.529032258064515
노원소방서,201910,20.0,서울,125.0,104,16.787096774193547
노원소방서,201910,21.0,서울,111.0,88,16.138709677419357
노원소방서,201910,22.0,서울,119.0,94,15.596774193548388
노원소방서,201910,23.0,서울,64.0,77,14.996774193548388
노원소방서,201911,0.0,서울,92.0,80,6.466666666666667
노원소방서,201911,1.0,서울,61.0,61,6.093333333333334
노원소방서,201911,2.0,서울,62.0,53,5.666666666666667
노원소방서,201911,3.0,서울,56.0,67,5.276666666666667
노원소방서,201911,4.0,서울,46.0,35,4.963333333333334
노원소방서,201911,5.0,서울,61.0,44,4.66
노원소방서,201911,6.0,서울,71.0,56,4.306666666666667
노원소방서,201911,7.0,서울,107.0,77,4.036666666666666
노원소방서,201911,8.0,서울,97.0,75,4.1066666666666665
노원소방서,201911,9.0,서울,144.0,106,5.553333333333333
노원소방서,201911,10.0,서울,139.0,106,7.510000000000001
노원소방서,201911,11.0,서울,106.0,83,9.116666666666667
노원소방서,201911,12.0,서울,140.0,108,10.276666666666667
노원소방서,201911,13.0,서울,125.0,96,11.336666666666668
노원소방서,201911,14.0,서울,130.0,95,11.963333333333331
노원소방서,201911,15.0,서울,118.0,105,12.203333333333337
노원소방서,201911,16.0,서울,120.0,101,11.87
노원소방서,201911,17.0,서울,116.0,105,10.64
노원소방서,201911,18.0,서울,100.0,88,9.526666666666667
노원소방서,201911,19.0,서울,126.0,107,8.643333333333334
노원소방서,201911,20.0,서울,99.0,76,7.946666666666667
노원소방서,201911,21.0,서울,76.0,80,7.373333333333333
노원소방서,201911,22.0,서울,99.0,96,6.926666666666667
노원소방서,201911,23.0,서울,79.0,83,6.516666666666667
노원소방서,201912,0.0,서울,97.0,85,0.8677419354838709
노원소방서,201912,1.0,서울,64.0,63,0.5645161290322581
노원소방서,201912,2.0,서울,38.0,46,0.2774193548387097
노원소방서,201912,3.0,서울,55.0,45,0.0419354838709677
노원소방서,201912,4.0,서울,48.0,38,-0.2193548387096775
노원소방서,201912,5.0,서울,71.0,59,-0.5129032258064516
노원소방서,201912,6.0,서울,91.0,65,-0.7096774193548387
노원소방서,201912,7.0,서울,82.0,70,-0.8548387096774193
노원소방서,201912,8.0,서울,140.0,96,-0.896774193548387
노원소방서,201912,9.0,서울,152.0,118,-0.3903225806451612
노원소방서,201912,10.0,서울,156.0,109,0.7193548387096773
노원소방서,201912,11.0,서울,127.0,96,1.8225806451612905
노원소방서,201912,12.0,서울,147.0,110,2.932258064516129
노원소방서,201912,13.0,서울,118.0,107,3.816129032258064
노원소방서,201912,14.0,서울,108.0,94,4.470967741935484
노원소방서,201912,15.0,서울,120.0,76,4.683870967741935
노원소방서,201912,16.0,서울,118.0,102,4.45483870967742
노원소방서,201912,17.0,서울,111.0,91,3.658064516129032
노원소방서,201912,18.0,서울,129.0,118,2.825806451612903
노원소방서,201912,19.0,서울,113.0,94,2.193548387096774
노원소방서,201912,20.0,서울,99.0,83,1.716129032258065
노원소방서,201912,21.0,서울,131.0,111,1.335483870967742
노원소방서,201912,22.0,서울,89.0,82,1.074193548387097
노원소방서,201912,23.0,서울,69.0,77,0.8064516129032258
노원소방서,202001,0.0,서울,67.0,71,0.3548387096774194
노원소방서,202001,1.0,서울,90.0,78,0.1354838709677419
노원소방서,202001,2.0,서울,65.0,49,-0.1645161290322581
노원소방서,202001,3.0,서울,54.0,50,-0.3451612903225806
노원소방서,202001,4.0,서울,49.0,38,-0.5741935483870968
노원소방서,202001,5.0,서울,70.0,52,-0.7096774193548387
노원소방서,202001,6.0,서울,81.0,64,-0.8838709677419355
노원소방서,202001,7.0,서울,95.0,80,-0.9612903225806452
노원소방서,202001,8.0,서울,111.0,90,-1.032258064516129
노원소방서,202001,9.0,서울,141.0,113,-0.5903225806451613
노원소방서,202001,10.0,서울,161.0,111,0.7870967741935483
노원소방서,202001,11.0,서울,107.0,87,2.3870967741935485
노원소방서,202001,12.0,서울,151.0,96,3.635483870967742
노원소방서,202001,13.0,서울,132.0,107,4.564516129032258
노원소방서,202001,14.0,서울,144.0,105,5.012903225806451
노원소방서,202001,15.0,서울,108.0,92,5.290322580645161
노원소방서,202001,16.0,서울,104.0,80,5.209677419354839
노원소방서,202001,17.0,서울,119.0,103,4.470967741935484
노원소방서,202001,18.0,서울,119.0,100,3.548387096774193
노원소방서,202001,19.0,서울,124.0,112,2.864516129032258
노원소방서,202001,20.0,서울,117.0,90,2.2483870967741937
노원소방서,202001,21.0,서울,102.0,112,1.7032258064516128
노원소방서,202001,22.0,서울,114.0,95,1.261290322580645
노원소방서,202001,23.0,서울,80.0,67,0.8483870967741935
노원소방서,202002,0.0,서울,60.0,70,1.4551724137931037
노원소방서,202002,1.0,서울,57.0,56,1.0517241379310345
노원소방서,202002,2.0,서울,70.0,70,0.8413793103448275
노원소방서,202002,3.0,서울,56.0,50,0.5241379310344828
노원소방서,202002,4.0,서울,55.0,44,0.1586206896551724
노원소방서,202002,5.0,서울,42.0,42,-0.2275862068965517
노원소방서,202002,6.0,서울,62.0,56,-0.4275862068965517
노원소방서,202002,7.0,서울,76.0,61,-0.6482758620689656
노원소방서,202002,8.0,서울,105.0,79,-0.5965517241379312
노원소방서,202002,9.0,서울,126.0,104,0.2758620689655172
노원소방서,202002,10.0,서울,110.0,92,1.827586206896552
노원소방서,202002,11.0,서울,93.0,73,3.2448275862068963
노원소방서,202002,12.0,서울,96.0,81,4.282758620689656
노원소방서,202002,13.0,서울,104.0,84,5.179310344827586
노원소방서,202002,14.0,서울,126.0,101,5.86551724137931
노원소방서,202002,15.0,서울,92.0,95,6.296551724137931
노원소방서,202002,16.0,서울,111.0,84,6.317241379310344
노원소방서,202002,17.0,서울,111.0,89,5.965517241379311
노원소방서,202002,18.0,서울,80.0,87,4.9206896551724135
노원소방서,202002,19.0,서울,82.0,86,3.972413793103448
노원소방서,202002,20.0,서울,101.0,81,3.362068965517241
노원소방서,202002,21.0,서울,99.0,99,2.7448275862068963
노원소방서,202002,22.0,서울,90.0,85,2.262068965517241
노원소방서,202002,23.0,서울,56.0,67,1.9620689655172412
노원소방서,202003,0.0,서울,56.0,63,5.870967741935484
노원소방서,202003,1.0,서울,60.0,57,5.487096774193549
노원소방서,202003,2.0,서울,38.0,32,5.119354838709677
노원소방서,202003,3.0,서울,59.0,59,4.758064516129032
노원소방서,202003,4.0,서울,33.0,36,4.4
노원소방서,202003,5.0,서울,32.0,37,4.025806451612903
노원소방서,202003,6.0,서울,42.0,42,3.729032258064517
노원소방서,202003,7.0,서울,70.0,58,3.6322580645161286
노원소방서,202003,8.0,서울,104.0,81,4.351612903225806
노원소방서,202003,9.0,서울,110.0,92,6.0
노원소방서,202003,10.0,서울,108.0,92,7.590322580645162
노원소방서,202003,11.0,서울,103.0,85,9.332258064516129
노원소방서,202003,12.0,서울,96.0,88,10.729032258064516
노원소방서,202003,13.0,서울,118.0,94,11.535483870967743
노원소방서,202003,14.0,서울,80.0,73,12.28064516129032
노원소방서,202003,15.0,서울,112.0,93,12.587096774193547
노원소방서,202003,16.0,서울,86.0,86,12.32258064516129
노원소방서,202003,17.0,서울,105.0,94,11.658064516129032
노원소방서,202003,18.0,서울,89.0,85,10.483870967741936
노원소방서,202003,19.0,서울,79.0,86,9.077419354838709
노원소방서,202003,20.0,서울,82.0,94,8.196774193548388
노원소방서,202003,21.0,서울,68.0,76,7.5
노원소방서,202003,22.0,서울,80.0,80,6.929032258064517
노원소방서,202003,23.0,서울,79.0,83,6.474193548387096
노원소방서,202004,0.0,서울,72.0,60,8.866666666666667
노원소방서,202004,1.0,서울,59.0,53,8.51
노원소방서,202004,2.0,서울,55.0,44,8.183333333333334
노원소방서,202004,3.0,서울,51.0,43,7.846666666666667
노원소방서,202004,4.0,서울,36.0,31,7.543333333333334
노원소방서,202004,5.0,서울,53.0,34,7.14
노원소방서,202004,6.0,서울,60.0,45,6.8966666666666665
노원소방서,202004,7.0,서울,54.0,42,7.113333333333333
노원소방서,202004,8.0,서울,97.0,77,8.483333333333333
노원소방서,202004,9.0,서울,104.0,78,10.253333333333334
노원소방서,202004,10.0,서울,86.0,72,11.943333333333332
노원소방서,202004,11.0,서울,92.0,79,13.36
노원소방서,202004,12.0,서울,88.0,83,14.373333333333331
노원소방서,202004,13.0,서울,97.0,94,15.27
노원소방서,202004,14.0,서울,93.0,88,15.753333333333334
노원소방서,202004,15.0,서울,82.0,90,15.893333333333334
노원소방서,202004,16.0,서울,80.0,79,15.683333333333334
노원소방서,202004,17.0,서울,87.0,86,14.913333333333332
노원소방서,202004,18.0,서울,84.0,65,13.92
노원소방서,202004,19.0,서울,93.0,83,12.49
노원소방서,202004,20.0,서울,93.0,87,11.403333333333334
노원소방서,202004,21.0,서울,92.0,81,10.643333333333334
노원소방서,202004,22.0,서울,91.0,80,10.043333333333331
노원소방서,202004,23.0,서울,78.0,73,9.49
노원소방서,202005,0.0,서울,74.0,65,15.961290322580645
노원소방서,202005,1.0,서울,59.0,55,15.67741935483871
노원소방서,202005,2.0,서울,50.0,44,15.370967741935484
노원소방서,202005,3.0,서울,39.0,33,15.067741935483872
노원소방서,202005,4.0,서울,44.0,48,14.851612903225808
노원소방서,202005,5.0,서울,47.0,44,14.680645161290323
노원소방서,202005,6.0,서울,80.0,64,14.551612903225807
노원소방서,202005,7.0,서울,112.0,62,14.958064516129031
노원소방서,202005,8.0,서울,100.0,70,15.964516129032257
노원소방서,202005,9.0,서울,127.0,102,17.229032258064517
노원소방서,202005,10.0,서울,109.0,92,18.451612903225808
노원소방서,202005,11.0,서울,112.0,88,19.648387096774197
노원소방서,202005,12.0,서울,120.0,95,20.72903225806452
노원소방서,202005,13.0,서울,87.0,93,21.59032258064516
노원소방서,202005,14.0,서울,131.0,107,22.23225806451613
노원소방서,202005,15.0,서울,108.0,101,22.306451612903224
노원소방서,202005,16.0,서울,90.0,78,21.961290322580645
노원소방서,202005,17.0,서울,83.0,85,21.40967741935484
노원소방서,202005,18.0,서울,98.0,89,20.55806451612903
노원소방서,202005,19.0,서울,107.0,80,19.5
노원소방서,202005,20.0,서울,109.0,85,18.4741935483871
노원소방서,202005,21.0,서울,88.0,93,17.648387096774194
노원소방서,202005,22.0,서울,87.0,80,16.929032258064513
노원소방서,202005,23.0,서울,76.0,69,16.403225806451612
노원소방서,202006,0.0,서울,77.0,86,21.863333333333333
노원소방서,202006,1.0,서울,60.0,65,21.476666666666667
노원소방서,202006,2.0,서울,50.0,48,21.14333333333333
노원소방서,202006,3.0,서울,70.0,65,20.87
노원소방서,202006,4.0,서울,37.0,33,20.636666666666667
노원소방서,202006,5.0,서울,52.0,41,20.39
노원소방서,202006,6.0,서울,77.0,51,20.30666666666667
노원소방서,202006,7.0,서울,76.0,56,20.81
노원소방서,202006,8.0,서울,109.0,88,21.89333333333333
노원소방서,202006,9.0,서울,131.0,103,23.11
노원소방서,202006,10.0,서울,124.0,92,24.35333333333333
노원소방서,202006,11.0,서울,132.0,103,25.446666666666665
노원소방서,202006,12.0,서울,113.0,75,26.47
노원소방서,202006,13.0,서울,110.0,109,27.226666666666667
노원소방서,202006,14.0,서울,110.0,82,27.78
노원소방서,202006,15.0,서울,92.0,91,28.316666666666663
노원소방서,202006,16.0,서울,112.0,93,28.3
노원소방서,202006,17.0,서울,108.0,91,27.673333333333336
노원소방서,202006,18.0,서울,110.0,81,26.676666666666662
노원소방서,202006,19.0,서울,120.0,100,25.506666666666668
노원소방서,202006,20.0,서울,102.0,85,24.31
노원소방서,202006,21.0,서울,103.0,99,23.40333333333333
노원소방서,202006,22.0,서울,90.0,83,22.82
노원소방서,202006,23.0,서울,78.0,68,22.33333333333333
노원소방서,202007,0.0,서울,71.0,68,22.83225806451613
노원소방서,202007,1.0,서울,61.0,55,22.57741935483871
노원소방서,202007,2.0,서울,62.0,53,22.34193548387097
노원소방서,202007,3.0,서울,46.0,36,22.13225806451613
노원소방서,202007,4.0,서울,70.0,58,21.94516129032258
노원소방서,202007,5.0,서울,80.0,53,21.8
노원소방서,202007,6.0,서울,87.0,60,21.693548387096776
노원소방서,202007,7.0,서울,82.0,76,21.87741935483871
노원소방서,202007,8.0,서울,130.0,95,22.6
노원소방서,202007,9.0,서울,148.0,99,23.364516129032257
노원소방서,202007,10.0,서울,136.0,98,24.19032258064516
노원소방서,202007,11.0,서울,99.0,83,24.970967741935485
노원소방서,202007,12.0,서울,104.0,80,25.51290322580645
노원소방서,202007,13.0,서울,108.0,89,26.038709677419355
노원소방서,202007,14.0,서울,105.0,82,26.68064516129032
노원소방서,202007,15.0,서울,100.0,79,27.006451612903227
노원소방서,202007,16.0,서울,115.0,90,27.21935483870968
노원소방서,202007,17.0,서울,103.0,86,26.825806451612905
노원소방서,202007,18.0,서울,79.0,83,26.25483870967742
노원소방서,202007,19.0,서울,122.0,102,25.59354838709677
노원소방서,202007,20.0,서울,106.0,89,24.706451612903223
노원소방서,202007,21.0,서울,94.0,91,24.08709677419355
노원소방서,202007,22.0,서울,104.0,88,23.67419354838709
노원소방서,202007,23.0,서울,75.0,72,23.306451612903224
노원소방서,202008,0.0,서울,74.0,65,25.62903225806452
노원소방서,202008,1.0,서울,51.0,52,25.43870967741936
노원소방서,202008,2.0,서울,62.0,62,25.335483870967742
노원소방서,202008,3.0,서울,45.0,46,25.16774193548387
노원소방서,202008,4.0,서울,52.0,56,25.038709677419355
노원소방서,202008,5.0,서울,57.0,55,24.93870967741936
노원소방서,202008,6.0,서울,61.0,60,24.81290322580645
노원소방서,202008,7.0,서울,115.0,83,24.851612903225806
노원소방서,202008,8.0,서울,87.0,88,25.32258064516129
노원소방서,202008,9.0,서울,156.0,132,25.825806451612905
노원소방서,202008,10.0,서울,124.0,112,26.493548387096773
노원소방서,202008,11.0,서울,93.0,80,27.203225806451613
노원소방서,202008,12.0,서울,127.0,96,27.703225806451613
노원소방서,202008,13.0,서울,135.0,108,27.74
노원소방서,202008,14.0,서울,102.0,77,28.451612903225808
노원소방서,202008,15.0,서울,109.0,102,28.54516129032258
노원소방서,202008,16.0,서울,94.0,84,28.64516129032258
노원소방서,202008,17.0,서울,92.0,94,28.40967741935484
노원소방서,202008,18.0,서울,119.0,104,27.996774193548383
노원소방서,202008,19.0,서울,118.0,102,27.364516129032257
노원소방서,202008,20.0,서울,129.0,103,26.76451612903226
노원소방서,202008,21.0,서울,98.0,97,26.416129032258063
노원소방서,202008,22.0,서울,88.0,81,26.177419354838708
노원소방서,202008,23.0,서울,89.0,89,25.929032258064517
노원소방서,202009,0.0,서울,53.0,54,20.09
노원소방서,202009,1.0,서울,41.0,47,19.73333333333333
노원소방서,202009,2.0,서울,36.0,38,19.426666666666662
노원소방서,202009,3.0,서울,29.0,37,19.17
노원소방서,202009,4.0,서울,25.0,27,18.966666666666665
노원소방서,202009,5.0,서울,46.0,38,18.65666666666667
노원소방서,202009,6.0,서울,68.0,51,18.43
노원소방서,202009,7.0,서울,77.0,68,18.38
노원소방서,202009,8.0,서울,106.0,86,19.146666666666665
노원소방서,202009,9.0,서울,102.0,94,20.40333333333333
노원소방서,202009,10.0,서울,127.0,101,21.86
노원소방서,202009,11.0,서울,107.0,99,23.03666666666667
노원소방서,202009,12.0,서울,127.0,97,24.043333333333333
노원소방서,202009,13.0,서울,106.0,93,24.58
노원소방서,202009,14.0,서울,113.0,100,24.726666666666667
노원소방서,202009,15.0,서울,102.0,76,24.87
노원소방서,202009,16.0,서울,97.0,89,24.74
노원소방서,202009,17.0,서울,90.0,87,24.14333333333333
노원소방서,202009,18.0,서울,91.0,102,23.313333333333333
노원소방서,202009,19.0,서울,82.0,81,22.376666666666665
노원소방서,202009,20.0,서울,110.0,106,21.69
노원소방서,202009,21.0,서울,83.0,87,21.126666666666665
노원소방서,202009,22.0,서울,61.0,73,20.61
노원소방서,202009,23.0,서울,74.0,69,20.166666666666668
노원소방서,202010,0.0,서울,58.0,58,12.580645161290322
노원소방서,202010,1.0,서울,61.0,70,12.248387096774191
노원소방서,202010,2.0,서울,46.0,45,11.851612903225806
노원소방서,202010,3.0,서울,46.0,43,11.470967741935484
노원소방서,202010,4.0,서울,55.0,47,11.17741935483871
노원소방서,202010,5.0,서울,64.0,53,10.8
노원소방서,202010,6.0,서울,65.0,60,10.54516129032258
노원소방서,202010,7.0,서울,72.0,69,10.358064516129032
노원소방서,202010,8.0,서울,87.0,74,10.916129032258064
노원소방서,202010,9.0,서울,141.0,111,12.819354838709677
노원소방서,202010,10.0,서울,110.0,84,14.593548387096773
노원소방서,202010,11.0,서울,90.0,83,16.406451612903226
노원소방서,202010,12.0,서울,103.0,103,17.567741935483873
노원소방서,202010,13.0,서울,130.0,104,18.406451612903226
노원소방서,202010,14.0,서울,118.0,104,18.851612903225806
노원소방서,202010,15.0,서울,99.0,92,18.948387096774194
노원소방서,202010,16.0,서울,108.0,85,18.8
노원소방서,202010,17.0,서울,118.0,95,17.996774193548386
노원소방서,202010,18.0,서울,115.0,109,16.48709677419355
노원소방서,202010,19.0,서울,116.0,102,15.383870967741936
노원소방서,202010,20.0,서울,103.0,88,14.651612903225804
노원소방서,202010,21.0,서울,91.0,81,13.980645161290322
노원소방서,202010,22.0,서울,72.0,72,13.422580645161291
노원소방서,202010,23.0,서울,80.0,77,12.951612903225806
노원소방서,202011,0.0,서울,52.0,56,7.180000000000001
노원소방서,202011,1.0,서울,49.0,57,6.863333333333333
노원소방서,202011,2.0,서울,72.0,57,6.596666666666667
노원소방서,202011,3.0,서울,41.0,41,6.3533333333333335
노원소방서,202011,4.0,서울,24.0,28,6.073333333333333
노원소방서,202011,5.0,서울,53.0,41,5.836666666666667
노원소방서,202011,6.0,서울,82.0,63,5.6033333333333335
노원소방서,202011,7.0,서울,68.0,58,5.326666666666667
노원소방서,202011,8.0,서울,94.0,69,5.3533333333333335
노원소방서,202011,9.0,서울,110.0,87,6.276666666666667
노원소방서,202011,10.0,서울,121.0,103,7.726666666666666
노원소방서,202011,11.0,서울,125.0,90,9.066666666666666
노원소방서,202011,12.0,서울,94.0,92,10.253333333333334
노원소방서,202011,13.0,서울,115.0,96,11.023333333333332
노원소방서,202011,14.0,서울,86.0,77,11.523333333333332
노원소방서,202011,15.0,서울,108.0,85,11.783333333333331
노원소방서,202011,16.0,서울,104.0,92,11.476666666666668
노원소방서,202011,17.0,서울,82.0,77,10.51
노원소방서,202011,18.0,서울,98.0,79,9.506666666666666
노원소방서,202011,19.0,서울,94.0,80,8.783333333333333
노원소방서,202011,20.0,서울,84.0,91,8.253333333333334
노원소방서,202011,21.0,서울,88.0,87,7.766666666666667
노원소방서,202011,22.0,서울,69.0,76,7.416666666666667
노원소방서,202011,23.0,서울,87.0,74,7.069999999999999
노원소방서,202012,0.0,서울,51.0,44,-1.270967741935484
노원소방서,202012,1.0,서울,51.0,45,-1.5096774193548386
노원소방서,202012,2.0,서울,32.0,32,-1.7967741935483872
노원소방서,202012,3.0,서울,35.0,33,-2.074193548387097
노원소방서,202012,4.0,서울,40.0,40,-2.2774193548387096
노원소방서,202012,5.0,서울,42.0,33,-2.52258064516129
노원소방서,202012,6.0,서울,48.0,35,-2.732258064516129
노원소방서,202012,7.0,서울,42.0,42,-2.9096774193548387
노원소방서,202012,8.0,서울,103.0,70,-3.0161290322580645
노원소방서,202012,9.0,서울,149.0,101,-2.425806451612903
노원소방서,202012,10.0,서울,121.0,95,-0.8258064516129031
노원소방서,202012,11.0,서울,108.0,90,0.6290322580645161
노원소방서,202012,12.0,서울,126.0,92,1.870967741935484
노원소방서,202012,13.0,서울,130.0,140,2.683870967741936
노원소방서,202012,14.0,서울,118.0,89,3.177419354838709
노원소방서,202012,15.0,서울,109.0,99,3.2580645161290325
노원소방서,202012,16.0,서울,93.0,75,3.1193548387096777
노원소방서,202012,17.0,서울,96.0,92,2.1516129032258067
노원소방서,202012,18.0,서울,102.0,95,1.2354838709677418
노원소방서,202012,19.0,서울,93.0,77,0.5483870967741935
노원소방서,202012,20.0,서울,92.0,90,-0.0451612903225805
노원소방서,202012,21.0,서울,89.0,78,-0.5
노원소방서,202012,22.0,서울,74.0,67,-0.8387096774193549
노원소방서,202012,23.0,서울,55.0,46,-1.1483870967741936
노원소방서,202101,0.0,서울,70.0,52,-3.6322580645161286
노원소방서,202101,1.0,서울,47.0,48,-3.948387096774194
노원소방서,202101,2.0,서울,49.0,45,-4.248387096774193
노원소방서,202101,3.0,서울,31.0,30,-4.548387096774194
노원소방서,202101,4.0,서울,28.0,26,-4.870967741935484
노원소방서,202101,5.0,서울,52.0,36,-5.164516129032258
노원소방서,202101,6.0,서울,40.0,39,-5.351612903225806
노원소방서,202101,7.0,서울,70.0,53,-5.448387096774193
노원소방서,202101,8.0,서울,117.0,101,-5.525806451612904
노원소방서,202101,9.0,서울,115.0,98,-4.874193548387097
노원소방서,202101,10.0,서울,122.0,87,-3.3032258064516125
노원소방서,202101,11.0,서울,106.0,75,-1.8870967741935485
노원소방서,202101,12.0,서울,98.0,94,-0.6129032258064516
노원소방서,202101,13.0,서울,114.0,82,0.535483870967742
노원소방서,202101,14.0,서울,112.0,97,1.3032258064516131
노원소방서,202101,15.0,서울,85.0,72,1.5548387096774194
노원소방서,202101,16.0,서울,102.0,89,1.4064516129032256
노원소방서,202101,17.0,서울,93.0,80,0.6838709677419355
노원소방서,202101,18.0,서울,105.0,95,-0.225806451612903
노원소방서,202101,19.0,서울,91.0,87,-0.8709677419354839
노원소방서,202101,20.0,서울,80.0,90,-1.4064516129032258
노원소방서,202101,21.0,서울,118.0,98,-1.832258064516129
노원소방서,202101,22.0,서울,79.0,87,-2.267741935483871
노원소방서,202101,23.0,서울,47.0,58,-2.735483870967742
노원소방서,202102,0.0,서울,57.0,50,1.3857142857142857
노원소방서,202102,1.0,서울,55.0,41,1.0607142857142855
노원소방서,202102,2.0,서울,51.0,40,0.7214285714285714
노원소방서,202102,3.0,서울,35.0,32,0.325
노원소방서,202102,4.0,서울,44.0,26,-0.0750000000000001
노원소방서,202102,5.0,서울,16.0,26,-0.367857142857143
노원소방서,202102,6.0,서울,56.0,42,-0.5499999999999999
노원소방서,202102,7.0,서울,60.0,43,-0.7107142857142857
노원소방서,202102,8.0,서울,90.0,65,-0.7178571428571427
노원소방서,202102,9.0,서울,125.0,85,0.3107142857142858
노원소방서,202102,10.0,서울,101.0,76,1.8535714285714284
노원소방서,202102,11.0,서울,95.0,76,3.346428571428571
노원소방서,202102,12.0,서울,108.0,83,4.771428571428571
노원소방서,202102,13.0,서울,85.0,74,5.817857142857143
노원소방서,202102,14.0,서울,122.0,101,6.621428571428572
노원소방서,202102,15.0,서울,83.0,84,7.0
노원소방서,202102,16.0,서울,91.0,77,7.167857142857143
노원소방서,202102,17.0,서울,90.0,82,6.739285714285714
노원소방서,202102,18.0,서울,78.0,66,5.510714285714286
노원소방서,202102,19.0,서울,102.0,95,4.414285714285714
노원소방서,202102,20.0,서울,71.0,78,3.6392857142857142
노원소방서,202102,21.0,서울,99.0,97,2.907142857142857
노원소방서,202102,22.0,서울,67.0,64,2.310714285714286
노원소방서,202102,23.0,서울,60.0,63,1.9357142857142853
노원소방서,202103,0.0,서울,53.0,49,7.261290322580645
노원소방서,202103,1.0,서울,46.0,52,6.896774193548388
노원소방서,202103,2.0,서울,26.0,29,6.558064516129033
노원소방서,202103,3.0,서울,50.0,44,6.241935483870968
노원소방서,202103,4.0,서울,57.0,29,5.835483870967742
노원소방서,202103,5.0,서울,40.0,32,5.438709677419355
노원소방서,202103,6.0,서울,65.0,52,5.148387096774194
노원소방서,202103,7.0,서울,64.0,51,4.951612903225806
노원소방서,202103,8.0,서울,98.0,70,5.45483870967742
노원소방서,202103,9.0,서울,134.0,85,7.025806451612904
노원소방서,202103,10.0,서울,112.0,98,8.796774193548387
노원소방서,202103,11.0,서울,88.0,73,10.396774193548389
노원소방서,202103,12.0,서울,110.0,89,11.825806451612904
노원소방서,202103,13.0,서울,111.0,88,12.796774193548387
노원소방서,202103,14.0,서울,121.0,88,13.34516129032258
노원소방서,202103,15.0,서울,128.0,110,13.67741935483871
노원소방서,202103,16.0,서울,88.0,87,13.751612903225809
노원소방서,202103,17.0,서울,99.0,77,13.109677419354838
노원소방서,202103,18.0,서울,77.0,59,11.787096774193548
노원소방서,202103,19.0,서울,103.0,91,10.358064516129032
노원소방서,202103,20.0,서울,95.0,81,9.541935483870969
노원소방서,202103,21.0,서울,88.0,76,8.916129032258064
노원소방서,202103,22.0,서울,95.0,84,8.399999999999999
노원소방서,202103,23.0,서울,77.0,70,7.874193548387097
노원소방서,202104,0.0,서울,69.0,58,12.213333333333331
노원소방서,202104,1.0,서울,55.0,60,11.776666666666667
노원소방서,202104,2.0,서울,41.0,36,11.386666666666668
노원소방서,202104,3.0,서울,40.0,37,11.046666666666663
노원소방서,202104,4.0,서울,25.0,22,10.69
노원소방서,202104,5.0,서울,52.0,42,10.423333333333334
노원소방서,202104,6.0,서울,64.0,50,10.23
노원소방서,202104,7.0,서울,83.0,55,10.346666666666668
노원소방서,202104,8.0,서울,106.0,78,11.61
노원소방서,202104,9.0,서울,122.0,92,13.176666666666668
노원소방서,202104,10.0,서울,127.0,93,14.676666666666668
노원소방서,202104,11.0,서울,76.0,72,15.956666666666669
노원소방서,202104,12.0,서울,118.0,106,17.063333333333336
노원소방서,202104,13.0,서울,108.0,88,17.71333333333333
노원소방서,202104,14.0,서울,118.0,97,18.40666666666667
노원소방서,202104,15.0,서울,127.0,99,18.66333333333333
노원소방서,202104,16.0,서울,97.0,83,18.53
노원소방서,202104,17.0,서울,84.0,86,17.89
노원소방서,202104,18.0,서울,113.0,90,17.1
노원소방서,202104,19.0,서울,81.0,79,15.863333333333337
노원소방서,202104,20.0,서울,101.0,96,14.886666666666663
노원소방서,202104,21.0,서울,84.0,86,14.146666666666668
노원소방서,202104,22.0,서울,105.0,99,13.42
노원소방서,202104,23.0,서울,64.0,70,12.693333333333332
노원소방서,202105,0.0,서울,63.0,69,15.119354838709675
노원소방서,202105,1.0,서울,46.0,46,14.693548387096774
노원소방서,202105,2.0,서울,57.0,43,14.341935483870968
노원소방서,202105,3.0,서울,40.0,30,13.993548387096777
노원소방서,202105,4.0,서울,56.0,43,13.796774193548387
노원소방서,202105,5.0,서울,58.0,45,13.59032258064516
노원소방서,202105,6.0,서울,58.0,47,13.50967741935484
노원소방서,202105,7.0,서울,90.0,74,13.851612903225808
노원소방서,202105,8.0,서울,141.0,94,14.954838709677418
노원소방서,202105,9.0,서울,132.0,117,16.170967741935485
노원소방서,202105,10.0,서울,136.0,113,17.348387096774193
노원소방서,202105,11.0,서울,128.0,91,18.490322580645163
노원소방서,202105,12.0,서울,109.0,83,19.651612903225807
노원소방서,202105,13.0,서울,126.0,103,20.48064516129032
노원소방서,202105,14.0,서울,143.0,119,20.73548387096774
노원소방서,202105,15.0,서울,153.0,106,20.88064516129032
노원소방서,202105,16.0,서울,84.0,78,20.92258064516129
노원소방서,202105,17.0,서울,91.0,100,20.52258064516129
노원소방서,202105,18.0,서울,94.0,90,19.848387096774196
노원소방서,202105,19.0,서울,120.0,107,18.90967741935484
노원소방서,202105,20.0,서울,106.0,106,17.758064516129032
노원소방서,202105,21.0,서울,117.0,105,17.04516129032258
노원소방서,202105,22.0,서울,97.0,107,16.432258064516127
노원소방서,202105,23.0,서울,106.0,91,15.858064516129032
노원소방서,202106,0.0,서울,87.0,84,20.876666666666665
노원소방서,202106,1.0,서울,59.0,58,20.49
노원소방서,202106,2.0,서울,42.0,43,20.19333333333333
노원소방서,202106,3.0,서울,53.0,31,19.946666666666665
노원소방서,202106,4.0,서울,55.0,47,19.666666666666668
노원소방서,202106,5.0,서울,58.0,44,19.423333333333336
노원소방서,202106,6.0,서울,94.0,63,19.30666666666667
노원소방서,202106,7.0,서울,109.0,75,19.790000000000003
노원소방서,202106,8.0,서울,135.0,96,20.793333333333333
노원소방서,202106,9.0,서울,192.0,122,22.01333333333333
노원소방서,202106,10.0,서울,128.0,114,23.196666666666665
노원소방서,202106,11.0,서울,130.0,100,24.386666666666667
노원소방서,202106,12.0,서울,133.0,119,25.24333333333333
노원소방서,202106,13.0,서울,128.0,104,25.82
노원소방서,202106,14.0,서울,148.0,118,26.25
노원소방서,202106,15.0,서울,120.0,98,26.67
노원소방서,202106,16.0,서울,144.0,112,26.56
노원소방서,202106,17.0,서울,119.0,104,26.206666666666667
노원소방서,202106,18.0,서울,105.0,103,25.696666666666665
노원소방서,202106,19.0,서울,100.0,101,24.566666666666663
노원소방서,202106,20.0,서울,89.0,90,23.48
노원소방서,202106,21.0,서울,106.0,96,22.65
노원소방서,202106,22.0,서울,126.0,110,22.02
노원소방서,202106,23.0,서울,105.0,90,21.5
노원소방서,202107,0.0,서울,75.0,74,26.59032258064516
노원소방서,202107,1.0,서울,61.0,56,26.20967741935484
노원소방서,202107,2.0,서울,64.0,59,25.848387096774196
노원소방서,202107,3.0,서울,53.0,46,25.561290322580643
노원소방서,202107,4.0,서울,58.0,47,25.30322580645161
노원소방서,202107,5.0,서울,75.0,53,25.04516129032258
노원소방서,202107,6.0,서울,87.0,60,24.86774193548387
노원소방서,202107,7.0,서울,87.0,85,25.22903225806452
노원소방서,202107,8.0,서울,160.0,104,26.38387096774193
노원소방서,202107,9.0,서울,174.0,126,27.493548387096773
노원소방서,202107,10.0,서울,149.0,117,28.506451612903227
노원소방서,202107,11.0,서울,171.0,134,29.396774193548385
노원소방서,202107,12.0,서울,138.0,96,30.31290322580645
노원소방서,202107,13.0,서울,136.0,118,30.97741935483871
노원소방서,202107,14.0,서울,130.0,101,31.33870967741936
노원소방서,202107,15.0,서울,132.0,90,31.51290322580645
노원소방서,202107,16.0,서울,115.0,115,31.44516129032258
노원소방서,202107,17.0,서울,90.0,87,30.932258064516127
노원소방서,202107,18.0,서울,131.0,128,30.40322580645161
노원소방서,202107,19.0,서울,122.0,118,29.53548387096774
노원소방서,202107,20.0,서울,123.0,103,28.56451612903226
노원소방서,202107,21.0,서울,115.0,100,27.91290322580645
노원소방서,202107,22.0,서울,100.0,105,27.470967741935485
노원소방서,202107,23.0,서울,71.0,73,27.07741935483871
노원소방서,202108,0.0,서울,77.0,71,24.758064516129032
노원소방서,202108,1.0,서울,48.0,54,24.45483870967742
노원소방서,202108,2.0,서울,93.0,73,24.12258064516129
노원소방서,202108,3.0,서울,59.0,47,23.87741935483871
노원소방서,202108,4.0,서울,49.0,41,23.654838709677417
노원소방서,202108,5.0,서울,41.0,47,23.458064516129035
노원소방서,202108,6.0,서울,83.0,56,23.33225806451613
노원소방서,202108,7.0,서울,109.0,73,23.493548387096773
노원소방서,202108,8.0,서울,131.0,108,24.283870967741933
노원소방서,202108,9.0,서울,170.0,125,25.22258064516129
노원소방서,202108,10.0,서울,146.0,122,26.074193548387097
노원소방서,202108,11.0,서울,152.0,110,27.006451612903227
노원소방서,202108,12.0,서울,137.0,121,27.774193548387096
노원소방서,202108,13.0,서울,136.0,106,28.148387096774197
노원소방서,202108,14.0,서울,106.0,111,28.451612903225808
노원소방서,202108,15.0,서울,130.0,101,28.8
노원소방서,202108,16.0,서울,125.0,106,28.706451612903223
노원소방서,202108,17.0,서울,152.0,110,28.55161290322581
노원소방서,202108,18.0,서울,117.0,103,27.80967741935484
노원소방서,202108,19.0,서울,123.0,121,26.96451612903226
노원소방서,202108,20.0,서울,119.0,101,26.04516129032258
노원소방서,202108,21.0,서울,108.0,94,25.516129032258064
노원소방서,202108,22.0,서울,102.0,96,25.106451612903225
노원소방서,202108,23.0,서울,77.0,72,24.8
노원소방서,202109,0.0,서울,81.0,67,20.87333333333333
노원소방서,202109,1.0,서울,54.0,59,20.44
노원소방서,202109,2.0,서울,57.0,53,20.066666666666663
노원소방서,202109,3.0,서울,59.0,48,19.790000000000003
노원소방서,202109,4.0,서울,38.0,33,19.566666666666663
노원소방서,202109,5.0,서울,69.0,48,19.396666666666665
노원소방서,202109,6.0,서울,66.0,47,19.30666666666667
노원소방서,202109,7.0,서울,88.0,61,19.386666666666667
노원소방서,202109,8.0,서울,126.0,96,20.313333333333333
노원소방서,202109,9.0,서울,196.0,129,21.596666666666668
노원소방서,202109,10.0,서울,118.0,96,22.71333333333333
노원소방서,202109,11.0,서울,141.0,107,23.80333333333333
노원소방서,202109,12.0,서울,159.0,117,24.85666666666667
노원소방서,202109,13.0,서울,111.0,107,25.646666666666665
노원소방서,202109,14.0,서울,129.0,112,26.26333333333333
노원소방서,202109,15.0,서울,134.0,105,26.51
노원소방서,202109,16.0,서울,121.0,109,26.386666666666667
노원소방서,202109,17.0,서울,103.0,92,25.98333333333333
노원소방서,202109,18.0,서울,120.0,114,25.14
노원소방서,202109,19.0,서울,126.0,100,24.05
노원소방서,202109,20.0,서울,116.0,105,23.26
노원소방서,202109,21.0,서울,121.0,94,22.633333333333333
노원소방서,202109,22.0,서울,109.0,124,22.046666666666667
노원소방서,202109,23.0,서울,106.0,103,21.456666666666667
노원소방서,202110,0.0,서울,82.0,70,14.170967741935485
노원소방서,202110,1.0,서울,64.0,58,13.787096774193548
노원소방서,202110,2.0,서울,71.0,56,13.474193548387095
노원소방서,202110,3.0,서울,48.0,46,13.174193548387096
노원소방서,202110,4.0,서울,56.0,48,12.922580645161291
노원소방서,202110,5.0,서울,57.0,45,12.738709677419354
노원소방서,202110,6.0,서울,64.0,46,12.606451612903228
노원소방서,202110,7.0,서울,75.0,58,12.44516129032258
노원소방서,202110,8.0,서울,135.0,101,12.819354838709677
노원소방서,202110,9.0,서울,143.0,92,14.270967741935484
노원소방서,202110,10.0,서울,135.0,108,15.774193548387096
노원소방서,202110,11.0,서울,154.0,113,17.016129032258064
노원소방서,202110,12.0,서울,122.0,96,18.225806451612904
노원소방서,202110,13.0,서울,116.0,97,18.932258064516127
노원소방서,202110,14.0,서울,105.0,94,19.503225806451614
노원소방서,202110,15.0,서울,133.0,115,19.60967741935484
노원소방서,202110,16.0,서울,120.0,93,19.50967741935484
노원소방서,202110,17.0,서울,106.0,95,18.72903225806452
노원소방서,202110,18.0,서울,121.0,106,17.41290322580645
노원소방서,202110,19.0,서울,116.0,117,16.55806451612903
노원소방서,202110,20.0,서울,120.0,101,15.83548387096774
노원소방서,202110,21.0,서울,75.0,92,15.296774193548387
노원소방서,202110,22.0,서울,106.0,107,14.80967741935484
노원소방서,202110,23.0,서울,114.0,99,14.28064516129032
노원소방서,202111,0.0,서울,79.0,70,7.2
노원소방서,202111,1.0,서울,77.0,65,6.766666666666667
노원소방서,202111,2.0,서울,48.0,44,6.443333333333333
노원소방서,202111,3.0,서울,53.0,51,6.180000000000001
노원소방서,202111,4.0,서울,47.0,45,5.866666666666666
노원소방서,202111,5.0,서울,47.0,48,5.566666666666666
노원소방서,202111,6.0,서울,65.0,47,5.293333333333334
노원소방서,202111,7.0,서울,110.0,89,5.046666666666667
노원소방서,202111,8.0,서울,122.0,87,5.093333333333334
노원소방서,202111,9.0,서울,177.0,126,6.153333333333333
노원소방서,202111,10.0,서울,125.0,90,7.97
노원소방서,202111,11.0,서울,134.0,104,9.523333333333332
노원소방서,202111,12.0,서울,121.0,92,10.77
노원소방서,202111,13.0,서울,147.0,109,11.523333333333332
노원소방서,202111,14.0,서울,158.0,102,12.013333333333332
노원소방서,202111,15.0,서울,122.0,91,12.186666666666667
노원소방서,202111,16.0,서울,140.0,112,11.83
노원소방서,202111,17.0,서울,113.0,96,10.836666666666668
노원소방서,202111,18.0,서울,124.0,116,9.886666666666668
노원소방서,202111,19.0,서울,118.0,89,9.136666666666668
노원소방서,202111,20.0,서울,96.0,97,8.573333333333332
노원소방서,202111,21.0,서울,115.0,108,8.066666666666666
노원소방서,202111,22.0,서울,102.0,88,7.66
노원소방서,202111,23.0,서울,112.0,100,7.236666666666666
노원소방서,202112,0.0,서울,59.0,68,-0.2935483870967741
노원소방서,202112,1.0,서울,61.0,57,-0.535483870967742
노원소방서,202112,2.0,서울,61.0,61,-0.832258064516129
노원소방서,202112,3.0,서울,43.0,41,-1.103225806451613
노원소방서,202112,4.0,서울,47.0,42,-1.3903225806451611
노원소방서,202112,5.0,서울,78.0,45,-1.6483870967741936
노원소방서,202112,6.0,서울,68.0,52,-1.8774193548387093
노원소방서,202112,7.0,서울,106.0,85,-2.064516129032258
노원소방서,202112,8.0,서울,124.0,94,-2.177419354838709
노원소방서,202112,9.0,서울,168.0,113,-1.5677419354838709
노원소방서,202112,10.0,서울,143.0,103,-0.0741935483870967
노원소방서,202112,11.0,서울,113.0,98,1.4096774193548387
노원소방서,202112,12.0,서울,131.0,99,2.7580645161290325
노원소방서,202112,13.0,서울,83.0,89,3.5870967741935487
노원소방서,202112,14.0,서울,123.0,114,4.148387096774194
노원소방서,202112,15.0,서울,138.0,98,4.309677419354839
노원소방서,202112,16.0,서울,102.0,84,4.054838709677419
노원소방서,202112,17.0,서울,101.0,93,3.148387096774193
노원소방서,202112,18.0,서울,141.0,108,2.206451612903226
노원소방서,202112,19.0,서울,103.0,97,1.535483870967742
노원소방서,202112,20.0,서울,102.0,82,0.970967741935484
노원소방서,202112,21.0,서울,121.0,104,0.4677419354838709
노원소방서,202112,22.0,서울,103.0,90,0.0548387096774193
노원소방서,202112,23.0,서울,72.0,68,-0.264516129032258
노원소방서,202201,0.0,서울,,69,-3.329032258064516
노원소방서,202201,1.0,서울,,52,-3.7
노원소방서,202201,2.0,서울,,59,-4.083870967741936
노원소방서,202201,3.0,서울,,46,-4.409677419354838
노원소방서,202201,4.0,서울,,39,-4.738709677419355
노원소방서,202201,5.0,서울,,49,-5.070967741935483
노원소방서,202201,6.0,서울,,60,-5.367741935483871
노원소방서,202201,7.0,서울,,64,-5.554838709677419
노원소방서,202201,8.0,서울,,75,-5.625806451612903
노원소방서,202201,9.0,서울,,121,-4.974193548387096
노원소방서,202201,10.0,서울,,106,-3.274193548387097
노원소방서,202201,11.0,서울,,106,-1.5548387096774192
노원소방서,202201,12.0,서울,,98,-0.1096774193548387
노원소방서,202201,13.0,서울,,96,0.8838709677419354
노원소방서,202201,14.0,서울,,108,1.6096774193548389
노원소방서,202201,15.0,서울,,97,1.9161290322580644
노원소방서,202201,16.0,서울,,99,1.929032258064516
노원소방서,202201,17.0,서울,,90,1.2258064516129032
노원소방서,202201,18.0,서울,,111,0.0935483870967742
노원소방서,202201,19.0,서울,,107,-0.6161290322580645
노원소방서,202201,20.0,서울,,89,-1.1903225806451612
노원소방서,202201,21.0,서울,,117,-1.696774193548387
노원소방서,202201,22.0,서울,,106,-2.2193548387096773
노원소방서,202201,23.0,서울,,74,-2.667741935483871
노원소방서,202202,0.0,서울,,65,-2.685714285714286
노원소방서,202202,1.0,서울,,58,-3.007142857142857
노원소방서,202202,2.0,서울,,35,-3.2285714285714286
노원소방서,202202,3.0,서울,,55,-3.532142857142857
노원소방서,202202,4.0,서울,,44,-3.9
노원소방서,202202,5.0,서울,,60,-4.210714285714285
노원소방서,202202,6.0,서울,,50,-4.353571428571429
노원소방서,202202,7.0,서울,,79,-4.635714285714286
노원소방서,202202,8.0,서울,,91,-4.671428571428572
노원소방서,202202,9.0,서울,,116,-3.4535714285714287
노원소방서,202202,10.0,서울,,110,-1.5892857142857142
노원소방서,202202,11.0,서울,,110,0.0357142857142856
노원소방서,202202,12.0,서울,,95,1.3464285714285715
노원소방서,202202,13.0,서울,,106,2.382142857142857
노원소방서,202202,14.0,서울,,102,2.996428571428571
노원소방서,202202,15.0,서울,,87,3.0821428571428577
노원소방서,202202,16.0,서울,,75,3.017857142857143
노원소방서,202202,17.0,서울,,93,2.560714285714286
노원소방서,202202,18.0,서울,,109,1.3678571428571429
노원소방서,202202,19.0,서울,,99,0.4285714285714285
노원소방서,202202,20.0,서울,,108,-0.3821428571428572
노원소방서,202202,21.0,서울,,113,-1.0285714285714285
노원소방서,202202,22.0,서울,,113,-1.6071428571428572
노원소방서,202202,23.0,서울,,65,-2.032142857142857
노원소방서,202203,0.0,서울,16.0,91,6.025806451612904
노원소방서,202203,1.0,서울,12.0,76,5.616129032258065
노원소방서,202203,2.0,서울,21.0,66,5.261290322580645
노원소방서,202203,3.0,서울,20.0,74,4.896774193548388
노원소방서,202203,4.0,서울,4.0,49,4.596774193548387
노원소방서,202203,5.0,서울,11.0,63,4.283870967741936
노원소방서,202203,6.0,서울,26.0,69,4.048387096774194
노원소방서,202203,7.0,서울,18.0,72,3.938709677419354
노원소방서,202203,8.0,서울,43.0,137,4.422580645161291
노원소방서,202203,9.0,서울,48.0,160,5.861290322580645
노원소방서,202203,10.0,서울,36.0,123,7.390322580645161
노원소방서,202203,11.0,서울,29.0,111,8.896774193548387
노원소방서,202203,12.0,서울,47.0,133,10.251612903225809
노원소방서,202203,13.0,서울,31.0,107,11.03225806451613
노원소방서,202203,14.0,서울,45.0,132,11.62258064516129
노원소방서,202203,15.0,서울,33.0,119,11.890322580645162
노원소방서,202203,16.0,서울,28.0,109,11.893548387096772
노원소방서,202203,17.0,서울,22.0,103,11.361290322580643
노원소방서,202203,18.0,서울,34.0,120,10.493548387096777
노원소방서,202203,19.0,서울,23.0,110,9.35483870967742
노원소방서,202203,20.0,서울,26.0,122,8.458064516129031
노원소방서,202203,21.0,서울,35.0,120,7.664516129032258
노원소방서,202203,22.0,서울,14.0,112,7.006451612903225
노원소방서,202203,23.0,서울,15.0,106,6.516129032258065
노원소방서,202204,0.0,서울,90.0,90,12.53
노원소방서,202204,1.0,서울,73.0,62,12.113333333333332
노원소방서,202204,2.0,서울,65.0,57,11.68
노원소방서,202204,3.0,서울,41.0,51,11.296666666666663
노원소방서,202204,4.0,서울,63.0,50,10.966666666666669
노원소방서,202204,5.0,서울,89.0,58,10.663333333333332
노원소방서,202204,6.0,서울,104.0,69,10.4
노원소방서,202204,7.0,서울,105.0,70,10.503333333333334
노원소방서,202204,8.0,서울,150.0,107,11.713333333333331
노원소방서,202204,9.0,서울,181.0,109,13.46
노원소방서,202204,10.0,서울,178.0,130,15.25
노원소방서,202204,11.0,서울,131.0,93,16.936666666666667
노원소방서,202204,12.0,서울,148.0,113,18.176666666666662
노원소방서,202204,13.0,서울,136.0,106,19.146666666666665
노원소방서,202204,14.0,서울,115.0,90,19.85333333333333
노원소방서,202204,15.0,서울,146.0,112,19.96
노원소방서,202204,16.0,서울,151.0,109,19.676666666666662
노원소방서,202204,17.0,서울,112.0,88,18.916666666666668
노원소방서,202204,18.0,서울,139.0,112,17.709999999999997
노원소방서,202204,19.0,서울,107.0,109,16.14
노원소방서,202204,20.0,서울,135.0,111,15.083333333333334
노원소방서,202204,21.0,서울,100.0,95,14.396666666666668
노원소방서,202204,22.0,서울,94.0,92,13.683333333333334
노원소방서,202204,23.0,서울,90.0,81,13.123333333333331
노원소방서,202205,0.0,서울,80.0,77,16.45806451612903
노원소방서,202205,1.0,서울,62.0,69,15.98709677419355
노원소방서,202205,2.0,서울,52.0,47,15.567741935483872
노원소방서,202205,3.0,서울,53.0,44,15.151612903225804
노원소방서,202205,4.0,서울,63.0,49,14.816129032258065
노원소방서,202205,5.0,서울,76.0,74,14.49032258064516
노원소방서,202205,6.0,서울,77.0,52,14.358064516129032
노원소방서,202205,7.0,서울,101.0,81,14.958064516129031
노원소방서,202205,8.0,서울,134.0,102,16.76774193548387
노원소방서,202205,9.0,서울,144.0,112,18.493548387096773
노원소방서,202205,10.0,서울,153.0,119,20.04516129032258
노원소방서,202205,11.0,서울,129.0,97,21.59354838709677
노원소방서,202205,12.0,서울,120.0,110,22.906451612903226
노원소방서,202205,13.0,서울,129.0,99,23.89032258064516
노원소방서,202205,14.0,서울,143.0,116,24.33225806451613
노원소방서,202205,15.0,서울,136.0,110,24.45483870967742
노원소방서,202205,16.0,서울,131.0,94,24.26774193548387
노원소방서,202205,17.0,서울,134.0,116,23.516129032258064
노원소방서,202205,18.0,서울,98.0,93,22.364516129032257
노원소방서,202205,19.0,서울,155.0,117,20.82903225806452
노원소방서,202205,20.0,서울,146.0,110,19.42903225806452
노원소방서,202205,21.0,서울,119.0,108,18.52258064516129
노원소방서,202205,22.0,서울,115.0,110,17.893548387096775
노원소방서,202205,23.0,서울,82.0,85,17.24516129032258
노원소방서,202206,0.0,서울,63.0,73,21.796666666666667
노원소방서,202206,1.0,서울,82.0,66,21.46333333333333
노원소방서,202206,2.0,서울,70.0,65,21.14333333333333
노원소방서,202206,3.0,서울,66.0,57,20.8
노원소방서,202206,4.0,서울,53.0,53,20.613333333333333
노원소방서,202206,5.0,서울,59.0,51,20.376666666666665
노원소방서,202206,6.0,서울,78.0,56,20.25333333333333
노원소방서,202206,7.0,서울,107.0,78,20.703333333333333
노원소방서,202206,8.0,서울,104.0,76,21.696666666666665
노원소방서,202206,9.0,서울,155.0,116,22.75
노원소방서,202206,10.0,서울,121.0,106,23.83
노원소방서,202206,11.0,서울,144.0,121,24.926666666666662
노원소방서,202206,12.0,서울,121.0,87,25.69
노원소방서,202206,13.0,서울,134.0,99,26.12
노원소방서,202206,14.0,서울,140.0,115,26.183333333333334
노원소방서,202206,15.0,서울,135.0,89,26.256666666666668
노원소방서,202206,16.0,서울,150.0,108,26.12333333333333
노원소방서,202206,17.0,서울,106.0,84,25.966666666666665
노원소방서,202206,18.0,서울,134.0,109,25.61
노원소방서,202206,19.0,서울,125.0,97,24.886666666666667
노원소방서,202206,20.0,서울,122.0,98,23.923333333333336
노원소방서,202206,21.0,서울,118.0,97,23.183333333333334
노원소방서,202206,22.0,서울,95.0,86,22.683333333333334
노원소방서,202206,23.0,서울,90.0,91,22.293333333333333
노원소방서,202207,0.0,서울,76.0,71,25.967741935483872
노원소방서,202207,1.0,서울,83.0,78,25.69032258064516
노원소방서,202207,2.0,서울,72.0,62,25.370967741935484
노원소방서,202207,3.0,서울,66.0,53,25.09354838709677
노원소방서,202207,4.0,서울,64.0,52,24.874193548387098
노원소방서,202207,5.0,서울,83.0,71,24.65806451612903
노원소방서,202207,6.0,서울,97.0,75,24.59032258064516
노원소방서,202207,7.0,서울,131.0,92,24.86774193548387
노원소방서,202207,8.0,서울,142.0,108,25.65483870967742
노원소방서,202207,9.0,서울,175.0,108,26.65806451612903
노원소방서,202207,10.0,서울,180.0,131,27.62903225806452
노원소방서,202207,11.0,서울,121.0,116,28.55161290322581
노원소방서,202207,12.0,서울,173.0,124,29.135483870967743
노원소방서,202207,13.0,서울,152.0,102,29.67419354838709
노원소방서,202207,14.0,서울,152.0,111,30.04516129032258
노원소방서,202207,15.0,서울,128.0,108,30.18387096774193
노원소방서,202207,16.0,서울,116.0,98,30.31935483870968
노원소방서,202207,17.0,서울,145.0,114,29.98064516129032
노원소방서,202207,18.0,서울,122.0,100,29.416129032258063
노원소방서,202207,19.0,서울,144.0,123,28.80322580645161
노원소방서,202207,20.0,서울,129.0,107,27.9741935483871
노원소방서,202207,21.0,서울,130.0,120,27.38387096774193
노원소방서,202207,22.0,서울,122.0,104,26.80967741935484
노원소방서,202207,23.0,서울,93.0,77,26.40967741935484
노원소방서,202208,0.0,서울,108.0,98,24.85483870967742
노원소방서,202208,1.0,서울,95.0,80,24.641935483870967
노원소방서,202208,2.0,서울,82.0,59,24.4
노원소방서,202208,3.0,서울,66.0,59,24.203225806451613
노원소방서,202208,4.0,서울,71.0,56,23.94516129032258
노원소방서,202208,5.0,서울,82.0,75,23.77741935483871
노원소방서,202208,6.0,서울,108.0,78,23.62903225806452
노원소방서,202208,7.0,서울,175.0,106,23.664516129032258
노원소방서,202208,8.0,서울,192.0,126,24.23225806451613
노원소방서,202208,9.0,서울,207.0,133,24.870967741935484
노원소방서,202208,10.0,서울,189.0,127,25.60967741935484
노원소방서,202208,11.0,서울,172.0,111,26.483870967741936
노원소방서,202208,12.0,서울,186.0,131,27.12258064516129
노원소방서,202208,13.0,서울,171.0,118,27.529032258064515
노원소방서,202208,14.0,서울,160.0,117,27.95483870967742
노원소방서,202208,15.0,서울,118.0,105,28.09032258064516
노원소방서,202208,16.0,서울,146.0,113,28.067741935483877
노원소방서,202208,17.0,서울,139.0,111,27.932258064516127
노원소방서,202208,18.0,서울,124.0,105,27.47741935483871
노원소방서,202208,19.0,서울,145.0,110,26.774193548387096
노원소방서,202208,20.0,서울,172.0,128,26.19032258064516
노원소방서,202208,21.0,서울,151.0,118,25.8
노원소방서,202208,22.0,서울,131.0,114,25.36774193548387
노원소방서,202208,23.0,서울,97.0,91,24.993548387096773
노원소방서,202209,0.0,서울,93.0,88,20.85
노원소방서,202209,1.0,서울,86.0,78,20.42
노원소방서,202209,2.0,서울,84.0,72,19.946666666666665
노원소방서,202209,3.0,서울,72.0,51,19.586666666666662
노원소방서,202209,4.0,서울,70.0,60,19.27
노원소방서,202209,5.0,서울,65.0,46,18.95
노원소방서,202209,6.0,서울,93.0,72,18.66
노원소방서,202209,7.0,서울,129.0,95,18.57
노원소방서,202209,8.0,서울,139.0,95,19.6
노원소방서,202209,9.0,서울,207.0,136,21.016666666666666
노원소방서,202209,10.0,서울,122.0,91,22.49333333333333
노원소방서,202209,11.0,서울,153.0,108,23.8
노원소방서,202209,12.0,서울,156.0,110,24.7
노원소방서,202209,13.0,서울,148.0,118,25.58
노원소방서,202209,14.0,서울,140.0,102,26.18
노원소방서,202209,15.0,서울,133.0,101,26.59
노원소방서,202209,16.0,서울,105.0,92,26.57
노원소방서,202209,17.0,서울,125.0,99,26.10666666666667
노원소방서,202209,18.0,서울,134.0,118,25.066666666666663
노원소방서,202209,19.0,서울,141.0,118,23.863333333333333
노원소방서,202209,20.0,서울,123.0,97,23.03666666666667
노원소방서,202209,21.0,서울,118.0,99,22.35
노원소방서,202209,22.0,서울,125.0,105,21.790000000000003
노원소방서,202209,23.0,서울,114.0,101,21.28
노원소방서,202210,0.0,서울,64.0,69,13.04516129032258
노원소방서,202210,1.0,서울,63.0,67,12.658064516129032
노원소방서,202210,2.0,서울,64.0,49,12.338709677419354
노원소방서,202210,3.0,서울,62.0,52,12.077419354838709
노원소방서,202210,4.0,서울,49.0,39,11.758064516129032
노원소방서,202210,5.0,서울,58.0,47,11.44516129032258
노원소방서,202210,6.0,서울,73.0,52,11.174193548387096
노원소방서,202210,7.0,서울,133.0,72,10.880645161290325
노원소방서,202210,8.0,서울,161.0,106,11.206451612903225
노원소방서,202210,9.0,서울,189.0,117,12.906451612903227
노원소방서,202210,10.0,서울,147.0,102,14.616129032258064
노원소방서,202210,11.0,서울,136.0,108,16.16774193548387
노원소방서,202210,12.0,서울,173.0,120,17.40967741935484
노원소방서,202210,13.0,서울,160.0,112,18.26451612903226
노원소방서,202210,14.0,서울,145.0,99,18.85483870967742
노원소방서,202210,15.0,서울,126.0,104,19.148387096774197
노원소방서,202210,16.0,서울,147.0,106,18.81290322580645
노원소방서,202210,17.0,서울,128.0,96,18.0258064516129
노원소방서,202210,18.0,서울,137.0,111,16.635483870967743
노원소방서,202210,19.0,서울,145.0,107,15.59032258064516
노원소방서,202210,20.0,서울,114.0,100,14.83548387096774
노원소방서,202210,21.0,서울,134.0,96,14.261290322580644
노원소방서,202210,22.0,서울,120.0,104,13.729032258064516
노원소방서,202210,23.0,서울,85.0,82,13.270967741935484
노원소방서,202211,0.0,서울,81.0,63,9.036666666666669
노원소방서,202211,1.0,서울,81.0,63,8.636666666666667
노원소방서,202211,2.0,서울,66.0,51,8.26
노원소방서,202211,3.0,서울,53.0,46,7.9
노원소방서,202211,4.0,서울,65.0,52,7.603333333333333
노원소방서,202211,5.0,서울,72.0,52,7.366666666666666
노원소방서,202211,6.0,서울,75.0,59,7.17
노원소방서,202211,7.0,서울,106.0,78,7.003333333333333
노원소방서,202211,8.0,서울,167.0,106,7.02
노원소방서,202211,9.0,서울,182.0,121,8.116666666666667
노원소방서,202211,10.0,서울,154.0,111,10.016666666666667
노원소방서,202211,11.0,서울,159.0,101,11.726666666666668
노원소방서,202211,12.0,서울,110.0,87,12.98
노원소방서,202211,13.0,서울,146.0,98,13.826666666666666
노원소방서,202211,14.0,서울,157.0,121,14.236666666666668
노원소방서,202211,15.0,서울,128.0,95,14.216666666666669
노원소방서,202211,16.0,서울,111.0,95,13.936666666666667
노원소방서,202211,17.0,서울,118.0,108,12.86
노원소방서,202211,18.0,서울,127.0,101,11.7
노원소방서,202211,19.0,서울,119.0,98,10.896666666666668
노원소방서,202211,20.0,서울,128.0,101,10.353333333333332
노원소방서,202211,21.0,서울,107.0,95,9.753333333333332
노원소방서,202211,22.0,서울,104.0,110,9.28
노원소방서,202211,23.0,서울,117.0,99,8.776666666666667
노원소방서,202212,0.0,서울,77.0,90,-4.009677419354839
노원소방서,202212,1.0,서울,65.0,67,-4.338709677419355
노원소방서,202212,2.0,서울,66.0,69,-4.590322580645162
노원소방서,202212,3.0,서울,63.0,47,-4.854838709677419
노원소방서,202212,4.0,서울,62.0,51,-4.980645161290322
노원소방서,202212,5.0,서울,80.0,70,-5.122580645161291
노원소방서,202212,6.0,서울,90.0,60,-5.248387096774194
노원소방서,202212,7.0,서울,95.0,82,-5.506451612903225
노원소방서,202212,8.0,서울,152.0,110,-5.696774193548387
노원소방서,202212,9.0,서울,193.0,134,-5.148387096774194
노원소방서,202212,10.0,서울,198.0,132,-3.487096774193548
노원소방서,202212,11.0,서울,137.0,114,-1.967741935483871
노원소방서,202212,12.0,서울,161.0,117,-0.8290322580645161
노원소방서,202212,13.0,서울,161.0,132,0.2387096774193549
노원소방서,202212,14.0,서울,137.0,110,0.8451612903225806
노원소방서,202212,15.0,서울,148.0,119,0.9612903225806452
노원소방서,202212,16.0,서울,152.0,121,0.832258064516129
노원소방서,202212,17.0,서울,131.0,105,-0.2096774193548387
노원소방서,202212,18.0,서울,134.0,126,-1.0806451612903225
노원소방서,202212,19.0,서울,134.0,113,-1.6483870967741936
노원소방서,202212,20.0,서울,145.0,117,-2.1129032258064515
노원소방서,202212,21.0,서울,124.0,104,-2.6516129032258067
노원소방서,202212,22.0,서울,113.0,98,-3.05483870967742
노원소방서,202212,23.0,서울,98.0,92,-3.42258064516129
노원소방서,202301,0.0,서울,107.0,95,-2.532258064516129
노원소방서,202301,1.0,서울,80.0,88,-2.864516129032258
노원소방서,202301,2.0,서울,75.0,69,-3.170967741935484
노원소방서,202301,3.0,서울,62.0,49,-3.396774193548387
노원소방서,202301,4.0,서울,53.0,52,-3.5903225806451613
노원소방서,202301,5.0,서울,68.0,60,-3.7903225806451615
노원소방서,202301,6.0,서울,83.0,58,-4.019354838709678
노원소방서,202301,7.0,서울,116.0,81,-4.164516129032258
노원소방서,202301,8.0,서울,151.0,98,-4.432258064516129
노원소방서,202301,9.0,서울,216.0,129,-3.983870967741936
노원소방서,202301,10.0,서울,158.0,107,-2.480645161290323
노원소방서,202301,11.0,서울,140.0,102,-1.0612903225806454
노원소방서,202301,12.0,서울,103.0,83,0.0806451612903226
노원소방서,202301,13.0,서울,150.0,102,1.0129032258064516
노원소방서,202301,14.0,서울,142.0,93,1.8645161290322585
노원소방서,202301,15.0,서울,137.0,101,2.177419354838709
노원소방서,202301,16.0,서울,133.0,89,2.2290322580645165
노원소방서,202301,17.0,서울,118.0,89,1.532258064516129
노원소방서,202301,18.0,서울,135.0,98,0.4774193548387097
노원소방서,202301,19.0,서울,139.0,92,-0.1741935483870968
노원소방서,202301,20.0,서울,127.0,102,-0.6903225806451613
노원소방서,202301,21.0,서울,116.0,99,-1.1709677419354838
노원소방서,202301,22.0,서울,113.0,98,-1.570967741935484
노원소방서,202301,23.0,서울,113.0,116,-1.964516129032258
노원소방서,202302,0.0,서울,91.0,90,0.8357142857142856
노원소방서,202302,1.0,서울,70.0,64,0.4678571428571429
노원소방서,202302,2.0,서울,59.0,47,0.1785714285714285
노원소방서,202302,3.0,서울,74.0,61,-0.1392857142857143
노원소방서,202302,4.0,서울,69.0,60,-0.4178571428571428
노원소방서,202302,5.0,서울,63.0,52,-0.6178571428571429
노원소방서,202302,6.0,서울,77.0,60,-0.85
노원소방서,202302,7.0,서울,98.0,63,-1.0357142857142858
노원소방서,202302,8.0,서울,128.0,86,-1.0571428571428572
노원소방서,202302,9.0,서울,155.0,107,-0.0249999999999999
노원소방서,202302,10.0,서울,179.0,109,1.6107142857142858
노원소방서,202302,11.0,서울,111.0,87,3.1785714285714284
노원소방서,202302,12.0,서울,103.0,87,4.575
노원소방서,202302,13.0,서울,115.0,89,5.675
노원소방서,202302,14.0,서울,133.0,99,6.4
노원소방서,202302,15.0,서울,112.0,84,6.803571428571429
노원소방서,202302,16.0,서울,105.0,89,6.839285714285714
노원소방서,202302,17.0,서울,116.0,88,6.217857142857143
노원소방서,202302,18.0,서울,108.0,81,4.8500000000000005
노원소방서,202302,19.0,서울,90.0,78,3.7142857142857135
노원소방서,202302,20.0,서울,65.0,74,2.907142857142857
노원소방서,202302,21.0,서울,117.0,102,2.2857142857142856
노원소방서,202302,22.0,서울,83.0,80,1.6892857142857145
노원소방서,202302,23.0,서울,98.0,88,1.2642857142857142
노원소방서,202303,0.0,서울,115.0,93,7.629032258064516
노원소방서,202303,1.0,서울,82.0,71,7.103225806451612
노원소방서,202303,2.0,서울,82.0,67,6.606451612903226
노원소방서,202303,3.0,서울,57.0,63,6.229032258064516
노원소방서,202303,4.0,서울,37.0,30,5.919354838709677
노원소방서,202303,5.0,서울,55.0,50,5.706451612903226
노원소방서,202303,6.0,서울,60.0,45,5.306451612903226
노원소방서,202303,7.0,서울,115.0,84,5.112903225806452
노원소방서,202303,8.0,서울,122.0,106,5.761290322580645
노원소방서,202303,9.0,서울,180.0,115,7.664516129032258
노원소방서,202303,10.0,서울,153.0,104,9.819354838709677
노원소방서,202303,11.0,서울,150.0,106,11.67741935483871
노원소방서,202303,12.0,서울,154.0,102,13.109677419354838
노원소방서,202303,13.0,서울,134.0,97,14.403225806451612
노원소방서,202303,14.0,서울,131.0,105,15.058064516129033
노원소방서,202303,15.0,서울,150.0,117,15.358064516129032
노원소방서,202303,16.0,서울,139.0,107,15.325806451612904
노원소방서,202303,17.0,서울,135.0,105,14.50967741935484
노원소방서,202303,18.0,서울,117.0,111,13.058064516129033
노원소방서,202303,19.0,서울,140.0,105,11.548387096774194
노원소방서,202303,20.0,서울,120.0,107,10.470967741935484
노원소방서,202303,21.0,서울,136.0,108,9.64516129032258
노원소방서,202303,22.0,서울,100.0,95,8.974193548387097
노원소방서,202303,23.0,서울,136.0,109,8.32258064516129
노원소방서,202304,0.0,서울,93.0,87,12.003333333333334
노원소방서,202304,1.0,서울,81.0,84,11.6
노원소방서,202304,2.0,서울,78.0,61,11.223333333333333
노원소방서,202304,3.0,서울,61.0,49,10.88
노원소방서,202304,4.0,서울,59.0,51,10.573333333333332
노원소방서,202304,5.0,서울,56.0,53,10.23
노원소방서,202304,6.0,서울,91.0,62,10.04
노원소방서,202304,7.0,서울,112.0,80,10.14
노원소방서,202304,8.0,서울,148.0,100,11.43
노원소방서,202304,9.0,서울,164.0,128,12.966666666666669
노원소방서,202304,10.0,서울,157.0,107,14.33
노원소방서,202304,11.0,서울,161.0,103,15.443333333333332
노원소방서,202304,12.0,서울,154.0,106,16.366666666666667
노원소방서,202304,13.0,서울,164.0,113,17.186666666666667
노원소방서,202304,14.0,서울,102.0,92,17.66
노원소방서,202304,15.0,서울,153.0,120,18.09333333333333
노원소방서,202304,16.0,서울,110.0,113,18.013333333333332
노원소방서,202304,17.0,서울,120.0,117,17.57
노원소방서,202304,18.0,서울,153.0,114,16.576666666666668
노원소방서,202304,19.0,서울,146.0,114,15.27
노원소방서,202304,20.0,서울,107.0,101,14.183333333333334
노원소방서,202304,21.0,서울,117.0,104,13.47
노원소방서,202304,22.0,서울,106.0,103,12.843333333333334
노원소방서,202304,23.0,서울,101.0,98,12.366666666666667
노원소방서,202305,0.0,서울,90.0,86,17.33225806451613
노원소방서,202305,1.0,서울,107.0,94,16.780645161290323
노원소방서,202305,2.0,서울,68.0,60,16.322580645161292
노원소방서,202305,3.0,서울,81.0,60,15.870967741935484
노원소방서,202305,4.0,서울,66.0,55,15.441935483870967
노원소방서,202305,5.0,서울,103.0,73,15.138709677419357
노원소방서,202305,6.0,서울,91.0,69,14.96774193548387
노원소방서,202305,7.0,서울,112.0,75,15.474193548387095
노원소방서,202305,8.0,서울,168.0,120,17.103225806451615
노원소방서,202305,9.0,서울,185.0,120,18.774193548387096
노원소방서,202305,10.0,서울,201.0,126,20.33225806451613
노원소방서,202305,11.0,서울,183.0,124,21.661290322580644
노원소방서,202305,12.0,서울,167.0,112,22.716129032258067
노원소방서,202305,13.0,서울,150.0,113,23.68064516129032
노원소방서,202305,14.0,서울,150.0,120,24.212903225806453
노원소방서,202305,15.0,서울,137.0,114,24.083870967741937
노원소방서,202305,16.0,서울,157.0,118,23.97741935483871
노원소방서,202305,17.0,서울,158.0,122,23.59354838709677
노원소방서,202305,18.0,서울,170.0,122,22.69032258064516
노원소방서,202305,19.0,서울,193.0,138,21.538709677419355
노원소방서,202305,20.0,서울,145.0,125,20.26451612903226
노원소방서,202305,21.0,서울,132.0,118,19.387096774193548
노원소방서,202305,22.0,서울,124.0,109,18.741935483870968
노원소방서,202305,23.0,서울,88.0,94,18.12903225806452
노원소방서,202306,0.0,서울,83.0,75,21.703333333333333
노원소방서,202306,1.0,서울,78.0,75,21.336666666666662
노원소방서,202306,2.0,서울,71.0,66,20.966666666666665
노원소방서,202306,3.0,서울,55.0,52,20.633333333333333
노원소방서,202306,4.0,서울,61.0,65,20.44333333333333
노원소방서,202306,5.0,서울,75.0,46,20.216666666666665
노원소방서,202306,6.0,서울,106.0,81,20.07
노원소방서,202306,7.0,서울,104.0,78,20.540000000000003
노원소방서,202306,8.0,서울,163.0,112,21.56
노원소방서,202306,9.0,서울,194.0,121,22.74333333333333
노원소방서,202306,10.0,서울,181.0,128,23.790000000000003
노원소방서,202306,11.0,서울,135.0,100,24.74
노원소방서,202306,12.0,서울,128.0,93,25.52
노원소방서,202306,13.0,서울,135.0,110,26.126666666666665
노원소방서,202306,14.0,서울,153.0,112,26.57
노원소방서,202306,15.0,서울,151.0,118,26.74
노원소방서,202306,16.0,서울,132.0,102,26.76
노원소방서,202306,17.0,서울,139.0,114,26.61
노원소방서,202306,18.0,서울,168.0,111,26.12333333333333
노원소방서,202306,19.0,서울,129.0,112,25.203333333333333
노원소방서,202306,20.0,서울,130.0,110,24.116666666666667
노원소방서,202306,21.0,서울,110.0,99,23.366666666666667
노원소방서,202306,22.0,서울,116.0,115,22.80666666666667
노원소방서,202306,23.0,서울,97.0,87,22.34333333333333
노원소방서,202307,0.0,서울,98.0,98,25.461290322580645
노원소방서,202307,1.0,서울,99.0,97,25.22903225806452
노원소방서,202307,2.0,서울,67.0,77,25.032258064516128
노원소방서,202307,3.0,서울,65.0,60,24.835483870967742
노원소방서,202307,4.0,서울,69.0,68,24.638709677419357
노원소방서,202307,5.0,서울,87.0,73,24.490322580645163
노원소방서,202307,6.0,서울,105.0,75,24.351612903225806
노원소방서,202307,7.0,서울,123.0,84,24.62903225806452
노원소방서,202307,8.0,서울,149.0,107,25.316129032258065
노원소방서,202307,9.0,서울,180.0,135,26.283870967741933
노원소방서,202307,10.0,서울,150.0,117,27.061290322580643
노원소방서,202307,11.0,서울,180.0,124,27.75483870967742
노원소방서,202307,12.0,서울,177.0,121,28.39032258064516
노원소방서,202307,13.0,서울,149.0,115,28.88387096774193
노원소방서,202307,14.0,서울,170.0,129,29.20967741935484
노원소방서,202307,15.0,서울,128.0,95,29.296774193548387
노원소방서,202307,16.0,서울,145.0,132,29.16774193548387
노원소방서,202307,17.0,서울,135.0,121,29.061290322580643
노원소방서,202307,18.0,서울,137.0,115,28.483870967741936
노원소방서,202307,19.0,서울,138.0,126,27.638709677419357
노원소방서,202307,20.0,서울,171.0,133,26.89032258064516
노원소방서,202307,21.0,서울,116.0,127,26.387096774193548
노원소방서,202307,22.0,서울,154.0,118,26.048387096774192
노원소방서,202307,23.0,서울,135.0,106,25.780645161290323
노원소방서,202308,0.0,서울,110.0,111,26.141935483870967
노원소방서,202308,1.0,서울,57.0,74,25.858064516129037
노원소방서,202308,2.0,서울,75.0,75,25.61935483870968
노원소방서,202308,3.0,서울,64.0,67,25.38064516129032
노원소방서,202308,4.0,서울,43.0,40,25.164516129032258
노원소방서,202308,5.0,서울,86.0,62,24.95483870967742
노원소방서,202308,6.0,서울,87.0,80,24.83870967741936
노원소방서,202308,7.0,서울,134.0,100,24.96451612903226
노원소방서,202308,8.0,서울,142.0,108,25.712903225806453
노원소방서,202308,9.0,서울,191.0,152,26.62258064516129
노원소방서,202308,10.0,서울,216.0,141,27.55483870967742
노원소방서,202308,11.0,서울,156.0,121,28.3
노원소방서,202308,12.0,서울,153.0,118,28.88387096774193
노원소방서,202308,13.0,서울,159.0,125,29.416129032258063
노원소방서,202308,14.0,서울,160.0,113,29.89032258064516
노원소방서,202308,15.0,서울,142.0,105,29.86451612903226
노원소방서,202308,16.0,서울,153.0,115,29.60967741935484
노원소방서,202308,17.0,서울,144.0,109,29.41935483870968
노원소방서,202308,18.0,서울,155.0,131,28.92903225806452
노원소방서,202308,19.0,서울,147.0,128,28.251612903225805
노원소방서,202308,20.0,서울,123.0,114,27.50967741935484
노원소방서,202308,21.0,서울,125.0,115,26.983870967741936
노원소방서,202308,22.0,서울,122.0,110,26.60322580645161
노원소방서,202308,23.0,서울,112.0,101,26.25483870967742
노원소방서,202309,0.0,서울,97.0,102,22.50333333333333
노원소방서,202309,1.0,서울,103.0,86,22.16333333333333
노원소방서,202309,2.0,서울,68.0,61,21.816666666666663
노원소방서,202309,3.0,서울,63.0,51,21.526666666666664
노원소방서,202309,4.0,서울,74.0,62,21.21333333333333
노원소방서,202309,5.0,서울,74.0,67,20.933333333333334
노원소방서,202309,6.0,서울,114.0,71,20.676666666666662
노원소방서,202309,7.0,서울,116.0,85,20.666666666666668
노원소방서,202309,8.0,서울,185.0,117,21.446666666666665
노원소방서,202309,9.0,서울,150.0,109,22.66333333333333
노원소방서,202309,10.0,서울,209.0,146,23.72
노원소방서,202309,11.0,서울,150.0,114,24.876666666666665
노원소방서,202309,12.0,서울,163.0,123,25.75
노원소방서,202309,13.0,서울,172.0,121,26.28
노원소방서,202309,14.0,서울,128.0,93,26.716666666666665
노원소방서,202309,15.0,서울,144.0,103,26.976666666666667
노원소방서,202309,16.0,서울,147.0,101,26.953333333333333
노원소방서,202309,17.0,서울,144.0,114,26.563333333333333
노원소방서,202309,18.0,서울,121.0,98,25.75333333333333
노원소방서,202309,19.0,서울,115.0,107,24.73
노원소방서,202309,20.0,서울,126.0,113,24.03666666666667
노원소방서,202309,21.0,서울,120.0,104,23.543333333333333
노원소방서,202309,22.0,서울,120.0,105,23.086666666666662
노원소방서,202309,23.0,서울,103.0,92,22.66333333333333
노원소방서,202310,0.0,서울,110.0,102,14.212903225806452
노원소방서,202310,1.0,서울,51.0,43,13.696774193548388
노원소방서,202310,2.0,서울,61.0,49,13.306451612903226
노원소방서,202310,3.0,서울,71.0,51,12.941935483870967
노원소방서,202310,4.0,서울,57.0,48,12.606451612903228
노원소방서,202310,5.0,서울,55.0,48,12.370967741935484
노원소방서,202310,6.0,서울,84.0,59,12.13548387096774
노원소방서,202310,7.0,서울,98.0,71,11.925806451612903
노원소방서,202310,8.0,서울,148.0,107,12.448387096774193
노원소방서,202310,9.0,서울,190.0,119,13.983870967741936
노원소방서,202310,10.0,서울,152.0,117,15.725806451612904
노원소방서,202310,11.0,서울,147.0,109,17.26774193548387
노원소방서,202310,12.0,서울,161.0,119,18.693548387096776
노원소방서,202310,13.0,서울,136.0,104,19.548387096774192
노원소방서,202310,14.0,서울,156.0,108,20.40322580645161
노원소방서,202310,15.0,서울,123.0,91,20.561290322580643
노원소방서,202310,16.0,서울,123.0,97,20.23225806451613
노원소방서,202310,17.0,서울,123.0,97,19.364516129032257
노원소방서,202310,18.0,서울,155.0,113,18.041935483870965
노원소방서,202310,19.0,서울,121.0,100,17.048387096774192
노원소방서,202310,20.0,서울,121.0,98,16.34193548387097
노원소방서,202310,21.0,서울,136.0,114,15.729032258064516
노원소방서,202310,22.0,서울,109.0,91,15.14516129032258
노원소방서,202310,23.0,서울,86.0,76,14.693548387096774
노원소방서,202311,0.0,서울,103.0,84,6.166666666666667
노원소방서,202311,1.0,서울,67.0,59,5.826666666666667
노원소방서,202311,2.0,서울,57.0,52,5.466666666666667
노원소방서,202311,3.0,서울,60.0,50,5.1066666666666665
노원소방서,202311,4.0,서울,60.0,43,4.8
노원소방서,202311,5.0,서울,67.0,53,4.553333333333333
노원소방서,202311,6.0,서울,96.0,61,4.29
노원소방서,202311,7.0,서울,102.0,89,3.966666666666667
노원소방서,202311,8.0,서울,128.0,102,3.9766666666666666
노원소방서,202311,9.0,서울,154.0,104,4.946666666666667
노원소방서,202311,10.0,서울,146.0,106,6.463333333333334
노원소방서,202311,11.0,서울,160.0,105,7.773333333333331
노원소방서,202311,12.0,서울,157.0,104,8.85
노원소방서,202311,13.0,서울,155.0,111,9.75
노원소방서,202311,14.0,서울,153.0,106,10.436666666666667
노원소방서,202311,15.0,서울,103.0,91,10.73
노원소방서,202311,16.0,서울,143.0,97,10.443333333333332
노원소방서,202311,17.0,서울,126.0,98,9.353333333333332
노원소방서,202311,18.0,서울,117.0,82,8.426666666666668
노원소방서,202311,19.0,서울,120.0,107,7.773333333333331
노원소방서,202311,20.0,서울,149.0,105,7.16
노원소방서,202311,21.0,서울,109.0,95,6.6033333333333335
노원소방서,202311,22.0,서울,87.0,76,6.17
노원소방서,202311,23.0,서울,117.0,103,5.806666666666668
노원소방서,202312,0.0,서울,94.0,88,0.3516129032258063
노원소방서,202312,1.0,서울,71.0,76,0.0516129032258063
노원소방서,202312,2.0,서울,58.0,52,-0.232258064516129
노원소방서,202312,3.0,서울,83.0,72,-0.5580645161290322
노원소방서,202312,4.0,서울,71.0,50,-0.864516129032258
노원소방서,202312,5.0,서울,87.0,74,-1.0
노원소방서,202312,6.0,서울,92.0,63,-1.1741935483870969
노원소방서,202312,7.0,서울,119.0,76,-1.270967741935484
노원소방서,202312,8.0,서울,173.0,111,-1.3580645161290326
노원소방서,202312,9.0,서울,208.0,140,-0.8806451612903227
노원소방서,202312,10.0,서울,162.0,111,0.3225806451612903
노원소방서,202312,11.0,서울,161.0,120,1.532258064516129
노원소방서,202312,12.0,서울,142.0,100,2.5354838709677416
노원소방서,202312,13.0,서울,133.0,102,3.512903225806452
노원소방서,202312,14.0,서울,149.0,115,4.0032258064516135
노원소방서,202312,15.0,서울,167.0,121,4.33225806451613
노원소방서,202312,16.0,서울,123.0,103,4.135483870967741
노원소방서,202312,17.0,서울,137.0,118,3.429032258064516
노원소방서,202312,18.0,서울,122.0,110,2.648387096774193
노원소방서,202312,19.0,서울,130.0,116,2.193548387096774
노원소방서,202312,20.0,서울,162.0,123,1.8516129032258064
노원소방서,202312,21.0,서울,126.0,111,1.4516129032258065
노원소방서,202312,22.0,서울,120.0,119,1.032258064516129
노원소방서,202312,23.0,서울,101.0,91,0.7258064516129032
노원소방서,202401,0.0,서울,75.0,78,-1.3516129032258066
노원소방서,202401,1.0,서울,68.0,69,-1.664516129032258
노원소방서,202401,2.0,서울,79.0,57,-1.8935483870967744
노원소방서,202401,3.0,서울,50.0,51,-2.1548387096774198
노원소방서,202401,4.0,서울,66.0,46,-2.403225806451613
노원소방서,202401,5.0,서울,81.0,66,-2.583870967741935
노원소방서,202401,6.0,서울,72.0,55,-2.7870967741935484
노원소방서,202401,7.0,서울,90.0,75,-2.929032258064516
노원소방서,202401,8.0,서울,151.0,99,-3.019354838709677
노원소방서,202401,9.0,서울,181.0,126,-2.5870967741935487
노원소방서,202401,10.0,서울,176.0,113,-1.2838709677419355
노원소방서,202401,11.0,서울,141.0,107,0.0580645161290323
노원소방서,202401,12.0,서울,175.0,97,1.1516129032258065
노원소방서,202401,13.0,서울,155.0,108,1.9838709677419355
노원소방서,202401,14.0,서울,138.0,115,2.438709677419354
노원소방서,202401,15.0,서울,155.0,120,2.867741935483872
노원소방서,202401,16.0,서울,133.0,113,2.9322580645161294
노원소방서,202401,17.0,서울,163.0,119,2.1806451612903226
노원소방서,202401,18.0,서울,127.0,106,1.229032258064516
노원소방서,202401,19.0,서울,118.0,109,0.5677419354838709
노원소방서,202401,20.0,서울,98.0,101,0.0290322580645161
노원소방서,202401,21.0,서울,121.0,100,-0.3709677419354839
노원소방서,202401,22.0,서울,98.0,92,-0.6741935483870969
노원소방서,202401,23.0,서울,106.0,108,-0.9741935483870968
노원소방서,202402,0.0,서울,109.0,64,2.813793103448276
노원소방서,202402,1.0,서울,94.0,63,2.527586206896552
노원소방서,202402,2.0,서울,81.0,49,2.1655172413793102
노원소방서,202402,3.0,서울,79.0,54,1.8827586206896552
노원소방서,202402,4.0,서울,53.0,39,1.6724137931034482
노원소방서,202402,5.0,서울,80.0,45,1.5551724137931036
노원소방서,202402,6.0,서울,79.0,54,1.389655172413793
노원소방서,202402,7.0,서울,96.0,62,1.2724137931034485
노원소방서,202402,8.0,서울,151.0,88,1.3344827586206898
노원소방서,202402,9.0,서울,206.0,112,2.127586206896552
노원소방서,202402,10.0,서울,183.0,106,3.4551724137931035
노원소방서,202402,11.0,서울,151.0,82,4.56551724137931
노원소방서,202402,12.0,서울,171.0,81,5.582758620689655
노원소방서,202402,13.0,서울,178.0,104,6.379310344827586
노원소방서,202402,14.0,서울,123.0,71,6.965517241379311
노원소방서,202402,15.0,서울,151.0,99,7.26551724137931
노원소방서,202402,16.0,서울,144.0,91,7.124137931034483
노원소방서,202402,17.0,서울,147.0,97,6.624137931034483
노원소방서,202402,18.0,서울,128.0,85,5.627586206896551
노원소방서,202402,19.0,서울,160.0,106,4.9
노원소방서,202402,20.0,서울,126.0,81,4.3517241379310345
노원소방서,202402,21.0,서울,138.0,88,3.886206896551724
노원소방서,202402,22.0,서울,133.0,84,3.475862068965517
노원소방서,202402,23.0,서울,87.0,73,3.079310344827586
노원소방서,202403,0.0,서울,86.0,84,5.267741935483872
노원소방서,202403,1.0,서울,60.0,67,4.916129032258064
노원소방서,202403,2.0,서울,63.0,55,4.564516129032258
노원소방서,202403,3.0,서울,55.0,52,4.209677419354839
노원소방서,202403,4.0,서울,74.0,49,3.883870967741936
노원소방서,202403,5.0,서울,61.0,50,3.606451612903226
노원소방서,202403,6.0,서울,58.0,52,3.274193548387097
노원소방서,202403,7.0,서울,87.0,62,3.161290322580645
노원소방서,202403,8.0,서울,127.0,88,3.696774193548387
노원소방서,202403,9.0,서울,166.0,128,5.174193548387097
노원소방서,202403,10.0,서울,119.0,100,6.67741935483871
노원소방서,202403,11.0,서울,139.0,89,8.1
노원소방서,202403,12.0,서울,133.0,99,9.338709677419354
노원소방서,202403,13.0,서울,94.0,87,10.261290322580646
노원소방서,202403,14.0,서울,149.0,100,10.851612903225806
노원소방서,202403,15.0,서울,130.0,105,11.264516129032256
노원소방서,202403,16.0,서울,109.0,95,11.183870967741935
노원소방서,202403,17.0,서울,120.0,90,10.803225806451612
노원소방서,202403,18.0,서울,126.0,101,9.796774193548387
노원소방서,202403,19.0,서울,139.0,113,8.570967741935483
노원소방서,202403,20.0,서울,150.0,111,7.709677419354839
노원소방서,202403,21.0,서울,111.0,93,7.02258064516129
노원소방서,202403,22.0,서울,96.0,85,6.435483870967742
노원소방서,202403,23.0,서울,105.0,100,5.95483870967742
노원소방서,202404,0.0,서울,93.0,88,13.933333333333334
노원소방서,202404,1.0,서울,75.0,60,13.533333333333331
노원소방서,202404,2.0,서울,63.0,52,13.133333333333333
노원소방서,202404,3.0,서울,54.0,42,12.84
노원소방서,202404,4.0,서울,43.0,43,12.563333333333333
노원소방서,202404,5.0,서울,55.0,41,12.356666666666666
노원소방서,202404,6.0,서울,63.0,39,12.116666666666667
노원소방서,202404,7.0,서울,99.0,76,12.226666666666668
노원소방서,202404,8.0,서울,117.0,99,13.376666666666669
노원소방서,202404,9.0,서울,105.0,89,14.886666666666668
노원소방서,202404,10.0,서울,146.0,113,16.513333333333332
노원소방서,202404,11.0,서울,157.0,111,18.03
노원소방서,202404,12.0,서울,155.0,96,19.30666666666667
노원소방서,202404,13.0,서울,121.0,96,20.46333333333333
노원소방서,202404,14.0,서울,159.0,106,21.39333333333333
노원소방서,202404,15.0,서울,125.0,92,21.636666666666667
노원소방서,202404,16.0,서울,127.0,102,21.47
노원소방서,202404,17.0,서울,143.0,99,20.883333333333333
노원소방서,202404,18.0,서울,134.0,105,19.76333333333333
노원소방서,202404,19.0,서울,131.0,113,18.2
노원소방서,202404,20.0,서울,146.0,111,16.843333333333334
노원소방서,202404,21.0,서울,99.0,80,15.92
노원소방서,202404,22.0,서울,110.0,94,15.203333333333337
노원소방서,202404,23.0,서울,71.0,69,14.653333333333334
노원소방서,202405,0.0,서울,90.0,81,16.380645161290325
노원소방서,202405,1.0,서울,81.0,74,15.932258064516128
노원소방서,202405,2.0,서울,65.0,50,15.52258064516129
노원소방서,202405,3.0,서울,66.0,47,15.216129032258063
노원소방서,202405,4.0,서울,54.0,47,14.87741935483871
노원소방서,202405,5.0,서울,54.0,38,14.54516129032258
노원소방서,202405,6.0,서울,78.0,51,14.270967741935484
노원소방서,202405,7.0,서울,103.0,69,14.764516129032256
노원소방서,202405,8.0,서울,150.0,106,16.412903225806453
노원소방서,202405,9.0,서울,192.0,125,17.98709677419355
노원소방서,202405,10.0,서울,135.0,96,19.458064516129035
노원소방서,202405,11.0,서울,147.0,114,20.62903225806452
노원소방서,202405,12.0,서울,184.0,115,21.54516129032258
노원소방서,202405,13.0,서울,145.0,91,22.212903225806453
노원소방서,202405,14.0,서울,120.0,91,22.51290322580645
노원소방서,202405,15.0,서울,136.0,109,22.68064516129032
노원소방서,202405,16.0,서울,131.0,106,22.63225806451613
노원소방서,202405,17.0,서울,105.0,87,22.30967741935484
노원소방서,202405,18.0,서울,165.0,120,21.5258064516129
노원소방서,202405,19.0,서울,143.0,116,20.29032258064516
노원소방서,202405,20.0,서울,147.0,109,19.032258064516128
노원소방서,202405,21.0,서울,124.0,110,18.1
노원소방서,202405,22.0,서울,121.0,97,17.451612903225808
노원소방서,202405,23.0,서울,106.0,100,16.929032258064513
노원소방서,202406,0.0,서울,84.0,82,22.173333333333336
노원소방서,202406,1.0,서울,59.0,54,21.766666666666666
노원소방서,202406,2.0,서울,63.0,61,21.34
노원소방서,202406,3.0,서울,75.0,66,20.98
노원소방서,202406,4.0,서울,58.0,50,20.59333333333333
노원소방서,202406,5.0,서울,61.0,51,20.266666666666666
노원소방서,202406,6.0,서울,84.0,54,20.146666666666665
노원소방서,202406,7.0,서울,123.0,83,20.87333333333333
노원소방서,202406,8.0,서울,136.0,96,22.506666666666668
노원소방서,202406,9.0,서울,204.0,127,24.086666666666662
노원소방서,202406,10.0,서울,161.0,102,25.39
노원소방서,202406,11.0,서울,139.0,98,26.646666666666665
노원소방서,202406,12.0,서울,134.0,99,27.68
노원소방서,202406,13.0,서울,113.0,90,28.593333333333337
노원소방서,202406,14.0,서울,126.0,105,29.14
노원소방서,202406,15.0,서울,141.0,120,29.383333333333333
노원소방서,202406,16.0,서울,95.0,81,29.23
노원소방서,202406,17.0,서울,143.0,115,28.71333333333333
노원소방서,202406,18.0,서울,117.0,110,27.896666666666665
노원소방서,202406,19.0,서울,132.0,105,26.58
노원소방서,202406,20.0,서울,109.0,106,25.15
노원소방서,202406,21.0,서울,147.0,123,24.19333333333333
노원소방서,202406,22.0,서울,103.0,89,23.453333333333333
노원소방서,202406,23.0,서울,95.0,96,22.836666666666662
노원소방서,202407,0.0,서울,87.0,79,25.61935483870968
노원소방서,202407,1.0,서울,77.0,73,25.39354838709677
노원소방서,202407,2.0,서울,70.0,66,25.17419354838709
노원소방서,202407,3.0,서울,67.0,47,24.96451612903226
노원소방서,202407,4.0,서울,56.0,62,24.748387096774195
노원소방서,202407,5.0,서울,96.0,67,24.561290322580643
노원소방서,202407,6.0,서울,79.0,58,24.5
노원소방서,202407,7.0,서울,136.0,99,24.687096774193545
노원소방서,202407,8.0,서울,138.0,88,25.26129032258065
노원소방서,202407,9.0,서울,191.0,125,25.887096774193548
노원소방서,202407,10.0,서울,166.0,108,26.451612903225808
노원소방서,202407,11.0,서울,138.0,105,27.151612903225807
노원소방서,202407,12.0,서울,181.0,119,27.84193548387097
노원소방서,202407,13.0,서울,128.0,104,28.283870967741933
노원소방서,202407,14.0,서울,140.0,105,28.62258064516129
노원소방서,202407,15.0,서울,134.0,94,28.783870967741933
노원소방서,202407,16.0,서울,118.0,88,28.738709677419354
노원소방서,202407,17.0,서울,115.0,108,28.56451612903226
노원소방서,202407,18.0,서울,141.0,92,28.32258064516129
노원소방서,202407,19.0,서울,154.0,122,27.687096774193545
노원소방서,202407,20.0,서울,128.0,108,27.041935483870965
노원소방서,202407,21.0,서울,147.0,123,26.703225806451613
노원소방서,202407,22.0,서울,112.0,98,26.33870967741936
노원소방서,202407,23.0,서울,92.0,86,26.05483870967742
노원소방서,202408,0.0,서울,101.0,90,28.00967741935484
노원소방서,202408,1.0,서울,79.0,73,27.712903225806453
노원소방서,202408,2.0,서울,68.0,68,27.41290322580645
노원소방서,202408,3.0,서울,62.0,44,27.177419354838708
노원소방서,202408,4.0,서울,74.0,62,26.92258064516129
노원소방서,202408,5.0,서울,72.0,51,26.664516129032258
노원소방서,202408,6.0,서울,82.0,71,26.44193548387097
노원소방서,202408,7.0,서울,118.0,84,26.583870967741937
노원소방서,202408,8.0,서울,196.0,122,27.51935483870968
노원소방서,202408,9.0,서울,187.0,119,28.616129032258065
노원소방서,202408,10.0,서울,206.0,128,29.561290322580643
노원소방서,202408,11.0,서울,167.0,111,30.506451612903227
노원소방서,202408,12.0,서울,172.0,117,31.21935483870968
노원소방서,202408,13.0,서울,136.0,99,31.796774193548387
노원소방서,202408,14.0,서울,199.0,126,32.303225806451614
노원소방서,202408,15.0,서울,182.0,119,32.6
노원소방서,202408,16.0,서울,153.0,119,32.75483870967742
노원소방서,202408,17.0,서울,186.0,128,32.16129032258065
노원소방서,202408,18.0,서울,129.0,124,31.50967741935484
노원소방서,202408,19.0,서울,151.0,113,30.46451612903226
노원소방서,202408,20.0,서울,154.0,127,29.651612903225807
노원소방서,202408,21.0,서울,147.0,117,29.06451612903226
노원소방서,202408,22.0,서울,139.0,114,28.67419354838709
노원소방서,202408,23.0,서울,109.0,102,28.3
노원소방서,202409,0.0,서울,94.0,75,24.133333333333333
노원소방서,202409,1.0,서울,68.0,53,23.796666666666667
노원소방서,202409,2.0,서울,62.0,55,23.48333333333333
노원소방서,202409,3.0,서울,55.0,42,23.236666666666668
노원소방서,202409,4.0,서울,49.0,44,22.933333333333334
노원소방서,202409,5.0,서울,58.0,51,22.74
노원소방서,202409,6.0,서울,90.0,66,22.47
노원소방서,202409,7.0,서울,137.0,85,22.473333333333333
노원소방서,202409,8.0,서울,136.0,92,23.25333333333333
노원소방서,202409,9.0,서울,152.0,112,24.47
노원소방서,202409,10.0,서울,168.0,110,25.703333333333333
노원소방서,202409,11.0,서울,161.0,99,26.776666666666664
노원소방서,202409,12.0,서울,111.0,90,27.683333333333334
노원소방서,202409,13.0,서울,116.0,95,28.396666666666665
노원소방서,202409,14.0,서울,123.0,88,28.766666666666666
노원소방서,202409,15.0,서울,118.0,93,29.1
노원소방서,202409,16.0,서울,109.0,89,28.94333333333333
노원소방서,202409,17.0,서울,124.0,99,28.49333333333333
노원소방서,202409,18.0,서울,117.0,90,27.58333333333333
노원소방서,202409,19.0,서울,138.0,111,26.566666666666663
노원소방서,202409,20.0,서울,146.0,116,25.89333333333333
노원소방서,202409,21.0,서울,137.0,107,25.30666666666667
노원소방서,202409,22.0,서울,113.0,117,24.8
노원소방서,202409,23.0,서울,75.0,73,24.35666666666667
노원소방서,202410,0.0,서울,101.0,85,15.3
노원소방서,202410,1.0,서울,61.0,58,14.858064516129032
노원소방서,202410,2.0,서울,65.0,62,14.5
노원소방서,202410,3.0,서울,58.0,52,14.119354838709675
노원소방서,202410,4.0,서울,47.0,38,13.870967741935484
노원소방서,202410,5.0,서울,63.0,54,13.603225806451611
노원소방서,202410,6.0,서울,90.0,65,13.383870967741936
노원소방서,202410,7.0,서울,91.0,73,13.251612903225809
노원소방서,202410,8.0,서울,108.0,78,13.738709677419354
노원소방서,202410,9.0,서울,171.0,110,15.216129032258063
노원소방서,202410,10.0,서울,157.0,98,16.72258064516129
노원소방서,202410,11.0,서울,143.0,97,18.22903225806452
노원소방서,202410,12.0,서울,139.0,93,19.287096774193547
노원소방서,202410,13.0,서울,133.0,101,20.09354838709677
노원소방서,202410,14.0,서울,90.0,67,20.64516129032258
노원소방서,202410,15.0,서울,134.0,95,20.85483870967742
노원소방서,202410,16.0,서울,158.0,113,20.661290322580644
노원소방서,202410,17.0,서울,141.0,123,20.006451612903227
노원소방서,202410,18.0,서울,121.0,106,18.80322580645161
노원소방서,202410,19.0,서울,157.0,111,17.851612903225806
노원소방서,202410,20.0,서울,126.0,100,17.151612903225807
노원소방서,202410,21.0,서울,129.0,93,16.49032258064516
노원소방서,202410,22.0,서울,122.0,111,15.964516129032257
노원소방서,202410,23.0,서울,75.0,75,15.47741935483871
노원소방서,202411,0.0,서울,67.0,57,8.493333333333334
노원소방서,202411,1.0,서울,53.0,55,8.206666666666667
노원소방서,202411,2.0,서울,53.0,44,7.823333333333333
노원소방서,202411,3.0,서울,51.0,45,7.56
노원소방서,202411,4.0,서울,42.0,33,7.28
노원소방서,202411,5.0,서울,36.0,33,6.996666666666667
노원소방서,202411,6.0,서울,53.0,40,6.760000000000001
노원소방서,202411,7.0,서울,79.0,65,6.5600000000000005
노원소방서,202411,8.0,서울,107.0,81,6.6033333333333335
노원소방서,202411,9.0,서울,173.0,112,7.813333333333333
노원소방서,202411,10.0,서울,144.0,86,9.756666666666666
노원소방서,202411,11.0,서울,121.0,90,11.276666666666667
노원소방서,202411,12.0,서울,132.0,89,12.41
노원소방서,202411,13.0,서울,116.0,83,13.433333333333334
노원소방서,202411,14.0,서울,120.0,75,13.926666666666668
노원소방서,202411,15.0,서울,93.0,69,13.98
노원소방서,202411,16.0,서울,143.0,103,13.63
노원소방서,202411,17.0,서울,141.0,103,12.423333333333334
노원소방서,202411,18.0,서울,122.0,99,11.313333333333333
노원소방서,202411,19.0,서울,110.0,86,10.62
노원소방서,202411,20.0,서울,114.0,84,10.006666666666666
노원소방서,202411,21.0,서울,134.0,109,9.453333333333337
노원소방서,202411,22.0,서울,108.0,95,8.976666666666667
노원소방서,202411,23.0,서울,119.0,82,8.54
노원소방서,202412,0.0,서울,86.0,74,-0.0870967741935484
노원소방서,202412,1.0,서울,62.0,61,-0.4290322580645161
노원소방서,202412,2.0,서울,53.0,53,-0.7064516129032258
노원소방서,202412,3.0,서울,55.0,48,-1.029032258064516
노원소방서,202412,4.0,서울,65.0,55,-1.2451612903225806
노원소방서,202412,5.0,서울,57.0,38,-1.4806451612903226
노원소방서,202412,6.0,서울,68.0,51,-1.7000000000000002
노원소방서,202412,7.0,서울,91.0,69,-1.912903225806452
노원소방서,202412,8.0,서울,176.0,107,-2.029032258064516
노원소방서,202412,9.0,서울,175.0,108,-1.441935483870968
노원소방서,202412,10.0,서울,207.0,128,0.2032258064516129
노원소방서,202412,11.0,서울,137.0,102,1.667741935483871
노원소방서,202412,12.0,서울,126.0,77,3.1161290322580646
노원소방서,202412,13.0,서울,116.0,74,3.990322580645161
노원소방서,202412,14.0,서울,134.0,110,4.516129032258065
노원소방서,202412,15.0,서울,147.0,94,4.703225806451614
노원소방서,202412,16.0,서울,147.0,103,4.448387096774193
노원소방서,202412,17.0,서울,113.0,103,3.3548387096774195
노원소방서,202412,18.0,서울,115.0,87,2.470967741935484
노원소방서,202412,19.0,서울,127.0,103,1.9064516129032256
노원소방서,202412,20.0,서울,110.0,92,1.4129032258064516
노원소방서,202412,21.0,서울,114.0,100,0.935483870967742
노원소방서,202412,22.0,서울,131.0,88,0.4870967741935483
노원소방서,202412,23.0,서울,96.0,76,0.0935483870967741
노원소방서,202501,0.0,서울,87.0,73,-1.506451612903226
노원소방서,202501,1.0,서울,72.0,66,-1.848387096774193
노원소방서,202501,2.0,서울,104.0,71,-2.1451612903225805
노원소방서,202501,3.0,서울,56.0,44,-2.274193548387097
노원소방서,202501,4.0,서울,38.0,43,-2.4935483870967743
노원소방서,202501,5.0,서울,71.0,48,-2.696774193548387
노원소방서,202501,6.0,서울,96.0,59,-2.8806451612903223
노원소방서,202501,7.0,서울,110.0,78,-3.012903225806452
노원소방서,202501,8.0,서울,142.0,93,-3.0903225806451613
노원소방서,202501,9.0,서울,206.0,125,-2.638709677419355
노원소방서,202501,10.0,서울,163.0,117,-1.2645161290322582
노원소방서,202501,11.0,서울,176.0,112,0.1290322580645161
노원소방서,202501,12.0,서울,160.0,120,1.564516129032258
노원소방서,202501,13.0,서울,172.0,106,2.52258064516129
노원소방서,202501,14.0,서울,121.0,96,3.0806451612903225
노원소방서,202501,15.0,서울,152.0,106,3.180645161290323
노원소방서,202501,16.0,서울,141.0,93,2.9612903225806453
노원소방서,202501,17.0,서울,133.0,95,2.296774193548387
노원소방서,202501,18.0,서울,133.0,99,1.3709677419354838
노원소방서,202501,19.0,서울,154.0,116,0.6741935483870969
노원소방서,202501,20.0,서울,115.0,98,0.1032258064516129
노원소방서,202501,21.0,서울,117.0,93,-0.3645161290322581
노원소방서,202501,22.0,서울,93.0,95,-0.7193548387096775
노원소방서,202501,23.0,서울,109.0,82,-1.1096774193548389
노원소방서,202502,0.0,서울,48.0,53,-2.775
노원소방서,202502,1.0,서울,52.0,53,-3.1107142857142853
노원소방서,202502,2.0,서울,44.0,39,-3.378571428571429
노원소방서,202502,3.0,서울,51.0,41,-3.625
노원소방서,202502,4.0,서울,45.0,33,-3.925
노원소방서,202502,5.0,서울,70.0,50,-4.114285714285715
노원소방서,202502,6.0,서울,91.0,59,-4.353571428571429
노원소방서,202502,7.0,서울,85.0,58,-4.621428571428572
노원소방서,202502,8.0,서울,128.0,90,-4.614285714285714
노원소방서,202502,9.0,서울,156.0,103,-3.4535714285714287
노원소방서,202502,10.0,서울,142.0,95,-1.6928571428571428
노원소방서,202502,11.0,서울,141.0,92,-0.1892857142857143
노원소방서,202502,12.0,서울,122.0,98,0.9607142857142856
노원소방서,202502,13.0,서울,100.0,70,1.9285714285714288
노원소방서,202502,14.0,서울,128.0,90,2.753571428571429
노원소방서,202502,15.0,서울,135.0,88,3.1714285714285717
노원소방서,202502,16.0,서울,100.0,69,3.2178571428571425
노원소방서,202502,17.0,서울,128.0,91,2.7142857142857144
노원소방서,202502,18.0,서울,118.0,96,1.4214285714285713
노원소방서,202502,19.0,서울,107.0,86,0.4285714285714285
노원소방서,202502,20.0,서울,118.0,80,-0.2857142857142857
노원소방서,202502,21.0,서울,106.0,86,-0.95
노원소방서,202502,22.0,서울,102.0,86,-1.5714285714285714
노원소방서,202502,23.0,서울,89.0,72,-2.132142857142857
노원소방서,202503,0.0,서울,95.0,80,6.241935483870968
노원소방서,202503,1.0,서울,93.0,76,5.890322580645161
노원소방서,202503,2.0,서울,40.0,44,5.577419354838709
노원소방서,202503,3.0,서울,50.0,46,5.203225806451614
노원소방서,202503,4.0,서울,81.0,55,4.877419354838709
노원소방서,202503,5.0,서울,49.0,38,4.554838709677419
노원소방서,202503,6.0,서울,75.0,50,4.387096774193548
노원소방서,202503,7.0,서울,108.0,66,4.193548387096774
노원소방서,202503,8.0,서울,143.0,97,4.770967741935484
노원소방서,202503,9.0,서울,161.0,103,6.27741935483871
노원소방서,202503,10.0,서울,141.0,99,7.883870967741935
노원소방서,202503,11.0,서울,181.0,110,9.348387096774196
노원소방서,202503,12.0,서울,141.0,98,10.712903225806452
노원소방서,202503,13.0,서울,125.0,77,11.812903225806451
노원소방서,202503,14.0,서울,121.0,100,12.638709677419357
노원소방서,202503,15.0,서울,122.0,81,12.793548387096775
노원소방서,202503,16.0,서울,132.0,98,12.480645161290322
노원소방서,202503,17.0,서울,135.0,84,11.883870967741936
노원소방서,202503,18.0,서울,153.0,101,10.651612903225804
노원소방서,202503,19.0,서울,113.0,90,9.287096774193548
노원소방서,202503,20.0,서울,137.0,96,8.316129032258065
노원소방서,202503,21.0,서울,124.0,98,7.638709677419355
노원소방서,202503,22.0,서울,101.0,96,7.070967741935483
노원소방서,202503,23.0,서울,99.0,86,6.683870967741936
노원소방서,202504,0.0,서울,66.0,58,11.123333333333331
노원소방서,202504,1.0,서울,72.0,53,10.763333333333332
노원소방서,202504,2.0,서울,57.0,45,10.363333333333332
노원소방서,202504,3.0,서울,51.0,39,9.973333333333333
노원소방서,202504,4.0,서울,36.0,29,9.67
노원소방서,202504,5.0,서울,62.0,56,9.433333333333334
노원소방서,202504,6.0,서울,87.0,53,9.213333333333331
노원소방서,202504,7.0,서울,127.0,85,9.37
노원소방서,202504,8.0,서울,138.0,108,10.803333333333336
노원소방서,202504,9.0,서울,152.0,93,12.563333333333333
노원소방서,202504,10.0,서울,127.0,99,14.216666666666669
노원소방서,202504,11.0,서울,128.0,93,15.636666666666668
노원소방서,202504,12.0,서울,123.0,87,16.806666666666665
노원소방서,202504,13.0,서울,149.0,106,17.503333333333334
노원소방서,202504,14.0,서울,138.0,94,17.926666666666666
노원소방서,202504,15.0,서울,135.0,98,17.916666666666668
노원소방서,202504,16.0,서울,161.0,105,17.779999999999998
노원소방서,202504,17.0,서울,122.0,93,17.266666666666666
노원소방서,202504,18.0,서울,132.0,94,16.266666666666666
노원소방서,202504,19.0,서울,128.0,100,14.886666666666668
노원소방서,202504,20.0,서울,105.0,81,13.813333333333333
노원소방서,202504,21.0,서울,85.0,97,13.086666666666668
노원소방서,202504,22.0,서울,105.0,90,12.453333333333337
노원소방서,202504,23.0,서울,87.0,62,11.916666666666666
노원소방서,202505,0.0,서울,67.0,66,16.05483870967742
노원소방서,202505,1.0,서울,62.0,62,15.593548387096773
노원소방서,202505,2.0,서울,66.0,61,15.170967741935485
노원소방서,202505,3.0,서울,53.0,41,14.80967741935484
노원소방서,202505,4.0,서울,55.0,44,14.40967741935484
노원소방서,202505,5.0,서울,70.0,52,14.083870967741936
노원소방서,202505,6.0,서울,70.0,54,13.94516129032258
노원소방서,202505,7.0,서울,103.0,69,14.412903225806453
노원소방서,202505,8.0,서울,124.0,80,15.69032258064516
노원소방서,202505,9.0,서울,182.0,127,16.993548387096773
노원소방서,202505,10.0,서울,169.0,115,18.15806451612903
노원소방서,202505,11.0,서울,156.0,102,19.216129032258067
노원소방서,202505,12.0,서울,131.0,88,20.19032258064516
노원소방서,202505,13.0,서울,123.0,95,21.05483870967742
노원소방서,202505,14.0,서울,162.0,102,21.651612903225807
노원소방서,202505,15.0,서울,135.0,92,21.81935483870968
노원소방서,202505,16.0,서울,115.0,92,21.687096774193545
노원소방서,202505,17.0,서울,137.0,103,21.24516129032258
노원소방서,202505,18.0,서울,163.0,117,20.52258064516129
노원소방서,202505,19.0,서울,151.0,102,19.43870967741936
노원소방서,202505,20.0,서울,144.0,107,18.44516129032258
노원소방서,202505,21.0,서울,116.0,82,17.741935483870968
노원소방서,202505,22.0,서울,104.0,87,17.148387096774194
노원소방서,202505,23.0,서울,120.0,89,16.629032258064516
노원소방서,202506,0.0,서울,91.0,79,22.126666666666665
노원소방서,202506,1.0,서울,56.0,54,21.78666666666667
노원소방서,202506,2.0,서울,68.0,54,21.46
노원소방서,202506,3.0,서울,74.0,46,21.10333333333333
노원소방서,202506,4.0,서울,58.0,51,20.78
노원소방서,202506,5.0,서울,49.0,40,20.516666666666666
노원소방서,202506,6.0,서울,75.0,59,20.42
노원소방서,202506,7.0,서울,111.0,66,21.03666666666667
노원소방서,202506,8.0,서울,133.0,110,22.18
노원소방서,202506,9.0,서울,122.0,95,23.33333333333333
노원소방서,202506,10.0,서울,159.0,109,24.563333333333333
노원소방서,202506,11.0,서울,161.0,104,25.55333333333333
노원소방서,202506,12.0,서울,167.0,100,26.46
노원소방서,202506,13.0,서울,163.0,110,27.173333333333336
노원소방서,202506,14.0,서울,127.0,92,27.566666666666663
노원소방서,202506,15.0,서울,151.0,108,27.813333333333333
노원소방서,202506,16.0,서울,110.0,103,27.686666666666667
노원소방서,202506,17.0,서울,144.0,96,27.41
노원소방서,202506,18.0,서울,104.0,87,26.73
노원소방서,202506,19.0,서울,139.0,108,25.716666666666665
노원소방서,202506,20.0,서울,116.0,97,24.75333333333333
노원소방서,202506,21.0,서울,129.0,103,23.973333333333336
노원소방서,202506,22.0,서울,81.0,79,23.223333333333336
노원소방서,202506,23.0,서울,108.0,86,22.74333333333333
노원소방서,202507,0.0,서울,99.0,92,27.48064516129032
노원소방서,202507,1.0,서울,93.0,79,27.161290322580644
노원소방서,202507,2.0,서울,55.0,50,26.845161290322583
노원소방서,202507,3.0,서울,60.0,49,26.548387096774192
노원소방서,202507,4.0,서울,57.0,48,26.30322580645161
노원소방서,202507,5.0,서울,81.0,60,26.06451612903226
노원소방서,202507,6.0,서울,107.0,73,25.906451612903226
노원소방서,202507,7.0,서울,82.0,65,26.177419354838708
노원소방서,202507,8.0,서울,146.0,92,27.07741935483871
노원소방서,202507,9.0,서울,207.0,129,28.025806451612905
노원소방서,202507,10.0,서울,165.0,114,28.85483870967742
노원소방서,202507,11.0,서울,140.0,109,29.68387096774193
노원소방서,202507,12.0,서울,133.0,103,30.42258064516129
노원소방서,202507,13.0,서울,145.0,102,30.967741935483872
노원소방서,202507,14.0,서울,131.0,88,31.51935483870968
노원소방서,202507,15.0,서울,118.0,99,31.79032258064516
노원소방서,202507,16.0,서울,135.0,105,31.741935483870968
노원소방서,202507,17.0,서울,141.0,105,31.693548387096776
노원소방서,202507,18.0,서울,126.0,104,31.267741935483876
노원소방서,202507,19.0,서울,156.0,119,30.23548387096774
노원소방서,202507,20.0,서울,132.0,97,29.32258064516129
노원소방서,202507,21.0,서울,127.0,112,28.69677419354839
노원소방서,202507,22.0,서울,134.0,92,28.21935483870968
노원소방서,202507,23.0,서울,101.0,88,27.83225806451613
노원소방서,202508,0.0,서울,81.0,73,27.016129032258064
노원소방서,202508,1.0,서울,65.0,55,26.796774193548387
노원소방서,202508,2.0,서울,89.0,71,26.6
노원소방서,202508,3.0,서울,63.0,52,26.39354838709677
노원소방서,202508,4.0,서울,67.0,47,26.151612903225807
노원소방서,202508,5.0,서울,69.0,56,25.91935483870968
노원소방서,202508,6.0,서울,92.0,65,25.738709677419354
노원소방서,202508,7.0,서울,116.0,80,25.85483870967742
노원소방서,202508,8.0,서울,160.0,102,26.51935483870968
노원소방서,202508,9.0,서울,162.0,115,27.33870967741936
노원소방서,202508,10.0,서울,165.0,118,28.33225806451613
노원소방서,202508,11.0,서울,150.0,100,29.251612903225805
노원소방서,202508,12.0,서울,174.0,102,29.98709677419355
노원소방서,202508,13.0,서울,144.0,110,30.43548387096774
노원소방서,202508,14.0,서울,149.0,89,31.061290322580643
노원소방서,202508,15.0,서울,135.0,92,31.22258064516129
노원소방서,202508,16.0,서울,174.0,105,31.22258064516129
노원소방서,202508,17.0,서울,129.0,94,30.87741935483871
노원소방서,202508,18.0,서울,115.0,98,30.296774193548387
노원소방서,202508,19.0,서울,133.0,107,29.345161290322583
노원소방서,202508,20.0,서울,149.0,127,28.46451612903226
노원소방서,202508,21.0,서울,132.0,96,27.95483870967742
노원소방서,202508,22.0,서울,103.0,89,27.567741935483877
노원소방서,202508,23.0,서울,81.0,82,27.258064516129032
노원소방서,202509,0.0,서울,94.0,71,22.47
노원소방서,202509,1.0,서울,62.0,51,22.133333333333333
노원소방서,202509,2.0,서울,68.0,62,21.80666666666667
노원소방서,202509,3.0,서울,60.0,47,21.540000000000003
노원소방서,202509,4.0,서울,46.0,40,21.273333333333333
노원소방서,202509,5.0,서울,81.0,62,21.01
노원소방서,202509,6.0,서울,90.0,69,20.756666666666668
노원소방서,202509,7.0,서울,117.0,77,20.75333333333333
노원소방서,202509,8.0,서울,151.0,108,21.37333333333333
노원소방서,202509,9.0,서울,191.0,111,22.346666666666668
노원소방서,202509,10.0,서울,148.0,104,23.383333333333333
노원소방서,202509,11.0,서울,151.0,90,24.306666666666665
노원소방서,202509,12.0,서울,172.0,103,25.22
노원소방서,202509,13.0,서울,126.0,91,25.96
노원소방서,202509,14.0,서울,150.0,106,26.37333333333333
노원소방서,202509,15.0,서울,140.0,96,26.62333333333333
노원소방서,202509,16.0,서울,157.0,103,26.66333333333333
노원소방서,202509,17.0,서울,134.0,94,26.40333333333333
노원소방서,202509,18.0,서울,131.0,94,25.563333333333333
노원소방서,202509,19.0,서울,144.0,109,24.62
노원소방서,202509,20.0,서울,129.0,96,23.85333333333333
노원소방서,202509,21.0,서울,135.0,108,23.35333333333333
노원소방서,202509,22.0,서울,101.0,88,22.923333333333336
노원소방서,202509,23.0,서울,104.0,86,22.53
노원소방서,202510,0.0,서울,70.0,67,15.36774193548387
노원소방서,202510,1.0,서울,55.0,53,15.061290322580644
노원소방서,202510,2.0,서울,62.0,65,14.76774193548387
노원소방서,202510,3.0,서울,58.0,52,14.516129032258064
노원소방서,202510,4.0,서울,47.0,46,14.306451612903226
노원소방서,202510,5.0,서울,61.0,49,14.093548387096776
노원소방서,202510,6.0,서울,67.0,53,13.92258064516129
노원소방서,202510,7.0,서울,130.0,86,13.851612903225806
노원소방서,202510,8.0,서울,135.0,89,14.170967741935485
노원소방서,202510,9.0,서울,160.0,100,15.34516129032258
노원소방서,202510,10.0,서울,142.0,101,16.519354838709678
노원소방서,202510,11.0,서울,133.0,106,17.73225806451613
노원소방서,202510,12.0,서울,127.0,93,18.62258064516129
노원소방서,202510,13.0,서울,109.0,90,19.287096774193547
노원소방서,202510,14.0,서울,136.0,107,19.738709677419354
노원소방서,202510,15.0,서울,127.0,104,19.787096774193547
노원소방서,202510,16.0,서울,109.0,91,19.538709677419355
노원소방서,202510,17.0,서울,117.0,94,18.88387096774193
노원소방서,202510,18.0,서울,128.0,109,18.02258064516129
노원소방서,202510,19.0,서울,96.0,93,17.31935483870968
노원소방서,202510,20.0,서울,121.0,100,16.799999999999997
노원소방서,202510,21.0,서울,125.0,100,16.358064516129033
노원소방서,202510,22.0,서울,117.0,107,15.94516129032258
노원소방서,202510,23.0,서울,70.0,82,15.548387096774194
노원소방서,202511,0.0,서울,93.0,71,7.39
노원소방서,202511,1.0,서울,88.0,72,6.946666666666667
노원소방서,202511,2.0,서울,56.0,44,6.636666666666667
노원소방서,202511,3.0,서울,64.0,45,6.306666666666667
노원소방서,202511,4.0,서울,78.0,47,6.083333333333333
노원소방서,202511,5.0,서울,46.0,40,5.91
노원소방서,202511,6.0,서울,59.0,47,5.7733333333333325
노원소방서,202511,7.0,서울,122.0,79,5.553333333333333
노원소방서,202511,8.0,서울,154.0,89,5.5633333333333335
노원소방서,202511,9.0,서울,172.0,99,6.806666666666667
노원소방서,202511,10.0,서울,173.0,108,8.76
노원소방서,202511,11.0,서울,167.0,114,10.473333333333333
노원소방서,202511,12.0,서울,141.0,94,11.986666666666668
노원소방서,202511,13.0,서울,167.0,101,12.916666666666666
노원소방서,202511,14.0,서울,146.0,92,13.46
노원소방서,202511,15.0,서울,157.0,107,13.593333333333334
노원소방서,202511,16.0,서울,140.0,92,13.146666666666668
노원소방서,202511,17.0,서울,148.0,94,11.966666666666669
노원소방서,202511,18.0,서울,132.0,104,10.803333333333336
노원소방서,202511,19.0,서울,133.0,100,10.0
노원소방서,202511,20.0,서울,116.0,87,9.416666666666666
노원소방서,202511,21.0,서울,112.0,101,8.896666666666667
노원소방서,202511,22.0,서울,122.0,90,8.473333333333333
노원소방서,202511,23.0,서울,102.0,83,7.97
노원소방서,202512,0.0,서울,84.0,69,0.6032258064516128
노원소방서,202512,1.0,서울,74.0,61,0.3354838709677418
노원소방서,202512,2.0,서울,73.0,56,0.1225806451612902
노원소방서,202512,3.0,서울,78.0,56,-0.1258064516129031
노원소방서,202512,4.0,서울,73.0,51,-0.4
노원소방서,202512,5.0,서울,83.0,51,-0.6483870967741936
노원소방서,202512,6.0,서울,88.0,63,-0.8580645161290323
노원소방서,202512,7.0,서울,110.0,74,-0.935483870967742
노원소방서,202512,8.0,서울,149.0,111,-0.9774193548387096
노원소방서,202512,9.0,서울,182.0,109,-0.4774193548387096
노원소방서,202512,10.0,서울,188.0,109,0.8645161290322579
노원소방서,202512,11.0,서울,181.0,106,2.0387096774193547
노원소방서,202512,12.0,서울,142.0,111,3.0290322580645164
노원소방서,202512,13.0,서울,171.0,111,3.835483870967742
노원소방서,202512,14.0,서울,152.0,117,4.351612903225806
노원소방서,202512,15.0,서울,165.0,100,4.632258064516129
노원소방서,202512,16.0,서울,152.0,106,4.367741935483871
노원소방서,202512,17.0,서울,146.0,103,3.4451612903225803
노원소방서,202512,18.0,서울,151.0,102,2.603225806451613
노원소방서,202512,19.0,서울,149.0,106,1.9580645161290324
노원소방서,202512,20.0,서울,114.0,85,1.470967741935484
노원소방서,202512,21.0,서울,117.0,92,1.0516129032258066
노원소방서,202512,22.0,서울,142.0,111,0.6193548387096774
노원소방서,202512,23.0,서울,91.0,73,0.2580645161290322
수성소방서,201701,0.0,대구,16.0,46,-0.2225806451612903
수성소방서,201701,1.0,대구,44.0,48,-0.7258064516129032
수성소방서,201701,2.0,대구,10.0,24,-1.1193548387096774
수성소방서,201701,3.0,대구,14.0,23,-1.4096774193548387
수성소방서,201701,4.0,대구,15.0,26,-1.664516129032258
수성소방서,201701,5.0,대구,24.0,26,-1.7419354838709675
수성소방서,201701,6.0,대구,37.0,54,-2.1548387096774198
수성소방서,201701,7.0,대구,43.0,45,-2.3806451612903223
수성소방서,201701,8.0,대구,46.0,55,-2.2870967741935484
수성소방서,201701,9.0,대구,81.0,86,-1.3838709677419356
수성소방서,201701,10.0,대구,61.0,62,0.2129032258064515
수성소방서,201701,11.0,대구,56.0,76,1.829032258064516
수성소방서,201701,12.0,대구,42.0,65,3.1225806451612903
수성소방서,201701,13.0,대구,43.0,56,4.438709677419355
수성소방서,201701,14.0,대구,47.0,74,5.229032258064516
수성소방서,201701,15.0,대구,43.0,58,5.629032258064516
수성소방서,201701,16.0,대구,35.0,60,5.490322580645161
수성소방서,201701,17.0,대구,47.0,68,4.893548387096774
수성소방서,201701,18.0,대구,47.0,64,3.7774193548387096
수성소방서,201701,19.0,대구,35.0,56,2.861290322580645
수성소방서,201701,20.0,대구,49.0,65,1.9935483870967745
수성소방서,201701,21.0,대구,54.0,75,1.2838709677419355
수성소방서,201701,22.0,대구,40.0,70,0.7225806451612903
수성소방서,201701,23.0,대구,36.0,57,0.2225806451612903
수성소방서,201702,0.0,대구,20.0,41,1.757142857142857
수성소방서,201702,1.0,대구,21.0,33,1.2857142857142858
수성소방서,201702,2.0,대구,25.0,30,0.7714285714285714
수성소방서,201702,3.0,대구,24.0,24,0.4357142857142858
수성소방서,201702,4.0,대구,24.0,28,0.0035714285714285
수성소방서,201702,5.0,대구,22.0,27,-0.3535714285714285
수성소방서,201702,6.0,대구,26.0,34,-0.6035714285714286
수성소방서,201702,7.0,대구,27.0,38,-0.9
수성소방서,201702,8.0,대구,30.0,43,-0.2999999999999999
수성소방서,201702,9.0,대구,63.0,72,0.9785714285714284
수성소방서,201702,10.0,대구,50.0,59,2.4964285714285714
수성소방서,201702,11.0,대구,41.0,55,4.0285714285714285
수성소방서,201702,12.0,대구,48.0,65,5.539285714285714
수성소방서,201702,13.0,대구,39.0,47,6.596428571428571
수성소방서,201702,14.0,대구,35.0,48,7.267857142857143
수성소방서,201702,15.0,대구,42.0,70,7.692857142857143
수성소방서,201702,16.0,대구,43.0,53,7.792857142857143
수성소방서,201702,17.0,대구,42.0,48,7.15
수성소방서,201702,18.0,대구,48.0,58,6.332142857142857
수성소방서,201702,19.0,대구,39.0,61,5.346428571428571
수성소방서,201702,20.0,대구,41.0,52,4.421428571428572
수성소방서,201702,21.0,대구,25.0,44,3.5142857142857147
수성소방서,201702,22.0,대구,46.0,52,2.875
수성소방서,201702,23.0,대구,33.0,50,2.442857142857143
수성소방서,201703,0.0,대구,31.0,37,6.374193548387097
수성소방서,201703,1.0,대구,33.0,44,5.719354838709678
수성소방서,201703,2.0,대구,24.0,33,5.138709677419355
수성소방서,201703,3.0,대구,36.0,36,4.616129032258065
수성소방서,201703,4.0,대구,16.0,22,4.125806451612903
수성소방서,201703,5.0,대구,30.0,25,3.6806451612903226
수성소방서,201703,6.0,대구,31.0,31,3.290322580645161
수성소방서,201703,7.0,대구,51.0,43,3.1548387096774198
수성소방서,201703,8.0,대구,39.0,38,4.116129032258065
수성소방서,201703,9.0,대구,87.0,76,5.767741935483872
수성소방서,201703,10.0,대구,56.0,58,7.67741935483871
수성소방서,201703,11.0,대구,42.0,54,9.274193548387096
수성소방서,201703,12.0,대구,46.0,61,10.6
수성소방서,201703,13.0,대구,46.0,71,11.751612903225809
수성소방서,201703,14.0,대구,54.0,50,12.451612903225806
수성소방서,201703,15.0,대구,70.0,73,12.97741935483871
수성소방서,201703,16.0,대구,58.0,83,12.83548387096774
수성소방서,201703,17.0,대구,58.0,58,12.396774193548389
수성소방서,201703,18.0,대구,43.0,53,11.383870967741936
수성소방서,201703,19.0,대구,51.0,60,10.103225806451611
수성소방서,201703,20.0,대구,60.0,72,8.916129032258064
수성소방서,201703,21.0,대구,38.0,54,8.303225806451612
수성소방서,201703,22.0,대구,50.0,58,7.612903225806452
수성소방서,201703,23.0,대구,39.0,50,6.951612903225806
수성소방서,201704,0.0,대구,41.0,62,13.73
수성소방서,201704,1.0,대구,36.0,43,12.91
수성소방서,201704,2.0,대구,38.0,49,12.17
수성소방서,201704,3.0,대구,38.0,40,11.63
수성소방서,201704,4.0,대구,24.0,32,11.193333333333332
수성소방서,201704,5.0,대구,24.0,30,10.54
수성소방서,201704,6.0,대구,23.0,33,10.21
수성소방서,201704,7.0,대구,49.0,48,10.876666666666669
수성소방서,201704,8.0,대구,70.0,76,12.393333333333334
수성소방서,201704,9.0,대구,84.0,75,14.193333333333332
수성소방서,201704,10.0,대구,77.0,72,15.906666666666666
수성소방서,201704,11.0,대구,68.0,70,17.476666666666667
수성소방서,201704,12.0,대구,49.0,66,18.69
수성소방서,201704,13.0,대구,73.0,77,19.646666666666665
수성소방서,201704,14.0,대구,49.0,67,20.516666666666666
수성소방서,201704,15.0,대구,39.0,48,20.723333333333336
수성소방서,201704,16.0,대구,37.0,46,20.68
수성소방서,201704,17.0,대구,39.0,57,20.14333333333333
수성소방서,201704,18.0,대구,66.0,74,19.396666666666665
수성소방서,201704,19.0,대구,60.0,63,18.39
수성소방서,201704,20.0,대구,60.0,61,17.353333333333335
수성소방서,201704,21.0,대구,60.0,67,16.403333333333332
수성소방서,201704,22.0,대구,45.0,54,15.643333333333334
수성소방서,201704,23.0,대구,42.0,43,14.91
수성소방서,201705,0.0,대구,32.0,47,18.490322580645163
수성소방서,201705,1.0,대구,38.0,45,17.729032258064517
수성소방서,201705,2.0,대구,27.0,38,17.009677419354837
수성소방서,201705,3.0,대구,32.0,34,16.4
수성소방서,201705,4.0,대구,28.0,27,15.832258064516129
수성소방서,201705,5.0,대구,33.0,34,15.264516129032256
수성소방서,201705,6.0,대구,46.0,38,15.216129032258063
수성소방서,201705,7.0,대구,37.0,50,16.358064516129033
수성소방서,201705,8.0,대구,68.0,65,18.048387096774192
수성소방서,201705,9.0,대구,103.0,84,19.9741935483871
수성소방서,201705,10.0,대구,85.0,92,21.700000000000003
수성소방서,201705,11.0,대구,54.0,54,23.30967741935484
수성소방서,201705,12.0,대구,55.0,65,24.30967741935484
수성소방서,201705,13.0,대구,78.0,76,25.12258064516129
수성소방서,201705,14.0,대구,76.0,78,26.09032258064516
수성소방서,201705,15.0,대구,51.0,63,26.11290322580645
수성소방서,201705,16.0,대구,53.0,59,26.13225806451613
수성소방서,201705,17.0,대구,46.0,62,25.65806451612903
수성소방서,201705,18.0,대구,68.0,74,24.90322580645161
수성소방서,201705,19.0,대구,72.0,70,23.648387096774197
수성소방서,201705,20.0,대구,67.0,87,22.335483870967742
수성소방서,201705,21.0,대구,64.0,72,21.216129032258067
수성소방서,201705,22.0,대구,55.0,67,20.135483870967743
수성소방서,201705,23.0,대구,32.0,50,19.212903225806453
수성소방서,201706,0.0,대구,47.0,71,20.626666666666665
수성소방서,201706,1.0,대구,32.0,40,20.126666666666665
수성소방서,201706,2.0,대구,35.0,45,19.773333333333333
수성소방서,201706,3.0,대구,23.0,30,19.203333333333333
수성소방서,201706,4.0,대구,21.0,28,18.723333333333336
수성소방서,201706,5.0,대구,32.0,37,18.48
수성소방서,201706,6.0,대구,40.0,48,18.62
수성소방서,201706,7.0,대구,47.0,44,19.67
수성소방서,201706,8.0,대구,64.0,61,21.17
수성소방서,201706,9.0,대구,60.0,56,22.72
수성소방서,201706,10.0,대구,70.0,68,24.346666666666668
수성소방서,201706,11.0,대구,76.0,79,25.72
수성소방서,201706,12.0,대구,48.0,58,26.94333333333333
수성소방서,201706,13.0,대구,74.0,67,27.973333333333336
수성소방서,201706,14.0,대구,80.0,70,28.586666666666662
수성소방서,201706,15.0,대구,47.0,60,28.813333333333333
수성소방서,201706,16.0,대구,49.0,56,28.58333333333333
수성소방서,201706,17.0,대구,69.0,90,27.79
수성소방서,201706,18.0,대구,59.0,60,26.616666666666667
수성소방서,201706,19.0,대구,65.0,68,25.203333333333333
수성소방서,201706,20.0,대구,51.0,67,23.90333333333333
수성소방서,201706,21.0,대구,50.0,67,22.83333333333333
수성소방서,201706,22.0,대구,52.0,67,21.936666666666667
수성소방서,201706,23.0,대구,60.0,64,21.236666666666668
수성소방서,201707,0.0,대구,46.0,56,26.306451612903224
수성소방서,201707,1.0,대구,40.0,44,25.9741935483871
수성소방서,201707,2.0,대구,50.0,52,25.55161290322581
수성소방서,201707,3.0,대구,30.0,40,25.22258064516129
수성소방서,201707,4.0,대구,35.0,36,25.003225806451614
수성소방서,201707,5.0,대구,37.0,42,24.82258064516129
수성소방서,201707,6.0,대구,41.0,44,24.8
수성소방서,201707,7.0,대구,50.0,65,25.53548387096774
수성소방서,201707,8.0,대구,88.0,84,26.58709677419355
수성소방서,201707,9.0,대구,80.0,79,27.693548387096776
수성소방서,201707,10.0,대구,89.0,76,28.59354838709677
수성소방서,201707,11.0,대구,70.0,72,29.5
수성소방서,201707,12.0,대구,67.0,68,30.325806451612905
수성소방서,201707,13.0,대구,65.0,75,31.061290322580643
수성소방서,201707,14.0,대구,68.0,75,31.11935483870968
수성소방서,201707,15.0,대구,58.0,68,31.041935483870965
수성소방서,201707,16.0,대구,65.0,70,30.990322580645163
수성소방서,201707,17.0,대구,60.0,79,30.62903225806452
수성소방서,201707,18.0,대구,55.0,72,29.738709677419354
수성소방서,201707,19.0,대구,63.0,81,28.88064516129032
수성소방서,201707,20.0,대구,51.0,73,28.148387096774197
수성소방서,201707,21.0,대구,59.0,63,27.541935483870965
수성소방서,201707,22.0,대구,66.0,67,27.106451612903225
수성소방서,201707,23.0,대구,39.0,61,26.58709677419355
수성소방서,201708,0.0,대구,49.0,56,24.71935483870968
수성소방서,201708,1.0,대구,45.0,50,24.387096774193548
수성소방서,201708,2.0,대구,36.0,46,24.08709677419355
수성소방서,201708,3.0,대구,34.0,41,23.75483870967742
수성소방서,201708,4.0,대구,37.0,37,23.448387096774194
수성소방서,201708,5.0,대구,42.0,42,23.23548387096774
수성소방서,201708,6.0,대구,35.0,40,23.10967741935484
수성소방서,201708,7.0,대구,47.0,45,23.81290322580645
수성소방서,201708,8.0,대구,63.0,64,24.748387096774195
수성소방서,201708,9.0,대구,72.0,84,25.967741935483872
수성소방서,201708,10.0,대구,75.0,81,27.01935483870968
수성소방서,201708,11.0,대구,67.0,65,28.080645161290324
수성소방서,201708,12.0,대구,60.0,62,28.94516129032258
수성소방서,201708,13.0,대구,54.0,61,29.806451612903224
수성소방서,201708,14.0,대구,56.0,62,30.096774193548388
수성소방서,201708,15.0,대구,71.0,77,30.14516129032258
수성소방서,201708,16.0,대구,54.0,64,29.87741935483871
수성소방서,201708,17.0,대구,60.0,74,29.396774193548385
수성소방서,201708,18.0,대구,80.0,70,28.61290322580645
수성소방서,201708,19.0,대구,68.0,65,27.59032258064516
수성소방서,201708,20.0,대구,64.0,53,26.73548387096774
수성소방서,201708,21.0,대구,63.0,67,26.038709677419355
수성소방서,201708,22.0,대구,60.0,72,25.50967741935484
수성소방서,201708,23.0,대구,48.0,57,24.90322580645161
수성소방서,201709,0.0,대구,48.0,53,19.65333333333333
수성소방서,201709,1.0,대구,37.0,35,19.146666666666665
수성소방서,201709,2.0,대구,27.0,40,18.633333333333333
수성소방서,201709,3.0,대구,24.0,26,18.21333333333333
수성소방서,201709,4.0,대구,25.0,30,17.84333333333333
수성소방서,201709,5.0,대구,37.0,38,17.4
수성소방서,201709,6.0,대구,39.0,33,17.113333333333333
수성소방서,201709,7.0,대구,50.0,54,17.576666666666664
수성소방서,201709,8.0,대구,88.0,72,18.973333333333336
수성소방서,201709,9.0,대구,72.0,76,20.57
수성소방서,201709,10.0,대구,64.0,68,22.16
수성소방서,201709,11.0,대구,65.0,69,23.613333333333333
수성소방서,201709,12.0,대구,77.0,78,24.673333333333336
수성소방서,201709,13.0,대구,70.0,72,25.296666666666667
수성소방서,201709,14.0,대구,69.0,76,26.01333333333333
수성소방서,201709,15.0,대구,63.0,59,26.126666666666665
수성소방서,201709,16.0,대구,65.0,69,25.793333333333333
수성소방서,201709,17.0,대구,57.0,72,25.42
수성소방서,201709,18.0,대구,51.0,55,24.546666666666667
수성소방서,201709,19.0,대구,53.0,59,23.266666666666666
수성소방서,201709,20.0,대구,65.0,68,22.19333333333333
수성소방서,201709,21.0,대구,53.0,66,21.346666666666668
수성소방서,201709,22.0,대구,57.0,68,20.706666666666667
수성소방서,201709,23.0,대구,42.0,57,19.986666666666668
수성소방서,201710,0.0,대구,41.0,51,14.72258064516129
수성소방서,201710,1.0,대구,42.0,51,14.251612903225809
수성소방서,201710,2.0,대구,33.0,43,13.880645161290325
수성소방서,201710,3.0,대구,38.0,35,13.51290322580645
수성소방서,201710,4.0,대구,26.0,26,13.216129032258063
수성소방서,201710,5.0,대구,28.0,27,12.95483870967742
수성소방서,201710,6.0,대구,49.0,40,12.73225806451613
수성소방서,201710,7.0,대구,50.0,50,12.751612903225809
수성소방서,201710,8.0,대구,95.0,72,13.825806451612904
수성소방서,201710,9.0,대구,71.0,68,15.23225806451613
수성소방서,201710,10.0,대구,76.0,78,16.92258064516129
수성소방서,201710,11.0,대구,62.0,77,18.35483870967742
수성소방서,201710,12.0,대구,59.0,68,19.33870967741936
수성소방서,201710,13.0,대구,75.0,68,19.90322580645161
수성소방서,201710,14.0,대구,65.0,62,20.17419354838709
수성소방서,201710,15.0,대구,63.0,77,20.10967741935484
수성소방서,201710,16.0,대구,53.0,63,19.793548387096774
수성소방서,201710,17.0,대구,57.0,68,19.200000000000003
수성소방서,201710,18.0,대구,57.0,65,18.15806451612903
수성소방서,201710,19.0,대구,56.0,67,17.229032258064517
수성소방서,201710,20.0,대구,54.0,66,16.4
수성소방서,201710,21.0,대구,59.0,62,15.861290322580643
수성소방서,201710,22.0,대구,51.0,64,15.425806451612903
수성소방서,201710,23.0,대구,45.0,56,14.874193548387098
수성소방서,201711,0.0,대구,46.0,54,5.8566666666666665
수성소방서,201711,1.0,대구,30.0,35,5.386666666666667
수성소방서,201711,2.0,대구,25.0,26,4.846666666666667
수성소방서,201711,3.0,대구,31.0,35,4.5
수성소방서,201711,4.0,대구,36.0,36,4.066666666666666
수성소방서,201711,5.0,대구,21.0,25,3.71
수성소방서,201711,6.0,대구,34.0,33,3.4233333333333333
수성소방서,201711,7.0,대구,45.0,48,3.31
수성소방서,201711,8.0,대구,75.0,74,3.9866666666666655
수성소방서,201711,9.0,대구,89.0,84,5.946666666666667
수성소방서,201711,10.0,대구,70.0,71,8.126666666666667
수성소방서,201711,11.0,대구,88.0,87,10.023333333333332
수성소방서,201711,12.0,대구,67.0,62,11.28
수성소방서,201711,13.0,대구,82.0,85,12.366666666666667
수성소방서,201711,14.0,대구,74.0,72,12.983333333333333
수성소방서,201711,15.0,대구,81.0,79,13.14
수성소방서,201711,16.0,대구,57.0,68,13.06
수성소방서,201711,17.0,대구,56.0,64,12.04
수성소방서,201711,18.0,대구,72.0,76,10.863333333333332
수성소방서,201711,19.0,대구,75.0,78,9.66
수성소방서,201711,20.0,대구,51.0,67,8.486666666666666
수성소방서,201711,21.0,대구,60.0,73,7.633333333333334
수성소방서,201711,22.0,대구,29.0,44,7.0233333333333325
수성소방서,201711,23.0,대구,33.0,48,6.333333333333333
수성소방서,201712,0.0,대구,65.0,66,-0.7387096774193548
수성소방서,201712,1.0,대구,54.0,60,-1.280645161290323
수성소방서,201712,2.0,대구,40.0,48,-1.664516129032258
수성소방서,201712,3.0,대구,37.0,39,-1.8548387096774197
수성소방서,201712,4.0,대구,53.0,39,-2.106451612903226
수성소방서,201712,5.0,대구,35.0,43,-2.4516129032258065
수성소방서,201712,6.0,대구,44.0,40,-2.6096774193548384
수성소방서,201712,7.0,대구,31.0,30,-2.793548387096774
수성소방서,201712,8.0,대구,84.0,68,-2.5870967741935487
수성소방서,201712,9.0,대구,98.0,85,-1.4516129032258065
수성소방서,201712,10.0,대구,89.0,84,0.232258064516129
수성소방서,201712,11.0,대구,78.0,73,1.729032258064516
수성소방서,201712,12.0,대구,89.0,75,2.9451612903225803
수성소방서,201712,13.0,대구,89.0,89,3.974193548387096
수성소방서,201712,14.0,대구,54.0,74,4.796774193548386
수성소방서,201712,15.0,대구,76.0,83,5.035483870967742
수성소방서,201712,16.0,대구,67.0,70,4.774193548387097
수성소방서,201712,17.0,대구,75.0,80,4.016129032258065
수성소방서,201712,18.0,대구,66.0,73,3.177419354838709
수성소방서,201712,19.0,대구,82.0,78,2.4064516129032256
수성소방서,201712,20.0,대구,63.0,64,1.6290322580645162
수성소방서,201712,21.0,대구,57.0,63,0.9129032258064516
수성소방서,201712,22.0,대구,57.0,74,0.3354838709677419
수성소방서,201712,23.0,대구,63.0,61,-0.1612903225806451
수성소방서,201801,0.0,대구,38.0,50,-1.967741935483871
수성소방서,201801,1.0,대구,49.0,42,-2.5032258064516126
수성소방서,201801,2.0,대구,46.0,55,-2.9451612903225803
수성소방서,201801,3.0,대구,31.0,31,-3.367741935483872
수성소방서,201801,4.0,대구,25.0,30,-3.658064516129032
수성소방서,201801,5.0,대구,31.0,38,-3.816129032258064
수성소방서,201801,6.0,대구,46.0,37,-4.025806451612903
수성소방서,201801,7.0,대구,52.0,54,-4.216129032258064
수성소방서,201801,8.0,대구,91.0,81,-4.212903225806452
수성소방서,201801,9.0,대구,126.0,88,-3.261290322580645
수성소방서,201801,10.0,대구,97.0,85,-2.0387096774193547
수성소방서,201801,11.0,대구,89.0,81,-0.6419354838709678
수성소방서,201801,12.0,대구,68.0,67,0.8612903225806453
수성소방서,201801,13.0,대구,85.0,86,1.9387096774193548
수성소방서,201801,14.0,대구,61.0,57,2.7193548387096773
수성소방서,201801,15.0,대구,60.0,66,3.106451612903226
수성소방서,201801,16.0,대구,66.0,61,2.9935483870967743
수성소방서,201801,17.0,대구,55.0,55,2.5064516129032257
수성소방서,201801,18.0,대구,73.0,72,1.5774193548387097
수성소방서,201801,19.0,대구,41.0,40,0.9161290322580646
수성소방서,201801,20.0,대구,58.0,63,0.164516129032258
수성소방서,201801,21.0,대구,73.0,75,-0.396774193548387
수성소방서,201801,22.0,대구,70.0,79,-0.967741935483871
수성소방서,201801,23.0,대구,59.0,58,-1.4161290322580644
수성소방서,201802,0.0,대구,47.0,54,-0.3999999999999999
수성소방서,201802,1.0,대구,54.0,54,-0.9678571428571427
수성소방서,201802,2.0,대구,23.0,33,-1.5178571428571428
수성소방서,201802,3.0,대구,32.0,34,-1.95
수성소방서,201802,4.0,대구,26.0,35,-2.503571428571429
수성소방서,201802,5.0,대구,14.0,23,-2.8428571428571425
수성소방서,201802,6.0,대구,25.0,31,-3.075
수성소방서,201802,7.0,대구,45.0,39,-3.4857142857142853
수성소방서,201802,8.0,대구,92.0,73,-2.95
수성소방서,201802,9.0,대구,73.0,72,-1.5142857142857142
수성소방서,201802,10.0,대구,68.0,62,0.3535714285714286
수성소방서,201802,11.0,대구,72.0,70,2.132142857142857
수성소방서,201802,12.0,대구,57.0,63,3.7964285714285713
수성소방서,201802,13.0,대구,68.0,66,4.921428571428572
수성소방서,201802,14.0,대구,58.0,57,5.792857142857143
수성소방서,201802,15.0,대구,59.0,65,6.417857142857143
수성소방서,201802,16.0,대구,63.0,69,6.4
수성소방서,201802,17.0,대구,39.0,50,5.946428571428571
수성소방서,201802,18.0,대구,58.0,67,5.125
수성소방서,201802,19.0,대구,43.0,57,4.078571428571428
수성소방서,201802,20.0,대구,48.0,48,2.982142857142857
수성소방서,201802,21.0,대구,70.0,76,2.0464285714285717
수성소방서,201802,22.0,대구,67.0,73,1.1821428571428572
수성소방서,201802,23.0,대구,47.0,56,0.325
수성소방서,201803,0.0,대구,49.0,56,7.290322580645161
수성소방서,201803,1.0,대구,43.0,52,6.658064516129032
수성소방서,201803,2.0,대구,33.0,40,6.070967741935483
수성소방서,201803,3.0,대구,17.0,17,5.651612903225806
수성소방서,201803,4.0,대구,22.0,24,5.216129032258064
수성소방서,201803,5.0,대구,43.0,44,4.909677419354838
수성소방서,201803,6.0,대구,35.0,30,4.532258064516129
수성소방서,201803,7.0,대구,43.0,43,4.458064516129032
수성소방서,201803,8.0,대구,89.0,69,5.54516129032258
수성소방서,201803,9.0,대구,69.0,75,7.190322580645161
수성소방서,201803,10.0,대구,79.0,74,8.903225806451612
수성소방서,201803,11.0,대구,84.0,81,10.374193548387098
수성소방서,201803,12.0,대구,71.0,79,11.661290322580646
수성소방서,201803,13.0,대구,82.0,69,12.696774193548388
수성소방서,201803,14.0,대구,72.0,78,13.54516129032258
수성소방서,201803,15.0,대구,75.0,70,14.14516129032258
수성소방서,201803,16.0,대구,59.0,63,14.161290322580646
수성소방서,201803,17.0,대구,65.0,67,13.77741935483871
수성소방서,201803,18.0,대구,78.0,75,12.861290322580643
수성소방서,201803,19.0,대구,68.0,70,11.83548387096774
수성소방서,201803,20.0,대구,72.0,63,10.735483870967744
수성소방서,201803,21.0,대구,49.0,52,9.85483870967742
수성소방서,201803,22.0,대구,56.0,62,9.019354838709678
수성소방서,201803,23.0,대구,40.0,49,8.32258064516129
수성소방서,201804,0.0,대구,34.0,44,13.113333333333332
수성소방서,201804,1.0,대구,45.0,50,12.556666666666668
수성소방서,201804,2.0,대구,32.0,35,11.97
수성소방서,201804,3.0,대구,44.0,44,11.403333333333334
수성소방서,201804,4.0,대구,25.0,27,10.66
수성소방서,201804,5.0,대구,23.0,29,9.97
수성소방서,201804,6.0,대구,41.0,32,9.553333333333336
수성소방서,201804,7.0,대구,61.0,45,10.286666666666669
수성소방서,201804,8.0,대구,83.0,69,11.69
수성소방서,201804,9.0,대구,71.0,62,13.563333333333333
수성소방서,201804,10.0,대구,57.0,61,15.096666666666666
수성소방서,201804,11.0,대구,74.0,70,16.543333333333333
수성소방서,201804,12.0,대구,70.0,67,17.853333333333335
수성소방서,201804,13.0,대구,69.0,58,18.896666666666665
수성소방서,201804,14.0,대구,53.0,64,19.626666666666665
수성소방서,201804,15.0,대구,70.0,65,20.05
수성소방서,201804,16.0,대구,59.0,56,19.98333333333333
수성소방서,201804,17.0,대구,59.0,64,19.74
수성소방서,201804,18.0,대구,63.0,69,18.84333333333333
수성소방서,201804,19.0,대구,69.0,66,17.46333333333333
수성소방서,201804,20.0,대구,63.0,63,16.19
수성소방서,201804,21.0,대구,65.0,75,15.343333333333334
수성소방서,201804,22.0,대구,42.0,53,14.546666666666663
수성소방서,201804,23.0,대구,53.0,63,13.853333333333332
수성소방서,201805,0.0,대구,37.0,42,17.189655172413794
수성소방서,201805,1.0,대구,38.0,52,16.861290322580647
수성소방서,201805,2.0,대구,41.0,37,16.39032258064516
수성소방서,201805,3.0,대구,36.0,53,16.019354838709678
수성소방서,201805,4.0,대구,30.0,28,15.593548387096773
수성소방서,201805,5.0,대구,33.0,29,15.151612903225804
수성소방서,201805,6.0,대구,55.0,42,15.038709677419355
수성소방서,201805,7.0,대구,55.0,42,15.919354838709678
수성소방서,201805,8.0,대구,75.0,56,17.20967741935484
수성소방서,201805,9.0,대구,76.0,66,18.546666666666667
수성소방서,201805,10.0,대구,47.0,56,19.94516129032258
수성소방서,201805,11.0,대구,50.0,65,21.151612903225807
수성소방서,201805,12.0,대구,56.0,65,22.08709677419355
수성소방서,201805,13.0,대구,75.0,74,22.661290322580644
수성소방서,201805,14.0,대구,76.0,74,23.116129032258065
수성소방서,201805,15.0,대구,67.0,69,23.080645161290324
수성소방서,201805,16.0,대구,56.0,74,22.993548387096773
수성소방서,201805,17.0,대구,85.0,82,22.703225806451613
수성소방서,201805,18.0,대구,76.0,74,22.293548387096774
수성소방서,201805,19.0,대구,67.0,68,20.910344827586208
수성소방서,201805,20.0,대구,70.0,75,19.760714285714283
수성소방서,201805,21.0,대구,67.0,68,19.117241379310343
수성소방서,201805,22.0,대구,56.0,58,18.279310344827586
수성소방서,201805,23.0,대구,55.0,51,17.806451612903224
수성소방서,201806,0.0,대구,56.0,65,21.50740740740741
수성소방서,201806,1.0,대구,39.0,35,21.06206896551724
수성소방서,201806,2.0,대구,30.0,38,20.65
수성소방서,201806,3.0,대구,43.0,38,20.231034482758623
수성소방서,201806,4.0,대구,26.0,33,19.607142857142858
수성소방서,201806,5.0,대구,34.0,38,19.23928571428572
수성소방서,201806,6.0,대구,47.0,37,19.37586206896552
수성소방서,201806,7.0,대구,64.0,63,20.113793103448277
수성소방서,201806,8.0,대구,74.0,67,21.04137931034483
수성소방서,201806,9.0,대구,75.0,61,22.29655172413793
수성소방서,201806,10.0,대구,69.0,59,23.56206896551724
수성소방서,201806,11.0,대구,85.0,82,24.773333333333333
수성소방서,201806,12.0,대구,76.0,65,25.73
수성소방서,201806,13.0,대구,60.0,65,26.55666666666667
수성소방서,201806,14.0,대구,65.0,66,27.176666666666662
수성소방서,201806,15.0,대구,64.0,66,27.796666666666667
수성소방서,201806,16.0,대구,73.0,63,27.86
수성소방서,201806,17.0,대구,52.0,50,27.576666666666664
수성소방서,201806,18.0,대구,78.0,77,26.95
수성소방서,201806,19.0,대구,75.0,81,26.06551724137931
수성소방서,201806,20.0,대구,77.0,75,24.75714285714286
수성소방서,201806,21.0,대구,65.0,62,23.7551724137931
수성소방서,201806,22.0,대구,43.0,44,22.92142857142857
수성소방서,201806,23.0,대구,50.0,48,22.403448275862072
수성소방서,201807,0.0,대구,52.0,50,26.3
수성소방서,201807,1.0,대구,46.0,51,25.851612903225806
수성소방서,201807,2.0,대구,36.0,43,25.493548387096773
수성소방서,201807,3.0,대구,33.0,36,25.038709677419355
수성소방서,201807,4.0,대구,41.0,33,24.71935483870968
수성소방서,201807,5.0,대구,52.0,41,24.516129032258064
수성소방서,201807,6.0,대구,48.0,54,24.490322580645163
수성소방서,201807,7.0,대구,64.0,63,25.29032258064516
수성소방서,201807,8.0,대구,73.0,63,26.39354838709677
수성소방서,201807,9.0,대구,94.0,65,27.651612903225807
수성소방서,201807,10.0,대구,83.0,76,28.925806451612903
수성소방서,201807,11.0,대구,57.0,57,29.82903225806452
수성소방서,201807,12.0,대구,72.0,64,30.625806451612902
수성소방서,201807,13.0,대구,71.0,66,31.29032258064516
수성소방서,201807,14.0,대구,89.0,77,31.91290322580645
수성소방서,201807,15.0,대구,94.0,76,32.122580645161285
수성소방서,201807,16.0,대구,64.0,57,31.929032258064517
수성소방서,201807,17.0,대구,82.0,74,31.274193548387096
수성소방서,201807,18.0,대구,83.0,82,30.716129032258067
수성소방서,201807,19.0,대구,70.0,68,29.983870967741936
수성소방서,201807,20.0,대구,64.0,79,29.05483870967742
수성소방서,201807,21.0,대구,79.0,90,28.251612903225805
수성소방서,201807,22.0,대구,61.0,76,27.574193548387097
수성소방서,201807,23.0,대구,46.0,52,27.04516129032258
수성소방서,201808,0.0,대구,44.0,48,26.23225806451613
수성소방서,201808,1.0,대구,37.0,39,25.793548387096774
수성소방서,201808,2.0,대구,48.0,50,25.387096774193548
수성소방서,201808,3.0,대구,35.0,31,25.0258064516129
수성소방서,201808,4.0,대구,27.0,25,24.69677419354839
수성소방서,201808,5.0,대구,36.0,38,24.39354838709677
수성소방서,201808,6.0,대구,35.0,41,24.24516129032258
수성소방서,201808,7.0,대구,70.0,57,24.806451612903224
수성소방서,201808,8.0,대구,85.0,80,25.81935483870968
수성소방서,201808,9.0,대구,83.0,80,27.18064516129032
수성소방서,201808,10.0,대구,103.0,76,28.490322580645163
수성소방서,201808,11.0,대구,63.0,70,29.45483870967742
수성소방서,201808,12.0,대구,89.0,76,30.60967741935484
수성소방서,201808,13.0,대구,91.0,78,31.048387096774192
수성소방서,201808,14.0,대구,66.0,61,31.396774193548385
수성소방서,201808,15.0,대구,54.0,52,31.13225806451613
수성소방서,201808,16.0,대구,60.0,54,31.200000000000003
수성소방서,201808,17.0,대구,70.0,77,30.71935483870968
수성소방서,201808,18.0,대구,68.0,73,29.93548387096774
수성소방서,201808,19.0,대구,62.0,60,28.92903225806452
수성소방서,201808,20.0,대구,55.0,54,28.148387096774197
수성소방서,201808,21.0,대구,61.0,68,27.48064516129032
수성소방서,201808,22.0,대구,74.0,82,27.029032258064515
수성소방서,201808,23.0,대구,42.0,47,26.51935483870968
수성소방서,201809,0.0,대구,56.0,57,19.473333333333336
수성소방서,201809,1.0,대구,41.0,39,19.25333333333333
수성소방서,201809,2.0,대구,34.0,37,18.956666666666667
수성소방서,201809,3.0,대구,40.0,36,18.613333333333333
수성소방서,201809,4.0,대구,41.0,40,18.256666666666668
수성소방서,201809,5.0,대구,47.0,43,18.016666666666666
수성소방서,201809,6.0,대구,41.0,37,17.84
수성소방서,201809,7.0,대구,55.0,53,18.15666666666667
수성소방서,201809,8.0,대구,90.0,66,19.116666666666667
수성소방서,201809,9.0,대구,81.0,81,20.40666666666667
수성소방서,201809,10.0,대구,110.0,89,21.61
수성소방서,201809,11.0,대구,87.0,76,22.696666666666665
수성소방서,201809,12.0,대구,60.0,61,23.706666666666667
수성소방서,201809,13.0,대구,89.0,80,24.136666666666667
수성소방서,201809,14.0,대구,59.0,56,24.53333333333333
수성소방서,201809,15.0,대구,58.0,59,24.42
수성소방서,201809,16.0,대구,73.0,70,24.26
수성소방서,201809,17.0,대구,76.0,65,23.83
수성소방서,201809,18.0,대구,72.0,71,23.14333333333333
수성소방서,201809,19.0,대구,83.0,80,22.136666666666667
수성소방서,201809,20.0,대구,56.0,64,21.36
수성소방서,201809,21.0,대구,66.0,66,20.596666666666668
수성소방서,201809,22.0,대구,49.0,54,20.1
수성소방서,201809,23.0,대구,49.0,55,19.736666666666668
수성소방서,201810,0.0,대구,44.0,53,12.47741935483871
수성소방서,201810,1.0,대구,28.0,26,11.964516129032257
수성소방서,201810,2.0,대구,34.0,36,11.619354838709675
수성소방서,201810,3.0,대구,27.0,21,11.12258064516129
수성소방서,201810,4.0,대구,29.0,26,10.735483870967744
수성소방서,201810,5.0,대구,36.0,34,10.393548387096772
수성소방서,201810,6.0,대구,43.0,47,10.041935483870969
수성소방서,201810,7.0,대구,40.0,35,10.14516129032258
수성소방서,201810,8.0,대구,60.0,54,11.59032258064516
수성소방서,201810,9.0,대구,86.0,67,13.183870967741935
수성소방서,201810,10.0,대구,100.0,77,15.09032258064516
수성소방서,201810,11.0,대구,86.0,68,16.703225806451613
수성소방서,201810,12.0,대구,85.0,67,17.76451612903226
수성소방서,201810,13.0,대구,80.0,78,18.5
수성소방서,201810,14.0,대구,95.0,73,18.83225806451613
수성소방서,201810,15.0,대구,83.0,76,19.074193548387097
수성소방서,201810,16.0,대구,83.0,82,18.848387096774196
수성소방서,201810,17.0,대구,89.0,81,18.3
수성소방서,201810,18.0,대구,76.0,72,16.919354838709676
수성소방서,201810,19.0,대구,65.0,68,15.687096774193549
수성소방서,201810,20.0,대구,50.0,52,14.893548387096772
수성소방서,201810,21.0,대구,78.0,66,14.1
수성소방서,201810,22.0,대구,71.0,73,13.28709677419355
수성소방서,201810,23.0,대구,51.0,51,12.670967741935485
수성소방서,201811,0.0,대구,49.0,44,6.8933333333333335
수성소방서,201811,1.0,대구,32.0,40,6.376666666666666
수성소방서,201811,2.0,대구,38.0,27,5.77
수성소방서,201811,3.0,대구,34.0,32,5.323333333333333
수성소방서,201811,4.0,대구,37.0,31,4.953333333333333
수성소방서,201811,5.0,대구,27.0,21,4.726666666666668
수성소방서,201811,6.0,대구,38.0,33,4.44
수성소방서,201811,7.0,대구,75.0,60,4.11
수성소방서,201811,8.0,대구,100.0,67,4.79
수성소방서,201811,9.0,대구,105.0,78,6.363333333333333
수성소방서,201811,10.0,대구,61.0,54,8.596666666666666
수성소방서,201811,11.0,대구,86.0,75,10.463333333333331
수성소방서,201811,12.0,대구,76.0,61,12.286666666666669
수성소방서,201811,13.0,대구,65.0,63,13.486666666666668
수성소방서,201811,14.0,대구,100.0,90,14.186666666666667
수성소방서,201811,15.0,대구,56.0,62,14.473333333333333
수성소방서,201811,16.0,대구,67.0,65,14.336666666666668
수성소방서,201811,17.0,대구,58.0,45,13.48
수성소방서,201811,18.0,대구,68.0,68,12.023333333333332
수성소방서,201811,19.0,대구,68.0,61,10.7
수성소방서,201811,20.0,대구,49.0,53,9.723333333333333
수성소방서,201811,21.0,대구,63.0,68,8.889999999999999
수성소방서,201811,22.0,대구,42.0,47,8.16
수성소방서,201811,23.0,대구,53.0,51,7.4
수성소방서,201812,0.0,대구,52.0,52,0.9838709677419356
수성소방서,201812,1.0,대구,42.0,48,0.6161290322580646
수성소방서,201812,2.0,대구,37.0,50,0.1838709677419354
수성소방서,201812,3.0,대구,39.0,38,-0.1580645161290322
수성소방서,201812,4.0,대구,31.0,34,-0.4225806451612902
수성소방서,201812,5.0,대구,45.0,44,-0.7290322580645162
수성소방서,201812,6.0,대구,39.0,25,-0.9516129032258064
수성소방서,201812,7.0,대구,56.0,44,-1.1967741935483869
수성소방서,201812,8.0,대구,80.0,78,-1.1580645161290322
수성소방서,201812,9.0,대구,101.0,84,-0.2451612903225806
수성소방서,201812,10.0,대구,90.0,78,1.0258064516129033
수성소방서,201812,11.0,대구,93.0,73,2.596774193548387
수성소방서,201812,12.0,대구,70.0,73,3.9741935483870967
수성소방서,201812,13.0,대구,90.0,82,4.951612903225806
수성소방서,201812,14.0,대구,86.0,82,5.716129032258064
수성소방서,201812,15.0,대구,72.0,75,6.080645161290323
수성소방서,201812,16.0,대구,65.0,73,5.890322580645161
수성소방서,201812,17.0,대구,84.0,81,5.064516129032258
수성소방서,201812,18.0,대구,90.0,69,4.216129032258064
수성소방서,201812,19.0,대구,67.0,76,3.419354838709677
수성소방서,201812,20.0,대구,63.0,54,2.7516129032258063
수성소방서,201812,21.0,대구,78.0,76,2.2
수성소방서,201812,22.0,대구,70.0,71,1.7451612903225806
수성소방서,201812,23.0,대구,61.0,65,1.1903225806451612
수성소방서,201901,0.0,대구,39.0,49,0.2709677419354838
수성소방서,201901,1.0,대구,40.0,44,-0.2258064516129032
수성소방서,201901,2.0,대구,34.0,36,-0.7064516129032258
수성소방서,201901,3.0,대구,42.0,33,-1.070967741935484
수성소방서,201901,4.0,대구,33.0,32,-1.4870967741935484
수성소방서,201901,5.0,대구,32.0,26,-1.829032258064516
수성소방서,201901,6.0,대구,58.0,45,-2.009677419354839
수성소방서,201901,7.0,대구,54.0,51,-2.161290322580645
수성소방서,201901,8.0,대구,68.0,57,-1.8741935483870968
수성소방서,201901,9.0,대구,80.0,65,-0.6161290322580646
수성소방서,201901,10.0,대구,54.0,49,1.0258064516129033
수성소방서,201901,11.0,대구,94.0,72,2.725806451612903
수성소방서,201901,12.0,대구,74.0,76,4.096774193548387
수성소방서,201901,13.0,대구,68.0,60,5.193548387096774
수성소방서,201901,14.0,대구,73.0,58,5.945161290322581
수성소방서,201901,15.0,대구,45.0,46,6.480645161290322
수성소방서,201901,16.0,대구,68.0,74,6.483870967741935
수성소방서,201901,17.0,대구,81.0,67,5.735483870967743
수성소방서,201901,18.0,대구,74.0,56,4.693548387096774
수성소방서,201901,19.0,대구,61.0,54,3.6193548387096777
수성소방서,201901,20.0,대구,68.0,72,2.6225806451612903
수성소방서,201901,21.0,대구,81.0,68,1.941935483870968
수성소방서,201901,22.0,대구,60.0,65,1.2032258064516128
수성소방서,201901,23.0,대구,68.0,77,0.8064516129032258
수성소방서,201902,0.0,대구,47.0,60,2.7178571428571425
수성소방서,201902,1.0,대구,46.0,44,2.1357142857142857
수성소방서,201902,2.0,대구,43.0,35,1.6071428571428572
수성소방서,201902,3.0,대구,24.0,24,1.225
수성소방서,201902,4.0,대구,18.0,21,0.85
수성소방서,201902,5.0,대구,34.0,27,0.4035714285714286
수성소방서,201902,6.0,대구,31.0,34,0.1892857142857142
수성소방서,201902,7.0,대구,48.0,39,-0.1857142857142857
수성소방서,201902,8.0,대구,71.0,63,0.1892857142857142
수성소방서,201902,9.0,대구,73.0,61,1.3535714285714284
수성소방서,201902,10.0,대구,73.0,58,3.021428571428572
수성소방서,201902,11.0,대구,86.0,70,4.489285714285715
수성소방서,201902,12.0,대구,62.0,54,5.882142857142857
수성소방서,201902,13.0,대구,82.0,66,7.153571428571429
수성소방서,201902,14.0,대구,67.0,49,7.814285714285715
수성소방서,201902,15.0,대구,76.0,59,8.157142857142857
수성소방서,201902,16.0,대구,52.0,46,8.207142857142857
수성소방서,201902,17.0,대구,51.0,45,7.810714285714285
수성소방서,201902,18.0,대구,69.0,65,7.010714285714286
수성소방서,201902,19.0,대구,76.0,61,6.057142857142857
수성소방서,201902,20.0,대구,58.0,56,5.2821428571428575
수성소방서,201902,21.0,대구,71.0,58,4.607142857142857
수성소방서,201902,22.0,대구,56.0,52,4.192857142857143
수성소방서,201902,23.0,대구,36.0,43,3.5392857142857146
수성소방서,201903,0.0,대구,45.0,44,7.67741935483871
수성소방서,201903,1.0,대구,44.0,41,7.061290322580645
수성소방서,201903,2.0,대구,40.0,43,6.612903225806452
수성소방서,201903,3.0,대구,38.0,33,6.103225806451612
수성소방서,201903,4.0,대구,38.0,38,5.625806451612903
수성소방서,201903,5.0,대구,42.0,27,5.261290322580645
수성소방서,201903,6.0,대구,50.0,44,4.793548387096774
수성소방서,201903,7.0,대구,64.0,48,4.670967741935484
수성소방서,201903,8.0,대구,66.0,56,5.72258064516129
수성소방서,201903,9.0,대구,92.0,69,7.464516129032258
수성소방서,201903,10.0,대구,83.0,66,9.125806451612902
수성소방서,201903,11.0,대구,60.0,68,10.770967741935484
수성소방서,201903,12.0,대구,90.0,80,12.209677419354838
수성소방서,201903,13.0,대구,82.0,71,13.261290322580646
수성소방서,201903,14.0,대구,70.0,64,14.05483870967742
수성소방서,201903,15.0,대구,51.0,57,14.390322580645162
수성소방서,201903,16.0,대구,67.0,68,14.225806451612904
수성소방서,201903,17.0,대구,57.0,61,13.667741935483871
수성소방서,201903,18.0,대구,73.0,67,13.048387096774194
수성소방서,201903,19.0,대구,79.0,65,11.638709677419357
수성소방서,201903,20.0,대구,72.0,67,10.53225806451613
수성소방서,201903,21.0,대구,64.0,59,9.629032258064516
수성소방서,201903,22.0,대구,72.0,61,8.85483870967742
수성소방서,201903,23.0,대구,52.0,55,8.25483870967742
수성소방서,201904,0.0,대구,40.0,41,11.593333333333334
수성소방서,201904,1.0,대구,37.0,44,11.0
수성소방서,201904,2.0,대구,38.0,35,10.54
수성소방서,201904,3.0,대구,31.0,37,9.946666666666664
수성소방서,201904,4.0,대구,35.0,25,9.483333333333333
수성소방서,201904,5.0,대구,23.0,21,9.033333333333331
수성소방서,201904,6.0,대구,51.0,41,8.606666666666666
수성소방서,201904,7.0,대구,60.0,56,9.09
수성소방서,201904,8.0,대구,79.0,65,10.59
수성소방서,201904,9.0,대구,92.0,70,12.29
수성소방서,201904,10.0,대구,91.0,80,13.77
수성소방서,201904,11.0,대구,104.0,72,15.263333333333332
수성소방서,201904,12.0,대구,79.0,60,16.39
수성소방서,201904,13.0,대구,75.0,72,17.076666666666664
수성소방서,201904,14.0,대구,54.0,56,17.766666666666666
수성소방서,201904,15.0,대구,65.0,64,18.096666666666668
수성소방서,201904,16.0,대구,66.0,69,18.146666666666665
수성소방서,201904,17.0,대구,72.0,72,17.703333333333333
수성소방서,201904,18.0,대구,57.0,58,16.88
수성소방서,201904,19.0,대구,93.0,89,15.656666666666666
수성소방서,201904,20.0,대구,59.0,66,14.793333333333331
수성소방서,201904,21.0,대구,50.0,43,13.893333333333334
수성소방서,201904,22.0,대구,66.0,67,13.16
수성소방서,201904,23.0,대구,47.0,42,12.523333333333332
수성소방서,201905,0.0,대구,43.0,55,18.280645161290323
수성소방서,201905,1.0,대구,55.0,55,17.309677419354838
수성소방서,201905,2.0,대구,40.0,29,16.5258064516129
수성소방서,201905,3.0,대구,32.0,36,15.66451612903226
수성소방서,201905,4.0,대구,51.0,38,14.95483870967742
수성소방서,201905,5.0,대구,42.0,40,14.47741935483871
수성소방서,201905,6.0,대구,67.0,54,14.26774193548387
수성소방서,201905,7.0,대구,63.0,55,15.670967741935485
수성소방서,201905,8.0,대구,94.0,75,17.477419354838712
수성소방서,201905,9.0,대구,103.0,78,19.425806451612903
수성소방서,201905,10.0,대구,89.0,74,21.416129032258063
수성소방서,201905,11.0,대구,75.0,70,23.161290322580644
수성소방서,201905,12.0,대구,79.0,68,24.52258064516129
수성소방서,201905,13.0,대구,81.0,79,25.42258064516129
수성소방서,201905,14.0,대구,76.0,81,26.083870967741937
수성소방서,201905,15.0,대구,71.0,67,26.616129032258065
수성소방서,201905,16.0,대구,84.0,78,26.351612903225806
수성소방서,201905,17.0,대구,73.0,69,25.93548387096774
수성소방서,201905,18.0,대구,85.0,74,25.135483870967743
수성소방서,201905,19.0,대구,95.0,79,23.93548387096774
수성소방서,201905,20.0,대구,74.0,77,22.5258064516129
수성소방서,201905,21.0,대구,68.0,59,21.34193548387097
수성소방서,201905,22.0,대구,64.0,69,20.416129032258063
수성소방서,201905,23.0,대구,75.0,60,19.37741935483871
수성소방서,201906,0.0,대구,58.0,52,20.37333333333333
수성소방서,201906,1.0,대구,33.0,44,19.933333333333334
수성소방서,201906,2.0,대구,33.0,36,19.376666666666665
수성소방서,201906,3.0,대구,34.0,31,19.07
수성소방서,201906,4.0,대구,42.0,28,18.71333333333333
수성소방서,201906,5.0,대구,39.0,42,18.35
수성소방서,201906,6.0,대구,71.0,40,18.53666666666667
수성소방서,201906,7.0,대구,42.0,35,19.456666666666667
수성소방서,201906,8.0,대구,118.0,81,20.686666666666667
수성소방서,201906,9.0,대구,99.0,59,22.34333333333333
수성소방서,201906,10.0,대구,100.0,75,23.32
수성소방서,201906,11.0,대구,88.0,65,24.576666666666664
수성소방서,201906,12.0,대구,101.0,75,25.636666666666667
수성소방서,201906,13.0,대구,80.0,75,26.496666666666663
수성소방서,201906,14.0,대구,70.0,55,27.02
수성소방서,201906,15.0,대구,71.0,62,27.26333333333333
수성소방서,201906,16.0,대구,73.0,54,27.25
수성소방서,201906,17.0,대구,81.0,78,26.81
수성소방서,201906,18.0,대구,81.0,69,26.09333333333333
수성소방서,201906,19.0,대구,82.0,72,24.773333333333333
수성소방서,201906,20.0,대구,90.0,80,23.6
수성소방서,201906,21.0,대구,66.0,54,22.55
수성소방서,201906,22.0,대구,87.0,76,21.84333333333333
수성소방서,201906,23.0,대구,55.0,60,21.066666666666663
수성소방서,201907,0.0,대구,59.0,55,24.096774193548388
수성소방서,201907,1.0,대구,57.0,54,23.59032258064516
수성소방서,201907,2.0,대구,51.0,53,23.34193548387097
수성소방서,201907,3.0,대구,40.0,40,23.05161290322581
수성소방서,201907,4.0,대구,24.0,28,22.8
수성소방서,201907,5.0,대구,37.0,31,22.70967741935484
수성소방서,201907,6.0,대구,46.0,42,22.76129032258065
수성소방서,201907,7.0,대구,80.0,64,23.37741935483871
수성소방서,201907,8.0,대구,118.0,81,24.41935483870968
수성소방서,201907,9.0,대구,97.0,73,25.43548387096774
수성소방서,201907,10.0,대구,94.0,70,26.19032258064516
수성소방서,201907,11.0,대구,81.0,67,27.14516129032258
수성소방서,201907,12.0,대구,86.0,75,28.05483870967742
수성소방서,201907,13.0,대구,97.0,85,28.44193548387097
수성소방서,201907,14.0,대구,68.0,56,28.548387096774192
수성소방서,201907,15.0,대구,88.0,77,29.05161290322581
수성소방서,201907,16.0,대구,93.0,79,28.90322580645161
수성소방서,201907,17.0,대구,73.0,68,28.5258064516129
수성소방서,201907,18.0,대구,81.0,71,28.12258064516129
수성소방서,201907,19.0,대구,84.0,89,27.361290322580647
수성소방서,201907,20.0,대구,75.0,72,26.396774193548385
수성소방서,201907,21.0,대구,75.0,70,25.69677419354839
수성소방서,201907,22.0,대구,68.0,65,25.10967741935484
수성소방서,201907,23.0,대구,70.0,59,24.68387096774193
수성소방서,201908,0.0,대구,71.0,64,25.92258064516129
수성소방서,201908,1.0,대구,70.0,66,25.374193548387098
수성소방서,201908,2.0,대구,51.0,45,24.983870967741936
수성소방서,201908,3.0,대구,63.0,57,24.758064516129032
수성소방서,201908,4.0,대구,51.0,46,24.496774193548383
수성소방서,201908,5.0,대구,49.0,38,24.325806451612905
수성소방서,201908,6.0,대구,66.0,48,24.225806451612904
수성소방서,201908,7.0,대구,56.0,48,24.73225806451613
수성소방서,201908,8.0,대구,131.0,101,25.835483870967742
수성소방서,201908,9.0,대구,121.0,89,27.01935483870968
수성소방서,201908,10.0,대구,120.0,96,28.187096774193545
수성소방서,201908,11.0,대구,88.0,74,29.05483870967742
수성소방서,201908,12.0,대구,98.0,78,29.92258064516129
수성소방서,201908,13.0,대구,67.0,69,30.635483870967743
수성소방서,201908,14.0,대구,73.0,83,30.925806451612903
수성소방서,201908,15.0,대구,78.0,72,30.996774193548383
수성소방서,201908,16.0,대구,68.0,74,30.738709677419354
수성소방서,201908,17.0,대구,63.0,67,30.18064516129032
수성소방서,201908,18.0,대구,88.0,73,29.62903225806452
수성소방서,201908,19.0,대구,71.0,78,28.706451612903223
수성소방서,201908,20.0,대구,97.0,91,27.825806451612905
수성소방서,201908,21.0,대구,70.0,62,27.0258064516129
수성소방서,201908,22.0,대구,66.0,78,26.538709677419355
수성소방서,201908,23.0,대구,54.0,53,26.080645161290324
수성소방서,201909,0.0,대구,49.0,56,20.98333333333333
수성소방서,201909,1.0,대구,58.0,55,20.673333333333336
수성소방서,201909,2.0,대구,38.0,41,20.38
수성소방서,201909,3.0,대구,27.0,29,20.186666666666667
수성소방서,201909,4.0,대구,45.0,37,19.976666666666667
수성소방서,201909,5.0,대구,45.0,35,19.766666666666666
수성소방서,201909,6.0,대구,70.0,63,19.66
수성소방서,201909,7.0,대구,60.0,53,19.916666666666668
수성소방서,201909,8.0,대구,87.0,80,20.82
수성소방서,201909,9.0,대구,83.0,80,22.14
수성소방서,201909,10.0,대구,97.0,85,23.28666666666667
수성소방서,201909,11.0,대구,79.0,73,24.47
수성소방서,201909,12.0,대구,93.0,87,25.32
수성소방서,201909,13.0,대구,79.0,79,25.723333333333336
수성소방서,201909,14.0,대구,71.0,72,25.98
수성소방서,201909,15.0,대구,100.0,93,25.94333333333333
수성소방서,201909,16.0,대구,100.0,92,25.456666666666667
수성소방서,201909,17.0,대구,79.0,75,25.0
수성소방서,201909,18.0,대구,73.0,76,24.21
수성소방서,201909,19.0,대구,81.0,81,23.19
수성소방서,201909,20.0,대구,79.0,87,22.540000000000003
수성소방서,201909,21.0,대구,85.0,77,22.08333333333333
수성소방서,201909,22.0,대구,61.0,68,21.67
수성소방서,201909,23.0,대구,49.0,60,21.28666666666667
수성소방서,201910,0.0,대구,42.0,50,15.180645161290323
수성소방서,201910,1.0,대구,48.0,52,14.67741935483871
수성소방서,201910,2.0,대구,26.0,28,14.3
수성소방서,201910,3.0,대구,44.0,44,13.941935483870967
수성소방서,201910,4.0,대구,48.0,42,13.709677419354838
수성소방서,201910,5.0,대구,38.0,38,13.341935483870968
수성소방서,201910,6.0,대구,54.0,41,13.13548387096774
수성소방서,201910,7.0,대구,74.0,66,13.248387096774191
수성소방서,201910,8.0,대구,68.0,65,14.229032258064516
수성소방서,201910,9.0,대구,71.0,60,15.667741935483871
수성소방서,201910,10.0,대구,137.0,98,17.080645161290324
수성소방서,201910,11.0,대구,92.0,84,18.69677419354839
수성소방서,201910,12.0,대구,105.0,87,19.970967741935485
수성소방서,201910,13.0,대구,76.0,67,20.648387096774197
수성소방서,201910,14.0,대구,85.0,88,21.15806451612903
수성소방서,201910,15.0,대구,65.0,69,21.20967741935484
수성소방서,201910,16.0,대구,94.0,73,21.05161290322581
수성소방서,201910,17.0,대구,80.0,75,20.24516129032258
수성소방서,201910,18.0,대구,85.0,75,18.98064516129032
수성소방서,201910,19.0,대구,85.0,81,17.845161290322583
수성소방서,201910,20.0,대구,99.0,85,17.10967741935484
수성소방서,201910,21.0,대구,76.0,76,16.364516129032257
수성소방서,201910,22.0,대구,63.0,63,15.803225806451612
수성소방서,201910,23.0,대구,51.0,55,15.303225806451612
수성소방서,201911,0.0,대구,39.0,51,7.996666666666667
수성소방서,201911,1.0,대구,48.0,53,7.543333333333334
수성소방서,201911,2.0,대구,30.0,32,7.243333333333334
수성소방서,201911,3.0,대구,44.0,32,6.819999999999999
수성소방서,201911,4.0,대구,32.0,25,6.319999999999999
수성소방서,201911,5.0,대구,50.0,38,5.916666666666667
수성소방서,201911,6.0,대구,61.0,47,5.6066666666666665
수성소방서,201911,7.0,대구,71.0,56,5.489999999999999
수성소방서,201911,8.0,대구,102.0,85,6.236666666666666
수성소방서,201911,9.0,대구,130.0,95,7.873333333333333
수성소방서,201911,10.0,대구,115.0,90,9.78
수성소방서,201911,11.0,대구,81.0,84,11.53
수성소방서,201911,12.0,대구,103.0,86,12.886666666666668
수성소방서,201911,13.0,대구,88.0,69,13.873333333333331
수성소방서,201911,14.0,대구,105.0,93,14.63
수성소방서,201911,15.0,대구,74.0,72,14.89
수성소방서,201911,16.0,대구,63.0,60,14.746666666666666
수성소방서,201911,17.0,대구,86.0,83,13.926666666666668
수성소방서,201911,18.0,대구,74.0,78,12.616666666666667
수성소방서,201911,19.0,대구,81.0,77,11.516666666666667
수성소방서,201911,20.0,대구,87.0,77,10.69
수성소방서,201911,21.0,대구,77.0,75,9.963333333333331
수성소방서,201911,22.0,대구,69.0,64,9.216666666666669
수성소방서,201911,23.0,대구,47.0,60,8.389999999999999
수성소방서,201912,0.0,대구,54.0,58,2.161290322580645
수성소방서,201912,1.0,대구,45.0,43,1.538709677419355
수성소방서,201912,2.0,대구,45.0,44,1.1741935483870969
수성소방서,201912,3.0,대구,26.0,34,0.9548387096774192
수성소방서,201912,4.0,대구,31.0,29,0.635483870967742
수성소방서,201912,5.0,대구,39.0,32,0.2032258064516128
수성소방서,201912,6.0,대구,47.0,40,0.1870967741935483
수성소방서,201912,7.0,대구,80.0,62,0.0258064516129032
수성소방서,201912,8.0,대구,103.0,86,0.1548387096774194
수성소방서,201912,9.0,대구,98.0,73,1.403225806451613
수성소방서,201912,10.0,대구,93.0,78,2.664516129032258
수성소방서,201912,11.0,대구,107.0,87,4.309677419354839
수성소방서,201912,12.0,대구,94.0,68,5.867741935483871
수성소방서,201912,13.0,대구,103.0,93,7.1
수성소방서,201912,14.0,대구,67.0,68,7.825806451612903
수성소방서,201912,15.0,대구,65.0,70,8.151612903225807
수성소방서,201912,16.0,대구,81.0,75,8.051612903225806
수성소방서,201912,17.0,대구,71.0,69,7.174193548387097
수성소방서,201912,18.0,대구,89.0,77,6.1
수성소방서,201912,19.0,대구,83.0,80,5.22258064516129
수성소방서,201912,20.0,대구,75.0,70,4.296774193548386
수성소방서,201912,21.0,대구,63.0,69,3.625806451612904
수성소방서,201912,22.0,대구,76.0,72,3.0064516129032257
수성소방서,201912,23.0,대구,62.0,67,2.396774193548387
수성소방서,202001,0.0,대구,58.0,53,2.4645161290322584
수성소방서,202001,1.0,대구,33.0,38,2.129032258064516
수성소방서,202001,2.0,대구,51.0,48,1.967741935483871
수성소방서,202001,3.0,대구,58.0,57,1.6387096774193548
수성소방서,202001,4.0,대구,23.0,26,1.4580645161290324
수성소방서,202001,5.0,대구,42.0,38,1.3483870967741938
수성소방서,202001,6.0,대구,42.0,37,1.270967741935484
수성소방서,202001,7.0,대구,61.0,56,1.2322580645161292
수성소방서,202001,8.0,대구,92.0,69,1.1741935483870969
수성소방서,202001,9.0,대구,98.0,87,1.9806451612903224
수성소방서,202001,10.0,대구,103.0,83,3.1806451612903226
수성소방서,202001,11.0,대구,97.0,76,4.354838709677419
수성소방서,202001,12.0,대구,69.0,66,5.396774193548388
수성소방서,202001,13.0,대구,86.0,75,6.254838709677419
수성소방서,202001,14.0,대구,83.0,79,6.84516129032258
수성소방서,202001,15.0,대구,83.0,62,7.245161290322581
수성소방서,202001,16.0,대구,74.0,69,7.293548387096774
수성소방서,202001,17.0,대구,119.0,87,6.709677419354839
수성소방서,202001,18.0,대구,75.0,77,5.887096774193548
수성소방서,202001,19.0,대구,74.0,64,5.270967741935484
수성소방서,202001,20.0,대구,67.0,56,4.596774193548387
수성소방서,202001,21.0,대구,66.0,66,3.9935483870967743
수성소방서,202001,22.0,대구,60.0,66,3.396774193548387
수성소방서,202001,23.0,대구,76.0,75,3.093548387096774
수성소방서,202002,0.0,대구,54.0,48,3.4103448275862065
수성소방서,202002,1.0,대구,49.0,45,3.1379310344827585
수성소방서,202002,2.0,대구,35.0,36,2.706896551724138
수성소방서,202002,3.0,대구,28.0,37,2.2655172413793103
수성소방서,202002,4.0,대구,33.0,34,1.9896551724137927
수성소방서,202002,5.0,대구,29.0,28,1.8344827586206895
수성소방서,202002,6.0,대구,34.0,35,1.493103448275862
수성소방서,202002,7.0,대구,47.0,41,1.3586206896551725
수성소방서,202002,8.0,대구,60.0,54,1.6137931034482758
수성소방서,202002,9.0,대구,81.0,71,2.7448275862068963
수성소방서,202002,10.0,대구,91.0,78,4.106896551724137
수성소방서,202002,11.0,대구,59.0,65,5.413793103448276
수성소방서,202002,12.0,대구,94.0,66,6.810344827586207
수성소방서,202002,13.0,대구,74.0,80,8.03448275862069
수성소방서,202002,14.0,대구,82.0,65,8.724137931034482
수성소방서,202002,15.0,대구,60.0,63,9.237931034482758
수성소방서,202002,16.0,대구,76.0,70,9.427586206896551
수성소방서,202002,17.0,대구,73.0,68,8.879310344827585
수성소방서,202002,18.0,대구,87.0,84,7.893103448275863
수성소방서,202002,19.0,대구,74.0,81,6.8517241379310345
수성소방서,202002,20.0,대구,59.0,61,6.1482758620689655
수성소방서,202002,21.0,대구,79.0,66,5.241379310344827
수성소방서,202002,22.0,대구,64.0,59,4.672413793103448
수성소방서,202002,23.0,대구,55.0,67,4.06551724137931
수성소방서,202003,0.0,대구,38.0,42,7.464516129032258
수성소방서,202003,1.0,대구,31.0,32,6.780645161290322
수성소방서,202003,2.0,대구,23.0,40,6.164516129032258
수성소방서,202003,3.0,대구,26.0,31,5.62258064516129
수성소방서,202003,4.0,대구,25.0,30,5.138709677419355
수성소방서,202003,5.0,대구,37.0,31,4.961290322580646
수성소방서,202003,6.0,대구,24.0,28,4.590322580645162
수성소방서,202003,7.0,대구,54.0,44,4.580645161290323
수성소방서,202003,8.0,대구,54.0,53,5.67741935483871
수성소방서,202003,9.0,대구,103.0,79,7.425806451612903
수성소방서,202003,10.0,대구,73.0,81,9.28064516129032
수성소방서,202003,11.0,대구,59.0,60,10.99032258064516
수성소방서,202003,12.0,대구,68.0,79,12.451612903225806
수성소방서,202003,13.0,대구,66.0,78,13.529032258064516
수성소방서,202003,14.0,대구,81.0,84,14.19032258064516
수성소방서,202003,15.0,대구,83.0,82,14.680645161290323
수성소방서,202003,16.0,대구,61.0,75,14.703225806451613
수성소방서,202003,17.0,대구,69.0,59,14.316129032258065
수성소방서,202003,18.0,대구,61.0,59,13.32258064516129
수성소방서,202003,19.0,대구,63.0,59,11.961290322580645
수성소방서,202003,20.0,대구,51.0,63,10.748387096774191
수성소방서,202003,21.0,대구,61.0,59,9.85483870967742
수성소방서,202003,22.0,대구,50.0,60,8.980645161290322
수성소방서,202003,23.0,대구,40.0,51,8.251612903225807
수성소방서,202004,0.0,대구,37.0,41,10.24
수성소방서,202004,1.0,대구,31.0,34,9.63
수성소방서,202004,2.0,대구,31.0,29,8.783333333333333
수성소방서,202004,3.0,대구,37.0,30,8.24
수성소방서,202004,4.0,대구,28.0,25,7.776666666666667
수성소방서,202004,5.0,대구,26.0,25,7.42
수성소방서,202004,6.0,대구,50.0,44,7.093333333333334
수성소방서,202004,7.0,대구,38.0,36,7.953333333333333
수성소방서,202004,8.0,대구,78.0,55,9.75
수성소방서,202004,9.0,대구,84.0,78,11.543333333333331
수성소방서,202004,10.0,대구,70.0,56,13.123333333333331
수성소방서,202004,11.0,대구,66.0,58,14.473333333333333
수성소방서,202004,12.0,대구,53.0,61,15.633333333333333
수성소방서,202004,13.0,대구,85.0,86,16.683333333333334
수성소방서,202004,14.0,대구,66.0,61,17.39333333333333
수성소방서,202004,15.0,대구,72.0,64,17.959999999999997
수성소방서,202004,16.0,대구,50.0,53,18.076666666666664
수성소방서,202004,17.0,대구,53.0,62,17.803333333333335
수성소방서,202004,18.0,대구,70.0,62,16.71
수성소방서,202004,19.0,대구,68.0,57,15.196666666666664
수성소방서,202004,20.0,대구,61.0,68,13.94
수성소방서,202004,21.0,대구,71.0,56,12.896666666666668
수성소방서,202004,22.0,대구,36.0,47,12.013333333333332
수성소방서,202004,23.0,대구,27.0,46,11.166666666666666
수성소방서,202005,0.0,대구,50.0,46,17.20967741935484
수성소방서,202005,1.0,대구,32.0,42,16.55806451612903
수성소방서,202005,2.0,대구,40.0,42,16.048387096774192
수성소방서,202005,3.0,대구,29.0,34,15.506451612903223
수성소방서,202005,4.0,대구,30.0,32,15.151612903225804
수성소방서,202005,5.0,대구,29.0,34,14.841935483870968
수성소방서,202005,6.0,대구,48.0,37,14.832258064516129
수성소방서,202005,7.0,대구,58.0,54,15.703225806451613
수성소방서,202005,8.0,대구,79.0,62,17.009677419354837
수성소방서,202005,9.0,대구,87.0,72,18.483870967741936
수성소방서,202005,10.0,대구,90.0,84,20.03548387096774
수성소방서,202005,11.0,대구,75.0,58,21.31290322580645
수성소방서,202005,12.0,대구,99.0,76,22.490322580645163
수성소방서,202005,13.0,대구,60.0,63,23.55483870967742
수성소방서,202005,14.0,대구,85.0,75,24.01290322580645
수성소방서,202005,15.0,대구,62.0,64,24.361290322580647
수성소방서,202005,16.0,대구,68.0,70,24.177419354838708
수성소방서,202005,17.0,대구,47.0,52,23.76774193548387
수성소방서,202005,18.0,대구,81.0,69,22.9741935483871
수성소방서,202005,19.0,대구,61.0,65,21.68387096774193
수성소방서,202005,20.0,대구,57.0,62,20.34193548387097
수성소방서,202005,21.0,대구,54.0,58,19.39354838709677
수성소방서,202005,22.0,대구,57.0,55,18.69032258064516
수성소방서,202005,23.0,대구,47.0,49,17.948387096774194
수성소방서,202006,0.0,대구,46.0,48,22.28333333333333
수성소방서,202006,1.0,대구,35.0,31,21.666666666666668
수성소방서,202006,2.0,대구,42.0,51,21.173333333333336
수성소방서,202006,3.0,대구,35.0,29,20.74333333333333
수성소방서,202006,4.0,대구,35.0,35,20.46333333333333
수성소방서,202006,5.0,대구,43.0,34,19.976666666666667
수성소방서,202006,6.0,대구,35.0,32,20.043333333333333
수성소방서,202006,7.0,대구,65.0,46,21.063333333333333
수성소방서,202006,8.0,대구,90.0,79,22.273333333333333
수성소방서,202006,9.0,대구,108.0,89,23.686666666666667
수성소방서,202006,10.0,대구,90.0,80,25.05
수성소방서,202006,11.0,대구,85.0,66,26.383333333333333
수성소방서,202006,12.0,대구,68.0,65,27.476666666666667
수성소방서,202006,13.0,대구,97.0,83,28.273333333333333
수성소방서,202006,14.0,대구,86.0,85,28.76333333333333
수성소방서,202006,15.0,대구,74.0,61,29.25333333333333
수성소방서,202006,16.0,대구,72.0,70,29.28
수성소방서,202006,17.0,대구,46.0,62,28.86
수성소방서,202006,18.0,대구,74.0,70,28.02
수성소방서,202006,19.0,대구,70.0,65,26.776666666666664
수성소방서,202006,20.0,대구,66.0,70,25.55333333333333
수성소방서,202006,21.0,대구,74.0,72,24.46333333333333
수성소방서,202006,22.0,대구,70.0,56,23.55333333333333
수성소방서,202006,23.0,대구,61.0,54,22.790000000000003
수성소방서,202007,0.0,대구,48.0,48,21.780645161290323
수성소방서,202007,1.0,대구,51.0,55,21.59354838709677
수성소방서,202007,2.0,대구,35.0,41,21.31290322580645
수성소방서,202007,3.0,대구,36.0,31,21.106451612903225
수성소방서,202007,4.0,대구,22.0,20,20.9
수성소방서,202007,5.0,대구,37.0,33,20.77741935483871
수성소방서,202007,6.0,대구,56.0,44,20.770967741935483
수성소방서,202007,7.0,대구,65.0,50,21.280645161290323
수성소방서,202007,8.0,대구,104.0,80,21.94516129032258
수성소방서,202007,9.0,대구,96.0,80,22.712903225806453
수성소방서,202007,10.0,대구,116.0,89,23.38064516129032
수성소방서,202007,11.0,대구,79.0,82,24.07741935483871
수성소방서,202007,12.0,대구,77.0,68,24.67419354838709
수성소방서,202007,13.0,대구,91.0,79,25.17096774193548
수성소방서,202007,14.0,대구,93.0,77,25.503225806451614
수성소방서,202007,15.0,대구,60.0,58,25.75483870967742
수성소방서,202007,16.0,대구,62.0,60,25.83870967741936
수성소방서,202007,17.0,대구,79.0,73,25.45483870967742
수성소방서,202007,18.0,대구,84.0,75,25.029032258064515
수성소방서,202007,19.0,대구,62.0,59,24.325806451612905
수성소방서,202007,20.0,대구,72.0,67,23.68064516129032
수성소방서,202007,21.0,대구,85.0,89,23.18064516129032
수성소방서,202007,22.0,대구,100.0,77,22.648387096774197
수성소방서,202007,23.0,대구,57.0,74,22.26129032258065
수성소방서,202008,0.0,대구,51.0,70,26.87741935483871
수성소방서,202008,1.0,대구,43.0,40,26.59354838709677
수성소방서,202008,2.0,대구,59.0,48,26.293548387096774
수성소방서,202008,3.0,대구,30.0,39,25.99333333333333
수성소방서,202008,4.0,대구,48.0,40,25.69677419354839
수성소방서,202008,5.0,대구,38.0,27,25.396666666666665
수성소방서,202008,6.0,대구,47.0,42,25.28333333333333
수성소방서,202008,7.0,대구,45.0,50,26.16774193548387
수성소방서,202008,8.0,대구,125.0,105,27.238709677419354
수성소방서,202008,9.0,대구,142.0,123,28.496774193548383
수성소방서,202008,10.0,대구,105.0,105,29.574193548387097
수성소방서,202008,11.0,대구,103.0,90,30.283870967741933
수성소방서,202008,12.0,대구,76.0,83,31.06451612903226
수성소방서,202008,13.0,대구,81.0,69,31.345161290322583
수성소방서,202008,14.0,대구,89.0,76,31.89354838709677
수성소방서,202008,15.0,대구,100.0,91,32.00967741935484
수성소방서,202008,16.0,대구,91.0,91,31.80967741935484
수성소방서,202008,17.0,대구,72.0,71,31.496774193548383
수성소방서,202008,18.0,대구,81.0,65,30.541935483870965
수성소방서,202008,19.0,대구,76.0,82,29.47741935483871
수성소방서,202008,20.0,대구,75.0,79,28.65666666666667
수성소방서,202008,21.0,대구,75.0,69,28.13225806451613
수성소방서,202008,22.0,대구,75.0,86,27.68064516129032
수성소방서,202008,23.0,대구,69.0,65,27.25
수성소방서,202009,0.0,대구,40.0,44,19.416666666666668
수성소방서,202009,1.0,대구,57.0,56,19.09
수성소방서,202009,2.0,대구,39.0,37,18.80666666666667
수성소방서,202009,3.0,대구,34.0,36,18.42
수성소방서,202009,4.0,대구,26.0,29,18.176666666666662
수성소방서,202009,5.0,대구,56.0,38,17.996666666666666
수성소방서,202009,6.0,대구,57.0,46,17.94
수성소방서,202009,7.0,대구,70.0,52,18.39333333333333
수성소방서,202009,8.0,대구,97.0,75,19.46333333333333
수성소방서,202009,9.0,대구,134.0,121,20.886666666666667
수성소방서,202009,10.0,대구,97.0,98,21.81
수성소방서,202009,11.0,대구,101.0,81,22.883333333333333
수성소방서,202009,12.0,대구,85.0,68,23.87333333333333
수성소방서,202009,13.0,대구,82.0,86,24.58
수성소방서,202009,14.0,대구,78.0,62,24.836666666666662
수성소방서,202009,15.0,대구,71.0,75,25.10333333333333
수성소방서,202009,16.0,대구,64.0,62,24.956666666666667
수성소방서,202009,17.0,대구,69.0,69,24.51
수성소방서,202009,18.0,대구,62.0,68,23.526666666666664
수성소방서,202009,19.0,대구,74.0,70,22.37333333333333
수성소방서,202009,20.0,대구,71.0,61,21.36
수성소방서,202009,21.0,대구,47.0,59,20.73333333333333
수성소방서,202009,22.0,대구,73.0,66,20.206666666666667
수성소방서,202009,23.0,대구,53.0,49,19.74
수성소방서,202010,0.0,대구,39.0,47,13.503225806451614
수성소방서,202010,1.0,대구,50.0,46,12.958064516129031
수성소방서,202010,2.0,대구,27.0,36,12.390322580645162
수성소방서,202010,3.0,대구,25.0,27,12.116129032258064
수성소방서,202010,4.0,대구,33.0,25,11.561290322580644
수성소방서,202010,5.0,대구,31.0,30,11.174193548387096
수성소방서,202010,6.0,대구,47.0,44,10.90967741935484
수성소방서,202010,7.0,대구,74.0,59,10.99032258064516
수성소방서,202010,8.0,대구,109.0,78,12.36774193548387
수성소방서,202010,9.0,대구,105.0,85,14.03225806451613
수성소방서,202010,10.0,대구,73.0,62,15.87741935483871
수성소방서,202010,11.0,대구,72.0,67,17.606451612903225
수성소방서,202010,12.0,대구,84.0,73,18.86774193548387
수성소방서,202010,13.0,대구,94.0,83,20.00967741935484
수성소방서,202010,14.0,대구,86.0,79,20.30967741935484
수성소방서,202010,15.0,대구,89.0,79,20.52258064516129
수성소방서,202010,16.0,대구,76.0,83,20.21935483870968
수성소방서,202010,17.0,대구,78.0,72,19.538709677419355
수성소방서,202010,18.0,대구,79.0,82,18.19032258064516
수성소방서,202010,19.0,대구,84.0,75,16.92258064516129
수성소방서,202010,20.0,대구,68.0,71,16.051612903225806
수성소방서,202010,21.0,대구,103.0,79,15.283870967741937
수성소방서,202010,22.0,대구,66.0,75,14.67741935483871
수성소방서,202010,23.0,대구,61.0,58,13.9
수성소방서,202011,0.0,대구,40.0,44,8.22
수성소방서,202011,1.0,대구,24.0,33,7.6
수성소방서,202011,2.0,대구,37.0,36,7.136666666666667
수성소방서,202011,3.0,대구,32.0,27,6.756666666666666
수성소방서,202011,4.0,대구,41.0,39,6.233333333333333
수성소방서,202011,5.0,대구,37.0,27,6.1466666666666665
수성소방서,202011,6.0,대구,43.0,36,5.973333333333333
수성소방서,202011,7.0,대구,75.0,57,5.8566666666666665
수성소방서,202011,8.0,대구,90.0,76,6.543333333333334
수성소방서,202011,9.0,대구,98.0,78,8.1
수성소방서,202011,10.0,대구,109.0,97,9.776666666666667
수성소방서,202011,11.0,대구,91.0,80,11.333333333333334
수성소방서,202011,12.0,대구,97.0,84,12.71
수성소방서,202011,13.0,대구,76.0,75,13.783333333333331
수성소방서,202011,14.0,대구,64.0,69,14.45
수성소방서,202011,15.0,대구,80.0,67,14.423333333333334
수성소방서,202011,16.0,대구,71.0,64,14.286666666666669
수성소방서,202011,17.0,대구,76.0,68,13.34
수성소방서,202011,18.0,대구,91.0,76,12.186666666666667
수성소방서,202011,19.0,대구,73.0,76,11.316666666666666
수성소방서,202011,20.0,대구,54.0,45,10.443333333333332
수성소방서,202011,21.0,대구,82.0,73,9.703333333333337
수성소방서,202011,22.0,대구,59.0,54,9.006666666666666
수성소방서,202011,23.0,대구,61.0,64,8.59
수성소방서,202012,0.0,대구,51.0,61,0.0258064516129032
수성소방서,202012,1.0,대구,45.0,44,-0.3612903225806452
수성소방서,202012,2.0,대구,43.0,40,-0.7
수성소방서,202012,3.0,대구,31.0,32,-1.0193548387096774
수성소방서,202012,4.0,대구,37.0,30,-1.3935483870967742
수성소방서,202012,5.0,대구,29.0,25,-1.596774193548387
수성소방서,202012,6.0,대구,32.0,29,-1.848387096774193
수성소방서,202012,7.0,대구,59.0,48,-2.0935483870967744
수성소방서,202012,8.0,대구,75.0,63,-1.8806451612903223
수성소방서,202012,9.0,대구,108.0,87,-0.8935483870967742
수성소방서,202012,10.0,대구,131.0,93,0.7483870967741937
수성소방서,202012,11.0,대구,87.0,79,2.429032258064516
수성소방서,202012,12.0,대구,60.0,67,3.9516129032258074
수성소방서,202012,13.0,대구,97.0,85,5.261290322580645
수성소방서,202012,14.0,대구,85.0,79,6.15483870967742
수성소방서,202012,15.0,대구,79.0,81,6.438709677419355
수성소방서,202012,16.0,대구,92.0,81,6.170967741935484
수성소방서,202012,17.0,대구,57.0,59,5.219354838709678
수성소방서,202012,18.0,대구,71.0,93,4.33225806451613
수성소방서,202012,19.0,대구,68.0,65,3.393548387096774
수성소방서,202012,20.0,대구,76.0,66,2.5064516129032257
수성소방서,202012,21.0,대구,65.0,67,1.664516129032258
수성소방서,202012,22.0,대구,70.0,71,0.9903225806451612
수성소방서,202012,23.0,대구,52.0,49,0.4354838709677419
수성소방서,202101,0.0,대구,54.0,37,-0.9096774193548388
수성소방서,202101,1.0,대구,29.0,33,-1.335483870967742
수성소방서,202101,2.0,대구,20.0,26,-1.738709677419355
수성소방서,202101,3.0,대구,31.0,24,-2.048387096774193
수성소방서,202101,4.0,대구,37.0,38,-2.325806451612903
수성소방서,202101,5.0,대구,28.0,26,-2.5935483870967744
수성소방서,202101,6.0,대구,32.0,30,-2.97741935483871
수성소방서,202101,7.0,대구,50.0,40,-3.229032258064516
수성소방서,202101,8.0,대구,79.0,58,-3.1870967741935483
수성소방서,202101,9.0,대구,102.0,91,-2.077419354838709
수성소방서,202101,10.0,대구,96.0,82,-0.5709677419354838
수성소방서,202101,11.0,대구,96.0,82,1.0193548387096774
수성소방서,202101,12.0,대구,87.0,56,2.3774193548387097
수성소방서,202101,13.0,대구,90.0,93,3.7451612903225806
수성소방서,202101,14.0,대구,104.0,91,4.393548387096774
수성소방서,202101,15.0,대구,71.0,70,4.709677419354839
수성소방서,202101,16.0,대구,75.0,71,4.680645161290323
수성소방서,202101,17.0,대구,80.0,75,3.980645161290323
수성소방서,202101,18.0,대구,79.0,73,3.1129032258064515
수성소방서,202101,19.0,대구,71.0,62,2.370967741935484
수성소방서,202101,20.0,대구,64.0,55,1.7129032258064516
수성소방서,202101,21.0,대구,57.0,73,1.1838709677419357
수성소방서,202101,22.0,대구,51.0,47,0.529032258064516
수성소방서,202101,23.0,대구,53.0,50,-0.0193548387096774
수성소방서,202102,0.0,대구,23.0,34,3.225
수성소방서,202102,1.0,대구,37.0,35,2.65
수성소방서,202102,2.0,대구,31.0,34,1.9535714285714287
수성소방서,202102,3.0,대구,25.0,25,1.6321428571428571
수성소방서,202102,4.0,대구,38.0,32,1.2285714285714289
수성소방서,202102,5.0,대구,28.0,25,0.9107142857142856
수성소방서,202102,6.0,대구,31.0,29,0.5607142857142857
수성소방서,202102,7.0,대구,67.0,47,0.3857142857142857
수성소방서,202102,8.0,대구,86.0,57,0.8107142857142857
수성소방서,202102,9.0,대구,99.0,69,2.378571428571429
수성소방서,202102,10.0,대구,111.0,79,4.114285714285715
수성소방서,202102,11.0,대구,80.0,79,5.7821428571428575
수성소방서,202102,12.0,대구,80.0,85,7.257142857142857
수성소방서,202102,13.0,대구,56.0,64,8.55
수성소방서,202102,14.0,대구,74.0,64,9.525
수성소방서,202102,15.0,대구,77.0,66,10.060714285714283
수성소방서,202102,16.0,대구,87.0,72,9.967857142857143
수성소방서,202102,17.0,대구,96.0,74,9.478571428571428
수성소방서,202102,18.0,대구,83.0,87,8.189285714285715
수성소방서,202102,19.0,대구,58.0,51,7.021428571428571
수성소방서,202102,20.0,대구,74.0,66,6.1571428571428575
수성소방서,202102,21.0,대구,78.0,60,5.321428571428571
수성소방서,202102,22.0,대구,49.0,53,4.585714285714286
수성소방서,202102,23.0,대구,41.0,46,3.8392857142857135
수성소방서,202103,0.0,대구,51.0,38,8.62258064516129
수성소방서,202103,1.0,대구,28.0,36,8.07741935483871
수성소방서,202103,2.0,대구,29.0,33,7.490322580645161
수성소방서,202103,3.0,대구,23.0,23,6.935483870967742
수성소방서,202103,4.0,대구,26.0,21,6.432258064516129
수성소방서,202103,5.0,대구,29.0,28,6.006451612903225
수성소방서,202103,6.0,대구,36.0,31,5.658064516129032
수성소방서,202103,7.0,대구,50.0,46,5.587096774193548
수성소방서,202103,8.0,대구,89.0,76,6.558064516129033
수성소방서,202103,9.0,대구,143.0,106,8.048387096774194
수성소방서,202103,10.0,대구,100.0,91,9.761290322580646
수성소방서,202103,11.0,대구,91.0,68,11.474193548387095
수성소방서,202103,12.0,대구,89.0,70,13.051612903225807
수성소방서,202103,13.0,대구,103.0,96,13.890322580645162
수성소방서,202103,14.0,대구,87.0,65,14.577419354838709
수성소방서,202103,15.0,대구,69.0,82,15.087096774193547
수성소방서,202103,16.0,대구,86.0,86,15.138709677419357
수성소방서,202103,17.0,대구,97.0,80,14.8
수성소방서,202103,18.0,대구,85.0,77,13.75483870967742
수성소방서,202103,19.0,대구,77.0,72,12.55483870967742
수성소방서,202103,20.0,대구,66.0,70,11.396774193548389
수성소방서,202103,21.0,대구,75.0,57,10.574193548387097
수성소방서,202103,22.0,대구,53.0,55,9.922580645161291
수성소방서,202103,23.0,대구,48.0,64,9.296774193548387
수성소방서,202104,0.0,대구,33.0,41,12.556666666666668
수성소방서,202104,1.0,대구,53.0,43,12.003333333333334
수성소방서,202104,2.0,대구,40.0,27,11.363333333333332
수성소방서,202104,3.0,대구,36.0,31,10.876666666666669
수성소방서,202104,4.0,대구,28.0,26,10.453333333333337
수성소방서,202104,5.0,대구,35.0,25,9.94
수성소방서,202104,6.0,대구,61.0,38,9.596666666666666
수성소방서,202104,7.0,대구,72.0,58,10.236666666666668
수성소방서,202104,8.0,대구,105.0,70,11.66
수성소방서,202104,9.0,대구,133.0,98,13.45
수성소방서,202104,10.0,대구,97.0,73,15.006666666666666
수성소방서,202104,11.0,대구,88.0,68,16.58
수성소방서,202104,12.0,대구,113.0,78,17.663333333333334
수성소방서,202104,13.0,대구,107.0,80,18.626666666666665
수성소방서,202104,14.0,대구,93.0,81,18.916666666666668
수성소방서,202104,15.0,대구,75.0,66,19.296666666666667
수성소방서,202104,16.0,대구,75.0,74,19.26333333333333
수성소방서,202104,17.0,대구,87.0,77,18.78666666666667
수성소방서,202104,18.0,대구,83.0,67,17.8
수성소방서,202104,19.0,대구,71.0,70,16.56
수성소방서,202104,20.0,대구,66.0,56,15.576666666666666
수성소방서,202104,21.0,대구,82.0,70,14.713333333333336
수성소방서,202104,22.0,대구,62.0,69,13.923333333333334
수성소방서,202104,23.0,대구,52.0,58,13.17
수성소방서,202105,0.0,대구,73.0,67,16.322580645161292
수성소방서,202105,1.0,대구,44.0,50,15.72258064516129
수성소방서,202105,2.0,대구,50.0,45,15.04516129032258
수성소방서,202105,3.0,대구,37.0,39,14.52258064516129
수성소방서,202105,4.0,대구,39.0,40,14.025806451612905
수성소방서,202105,5.0,대구,43.0,32,13.687096774193549
수성소방서,202105,6.0,대구,50.0,44,13.69032258064516
수성소방서,202105,7.0,대구,61.0,47,14.574193548387097
수성소방서,202105,8.0,대구,104.0,80,15.896774193548389
수성소방서,202105,9.0,대구,128.0,97,17.361290322580647
수성소방서,202105,10.0,대구,116.0,109,18.75161290322581
수성소방서,202105,11.0,대구,98.0,94,20.16774193548387
수성소방서,202105,12.0,대구,100.0,93,21.416129032258063
수성소방서,202105,13.0,대구,86.0,86,22.280645161290323
수성소방서,202105,14.0,대구,96.0,81,22.606451612903225
수성소방서,202105,15.0,대구,91.0,90,22.635483870967743
수성소방서,202105,16.0,대구,102.0,69,22.616129032258065
수성소방서,202105,17.0,대구,71.0,72,22.38064516129032
수성소방서,202105,18.0,대구,103.0,81,21.6
수성소방서,202105,19.0,대구,88.0,77,20.5
수성소방서,202105,20.0,대구,101.0,82,19.396774193548385
수성소방서,202105,21.0,대구,63.0,60,18.561290322580643
수성소방서,202105,22.0,대구,93.0,79,17.796774193548387
수성소방서,202105,23.0,대구,49.0,55,17.05806451612903
수성소방서,202106,0.0,대구,55.0,52,21.07
수성소방서,202106,1.0,대구,51.0,50,20.633333333333333
수성소방서,202106,2.0,대구,40.0,39,20.18
수성소방서,202106,3.0,대구,31.0,31,19.84
수성소방서,202106,4.0,대구,28.0,25,19.46
수성소방서,202106,5.0,대구,48.0,37,19.25
수성소방서,202106,6.0,대구,89.0,56,19.37
수성소방서,202106,7.0,대구,75.0,55,20.116666666666667
수성소방서,202106,8.0,대구,116.0,92,21.26333333333333
수성소방서,202106,9.0,대구,135.0,102,22.35666666666667
수성소방서,202106,10.0,대구,128.0,104,23.673333333333336
수성소방서,202106,11.0,대구,112.0,78,24.94333333333333
수성소방서,202106,12.0,대구,93.0,87,25.96333333333333
수성소방서,202106,13.0,대구,128.0,104,26.746666666666663
수성소방서,202106,14.0,대구,117.0,108,27.186666666666667
수성소방서,202106,15.0,대구,91.0,90,27.566666666666663
수성소방서,202106,16.0,대구,88.0,70,27.51333333333333
수성소방서,202106,17.0,대구,96.0,91,27.076666666666664
수성소방서,202106,18.0,대구,97.0,97,26.17
수성소방서,202106,19.0,대구,91.0,91,25.08333333333333
수성소방서,202106,20.0,대구,112.0,96,24.03333333333333
수성소방서,202106,21.0,대구,89.0,85,23.10666666666667
수성소방서,202106,22.0,대구,90.0,83,22.49333333333333
수성소방서,202106,23.0,대구,61.0,65,21.846666666666668
수성소방서,202107,0.0,대구,56.0,58,24.796774193548387
수성소방서,202107,1.0,대구,53.0,54,24.39354838709677
수성소방서,202107,2.0,대구,28.0,32,24.038709677419355
수성소방서,202107,3.0,대구,35.0,34,23.83225806451613
수성소방서,202107,4.0,대구,32.0,27,23.664516129032258
수성소방서,202107,5.0,대구,63.0,52,23.40322580645161
수성소방서,202107,6.0,대구,71.0,50,23.529032258064515
수성소방서,202107,7.0,대구,75.0,64,24.335483870967742
수성소방서,202107,8.0,대구,103.0,68,25.538709677419355
수성소방서,202107,9.0,대구,144.0,106,26.9741935483871
수성소방서,202107,10.0,대구,117.0,108,28.0258064516129
수성소방서,202107,11.0,대구,118.0,96,28.864516129032257
수성소방서,202107,12.0,대구,109.0,98,29.90322580645161
수성소방서,202107,13.0,대구,114.0,108,30.56451612903226
수성소방서,202107,14.0,대구,79.0,95,30.75483870967742
수성소방서,202107,15.0,대구,125.0,97,30.89354838709677
수성소방서,202107,16.0,대구,92.0,87,30.725806451612904
수성소방서,202107,17.0,대구,100.0,72,29.94516129032258
수성소방서,202107,18.0,대구,122.0,108,29.16774193548387
수성소방서,202107,19.0,대구,112.0,104,27.996774193548383
수성소방서,202107,20.0,대구,72.0,78,26.835483870967742
수성소방서,202107,21.0,대구,116.0,98,26.18064516129032
수성소방서,202107,22.0,대구,80.0,90,25.71935483870968
수성소방서,202107,23.0,대구,66.0,76,25.316129032258065
수성소방서,202108,0.0,대구,47.0,68,24.187096774193545
수성소방서,202108,1.0,대구,44.0,45,23.89032258064516
수성소방서,202108,2.0,대구,43.0,51,23.654838709677417
수성소방서,202108,3.0,대구,49.0,41,23.490322580645163
수성소방서,202108,4.0,대구,42.0,40,23.20967741935484
수성소방서,202108,5.0,대구,43.0,36,23.067741935483877
수성소방서,202108,6.0,대구,58.0,39,22.983870967741936
수성소방서,202108,7.0,대구,62.0,43,23.51935483870968
수성소방서,202108,8.0,대구,127.0,93,24.448387096774194
수성소방서,202108,9.0,대구,112.0,101,25.30967741935484
수성소방서,202108,10.0,대구,153.0,119,26.22903225806452
수성소방서,202108,11.0,대구,114.0,99,27.187096774193545
수성소방서,202108,12.0,대구,96.0,95,27.88387096774193
수성소방서,202108,13.0,대구,149.0,114,28.55806451612903
수성소방서,202108,14.0,대구,124.0,100,28.806451612903224
수성소방서,202108,15.0,대구,139.0,132,29.138709677419357
수성소방서,202108,16.0,대구,107.0,107,28.85483870967742
수성소방서,202108,17.0,대구,135.0,101,28.283870967741933
수성소방서,202108,18.0,대구,143.0,127,27.516129032258064
수성소방서,202108,19.0,대구,82.0,100,26.59354838709677
수성소방서,202108,20.0,대구,110.0,92,25.825806451612905
수성소방서,202108,21.0,대구,126.0,117,25.270967741935483
수성소방서,202108,22.0,대구,94.0,84,24.77741935483871
수성소방서,202108,23.0,대구,63.0,61,24.30322580645161
수성소방서,202109,0.0,대구,58.0,58,20.44333333333333
수성소방서,202109,1.0,대구,51.0,55,20.16
수성소방서,202109,2.0,대구,39.0,36,19.883333333333333
수성소방서,202109,3.0,대구,37.0,41,19.696666666666665
수성소방서,202109,4.0,대구,68.0,48,19.46333333333333
수성소방서,202109,5.0,대구,31.0,36,19.293333333333333
수성소방서,202109,6.0,대구,53.0,38,19.2
수성소방서,202109,7.0,대구,76.0,72,19.526666666666664
수성소방서,202109,8.0,대구,118.0,85,20.453333333333333
수성소방서,202109,9.0,대구,155.0,124,21.7
수성소방서,202109,10.0,대구,118.0,98,22.83333333333333
수성소방서,202109,11.0,대구,101.0,88,23.96
수성소방서,202109,12.0,대구,116.0,103,24.85666666666667
수성소방서,202109,13.0,대구,125.0,90,25.35
수성소방서,202109,14.0,대구,105.0,106,25.433333333333334
수성소방서,202109,15.0,대구,100.0,104,25.436666666666667
수성소방서,202109,16.0,대구,116.0,95,25.16
수성소방서,202109,17.0,대구,133.0,91,24.62333333333333
수성소방서,202109,18.0,대구,121.0,144,23.723333333333336
수성소방서,202109,19.0,대구,114.0,103,22.78
수성소방서,202109,20.0,대구,103.0,95,22.15
수성소방서,202109,21.0,대구,83.0,84,21.616666666666667
수성소방서,202109,22.0,대구,86.0,92,21.2
수성소방서,202109,23.0,대구,69.0,63,20.776666666666664
수성소방서,202110,0.0,대구,53.0,55,14.561290322580644
수성소방서,202110,1.0,대구,57.0,53,14.080645161290322
수성소방서,202110,2.0,대구,45.0,41,13.583870967741936
수성소방서,202110,3.0,대구,33.0,25,13.180645161290323
수성소방서,202110,4.0,대구,44.0,34,12.796774193548387
수성소방서,202110,5.0,대구,34.0,27,12.55483870967742
수성소방서,202110,6.0,대구,36.0,38,12.309677419354838
수성소방서,202110,7.0,대구,74.0,58,12.225806451612904
수성소방서,202110,8.0,대구,93.0,82,13.461290322580645
수성소방서,202110,9.0,대구,143.0,96,15.319354838709677
수성소방서,202110,10.0,대구,142.0,104,17.038709677419355
수성소방서,202110,11.0,대구,92.0,83,18.82903225806452
수성소방서,202110,12.0,대구,119.0,109,20.09354838709677
수성소방서,202110,13.0,대구,123.0,103,20.874193548387098
수성소방서,202110,14.0,대구,123.0,105,21.48064516129032
수성소방서,202110,15.0,대구,104.0,97,21.538709677419355
수성소방서,202110,16.0,대구,112.0,100,21.306451612903224
수성소방서,202110,17.0,대구,110.0,89,20.58709677419355
수성소방서,202110,18.0,대구,137.0,118,19.23225806451613
수성소방서,202110,19.0,대구,117.0,111,17.751612903225805
수성소방서,202110,20.0,대구,71.0,75,16.674193548387095
수성소방서,202110,21.0,대구,72.0,67,16.01290322580645
수성소방서,202110,22.0,대구,75.0,71,15.383870967741936
수성소방서,202110,23.0,대구,50.0,49,14.838709677419354
수성소방서,202111,0.0,대구,40.0,47,7.603333333333333
수성소방서,202111,1.0,대구,57.0,54,7.026666666666667
수성소방서,202111,2.0,대구,50.0,46,6.546666666666667
수성소방서,202111,3.0,대구,31.0,34,6.183333333333334
수성소방서,202111,4.0,대구,41.0,41,5.876666666666667
수성소방서,202111,5.0,대구,30.0,29,5.553333333333333
수성소방서,202111,6.0,대구,45.0,45,5.283333333333333
수성소방서,202111,7.0,대구,65.0,47,5.166666666666667
수성소방서,202111,8.0,대구,101.0,88,5.986666666666666
수성소방서,202111,9.0,대구,148.0,99,7.766666666666667
수성소방서,202111,10.0,대구,88.0,83,9.966666666666669
수성소방서,202111,11.0,대구,124.0,95,11.87
수성소방서,202111,12.0,대구,115.0,90,13.193333333333332
수성소방서,202111,13.0,대구,80.0,88,14.123333333333331
수성소방서,202111,14.0,대구,96.0,92,14.616666666666667
수성소방서,202111,15.0,대구,104.0,89,14.626666666666669
수성소방서,202111,16.0,대구,104.0,97,14.286666666666669
수성소방서,202111,17.0,대구,92.0,83,13.556666666666668
수성소방서,202111,18.0,대구,131.0,103,12.193333333333332
수성소방서,202111,19.0,대구,78.0,111,11.16
수성소방서,202111,20.0,대구,93.0,77,10.106666666666666
수성소방서,202111,21.0,대구,91.0,80,9.266666666666667
수성소방서,202111,22.0,대구,67.0,77,8.506666666666666
수성소방서,202111,23.0,대구,48.0,44,7.966666666666667
수성소방서,202112,0.0,대구,58.0,67,1.6258064516129032
수성소방서,202112,1.0,대구,60.0,56,1.2451612903225806
수성소방서,202112,2.0,대구,41.0,41,0.7032258064516129
수성소방서,202112,3.0,대구,37.0,33,0.2741935483870967
수성소방서,202112,4.0,대구,40.0,31,-0.1354838709677419
수성소방서,202112,5.0,대구,27.0,27,-0.3516129032258064
수성소방서,202112,6.0,대구,45.0,40,-0.5225806451612904
수성소방서,202112,7.0,대구,57.0,39,-0.6645161290322581
수성소방서,202112,8.0,대구,113.0,88,-0.567741935483871
수성소방서,202112,9.0,대구,111.0,83,0.7322580645161288
수성소방서,202112,10.0,대구,114.0,109,2.351612903225807
수성소방서,202112,11.0,대구,125.0,99,4.361290322580645
수성소방서,202112,12.0,대구,84.0,79,5.770967741935484
수성소방서,202112,13.0,대구,113.0,90,6.883870967741935
수성소방서,202112,14.0,대구,118.0,104,7.7
수성소방서,202112,15.0,대구,105.0,88,7.9
수성소방서,202112,16.0,대구,87.0,82,7.683870967741936
수성소방서,202112,17.0,대구,101.0,83,6.912903225806452
수성소방서,202112,18.0,대구,115.0,103,5.867741935483871
수성소방서,202112,19.0,대구,103.0,105,4.787096774193548
수성소방서,202112,20.0,대구,95.0,84,3.867741935483872
수성소방서,202112,21.0,대구,78.0,67,3.096774193548387
수성소방서,202112,22.0,대구,78.0,79,2.454838709677419
수성소방서,202112,23.0,대구,54.0,68,1.835483870967742
수성소방서,202201,0.0,대구,,39,-0.7451612903225807
수성소방서,202201,1.0,대구,,53,-1.3096774193548388
수성소방서,202201,2.0,대구,,21,-1.664516129032258
수성소방서,202201,3.0,대구,,33,-2.07741935483871
수성소방서,202201,4.0,대구,,27,-2.4064516129032256
수성소방서,202201,5.0,대구,,20,-2.6580645161290324
수성소방서,202201,6.0,대구,,35,-2.948387096774194
수성소방서,202201,7.0,대구,,58,-3.312903225806452
수성소방서,202201,8.0,대구,,70,-3.170967741935484
수성소방서,202201,9.0,대구,,82,-1.9096774193548387
수성소방서,202201,10.0,대구,,97,-0.0870967741935483
수성소방서,202201,11.0,대구,1.0,85,1.7419354838709675
수성소방서,202201,12.0,대구,,94,3.3870967741935485
수성소방서,202201,13.0,대구,,94,4.729032258064516
수성소방서,202201,14.0,대구,,113,5.616129032258065
수성소방서,202201,15.0,대구,,87,5.964516129032258
수성소방서,202201,16.0,대구,,82,6.0
수성소방서,202201,17.0,대구,,79,5.283870967741936
수성소방서,202201,18.0,대구,,91,4.251612903225807
수성소방서,202201,19.0,대구,,97,3.1129032258064515
수성소방서,202201,20.0,대구,,90,2.148387096774193
수성소방서,202201,21.0,대구,,74,1.3580645161290323
수성소방서,202201,22.0,대구,,66,0.5903225806451613
수성소방서,202201,23.0,대구,,54,-0.1677419354838709
수성소방서,202202,0.0,대구,,48,-0.0035714285714285
수성소방서,202202,1.0,대구,,46,-0.6535714285714286
수성소방서,202202,2.0,대구,,32,-1.2321428571428572
수성소방서,202202,3.0,대구,,33,-1.6464285714285716
수성소방서,202202,4.0,대구,,33,-1.9857142857142855
수성소방서,202202,5.0,대구,,36,-2.321428571428572
수성소방서,202202,6.0,대구,,32,-2.5964285714285715
수성소방서,202202,7.0,대구,,44,-2.896428571428572
수성소방서,202202,8.0,대구,,60,-2.292857142857143
수성소방서,202202,9.0,대구,,84,-0.8571428571428571
수성소방서,202202,10.0,대구,,88,0.8142857142857143
수성소방서,202202,11.0,대구,,91,2.560714285714286
수성소방서,202202,12.0,대구,,84,3.942857142857143
수성소방서,202202,13.0,대구,,106,5.117857142857143
수성소방서,202202,14.0,대구,,116,6.014285714285714
수성소방서,202202,15.0,대구,,80,6.425
수성소방서,202202,16.0,대구,,105,6.571428571428571
수성소방서,202202,17.0,대구,,83,5.964285714285714
수성소방서,202202,18.0,대구,,82,4.910714285714286
수성소방서,202202,19.0,대구,,98,3.939285714285714
수성소방서,202202,20.0,대구,,71,3.117857142857143
수성소방서,202202,21.0,대구,,109,2.367857142857143
수성소방서,202202,22.0,대구,,77,1.5964285714285715
수성소방서,202202,23.0,대구,,65,0.9321428571428572
수성소방서,202203,0.0,대구,14.0,92,8.103225806451613
수성소방서,202203,1.0,대구,7.0,59,7.377419354838709
수성소방서,202203,2.0,대구,9.0,43,6.829032258064516
수성소방서,202203,3.0,대구,14.0,51,6.390322580645161
수성소방서,202203,4.0,대구,8.0,41,5.883870967741935
수성소방서,202203,5.0,대구,6.0,39,5.535483870967742
수성소방서,202203,6.0,대구,18.0,58,5.112903225806452
수성소방서,202203,7.0,대구,12.0,81,4.967741935483871
수성소방서,202203,8.0,대구,34.0,110,6.009677419354839
수성소방서,202203,9.0,대구,28.0,134,7.458064516129032
수성소방서,202203,10.0,대구,29.0,126,9.296774193548387
수성소방서,202203,11.0,대구,29.0,137,10.974193548387095
수성소방서,202203,12.0,대구,20.0,94,12.258064516129032
수성소방서,202203,13.0,대구,30.0,107,13.26774193548387
수성소방서,202203,14.0,대구,19.0,119,14.096774193548388
수성소방서,202203,15.0,대구,28.0,113,14.638709677419357
수성소방서,202203,16.0,대구,30.0,114,14.64516129032258
수성소방서,202203,17.0,대구,12.0,106,14.15483870967742
수성소방서,202203,18.0,대구,21.0,105,13.403225806451612
수성소방서,202203,19.0,대구,25.0,107,12.251612903225809
수성소방서,202203,20.0,대구,11.0,97,11.23225806451613
수성소방서,202203,21.0,대구,21.0,123,10.419354838709678
수성소방서,202203,22.0,대구,18.0,96,9.648387096774194
수성소방서,202203,23.0,대구,10.0,97,8.82258064516129
수성소방서,202204,0.0,대구,66.0,78,13.83
수성소방서,202204,1.0,대구,79.0,54,13.133333333333333
수성소방서,202204,2.0,대구,46.0,36,12.206666666666669
수성소방서,202204,3.0,대구,51.0,48,11.356666666666666
수성소방서,202204,4.0,대구,47.0,30,10.883333333333333
수성소방서,202204,5.0,대구,70.0,53,10.44
수성소방서,202204,6.0,대구,47.0,36,10.043333333333331
수성소방서,202204,7.0,대구,90.0,74,10.783333333333331
수성소방서,202204,8.0,대구,145.0,98,12.443333333333332
수성소방서,202204,9.0,대구,143.0,96,14.23
수성소방서,202204,10.0,대구,126.0,96,16.16
수성소방서,202204,11.0,대구,154.0,96,17.740000000000002
수성소방서,202204,12.0,대구,113.0,95,19.3
수성소방서,202204,13.0,대구,115.0,100,20.3
수성소방서,202204,14.0,대구,105.0,87,20.95
수성소방서,202204,15.0,대구,106.0,84,21.433333333333334
수성소방서,202204,16.0,대구,94.0,74,21.296666666666667
수성소방서,202204,17.0,대구,119.0,87,20.96
수성소방서,202204,18.0,대구,98.0,86,20.03333333333333
수성소방서,202204,19.0,대구,132.0,99,18.74333333333333
수성소방서,202204,20.0,대구,96.0,74,17.459999999999997
수성소방서,202204,21.0,대구,99.0,94,16.62333333333333
수성소방서,202204,22.0,대구,89.0,78,15.66
수성소방서,202204,23.0,대구,69.0,67,14.883333333333333
수성소방서,202205,0.0,대구,68.0,66,17.961290322580645
수성소방서,202205,1.0,대구,45.0,48,17.33225806451613
수성소방서,202205,2.0,대구,43.0,41,16.5
수성소방서,202205,3.0,대구,41.0,36,16.032258064516128
수성소방서,202205,4.0,대구,49.0,41,15.412903225806453
수성소방서,202205,5.0,대구,36.0,30,14.95483870967742
수성소방서,202205,6.0,대구,59.0,45,14.85483870967742
수성소방서,202205,7.0,대구,93.0,68,16.24516129032258
수성소방서,202205,8.0,대구,122.0,98,17.85483870967742
수성소방서,202205,9.0,대구,117.0,86,19.725806451612904
수성소방서,202205,10.0,대구,112.0,85,21.583870967741937
수성소방서,202205,11.0,대구,123.0,102,23.138709677419357
수성소방서,202205,12.0,대구,111.0,83,24.32903225806452
수성소방서,202205,13.0,대구,122.0,99,25.270967741935483
수성소방서,202205,14.0,대구,84.0,80,26.11935483870968
수성소방서,202205,15.0,대구,115.0,91,26.529032258064515
수성소방서,202205,16.0,대구,98.0,93,26.41290322580645
수성소방서,202205,17.0,대구,98.0,90,26.200000000000003
수성소방서,202205,18.0,대구,94.0,75,24.98709677419355
수성소방서,202205,19.0,대구,105.0,95,23.5
수성소방서,202205,20.0,대구,107.0,90,22.164516129032258
수성소방서,202205,21.0,대구,113.0,90,20.89032258064516
수성소방서,202205,22.0,대구,93.0,99,19.86774193548387
수성소방서,202205,23.0,대구,64.0,66,18.990322580645163
수성소방서,202206,0.0,대구,56.0,61,22.316666666666663
수성소방서,202206,1.0,대구,49.0,54,21.85333333333333
수성소방서,202206,2.0,대구,54.0,56,21.366666666666667
수성소방서,202206,3.0,대구,35.0,37,20.99
수성소방서,202206,4.0,대구,43.0,34,20.62333333333333
수성소방서,202206,5.0,대구,47.0,44,20.416666666666668
수성소방서,202206,6.0,대구,69.0,50,20.466666666666665
수성소방서,202206,7.0,대구,87.0,61,21.36
수성소방서,202206,8.0,대구,134.0,96,22.60333333333333
수성소방서,202206,9.0,대구,99.0,82,23.83333333333333
수성소방서,202206,10.0,대구,129.0,90,25.063333333333333
수성소방서,202206,11.0,대구,97.0,87,26.15666666666667
수성소방서,202206,12.0,대구,96.0,86,26.96
수성소방서,202206,13.0,대구,114.0,96,27.626666666666665
수성소방서,202206,14.0,대구,97.0,83,28.24333333333333
수성소방서,202206,15.0,대구,89.0,71,28.55666666666667
수성소방서,202206,16.0,대구,103.0,83,28.236666666666668
수성소방서,202206,17.0,대구,103.0,76,27.703333333333333
수성소방서,202206,18.0,대구,92.0,87,27.116666666666667
수성소방서,202206,19.0,대구,69.0,69,25.896666666666665
수성소방서,202206,20.0,대구,80.0,84,24.76
수성소방서,202206,21.0,대구,90.0,78,24.03
수성소방서,202206,22.0,대구,72.0,70,23.44333333333333
수성소방서,202206,23.0,대구,94.0,74,22.926666666666662
수성소방서,202207,0.0,대구,73.0,69,25.870967741935484
수성소방서,202207,1.0,대구,72.0,61,25.567741935483877
수성소방서,202207,2.0,대구,49.0,43,25.15806451612903
수성소방서,202207,3.0,대구,46.0,46,24.929032258064517
수성소방서,202207,4.0,대구,34.0,29,24.45483870967742
수성소방서,202207,5.0,대구,59.0,50,24.248387096774195
수성소방서,202207,6.0,대구,83.0,62,24.3
수성소방서,202207,7.0,대구,92.0,64,25.05483870967742
수성소방서,202207,8.0,대구,112.0,88,25.94193548387097
수성소방서,202207,9.0,대구,179.0,129,26.9
수성소방서,202207,10.0,대구,150.0,105,28.138709677419357
수성소방서,202207,11.0,대구,109.0,82,29.083870967741937
수성소방서,202207,12.0,대구,91.0,86,29.783870967741933
수성소방서,202207,13.0,대구,108.0,86,30.53548387096774
수성소방서,202207,14.0,대구,113.0,84,30.82903225806452
수성소방서,202207,15.0,대구,113.0,96,31.18064516129032
수성소방서,202207,16.0,대구,83.0,73,31.05806451612903
수성소방서,202207,17.0,대구,113.0,102,30.503225806451614
수성소방서,202207,18.0,대구,94.0,80,29.73225806451613
수성소방서,202207,19.0,대구,86.0,76,28.91290322580645
수성소방서,202207,20.0,대구,88.0,86,27.796774193548387
수성소방서,202207,21.0,대구,100.0,99,27.141935483870967
수성소방서,202207,22.0,대구,82.0,78,26.648387096774197
수성소방서,202207,23.0,대구,67.0,64,26.270967741935483
수성소방서,202208,0.0,대구,104.0,81,25.59032258064516
수성소방서,202208,1.0,대구,75.0,65,25.306451612903224
수성소방서,202208,2.0,대구,60.0,50,25.04516129032258
수성소방서,202208,3.0,대구,51.0,52,24.780645161290323
수성소방서,202208,4.0,대구,61.0,52,24.53548387096774
수성소방서,202208,5.0,대구,68.0,54,24.35483870967742
수성소방서,202208,6.0,대구,88.0,58,24.21935483870968
수성소방서,202208,7.0,대구,136.0,103,24.751612903225805
수성소방서,202208,8.0,대구,164.0,117,25.529032258064515
수성소방서,202208,9.0,대구,200.0,131,26.48709677419355
수성소방서,202208,10.0,대구,166.0,116,27.39032258064516
수성소방서,202208,11.0,대구,157.0,114,28.18064516129032
수성소방서,202208,12.0,대구,138.0,101,28.887096774193548
수성소방서,202208,13.0,대구,170.0,122,29.451612903225808
수성소방서,202208,14.0,대구,135.0,102,29.774193548387096
수성소방서,202208,15.0,대구,135.0,104,29.81612903225807
수성소방서,202208,16.0,대구,107.0,88,29.677419354838708
수성소방서,202208,17.0,대구,142.0,91,29.256666666666668
수성소방서,202208,18.0,대구,146.0,112,28.990322580645163
수성소방서,202208,19.0,대구,122.0,108,28.07741935483871
수성소방서,202208,20.0,대구,139.0,101,27.36774193548387
수성소방서,202208,21.0,대구,100.0,112,26.787096774193547
수성소방서,202208,22.0,대구,98.0,86,26.283870967741933
수성소방서,202208,23.0,대구,91.0,80,25.787096774193547
수성소방서,202209,0.0,대구,76.0,75,19.846666666666668
수성소방서,202209,1.0,대구,51.0,56,19.54
수성소방서,202209,2.0,대구,53.0,52,19.173333333333336
수성소방서,202209,3.0,대구,51.0,47,18.973333333333336
수성소방서,202209,4.0,대구,60.0,46,18.790000000000003
수성소방서,202209,5.0,대구,45.0,44,18.486666666666668
수성소방서,202209,6.0,대구,94.0,61,18.44333333333333
수성소방서,202209,7.0,대구,121.0,81,18.876666666666665
수성소방서,202209,8.0,대구,139.0,102,20.03333333333333
수성소방서,202209,9.0,대구,161.0,117,21.10666666666667
수성소방서,202209,10.0,대구,145.0,93,22.540000000000003
수성소방서,202209,11.0,대구,145.0,104,24.026666666666664
수성소방서,202209,12.0,대구,122.0,84,24.90333333333333
수성소방서,202209,13.0,대구,112.0,89,25.62
수성소방서,202209,14.0,대구,117.0,87,25.9
수성소방서,202209,15.0,대구,110.0,87,25.97
수성소방서,202209,16.0,대구,122.0,97,25.706666666666667
수성소방서,202209,17.0,대구,147.0,115,25.26
수성소방서,202209,18.0,대구,107.0,90,24.446666666666665
수성소방서,202209,19.0,대구,121.0,93,23.26
수성소방서,202209,20.0,대구,98.0,83,22.21333333333333
수성소방서,202209,21.0,대구,80.0,82,21.543333333333333
수성소방서,202209,22.0,대구,93.0,85,20.896666666666665
수성소방서,202209,23.0,대구,98.0,89,20.35
수성소방서,202210,0.0,대구,66.0,58,13.66451612903226
수성소방서,202210,1.0,대구,47.0,52,13.148387096774194
수성소방서,202210,2.0,대구,46.0,37,12.551612903225807
수성소방서,202210,3.0,대구,50.0,37,12.180645161290323
수성소방서,202210,4.0,대구,50.0,45,11.874193548387098
수성소방서,202210,5.0,대구,66.0,52,11.587096774193547
수성소방서,202210,6.0,대구,69.0,50,11.241935483870968
수성소방서,202210,7.0,대구,96.0,63,11.358064516129032
수성소방서,202210,8.0,대구,136.0,94,12.735483870967744
수성소방서,202210,9.0,대구,112.0,96,14.503225806451614
수성소방서,202210,10.0,대구,106.0,90,16.37741935483871
수성소방서,202210,11.0,대구,97.0,94,18.13225806451613
수성소방서,202210,12.0,대구,128.0,84,19.23225806451613
수성소방서,202210,13.0,대구,103.0,87,20.048387096774192
수성소방서,202210,14.0,대구,94.0,89,20.625806451612902
수성소방서,202210,15.0,대구,123.0,85,20.677419354838708
수성소방서,202210,16.0,대구,121.0,108,20.26129032258065
수성소방서,202210,17.0,대구,109.0,93,19.283870967741933
수성소방서,202210,18.0,대구,119.0,96,17.983870967741936
수성소방서,202210,19.0,대구,141.0,99,16.84193548387097
수성소방서,202210,20.0,대구,100.0,77,15.8
수성소방서,202210,21.0,대구,64.0,61,15.051612903225806
수성소방서,202210,22.0,대구,62.0,55,14.49032258064516
수성소방서,202210,23.0,대구,66.0,66,13.94516129032258
수성소방서,202211,0.0,대구,61.0,52,9.203333333333337
수성소방서,202211,1.0,대구,55.0,44,8.47
수성소방서,202211,2.0,대구,45.0,41,7.923333333333333
수성소방서,202211,3.0,대구,43.0,33,7.523333333333331
수성소방서,202211,4.0,대구,43.0,34,7.11
수성소방서,202211,5.0,대구,27.0,33,6.673333333333334
수성소방서,202211,6.0,대구,59.0,53,6.51
수성소방서,202211,7.0,대구,104.0,70,6.236666666666666
수성소방서,202211,8.0,대구,127.0,91,7.036666666666666
수성소방서,202211,9.0,대구,163.0,110,8.796666666666665
수성소방서,202211,10.0,대구,152.0,98,10.823333333333332
수성소방서,202211,11.0,대구,128.0,98,12.873333333333331
수성소방서,202211,12.0,대구,95.0,68,14.72
수성소방서,202211,13.0,대구,143.0,97,15.71
수성소방서,202211,14.0,대구,137.0,109,16.62666666666667
수성소방서,202211,15.0,대구,98.0,80,16.86
수성소방서,202211,16.0,대구,103.0,82,16.62666666666667
수성소방서,202211,17.0,대구,118.0,100,15.536666666666669
수성소방서,202211,18.0,대구,119.0,87,14.073333333333332
수성소방서,202211,19.0,대구,117.0,82,12.86
수성소방서,202211,20.0,대구,110.0,82,11.876666666666669
수성소방서,202211,21.0,대구,100.0,86,11.023333333333332
수성소방서,202211,22.0,대구,76.0,70,10.243333333333334
수성소방서,202211,23.0,대구,64.0,63,9.473333333333333
수성소방서,202212,0.0,대구,68.0,61,-0.9096774193548388
수성소방서,202212,1.0,대구,49.0,45,-1.3548387096774193
수성소방서,202212,2.0,대구,62.0,55,-1.6451612903225807
수성소방서,202212,3.0,대구,65.0,52,-1.967741935483871
수성소방서,202212,4.0,대구,33.0,29,-2.3483870967741933
수성소방서,202212,5.0,대구,50.0,53,-2.603225806451613
수성소방서,202212,6.0,대구,57.0,42,-2.9741935483870967
수성소방서,202212,7.0,대구,101.0,70,-3.170967741935484
수성소방서,202212,8.0,대구,149.0,103,-3.0935483870967744
수성소방서,202212,9.0,대구,143.0,111,-1.7903225806451613
수성소방서,202212,10.0,대구,127.0,111,-0.0709677419354838
수성소방서,202212,11.0,대구,134.0,106,1.6870967741935483
수성소방서,202212,12.0,대구,131.0,103,2.954838709677419
수성소방서,202212,13.0,대구,142.0,111,3.6774193548387095
수성소방서,202212,14.0,대구,127.0,96,4.33225806451613
수성소방서,202212,15.0,대구,125.0,100,4.493548387096775
수성소방서,202212,16.0,대구,115.0,82,4.212903225806452
수성소방서,202212,17.0,대구,116.0,88,3.390322580645161
수성소방서,202212,18.0,대구,122.0,88,2.574193548387097
수성소방서,202212,19.0,대구,110.0,87,1.9451612903225808
수성소방서,202212,20.0,대구,97.0,86,1.283870967741935
수성소방서,202212,21.0,대구,100.0,96,0.6516129032258066
수성소방서,202212,22.0,대구,106.0,97,-0.1129032258064516
수성소방서,202212,23.0,대구,82.0,76,-0.5645161290322581
수성소방서,202301,0.0,대구,69.0,66,-0.5709677419354839
수성소방서,202301,1.0,대구,41.0,47,-1.1
수성소방서,202301,2.0,대구,67.0,57,-1.6032258064516127
수성소방서,202301,3.0,대구,35.0,36,-1.9451612903225808
수성소방서,202301,4.0,대구,40.0,31,-2.296774193548387
수성소방서,202301,5.0,대구,38.0,34,-2.6322580645161286
수성소방서,202301,6.0,대구,63.0,50,-2.735483870967742
수성소방서,202301,7.0,대구,83.0,65,-2.925806451612903
수성소방서,202301,8.0,대구,129.0,90,-2.893548387096774
수성소방서,202301,9.0,대구,92.0,75,-1.6483870967741936
수성소방서,202301,10.0,대구,160.0,109,0.1225806451612903
수성소방서,202301,11.0,대구,124.0,91,1.974193548387097
수성소방서,202301,12.0,대구,139.0,112,3.264516129032258
수성소방서,202301,13.0,대구,112.0,89,4.34516129032258
수성소방서,202301,14.0,대구,104.0,93,5.070967741935483
수성소방서,202301,15.0,대구,104.0,84,5.622580645161291
수성소방서,202301,16.0,대구,119.0,88,5.670967741935484
수성소방서,202301,17.0,대구,97.0,75,4.987096774193549
수성소방서,202301,18.0,대구,89.0,89,3.793548387096774
수성소방서,202301,19.0,대구,84.0,69,2.796774193548387
수성소방서,202301,20.0,대구,106.0,80,1.9387096774193548
수성소방서,202301,21.0,대구,103.0,73,1.2580645161290325
수성소방서,202301,22.0,대구,80.0,78,0.535483870967742
수성소방서,202301,23.0,대구,82.0,72,-0.0451612903225806
수성소방서,202302,0.0,대구,54.0,44,2.503571428571429
수성소방서,202302,1.0,대구,56.0,41,1.842857142857143
수성소방서,202302,2.0,대구,42.0,38,1.3535714285714284
수성소방서,202302,3.0,대구,32.0,21,0.9035714285714284
수성소방서,202302,4.0,대구,41.0,39,0.5821428571428572
수성소방서,202302,5.0,대구,28.0,23,0.2178571428571428
수성소방서,202302,6.0,대구,36.0,30,0.025
수성소방서,202302,7.0,대구,81.0,50,-0.2035714285714286
수성소방서,202302,8.0,대구,81.0,64,0.2571428571428572
수성소방서,202302,9.0,대구,129.0,91,1.8178571428571428
수성소방서,202302,10.0,대구,99.0,70,3.6571428571428575
수성소방서,202302,11.0,대구,67.0,59,5.539285714285714
수성소방서,202302,12.0,대구,64.0,69,7.178571428571429
수성소방서,202302,13.0,대구,112.0,75,8.364285714285714
수성소방서,202302,14.0,대구,81.0,66,9.15
수성소방서,202302,15.0,대구,96.0,75,9.6
수성소방서,202302,16.0,대구,97.0,77,9.778571428571428
수성소방서,202302,17.0,대구,81.0,54,9.10357142857143
수성소방서,202302,18.0,대구,85.0,72,8.05
수성소방서,202302,19.0,대구,91.0,67,7.0
수성소방서,202302,20.0,대구,61.0,50,5.817857142857143
수성소방서,202302,21.0,대구,79.0,63,4.967857142857143
수성소방서,202302,22.0,대구,62.0,65,4.289285714285714
수성소방서,202302,23.0,대구,73.0,68,3.532142857142857
수성소방서,202303,0.0,대구,59.0,58,9.46774193548387
수성소방서,202303,1.0,대구,43.0,46,8.72258064516129
수성소방서,202303,2.0,대구,35.0,25,8.019354838709678
수성소방서,202303,3.0,대구,59.0,47,7.390322580645161
수성소방서,202303,4.0,대구,33.0,24,6.941935483870967
수성소방서,202303,5.0,대구,48.0,40,6.548387096774194
수성소방서,202303,6.0,대구,40.0,35,6.103225806451612
수성소방서,202303,7.0,대구,84.0,67,5.990322580645161
수성소방서,202303,8.0,대구,143.0,91,7.235483870967743
수성소방서,202303,9.0,대구,139.0,82,9.32258064516129
수성소방서,202303,10.0,대구,140.0,89,11.51290322580645
수성소방서,202303,11.0,대구,109.0,88,13.325806451612904
수성소방서,202303,12.0,대구,130.0,97,15.064516129032258
수성소방서,202303,13.0,대구,94.0,88,16.10967741935484
수성소방서,202303,14.0,대구,106.0,90,17.216129032258067
수성소방서,202303,15.0,대구,120.0,84,17.66774193548387
수성소방서,202303,16.0,대구,78.0,74,17.84193548387097
수성소방서,202303,17.0,대구,94.0,79,17.593548387096774
수성소방서,202303,18.0,대구,94.0,83,16.241935483870968
수성소방서,202303,19.0,대구,93.0,81,14.71935483870968
수성소방서,202303,20.0,대구,83.0,90,13.52258064516129
수성소방서,202303,21.0,대구,80.0,68,12.493548387096777
수성소방서,202303,22.0,대구,72.0,74,11.396774193548389
수성소방서,202303,23.0,대구,67.0,51,10.496774193548386
수성소방서,202304,0.0,대구,61.0,64,12.753333333333334
수성소방서,202304,1.0,대구,49.0,48,12.123333333333331
수성소방서,202304,2.0,대구,40.0,33,11.386666666666668
수성소방서,202304,3.0,대구,50.0,52,10.836666666666668
수성소방서,202304,4.0,대구,40.0,38,10.313333333333333
수성소방서,202304,5.0,대구,45.0,32,9.936666666666667
수성소방서,202304,6.0,대구,70.0,52,9.706666666666669
수성소방서,202304,7.0,대구,76.0,69,10.58
수성소방서,202304,8.0,대구,116.0,86,12.203333333333337
수성소방서,202304,9.0,대구,135.0,105,13.803333333333336
수성소방서,202304,10.0,대구,120.0,94,15.29
수성소방서,202304,11.0,대구,92.0,75,16.76
수성소방서,202304,12.0,대구,81.0,75,18.040000000000003
수성소방서,202304,13.0,대구,141.0,96,19.02
수성소방서,202304,14.0,대구,108.0,81,19.416666666666668
수성소방서,202304,15.0,대구,94.0,78,19.790000000000003
수성소방서,202304,16.0,대구,91.0,82,19.82333333333333
수성소방서,202304,17.0,대구,86.0,80,19.32
수성소방서,202304,18.0,대구,78.0,63,18.48
수성소방서,202304,19.0,대구,92.0,88,17.073333333333334
수성소방서,202304,20.0,대구,78.0,74,16.026666666666667
수성소방서,202304,21.0,대구,84.0,87,15.14
수성소방서,202304,22.0,대구,82.0,69,14.31
수성소방서,202304,23.0,대구,74.0,65,13.55
수성소방서,202305,0.0,대구,73.0,69,17.293548387096774
수성소방서,202305,1.0,대구,49.0,57,16.80322580645161
수성소방서,202305,2.0,대구,48.0,40,16.232258064516127
수성소방서,202305,3.0,대구,43.0,46,15.541935483870969
수성소방서,202305,4.0,대구,38.0,28,15.070967741935483
수성소방서,202305,5.0,대구,71.0,50,14.667741935483871
수성소방서,202305,6.0,대구,72.0,63,14.609677419354838
수성소방서,202305,7.0,대구,70.0,49,15.606451612903228
수성소방서,202305,8.0,대구,102.0,98,17.009677419354837
수성소방서,202305,9.0,대구,159.0,111,18.506451612903227
수성소방서,202305,10.0,대구,131.0,108,19.89354838709677
수성소방서,202305,11.0,대구,119.0,96,21.280645161290323
수성소방서,202305,12.0,대구,105.0,96,22.316129032258065
수성소방서,202305,13.0,대구,115.0,92,23.0258064516129
수성소방서,202305,14.0,대구,129.0,104,23.574193548387097
수성소방서,202305,15.0,대구,93.0,83,23.851612903225806
수성소방서,202305,16.0,대구,102.0,69,23.896774193548385
수성소방서,202305,17.0,대구,121.0,92,23.4
수성소방서,202305,18.0,대구,108.0,101,22.741935483870968
수성소방서,202305,19.0,대구,119.0,86,21.50967741935484
수성소방서,202305,20.0,대구,104.0,99,20.345161290322583
수성소방서,202305,21.0,대구,89.0,87,19.325806451612905
수성소방서,202305,22.0,대구,108.0,111,18.654838709677417
수성소방서,202305,23.0,대구,83.0,69,17.893548387096775
수성소방서,202306,0.0,대구,69.0,68,21.836666666666662
수성소방서,202306,1.0,대구,57.0,58,21.17
수성소방서,202306,2.0,대구,56.0,47,20.71333333333333
수성소방서,202306,3.0,대구,47.0,34,20.363333333333333
수성소방서,202306,4.0,대구,34.0,28,19.976666666666667
수성소방서,202306,5.0,대구,45.0,37,19.72
수성소방서,202306,6.0,대구,75.0,48,19.756666666666668
수성소방서,202306,7.0,대구,84.0,60,20.68
수성소방서,202306,8.0,대구,141.0,99,22.19333333333333
수성소방서,202306,9.0,대구,120.0,94,23.576666666666664
수성소방서,202306,10.0,대구,144.0,103,24.793333333333333
수성소방서,202306,11.0,대구,85.0,74,25.91333333333333
수성소방서,202306,12.0,대구,92.0,76,26.766666666666666
수성소방서,202306,13.0,대구,96.0,84,27.723333333333336
수성소방서,202306,14.0,대구,96.0,78,28.3
수성소방서,202306,15.0,대구,102.0,72,28.466666666666665
수성소방서,202306,16.0,대구,64.0,64,28.53333333333333
수성소방서,202306,17.0,대구,104.0,76,28.18
수성소방서,202306,18.0,대구,101.0,93,27.24333333333333
수성소방서,202306,19.0,대구,89.0,77,26.23333333333333
수성소방서,202306,20.0,대구,66.0,62,24.976666666666667
수성소방서,202306,21.0,대구,94.0,79,24.026666666666664
수성소방서,202306,22.0,대구,86.0,74,23.246666666666663
수성소방서,202306,23.0,대구,79.0,64,22.60666666666667
수성소방서,202307,0.0,대구,64.0,64,24.774193548387096
수성소방서,202307,1.0,대구,53.0,51,24.561290322580643
수성소방서,202307,2.0,대구,31.0,29,24.325806451612905
수성소방서,202307,3.0,대구,53.0,50,24.125806451612902
수성소방서,202307,4.0,대구,62.0,40,23.98064516129032
수성소방서,202307,5.0,대구,61.0,51,23.864516129032257
수성소방서,202307,6.0,대구,82.0,59,23.90967741935484
수성소방서,202307,7.0,대구,90.0,72,24.60322580645161
수성소방서,202307,8.0,대구,116.0,101,25.69032258064516
수성소방서,202307,9.0,대구,142.0,98,26.73225806451613
수성소방서,202307,10.0,대구,158.0,115,27.583870967741937
수성소방서,202307,11.0,대구,122.0,79,28.493548387096773
수성소방서,202307,12.0,대구,145.0,91,29.074193548387097
수성소방서,202307,13.0,대구,125.0,91,29.606451612903225
수성소방서,202307,14.0,대구,101.0,93,29.80967741935484
수성소방서,202307,15.0,대구,111.0,90,29.70967741935484
수성소방서,202307,16.0,대구,126.0,84,29.661290322580644
수성소방서,202307,17.0,대구,98.0,71,29.40967741935484
수성소방서,202307,18.0,대구,101.0,87,28.75483870967742
수성소방서,202307,19.0,대구,103.0,87,27.961290322580645
수성소방서,202307,20.0,대구,117.0,94,27.0
수성소방서,202307,21.0,대구,90.0,76,26.27741935483871
수성소방서,202307,22.0,대구,93.0,83,25.758064516129032
수성소방서,202307,23.0,대구,72.0,74,25.31290322580645
수성소방서,202308,0.0,대구,70.0,65,25.82903225806452
수성소방서,202308,1.0,대구,65.0,56,25.548387096774192
수성소방서,202308,2.0,대구,56.0,43,25.22258064516129
수성소방서,202308,3.0,대구,72.0,68,24.93870967741936
수성소방서,202308,4.0,대구,57.0,41,24.69032258064516
수성소방서,202308,5.0,대구,64.0,53,24.46451612903226
수성소방서,202308,6.0,대구,61.0,50,24.306451612903224
수성소방서,202308,7.0,대구,105.0,73,25.038709677419355
수성소방서,202308,8.0,대구,162.0,119,26.22258064516129
수성소방서,202308,9.0,대구,152.0,113,27.33225806451613
수성소방서,202308,10.0,대구,119.0,95,28.43548387096774
수성소방서,202308,11.0,대구,147.0,105,29.43870967741936
수성소방서,202308,12.0,대구,121.0,96,30.07741935483871
수성소방서,202308,13.0,대구,146.0,105,30.541935483870965
수성소방서,202308,14.0,대구,105.0,83,30.79032258064516
수성소방서,202308,15.0,대구,107.0,90,30.929032258064517
수성소방서,202308,16.0,대구,105.0,80,30.93870967741936
수성소방서,202308,17.0,대구,95.0,83,30.161290322580644
수성소방서,202308,18.0,대구,136.0,100,29.358064516129037
수성소방서,202308,19.0,대구,123.0,114,28.532258064516128
수성소방서,202308,20.0,대구,105.0,90,27.580645161290324
수성소방서,202308,21.0,대구,105.0,86,27.04516129032258
수성소방서,202308,22.0,대구,105.0,85,26.458064516129035
수성소방서,202308,23.0,대구,85.0,84,26.003225806451614
수성소방서,202309,0.0,대구,60.0,52,21.97
수성소방서,202309,1.0,대구,52.0,57,21.65
수성소방서,202309,2.0,대구,60.0,51,21.326666666666664
수성소방서,202309,3.0,대구,51.0,50,21.113333333333333
수성소방서,202309,4.0,대구,37.0,37,20.936666666666667
수성소방서,202309,5.0,대구,56.0,40,20.62333333333333
수성소방서,202309,6.0,대구,54.0,45,20.290000000000003
수성소방서,202309,7.0,대구,119.0,81,20.636666666666667
수성소방서,202309,8.0,대구,119.0,88,21.736666666666668
수성소방서,202309,9.0,대구,140.0,103,23.03
수성소방서,202309,10.0,대구,149.0,102,24.12333333333333
수성소방서,202309,11.0,대구,95.0,88,25.14333333333333
수성소방서,202309,12.0,대구,122.0,82,25.99
수성소방서,202309,13.0,대구,137.0,96,26.58
수성소방서,202309,14.0,대구,99.0,86,27.02
수성소방서,202309,15.0,대구,100.0,80,27.16333333333333
수성소방서,202309,16.0,대구,111.0,105,26.95
수성소방서,202309,17.0,대구,103.0,93,26.4
수성소방서,202309,18.0,대구,91.0,82,25.32
수성소방서,202309,19.0,대구,114.0,114,24.33333333333333
수성소방서,202309,20.0,대구,97.0,80,23.64333333333333
수성소방서,202309,21.0,대구,118.0,102,23.03
수성소방서,202309,22.0,대구,86.0,85,22.466666666666665
수성소방서,202309,23.0,대구,81.0,69,22.116666666666667
수성소방서,202310,0.0,대구,70.0,64,13.6
수성소방서,202310,1.0,대구,72.0,57,13.0
수성소방서,202310,2.0,대구,51.0,46,12.538709677419355
수성소방서,202310,3.0,대구,37.0,38,12.025806451612905
수성소방서,202310,4.0,대구,38.0,41,11.687096774193549
수성소방서,202310,5.0,대구,65.0,43,11.274193548387096
수성소방서,202310,6.0,대구,51.0,35,11.02258064516129
수성소방서,202310,7.0,대구,66.0,57,11.067741935483872
수성소방서,202310,8.0,대구,118.0,83,12.619354838709675
수성소방서,202310,9.0,대구,144.0,116,14.658064516129032
수성소방서,202310,10.0,대구,117.0,89,16.735483870967744
수성소방서,202310,11.0,대구,103.0,82,18.64516129032258
수성소방서,202310,12.0,대구,122.0,89,20.16774193548387
수성소방서,202310,13.0,대구,133.0,99,20.993548387096773
수성소방서,202310,14.0,대구,98.0,79,21.458064516129035
수성소방서,202310,15.0,대구,111.0,94,21.65806451612903
수성소방서,202310,16.0,대구,117.0,97,21.40967741935484
수성소방서,202310,17.0,대구,140.0,111,20.651612903225807
수성소방서,202310,18.0,대구,132.0,102,18.93870967741936
수성소방서,202310,19.0,대구,116.0,114,17.383870967741935
수성소방서,202310,20.0,대구,79.0,79,16.30322580645161
수성소방서,202310,21.0,대구,74.0,71,15.387096774193548
수성소방서,202310,22.0,대구,62.0,66,14.687096774193549
수성소방서,202310,23.0,대구,93.0,75,14.048387096774194
수성소방서,202311,0.0,대구,37.0,40,7.546666666666667
수성소방서,202311,1.0,대구,48.0,44,7.0600000000000005
수성소방서,202311,2.0,대구,47.0,49,6.703333333333333
수성소방서,202311,3.0,대구,44.0,44,6.303333333333333
수성소방서,202311,4.0,대구,32.0,29,6.0600000000000005
수성소방서,202311,5.0,대구,33.0,31,5.836666666666667
수성소방서,202311,6.0,대구,69.0,56,5.510000000000001
수성소방서,202311,7.0,대구,84.0,71,5.326666666666667
수성소방서,202311,8.0,대구,164.0,105,5.986666666666666
수성소방서,202311,9.0,대구,169.0,113,7.653333333333333
수성소방서,202311,10.0,대구,135.0,112,9.34
수성소방서,202311,11.0,대구,102.0,87,10.93
수성소방서,202311,12.0,대구,76.0,86,12.23
수성소방서,202311,13.0,대구,122.0,100,13.276666666666667
수성소방서,202311,14.0,대구,112.0,93,13.94
수성소방서,202311,15.0,대구,89.0,83,14.256666666666666
수성소방서,202311,16.0,대구,82.0,82,14.09
수성소방서,202311,17.0,대구,94.0,79,12.94
수성소방서,202311,18.0,대구,90.0,99,11.533333333333331
수성소방서,202311,19.0,대구,115.0,99,10.36
수성소방서,202311,20.0,대구,57.0,69,9.57
수성소방서,202311,21.0,대구,71.0,75,8.889999999999999
수성소방서,202311,22.0,대구,60.0,62,8.563333333333333
수성소방서,202311,23.0,대구,75.0,71,7.826666666666667
수성소방서,202312,0.0,대구,57.0,56,1.9870967741935484
수성소방서,202312,1.0,대구,50.0,56,1.532258064516129
수성소방서,202312,2.0,대구,60.0,52,1.2032258064516128
수성소방서,202312,3.0,대구,51.0,47,0.7935483870967742
수성소방서,202312,4.0,대구,39.0,38,0.4419354838709677
수성소방서,202312,5.0,대구,61.0,46,0.2161290322580646
수성소방서,202312,6.0,대구,54.0,50,0.0129032258064515
수성소방서,202312,7.0,대구,89.0,60,-0.0999999999999999
수성소방서,202312,8.0,대구,152.0,120,0.0096774193548387
수성소방서,202312,9.0,대구,128.0,118,1.470967741935484
수성소방서,202312,10.0,대구,132.0,102,3.041935483870968
수성소방서,202312,11.0,대구,141.0,110,4.780645161290322
수성소방서,202312,12.0,대구,128.0,112,6.254838709677419
수성소방서,202312,13.0,대구,137.0,110,7.135483870967742
수성소방서,202312,14.0,대구,92.0,84,7.616129032258065
수성소방서,202312,15.0,대구,104.0,88,7.925806451612903
수성소방서,202312,16.0,대구,106.0,89,7.687096774193549
수성소방서,202312,17.0,대구,89.0,80,6.729032258064516
수성소방서,202312,18.0,대구,97.0,105,5.758064516129032
수성소방서,202312,19.0,대구,88.0,82,4.874193548387097
수성소방서,202312,20.0,대구,65.0,66,4.087096774193548
수성소방서,202312,21.0,대구,114.0,114,3.4516129032258065
수성소방서,202312,22.0,대구,77.0,77,2.9322580645161294
수성소방서,202312,23.0,대구,55.0,72,2.4935483870967743
수성소방서,202401,0.0,대구,49.0,50,0.7967741935483872
수성소방서,202401,1.0,대구,47.0,48,0.4516129032258064
수성소방서,202401,2.0,대구,32.0,35,0.1258064516129033
수성소방서,202401,3.0,대구,49.0,35,-0.1580645161290323
수성소방서,202401,4.0,대구,45.0,35,-0.5129032258064516
수성소방서,202401,5.0,대구,64.0,51,-0.8129032258064517
수성소방서,202401,6.0,대구,72.0,44,-1.029032258064516
수성소방서,202401,7.0,대구,50.0,55,-1.1387096774193548
수성소방서,202401,8.0,대구,120.0,89,-1.058064516129032
수성소방서,202401,9.0,대구,154.0,103,0.2161290322580645
수성소방서,202401,10.0,대구,101.0,84,1.7677419354838708
수성소방서,202401,11.0,대구,124.0,91,3.2451612903225806
수성소방서,202401,12.0,대구,107.0,77,4.564516129032258
수성소방서,202401,13.0,대구,108.0,81,5.567741935483871
수성소방서,202401,14.0,대구,90.0,72,6.461290322580646
수성소방서,202401,15.0,대구,76.0,70,6.816129032258065
수성소방서,202401,16.0,대구,96.0,84,6.735483870967743
수성소방서,202401,17.0,대구,75.0,85,5.967741935483871
수성소방서,202401,18.0,대구,90.0,77,4.690322580645161
수성소방서,202401,19.0,대구,73.0,74,3.829032258064516
수성소방서,202401,20.0,대구,88.0,77,3.161290322580645
수성소방서,202401,21.0,대구,89.0,82,2.5903225806451613
수성소방서,202401,22.0,대구,71.0,77,1.9870967741935484
수성소방서,202401,23.0,대구,70.0,71,1.470967741935484
수성소방서,202402,0.0,대구,49.0,47,4.289655172413793
수성소방서,202402,1.0,대구,49.0,44,3.913793103448276
수성소방서,202402,2.0,대구,54.0,47,3.524137931034483
수성소방서,202402,3.0,대구,37.0,34,3.0517241379310347
수성소방서,202402,4.0,대구,29.0,32,2.720689655172414
수성소방서,202402,5.0,대구,35.0,27,2.617241379310345
수성소방서,202402,6.0,대구,64.0,44,2.468965517241379
수성소방서,202402,7.0,대구,48.0,46,2.3793103448275863
수성소방서,202402,8.0,대구,106.0,83,2.5931034482758624
수성소방서,202402,9.0,대구,123.0,86,3.627586206896552
수성소방서,202402,10.0,대구,105.0,77,4.927586206896552
수성소방서,202402,11.0,대구,73.0,77,6.386206896551724
수성소방서,202402,12.0,대구,81.0,62,7.406896551724138
수성소방서,202402,13.0,대구,80.0,77,8.413793103448276
수성소방서,202402,14.0,대구,107.0,79,8.862068965517242
수성소방서,202402,15.0,대구,101.0,79,9.213793103448277
수성소방서,202402,16.0,대구,83.0,70,9.182758620689656
수성소방서,202402,17.0,대구,88.0,78,8.744827586206897
수성소방서,202402,18.0,대구,63.0,62,7.796551724137931
수성소방서,202402,19.0,대구,90.0,80,6.862068965517241
수성소방서,202402,20.0,대구,67.0,56,6.062068965517242
수성소방서,202402,21.0,대구,97.0,77,5.413793103448276
수성소방서,202402,22.0,대구,91.0,86,5.124137931034483
수성소방서,202402,23.0,대구,68.0,64,4.641379310344828
수성소방서,202403,0.0,대구,49.0,49,6.758064516129032
수성소방서,202403,1.0,대구,42.0,42,6.270967741935484
수성소방서,202403,2.0,대구,40.0,41,5.919354838709677
수성소방서,202403,3.0,대구,36.0,38,5.390322580645161
수성소방서,202403,4.0,대구,45.0,34,4.861290322580645
수성소방서,202403,5.0,대구,36.0,43,4.416129032258064
수성소방서,202403,6.0,대구,44.0,34,4.061290322580645
수성소방서,202403,7.0,대구,92.0,68,3.938709677419354
수성소방서,202403,8.0,대구,93.0,77,5.003225806451613
수성소방서,202403,9.0,대구,102.0,74,6.583870967741936
수성소방서,202403,10.0,대구,94.0,74,8.416129032258064
수성소방서,202403,11.0,대구,97.0,96,10.04516129032258
수성소방서,202403,12.0,대구,84.0,72,11.051612903225807
수성소방서,202403,13.0,대구,100.0,87,11.90967741935484
수성소방서,202403,14.0,대구,103.0,82,12.86451612903226
수성소방서,202403,15.0,대구,70.0,75,13.080645161290322
수성소방서,202403,16.0,대구,79.0,67,13.380645161290325
수성소방서,202403,17.0,대구,64.0,72,12.932258064516128
수성소방서,202403,18.0,대구,77.0,81,12.070967741935483
수성소방서,202403,19.0,대구,77.0,69,10.83548387096774
수성소방서,202403,20.0,대구,90.0,85,9.667741935483871
수성소방서,202403,21.0,대구,66.0,56,8.970967741935485
수성소방서,202403,22.0,대구,63.0,54,8.193548387096774
수성소방서,202403,23.0,대구,46.0,53,7.574193548387096
수성소방서,202404,0.0,대구,50.0,60,13.85
수성소방서,202404,1.0,대구,44.0,43,13.24
수성소방서,202404,2.0,대구,42.0,51,12.793333333333331
수성소방서,202404,3.0,대구,35.0,27,12.406666666666666
수성소방서,202404,4.0,대구,40.0,31,11.963333333333336
수성소방서,202404,5.0,대구,51.0,41,11.643333333333334
수성소방서,202404,6.0,대구,67.0,39,11.436666666666667
수성소방서,202404,7.0,대구,85.0,57,11.976666666666668
수성소방서,202404,8.0,대구,137.0,95,13.283333333333331
수성소방서,202404,9.0,대구,118.0,89,15.026666666666667
수성소방서,202404,10.0,대구,114.0,90,16.67
수성소방서,202404,11.0,대구,84.0,91,18.296666666666667
수성소방서,202404,12.0,대구,119.0,87,19.39333333333333
수성소방서,202404,13.0,대구,124.0,99,20.326666666666664
수성소방서,202404,14.0,대구,95.0,76,20.916666666666668
수성소방서,202404,15.0,대구,90.0,66,21.290000000000003
수성소방서,202404,16.0,대구,93.0,79,21.456666666666667
수성소방서,202404,17.0,대구,109.0,100,21.21333333333333
수성소방서,202404,18.0,대구,77.0,72,20.28666666666667
수성소방서,202404,19.0,대구,77.0,74,18.78333333333333
수성소방서,202404,20.0,대구,90.0,85,17.323333333333334
수성소방서,202404,21.0,대구,85.0,71,16.226666666666667
수성소방서,202404,22.0,대구,81.0,74,15.343333333333334
수성소방서,202404,23.0,대구,78.0,71,14.566666666666666
수성소방서,202405,0.0,대구,64.0,60,16.432258064516127
수성소방서,202405,1.0,대구,58.0,51,15.72258064516129
수성소방서,202405,2.0,대구,40.0,37,15.25483870967742
수성소방서,202405,3.0,대구,40.0,33,14.661290322580646
수성소방서,202405,4.0,대구,34.0,30,14.12258064516129
수성소방서,202405,5.0,대구,58.0,46,13.683870967741935
수성소방서,202405,6.0,대구,61.0,44,13.703225806451613
수성소방서,202405,7.0,대구,85.0,66,15.22258064516129
수성소방서,202405,8.0,대구,107.0,79,16.925806451612903
수성소방서,202405,9.0,대구,156.0,111,18.83225806451613
수성소방서,202405,10.0,대구,106.0,99,20.461290322580645
수성소방서,202405,11.0,대구,108.0,82,21.94193548387097
수성소방서,202405,12.0,대구,110.0,88,23.03548387096774
수성소방서,202405,13.0,대구,101.0,76,23.951612903225808
수성소방서,202405,14.0,대구,100.0,79,24.596774193548388
수성소방서,202405,15.0,대구,90.0,72,24.90967741935484
수성소방서,202405,16.0,대구,112.0,82,25.106451612903225
수성소방서,202405,17.0,대구,117.0,90,24.716129032258067
수성소방서,202405,18.0,대구,118.0,104,23.77741935483871
수성소방서,202405,19.0,대구,89.0,80,22.52258064516129
수성소방서,202405,20.0,대구,111.0,108,20.61935483870968
수성소방서,202405,21.0,대구,91.0,81,19.348387096774196
수성소방서,202405,22.0,대구,65.0,73,18.47741935483871
수성소방서,202405,23.0,대구,87.0,73,17.606451612903225
수성소방서,202406,0.0,대구,57.0,58,22.37
수성소방서,202406,1.0,대구,53.0,41,21.74
수성소방서,202406,2.0,대구,41.0,42,21.16333333333333
수성소방서,202406,3.0,대구,37.0,41,20.55666666666667
수성소방서,202406,4.0,대구,44.0,45,20.116666666666667
수성소방서,202406,5.0,대구,46.0,40,19.746666666666663
수성소방서,202406,6.0,대구,84.0,60,19.94
수성소방서,202406,7.0,대구,80.0,71,21.21333333333333
수성소방서,202406,8.0,대구,89.0,87,22.75
수성소방서,202406,9.0,대구,131.0,92,24.15
수성소방서,202406,10.0,대구,119.0,91,25.466666666666665
수성소방서,202406,11.0,대구,116.0,82,26.566666666666663
수성소방서,202406,12.0,대구,98.0,67,27.62
수성소방서,202406,13.0,대구,102.0,97,28.326666666666664
수성소방서,202406,14.0,대구,104.0,86,28.94333333333333
수성소방서,202406,15.0,대구,97.0,85,29.16333333333333
수성소방서,202406,16.0,대구,72.0,67,29.33333333333333
수성소방서,202406,17.0,대구,96.0,82,28.91333333333333
수성소방서,202406,18.0,대구,73.0,67,28.06
수성소방서,202406,19.0,대구,97.0,82,26.99
수성소방서,202406,20.0,대구,111.0,93,25.78666666666667
수성소방서,202406,21.0,대구,70.0,60,24.75333333333333
수성소방서,202406,22.0,대구,71.0,63,23.826666666666664
수성소방서,202406,23.0,대구,71.0,69,23.166666666666668
수성소방서,202407,0.0,대구,49.0,58,26.35483870967742
수성소방서,202407,1.0,대구,53.0,43,25.94516129032258
수성소방서,202407,2.0,대구,46.0,39,25.64516129032258
수성소방서,202407,3.0,대구,43.0,45,25.451612903225808
수성소방서,202407,4.0,대구,55.0,44,25.248387096774195
수성소방서,202407,5.0,대구,53.0,50,25.05483870967742
수성소방서,202407,6.0,대구,77.0,64,25.02258064516129
수성소방서,202407,7.0,대구,106.0,81,25.64516129032258
수성소방서,202407,8.0,대구,103.0,87,26.55161290322581
수성소방서,202407,9.0,대구,150.0,101,27.44516129032258
수성소방서,202407,10.0,대구,128.0,111,28.3
수성소방서,202407,11.0,대구,125.0,105,29.0258064516129
수성소방서,202407,12.0,대구,108.0,89,29.57741935483871
수성소방서,202407,13.0,대구,119.0,99,29.93548387096774
수성소방서,202407,14.0,대구,101.0,75,30.361290322580643
수성소방서,202407,15.0,대구,121.0,102,30.6
수성소방서,202407,16.0,대구,89.0,88,30.73548387096774
수성소방서,202407,17.0,대구,93.0,81,30.47741935483871
수성소방서,202407,18.0,대구,116.0,105,30.21935483870968
수성소방서,202407,19.0,대구,116.0,98,29.30967741935484
수성소방서,202407,20.0,대구,95.0,94,28.225806451612904
수성소방서,202407,21.0,대구,113.0,103,27.712903225806453
수성소방서,202407,22.0,대구,92.0,68,27.283870967741933
수성소방서,202407,23.0,대구,70.0,76,26.8
수성소방서,202408,0.0,대구,59.0,62,27.13225806451613
수성소방서,202408,1.0,대구,71.0,68,26.73548387096774
수성소방서,202408,2.0,대구,53.0,50,26.26129032258065
수성소방서,202408,3.0,대구,49.0,46,26.05483870967742
수성소방서,202408,4.0,대구,47.0,48,25.71935483870968
수성소방서,202408,5.0,대구,56.0,44,25.44516129032258
수성소방서,202408,6.0,대구,57.0,59,25.335483870967742
수성소방서,202408,7.0,대구,86.0,70,26.148387096774197
수성소방서,202408,8.0,대구,149.0,117,27.34193548387097
수성소방서,202408,9.0,대구,187.0,132,28.74516129032258
수성소방서,202408,10.0,대구,169.0,110,30.083870967741937
수성소방서,202408,11.0,대구,125.0,102,31.17419354838709
수성소방서,202408,12.0,대구,144.0,106,32.20967741935484
수성소방서,202408,13.0,대구,123.0,92,32.935483870967744
수성소방서,202408,14.0,대구,103.0,91,33.07419354838709
수성소방서,202408,15.0,대구,114.0,94,33.009677419354844
수성소방서,202408,16.0,대구,129.0,103,33.0258064516129
수성소방서,202408,17.0,대구,94.0,92,32.42903225806452
수성소방서,202408,18.0,대구,120.0,104,31.51935483870968
수성소방서,202408,19.0,대구,126.0,100,30.206451612903223
수성소방서,202408,20.0,대구,106.0,106,29.27741935483871
수성소방서,202408,21.0,대구,110.0,96,28.580645161290324
수성소방서,202408,22.0,대구,92.0,92,28.05483870967742
수성소방서,202408,23.0,대구,53.0,59,27.5
수성소방서,202409,0.0,대구,55.0,60,23.776666666666664
수성소방서,202409,1.0,대구,71.0,65,23.43
수성소방서,202409,2.0,대구,48.0,43,23.14333333333333
수성소방서,202409,3.0,대구,40.0,40,22.88
수성소방서,202409,4.0,대구,49.0,46,22.543333333333333
수성소방서,202409,5.0,대구,34.0,38,22.273333333333333
수성소방서,202409,6.0,대구,61.0,58,22.06
수성소방서,202409,7.0,대구,85.0,56,22.42
수성소방서,202409,8.0,대구,90.0,75,23.51
수성소방서,202409,9.0,대구,124.0,97,24.71
수성소방서,202409,10.0,대구,110.0,90,26.09333333333333
수성소방서,202409,11.0,대구,111.0,95,27.266666666666666
수성소방서,202409,12.0,대구,88.0,81,28.3
수성소방서,202409,13.0,대구,129.0,101,28.94
수성소방서,202409,14.0,대구,83.0,83,29.446666666666665
수성소방서,202409,15.0,대구,95.0,82,29.466666666666665
수성소방서,202409,16.0,대구,103.0,85,29.28666666666667
수성소방서,202409,17.0,대구,100.0,91,28.636666666666667
수성소방서,202409,18.0,대구,105.0,93,27.55
수성소방서,202409,19.0,대구,97.0,72,26.45
수성소방서,202409,20.0,대구,98.0,91,25.51333333333333
수성소방서,202409,21.0,대구,80.0,85,24.90333333333333
수성소방서,202409,22.0,대구,77.0,74,24.433333333333334
수성소방서,202409,23.0,대구,75.0,72,23.936666666666667
수성소방서,202410,0.0,대구,47.0,47,15.422580645161291
수성소방서,202410,1.0,대구,41.0,48,15.029032258064516
수성소방서,202410,2.0,대구,45.0,43,14.72258064516129
수성소방서,202410,3.0,대구,32.0,31,14.480645161290322
수성소방서,202410,4.0,대구,48.0,42,14.229032258064516
수성소방서,202410,5.0,대구,40.0,37,13.86451612903226
수성소방서,202410,6.0,대구,63.0,40,13.587096774193547
수성소방서,202410,7.0,대구,84.0,67,13.651612903225804
수성소방서,202410,8.0,대구,102.0,94,14.74516129032258
수성소방서,202410,9.0,대구,105.0,80,16.225806451612904
수성소방서,202410,10.0,대구,122.0,99,17.835483870967742
수성소방서,202410,11.0,대구,84.0,74,19.283870967741933
수성소방서,202410,12.0,대구,102.0,82,20.26451612903226
수성소방서,202410,13.0,대구,93.0,90,20.693548387096776
수성소방서,202410,14.0,대구,94.0,70,20.990322580645163
수성소방서,202410,15.0,대구,91.0,80,21.0258064516129
수성소방서,202410,16.0,대구,74.0,82,20.69032258064516
수성소방서,202410,17.0,대구,101.0,87,19.94193548387097
수성소방서,202410,18.0,대구,90.0,89,18.8
수성소방서,202410,19.0,대구,97.0,84,17.874193548387098
수성소방서,202410,20.0,대구,79.0,67,17.141935483870967
수성소방서,202410,21.0,대구,68.0,75,16.57741935483871
수성소방서,202410,22.0,대구,71.0,69,16.07741935483871
수성소방서,202410,23.0,대구,57.0,63,15.712903225806452
수성소방서,202411,0.0,대구,57.0,56,8.9
수성소방서,202411,1.0,대구,36.0,41,8.476666666666667
수성소방서,202411,2.0,대구,51.0,39,8.006666666666666
수성소방서,202411,3.0,대구,33.0,36,7.723333333333333
수성소방서,202411,4.0,대구,29.0,31,7.533333333333333
수성소방서,202411,5.0,대구,26.0,28,7.263333333333334
수성소방서,202411,6.0,대구,51.0,46,7.126666666666667
수성소방서,202411,7.0,대구,48.0,41,7.003333333333333
수성소방서,202411,8.0,대구,105.0,84,7.603333333333333
수성소방서,202411,9.0,대구,126.0,91,9.04
수성소방서,202411,10.0,대구,126.0,93,10.773333333333332
수성소방서,202411,11.0,대구,133.0,97,12.523333333333332
수성소방서,202411,12.0,대구,91.0,83,13.906666666666666
수성소방서,202411,13.0,대구,94.0,84,14.966666666666669
수성소방서,202411,14.0,대구,86.0,79,15.46
수성소방서,202411,15.0,대구,85.0,73,15.456666666666669
수성소방서,202411,16.0,대구,78.0,77,15.25
수성소방서,202411,17.0,대구,109.0,100,14.26
수성소방서,202411,18.0,대구,83.0,83,12.883333333333333
수성소방서,202411,19.0,대구,86.0,70,11.89
수성소방서,202411,20.0,대구,75.0,65,10.99
수성소방서,202411,21.0,대구,71.0,61,10.36
수성소방서,202411,22.0,대구,74.0,65,9.73
수성소방서,202411,23.0,대구,51.0,51,9.12
수성소방서,202412,0.0,대구,72.0,69,1.8935483870967744
수성소방서,202412,1.0,대구,44.0,44,1.529032258064516
수성소방서,202412,2.0,대구,47.0,37,1.2903225806451613
수성소방서,202412,3.0,대구,31.0,35,1.1419354838709677
수성소방서,202412,4.0,대구,29.0,23,1.032258064516129
수성소방서,202412,5.0,대구,29.0,27,0.6709677419354838
수성소방서,202412,6.0,대구,55.0,36,0.3870967741935484
수성소방서,202412,7.0,대구,95.0,57,0.3806451612903226
수성소방서,202412,8.0,대구,123.0,97,0.4451612903225806
수성소방서,202412,9.0,대구,121.0,103,1.8806451612903228
수성소방서,202412,10.0,대구,133.0,110,3.393548387096774
수성소방서,202412,11.0,대구,95.0,85,4.674193548387097
수성소방서,202412,12.0,대구,93.0,86,6.090322580645162
수성소방서,202412,13.0,대구,99.0,95,7.032258064516129
수성소방서,202412,14.0,대구,107.0,98,7.664516129032258
수성소방서,202412,15.0,대구,122.0,91,7.864516129032259
수성소방서,202412,16.0,대구,97.0,72,7.441935483870968
수성소방서,202412,17.0,대구,91.0,84,6.358064516129032
수성소방서,202412,18.0,대구,104.0,85,5.364516129032259
수성소방서,202412,19.0,대구,78.0,69,4.525806451612903
수성소방서,202412,20.0,대구,93.0,90,3.812903225806452
수성소방서,202412,21.0,대구,88.0,67,3.2225806451612904
수성소방서,202412,22.0,대구,83.0,73,2.6258064516129034
수성소방서,202412,23.0,대구,64.0,61,2.203225806451613
수성소방서,202501,0.0,대구,57.0,53,-0.2967741935483871
수성소방서,202501,1.0,대구,50.0,46,-0.7870967741935483
수성소방서,202501,2.0,대구,53.0,52,-1.2935483870967743
수성소방서,202501,3.0,대구,47.0,35,-1.6129032258064515
수성소방서,202501,4.0,대구,47.0,43,-1.8774193548387097
수성소방서,202501,5.0,대구,48.0,41,-2.061290322580645
수성소방서,202501,6.0,대구,48.0,43,-2.338709677419355
수성소방서,202501,7.0,대구,58.0,47,-2.5161290322580645
수성소방서,202501,8.0,대구,121.0,92,-2.441935483870968
수성소방서,202501,9.0,대구,171.0,113,-0.9548387096774194
수성소방서,202501,10.0,대구,142.0,111,0.8
수성소방서,202501,11.0,대구,117.0,86,2.6451612903225805
수성소방서,202501,12.0,대구,104.0,101,4.170967741935484
수성소방서,202501,13.0,대구,129.0,77,5.316129032258065
수성소방서,202501,14.0,대구,107.0,87,5.993548387096775
수성소방서,202501,15.0,대구,100.0,91,6.341935483870968
수성소방서,202501,16.0,대구,103.0,81,6.212903225806452
수성소방서,202501,17.0,대구,92.0,80,5.380645161290323
수성소방서,202501,18.0,대구,113.0,89,4.158064516129032
수성소방서,202501,19.0,대구,82.0,88,3.196774193548387
수성소방서,202501,20.0,대구,96.0,76,2.203225806451613
수성소방서,202501,21.0,대구,76.0,76,1.3225806451612905
수성소방서,202501,22.0,대구,76.0,61,0.8096774193548387
수성소방서,202501,23.0,대구,67.0,66,0.2580645161290322
수성소방서,202502,0.0,대구,53.0,47,-0.3035714285714286
수성소방서,202502,1.0,대구,27.0,36,-0.7392857142857142
수성소방서,202502,2.0,대구,29.0,30,-1.1714285714285713
수성소방서,202502,3.0,대구,39.0,31,-1.5857142857142856
수성소방서,202502,4.0,대구,41.0,32,-1.8571428571428568
수성소방서,202502,5.0,대구,37.0,27,-2.3178571428571426
수성소방서,202502,6.0,대구,41.0,38,-2.585714285714286
수성소방서,202502,7.0,대구,61.0,46,-2.7785714285714285
수성소방서,202502,8.0,대구,86.0,65,-2.4214285714285717
수성소방서,202502,9.0,대구,130.0,91,-0.9071428571428573
수성소방서,202502,10.0,대구,100.0,77,0.6107142857142858
수성소방서,202502,11.0,대구,87.0,69,1.9214285714285717
수성소방서,202502,12.0,대구,89.0,78,3.253571428571429
수성소방서,202502,13.0,대구,90.0,80,4.160714285714286
수성소방서,202502,14.0,대구,109.0,84,5.075
수성소방서,202502,15.0,대구,84.0,72,5.7
수성소방서,202502,16.0,대구,64.0,72,5.917857142857143
수성소방서,202502,17.0,대구,75.0,70,5.578571428571428
수성소방서,202502,18.0,대구,70.0,58,4.378571428571428
수성소방서,202502,19.0,대구,90.0,70,3.2964285714285717
수성소방서,202502,20.0,대구,83.0,78,2.5107142857142857
수성소방서,202502,21.0,대구,85.0,75,1.6821428571428572
수성소방서,202502,22.0,대구,68.0,63,0.9428571428571428
수성소방서,202502,23.0,대구,62.0,55,0.3035714285714285
수성소방서,202503,0.0,대구,73.0,61,7.916129032258064
수성소방서,202503,1.0,대구,52.0,48,7.274193548387097
수성소방서,202503,2.0,대구,49.0,45,6.696774193548387
수성소방서,202503,3.0,대구,25.0,33,6.283870967741936
수성소방서,202503,4.0,대구,33.0,35,5.6
수성소방서,202503,5.0,대구,44.0,31,5.206451612903226
수성소방서,202503,6.0,대구,43.0,37,4.787096774193548
수성소방서,202503,7.0,대구,62.0,56,4.780645161290323
수성소방서,202503,8.0,대구,93.0,68,6.067741935483871
수성소방서,202503,9.0,대구,123.0,94,7.693548387096774
수성소방서,202503,10.0,대구,118.0,92,9.603225806451611
수성소방서,202503,11.0,대구,103.0,79,11.25483870967742
수성소방서,202503,12.0,대구,68.0,67,12.65483870967742
수성소방서,202503,13.0,대구,120.0,82,13.65483870967742
수성소방서,202503,14.0,대구,95.0,86,14.229032258064516
수성소방서,202503,15.0,대구,95.0,86,14.422580645161291
수성소방서,202503,16.0,대구,79.0,59,14.483870967741936
수성소방서,202503,17.0,대구,82.0,76,13.874193548387098
수성소방서,202503,18.0,대구,96.0,89,12.906451612903227
수성소방서,202503,19.0,대구,73.0,65,11.638709677419357
수성소방서,202503,20.0,대구,96.0,82,10.567741935483872
수성소방서,202503,21.0,대구,87.0,77,9.680645161290322
수성소방서,202503,22.0,대구,67.0,63,9.093548387096773
수성소방서,202503,23.0,대구,62.0,65,8.52258064516129
수성소방서,202504,0.0,대구,56.0,47,12.496666666666666
수성소방서,202504,1.0,대구,42.0,39,11.77
수성소방서,202504,2.0,대구,36.0,30,10.783333333333331
수성소방서,202504,3.0,대구,41.0,38,10.19
수성소방서,202504,4.0,대구,43.0,32,9.64
수성소방서,202504,5.0,대구,48.0,41,9.306666666666668
수성소방서,202504,6.0,대구,47.0,36,9.11
수성소방서,202504,7.0,대구,83.0,71,9.73
수성소방서,202504,8.0,대구,98.0,75,11.433333333333334
수성소방서,202504,9.0,대구,136.0,96,13.55
수성소방서,202504,10.0,대구,103.0,84,15.36
수성소방서,202504,11.0,대구,110.0,74,17.19
수성소방서,202504,12.0,대구,93.0,64,18.383333333333333
수성소방서,202504,13.0,대구,131.0,113,19.383333333333333
수성소방서,202504,14.0,대구,108.0,80,20.2
수성소방서,202504,15.0,대구,77.0,74,20.596666666666668
수성소방서,202504,16.0,대구,105.0,73,20.85
수성소방서,202504,17.0,대구,114.0,85,20.42
수성소방서,202504,18.0,대구,75.0,72,19.34
수성소방서,202504,19.0,대구,96.0,101,17.563333333333333
수성소방서,202504,20.0,대구,87.0,77,16.243333333333332
수성소방서,202504,21.0,대구,87.0,71,15.123333333333331
수성소방서,202504,22.0,대구,67.0,76,14.276666666666667
수성소방서,202504,23.0,대구,53.0,59,13.446666666666664
수성소방서,202505,0.0,대구,52.0,47,15.97741935483871
수성소방서,202505,1.0,대구,37.0,44,15.419354838709678
수성소방서,202505,2.0,대구,42.0,37,14.85483870967742
수성소방서,202505,3.0,대구,36.0,36,14.4
수성소방서,202505,4.0,대구,39.0,31,14.077419354838709
수성소방서,202505,5.0,대구,38.0,31,13.696774193548386
수성소방서,202505,6.0,대구,41.0,37,13.580645161290322
수성소방서,202505,7.0,대구,96.0,62,14.680645161290323
수성소방서,202505,8.0,대구,89.0,72,16.177419354838708
수성소방서,202505,9.0,대구,111.0,73,17.570967741935487
수성소방서,202505,10.0,대구,92.0,66,18.983870967741936
수성소방서,202505,11.0,대구,107.0,89,20.251612903225805
수성소방서,202505,12.0,대구,98.0,76,21.325806451612905
수성소방서,202505,13.0,대구,89.0,68,22.19677419354839
수성소방서,202505,14.0,대구,83.0,68,22.738709677419354
수성소방서,202505,15.0,대구,87.0,83,22.86774193548387
수성소방서,202505,16.0,대구,88.0,81,22.606451612903225
수성소방서,202505,17.0,대구,78.0,81,22.138709677419357
수성소방서,202505,18.0,대구,108.0,93,21.33225806451613
수성소방서,202505,19.0,대구,110.0,98,20.09032258064516
수성소방서,202505,20.0,대구,86.0,78,18.94516129032258
수성소방서,202505,21.0,대구,84.0,73,18.01935483870968
수성소방서,202505,22.0,대구,87.0,74,17.22258064516129
수성소방서,202505,23.0,대구,60.0,63,16.51290322580645
수성소방서,202506,0.0,대구,66.0,59,22.366666666666667
수성소방서,202506,1.0,대구,46.0,45,21.82
수성소방서,202506,2.0,대구,42.0,43,21.246666666666663
수성소방서,202506,3.0,대구,38.0,31,20.83333333333333
수성소방서,202506,4.0,대구,32.0,27,20.466666666666665
수성소방서,202506,5.0,대구,35.0,29,20.183333333333334
수성소방서,202506,6.0,대구,55.0,42,20.246666666666663
수성소방서,202506,7.0,대구,92.0,66,21.396666666666665
수성소방서,202506,8.0,대구,132.0,102,22.846666666666668
수성소방서,202506,9.0,대구,127.0,89,24.14333333333333
수성소방서,202506,10.0,대구,101.0,80,25.47
수성소방서,202506,11.0,대구,81.0,76,26.613333333333333
수성소방서,202506,12.0,대구,107.0,84,27.53666666666667
수성소방서,202506,13.0,대구,107.0,81,28.48333333333333
수성소방서,202506,14.0,대구,100.0,78,29.03
수성소방서,202506,15.0,대구,84.0,73,29.473333333333336
수성소방서,202506,16.0,대구,94.0,73,29.48333333333333
수성소방서,202506,17.0,대구,97.0,78,29.17
수성소방서,202506,18.0,대구,105.0,86,28.46
수성소방서,202506,19.0,대구,100.0,86,27.38
수성소방서,202506,20.0,대구,82.0,77,26.07333333333333
수성소방서,202506,21.0,대구,92.0,83,25.023333333333333
수성소방서,202506,22.0,대구,62.0,69,24.15
수성소방서,202506,23.0,대구,43.0,44,23.383333333333333
수성소방서,202507,0.0,대구,55.0,44,25.80322580645161
수성소방서,202507,1.0,대구,59.0,52,25.387096774193548
수성소방서,202507,2.0,대구,41.0,43,24.98709677419355
수성소방서,202507,3.0,대구,48.0,41,24.654838709677417
수성소방서,202507,4.0,대구,40.0,33,24.296774193548387
수성소방서,202507,5.0,대구,74.0,42,24.0258064516129
수성소방서,202507,6.0,대구,72.0,55,24.05161290322581
수성소방서,202507,7.0,대구,104.0,73,25.216129032258067
수성소방서,202507,8.0,대구,114.0,84,26.38064516129032
수성소방서,202507,9.0,대구,132.0,103,27.687096774193545
수성소방서,202507,10.0,대구,109.0,89,29.029032258064515
수성소방서,202507,11.0,대구,92.0,79,30.13225806451613
수성소방서,202507,12.0,대구,97.0,75,30.83225806451613
수성소방서,202507,13.0,대구,103.0,87,31.606451612903225
수성소방서,202507,14.0,대구,80.0,71,31.86774193548387
수성소방서,202507,15.0,대구,90.0,83,32.10645161290322
수성소방서,202507,16.0,대구,82.0,68,31.84193548387097
수성소방서,202507,17.0,대구,90.0,86,31.532258064516128
수성소방서,202507,18.0,대구,112.0,87,31.01935483870968
수성소방서,202507,19.0,대구,89.0,69,29.83225806451613
수성소방서,202507,20.0,대구,94.0,71,28.583870967741937
수성소방서,202507,21.0,대구,94.0,81,27.71935483870968
수성소방서,202507,22.0,대구,77.0,61,26.906451612903226
수성소방서,202507,23.0,대구,73.0,70,26.293548387096774
수성소방서,202508,0.0,대구,51.0,48,26.60322580645161
수성소방서,202508,1.0,대구,42.0,45,26.15806451612903
수성소방서,202508,2.0,대구,46.0,48,25.80322580645161
수성소방서,202508,3.0,대구,36.0,27,25.503225806451614
수성소방서,202508,4.0,대구,42.0,31,25.20967741935484
수성소방서,202508,5.0,대구,36.0,35,24.958064516129035
수성소방서,202508,6.0,대구,79.0,59,24.80967741935484
수성소방서,202508,7.0,대구,83.0,67,25.687096774193545
수성소방서,202508,8.0,대구,120.0,98,27.125806451612902
수성소방서,202508,9.0,대구,175.0,122,28.574193548387097
수성소방서,202508,10.0,대구,138.0,91,29.851612903225806
수성소방서,202508,11.0,대구,86.0,80,30.925806451612903
수성소방서,202508,12.0,대구,96.0,75,31.85483870967742
수성소방서,202508,13.0,대구,122.0,103,32.5
수성소방서,202508,14.0,대구,116.0,92,32.6
수성소방서,202508,15.0,대구,72.0,61,32.8
수성소방서,202508,16.0,대구,91.0,74,32.516129032258064
수성소방서,202508,17.0,대구,117.0,81,32.05806451612903
수성소방서,202508,18.0,대구,88.0,79,31.51935483870968
수성소방서,202508,19.0,대구,89.0,88,30.38064516129032
수성소방서,202508,20.0,대구,109.0,86,29.23548387096774
수성소방서,202508,21.0,대구,106.0,89,28.30967741935484
수성소방서,202508,22.0,대구,71.0,62,27.574193548387097
수성소방서,202508,23.0,대구,53.0,64,27.10967741935484
수성소방서,202509,0.0,대구,61.0,55,22.35
수성소방서,202509,1.0,대구,42.0,57,22.14
수성소방서,202509,2.0,대구,26.0,31,21.94
수성소방서,202509,3.0,대구,59.0,43,21.686666666666667
수성소방서,202509,4.0,대구,32.0,30,21.506666666666668
수성소방서,202509,5.0,대구,53.0,38,21.32333333333333
수성소방서,202509,6.0,대구,57.0,45,21.16333333333333
수성소방서,202509,7.0,대구,97.0,72,21.47
수성소방서,202509,8.0,대구,124.0,99,22.41
수성소방서,202509,9.0,대구,126.0,95,23.55666666666667
수성소방서,202509,10.0,대구,100.0,90,24.796666666666667
수성소방서,202509,11.0,대구,111.0,76,25.76
수성소방서,202509,12.0,대구,82.0,76,26.523333333333333
수성소방서,202509,13.0,대구,103.0,75,27.25
수성소방서,202509,14.0,대구,91.0,73,27.433333333333334
수성소방서,202509,15.0,대구,88.0,75,27.313333333333333
수성소방서,202509,16.0,대구,81.0,72,27.043333333333333
수성소방서,202509,17.0,대구,80.0,71,26.616666666666667
수성소방서,202509,18.0,대구,86.0,89,25.566666666666663
수성소방서,202509,19.0,대구,96.0,93,24.49333333333333
수성소방서,202509,20.0,대구,75.0,74,23.756666666666668
수성소방서,202509,21.0,대구,97.0,81,23.256666666666668
수성소방서,202509,22.0,대구,65.0,66,22.883333333333333
수성소방서,202509,23.0,대구,65.0,56,22.496666666666663
수성소방서,202510,0.0,대구,53.0,56,16.18064516129032
수성소방서,202510,1.0,대구,42.0,50,15.925806451612903
수성소방서,202510,2.0,대구,33.0,27,15.706451612903226
수성소방서,202510,3.0,대구,36.0,34,15.45483870967742
수성소방서,202510,4.0,대구,33.0,33,15.312903225806451
수성소방서,202510,5.0,대구,50.0,41,15.109677419354838
수성소방서,202510,6.0,대구,47.0,43,15.01290322580645
수성소방서,202510,7.0,대구,65.0,58,14.980645161290322
수성소방서,202510,8.0,대구,90.0,75,15.774193548387096
수성소방서,202510,9.0,대구,123.0,97,16.916129032258063
수성소방서,202510,10.0,대구,106.0,87,17.93548387096774
수성소방서,202510,11.0,대구,87.0,72,18.90322580645161
수성소방서,202510,12.0,대구,88.0,90,19.73548387096774
수성소방서,202510,13.0,대구,74.0,67,20.358064516129037
수성소방서,202510,14.0,대구,96.0,74,20.641935483870967
수성소방서,202510,15.0,대구,93.0,82,20.606451612903225
수성소방서,202510,16.0,대구,60.0,67,20.26774193548387
수성소방서,202510,17.0,대구,103.0,96,19.67419354838709
수성소방서,202510,18.0,대구,106.0,101,18.848387096774196
수성소방서,202510,19.0,대구,77.0,76,18.048387096774192
수성소방서,202510,20.0,대구,68.0,62,17.41290322580645
수성소방서,202510,21.0,대구,88.0,88,16.861290322580647
수성소방서,202510,22.0,대구,64.0,62,16.416129032258063
수성소방서,202510,23.0,대구,45.0,55,16.164516129032258
수성소방서,202511,0.0,대구,65.0,55,7.266666666666667
수성소방서,202511,1.0,대구,55.0,52,6.8933333333333335
수성소방서,202511,2.0,대구,53.0,42,6.54
수성소방서,202511,3.0,대구,41.0,39,6.096666666666667
수성소방서,202511,4.0,대구,37.0,30,5.733333333333333
수성소방서,202511,5.0,대구,42.0,30,5.426666666666667
수성소방서,202511,6.0,대구,62.0,42,5.286666666666666
수성소방서,202511,7.0,대구,66.0,58,4.953333333333333
수성소방서,202511,8.0,대구,89.0,70,5.760000000000001
수성소방서,202511,9.0,대구,139.0,91,7.72
수성소방서,202511,10.0,대구,101.0,68,9.706666666666669
수성소방서,202511,11.0,대구,90.0,79,11.596666666666666
수성소방서,202511,12.0,대구,89.0,70,13.193333333333332
수성소방서,202511,13.0,대구,105.0,96,14.37
수성소방서,202511,14.0,대구,123.0,97,15.22
수성소방서,202511,15.0,대구,118.0,72,15.59
수성소방서,202511,16.0,대구,77.0,77,15.38
수성소방서,202511,17.0,대구,81.0,86,14.086666666666668
수성소방서,202511,18.0,대구,102.0,81,12.246666666666666
수성소방서,202511,19.0,대구,86.0,72,10.876666666666669
수성소방서,202511,20.0,대구,73.0,56,9.886666666666668
수성소방서,202511,21.0,대구,68.0,64,9.006666666666666
수성소방서,202511,22.0,대구,82.0,65,8.353333333333333
수성소방서,202511,23.0,대구,50.0,54,7.806666666666667
수성소방서,202512,0.0,대구,54.0,56,2.2225806451612904
수성소방서,202512,1.0,대구,47.0,50,1.7967741935483872
수성소방서,202512,2.0,대구,54.0,39,1.3838709677419354
수성소방서,202512,3.0,대구,40.0,37,1.1935483870967742
수성소방서,202512,4.0,대구,35.0,30,0.7129032258064517
수성소방서,202512,5.0,대구,38.0,26,0.5129032258064516
수성소방서,202512,6.0,대구,36.0,31,0.2064516129032258
수성소방서,202512,7.0,대구,83.0,61,0.0483870967741935
수성소방서,202512,8.0,대구,97.0,75,0.2419354838709677
수성소방서,202512,9.0,대구,124.0,84,1.4161290322580644
수성소방서,202512,10.0,대구,120.0,87,3.0064516129032257
수성소방서,202512,11.0,대구,108.0,85,4.793548387096774
수성소방서,202512,12.0,대구,113.0,75,6.074193548387097
수성소방서,202512,13.0,대구,106.0,96,7.080645161290323
수성소방서,202512,14.0,대구,110.0,76,7.764516129032257
수성소방서,202512,15.0,대구,99.0,87,8.012903225806452
수성소방서,202512,16.0,대구,94.0,64,7.887096774193548
수성소방서,202512,17.0,대구,103.0,80,6.916129032258064
수성소방서,202512,18.0,대구,96.0,83,5.745161290322581
수성소방서,202512,19.0,대구,96.0,77,4.858064516129032
수성소방서,202512,20.0,대구,71.0,60,3.987096774193548
수성소방서,202512,21.0,대구,84.0,90,3.2838709677419358
수성소방서,202512,22.0,대구,84.0,78,2.8
수성소방서,202512,23.0,대구,63.0,61,2.296774193548387
원주소방서,201701,0.0,원주,45.0,64,-3.129032258064516
원주소방서,201701,1.0,원주,22.0,51,-3.467741935483871
원주소방서,201701,2.0,원주,24.0,47,-3.796774193548387
원주소방서,201701,3.0,원주,27.0,32,-4.103225806451613
원주소방서,201701,4.0,원주,33.0,34,-4.548387096774194
원주소방서,201701,5.0,원주,22.0,27,-4.94516129032258
원주소방서,201701,6.0,원주,41.0,45,-5.312903225806451
원주소방서,201701,7.0,원주,30.0,50,-5.6
원주소방서,201701,8.0,원주,77.0,91,-5.764516129032257
원주소방서,201701,9.0,원주,77.0,83,-4.922580645161291
원주소방서,201701,10.0,원주,66.0,70,-3.651612903225807
원주소방서,201701,11.0,원주,42.0,66,-2.329032258064516
원주소방서,201701,12.0,원주,63.0,87,-0.8548387096774194
원주소방서,201701,13.0,원주,59.0,65,0.5064516129032258
원주소방서,201701,14.0,원주,44.0,74,1.3483870967741935
원주소방서,201701,15.0,원주,43.0,66,1.8580645161290323
원주소방서,201701,16.0,원주,41.0,73,1.883870967741936
원주소방서,201701,17.0,원주,42.0,54,1.467741935483871
원주소방서,201701,18.0,원주,40.0,58,0.567741935483871
원주소방서,201701,19.0,원주,48.0,63,-0.3806451612903226
원주소방서,201701,20.0,원주,42.0,55,-1.1225806451612903
원주소방서,201701,21.0,원주,36.0,73,-1.832258064516129
원주소방서,201701,22.0,원주,36.0,68,-2.3
원주소방서,201701,23.0,원주,27.0,50,-2.835483870967742
원주소방서,201702,0.0,원주,43.0,61,-1.2285714285714284
원주소방서,201702,1.0,원주,29.0,49,-1.775
원주소방서,201702,2.0,원주,25.0,40,-2.210714285714286
원주소방서,201702,3.0,원주,12.0,22,-2.628571428571429
원주소방서,201702,4.0,원주,21.0,28,-3.0535714285714284
원주소방서,201702,5.0,원주,18.0,21,-3.375
원주소방서,201702,6.0,원주,19.0,28,-3.721428571428572
원주소방서,201702,7.0,원주,32.0,32,-4.060714285714286
원주소방서,201702,8.0,원주,54.0,60,-3.903571428571429
원주소방서,201702,9.0,원주,44.0,65,-2.914285714285714
원주소방서,201702,10.0,원주,72.0,90,-1.675
원주소방서,201702,11.0,원주,46.0,47,0.0178571428571428
원주소방서,201702,12.0,원주,52.0,68,1.5571428571428572
원주소방서,201702,13.0,원주,46.0,52,2.707142857142857
원주소방서,201702,14.0,원주,60.0,75,3.6392857142857142
원주소방서,201702,15.0,원주,35.0,47,3.982142857142857
원주소방서,201702,16.0,원주,30.0,56,4.107142857142857
원주소방서,201702,17.0,원주,54.0,64,3.825
원주소방서,201702,18.0,원주,35.0,60,3.075
원주소방서,201702,19.0,원주,36.0,61,2.1714285714285717
원주소방서,201702,20.0,원주,39.0,55,1.2785714285714285
원주소방서,201702,21.0,원주,28.0,39,0.5928571428571429
원주소방서,201702,22.0,원주,29.0,48,0.1821428571428571
원주소방서,201702,23.0,원주,34.0,49,-0.4714285714285715
원주소방서,201703,0.0,원주,32.0,50,4.038709677419355
원주소방서,201703,1.0,원주,28.0,44,3.438709677419354
원주소방서,201703,2.0,원주,25.0,30,2.838709677419355
원주소방서,201703,3.0,원주,16.0,22,2.3806451612903223
원주소방서,201703,4.0,원주,12.0,23,1.812903225806452
원주소방서,201703,5.0,원주,36.0,38,1.3580645161290323
원주소방서,201703,6.0,원주,35.0,36,0.9774193548387096
원주소방서,201703,7.0,원주,48.0,54,0.6451612903225806
원주소방서,201703,8.0,원주,78.0,72,1.4451612903225806
원주소방서,201703,9.0,원주,64.0,64,2.912903225806452
원주소방서,201703,10.0,원주,47.0,59,4.761290322580645
원주소방서,201703,11.0,원주,47.0,60,6.719354838709678
원주소방서,201703,12.0,원주,44.0,62,8.329032258064515
원주소방서,201703,13.0,원주,65.0,80,9.312903225806451
원주소방서,201703,14.0,원주,48.0,66,9.941935483870967
원주소방서,201703,15.0,원주,62.0,86,10.296774193548387
원주소방서,201703,16.0,원주,60.0,69,10.480645161290322
원주소방서,201703,17.0,원주,63.0,62,10.23225806451613
원주소방서,201703,18.0,원주,54.0,76,9.674193548387096
원주소방서,201703,19.0,원주,62.0,82,8.62258064516129
원주소방서,201703,20.0,원주,53.0,67,7.335483870967742
원주소방서,201703,21.0,원주,58.0,86,6.425806451612903
원주소방서,201703,22.0,원주,37.0,63,5.574193548387097
원주소방서,201703,23.0,원주,34.0,57,4.716129032258064
원주소방서,201704,0.0,원주,47.0,63,11.4
원주소방서,201704,1.0,원주,38.0,36,10.823333333333332
원주소방서,201704,2.0,원주,22.0,36,10.25
원주소방서,201704,3.0,원주,12.0,13,9.563333333333333
원주소방서,201704,4.0,원주,35.0,36,9.06
원주소방서,201704,5.0,원주,31.0,42,8.48
원주소방서,201704,6.0,원주,32.0,38,8.053333333333333
원주소방서,201704,7.0,원주,56.0,52,8.493333333333334
원주소방서,201704,8.0,원주,52.0,63,9.846666666666666
원주소방서,201704,9.0,원주,59.0,58,11.7
원주소방서,201704,10.0,원주,61.0,64,13.613333333333332
원주소방서,201704,11.0,원주,82.0,79,15.383333333333333
원주소방서,201704,12.0,원주,51.0,64,16.846666666666668
원주소방서,201704,13.0,원주,47.0,71,17.873333333333335
원주소방서,201704,14.0,원주,61.0,82,18.49333333333333
원주소방서,201704,15.0,원주,82.0,79,18.80333333333333
원주소방서,201704,16.0,원주,57.0,77,18.66333333333333
원주소방서,201704,17.0,원주,53.0,74,18.32333333333333
원주소방서,201704,18.0,원주,56.0,71,17.67
원주소방서,201704,19.0,원주,74.0,81,16.55
원주소방서,201704,20.0,원주,56.0,75,15.43
원주소방서,201704,21.0,원주,79.0,80,14.463333333333331
원주소방서,201704,22.0,원주,48.0,61,13.556666666666668
원주소방서,201704,23.0,원주,48.0,74,12.67
원주소방서,201705,0.0,원주,60.0,81,16.48709677419355
원주소방서,201705,1.0,원주,42.0,52,15.761290322580646
원주소방서,201705,2.0,원주,25.0,40,14.980645161290322
원주소방서,201705,3.0,원주,33.0,42,14.36451612903226
원주소방서,201705,4.0,원주,31.0,33,13.729032258064516
원주소방서,201705,5.0,원주,53.0,41,13.17741935483871
원주소방서,201705,6.0,원주,22.0,28,13.01290322580645
원주소방서,201705,7.0,원주,48.0,47,13.961290322580645
원주소방서,201705,8.0,원주,70.0,77,15.34516129032258
원주소방서,201705,9.0,원주,71.0,86,17.251612903225805
원주소방서,201705,10.0,원주,75.0,78,19.40967741935484
원주소방서,201705,11.0,원주,61.0,82,20.958064516129035
원주소방서,201705,12.0,원주,52.0,66,22.27741935483871
원주소방서,201705,13.0,원주,82.0,80,23.296774193548387
원주소방서,201705,14.0,원주,88.0,102,23.88064516129032
원주소방서,201705,15.0,원주,67.0,85,24.33870967741936
원주소방서,201705,16.0,원주,51.0,70,24.061290322580643
원주소방서,201705,17.0,원주,55.0,71,23.774193548387096
원주소방서,201705,18.0,원주,59.0,79,22.864516129032257
원주소방서,201705,19.0,원주,75.0,81,21.76451612903226
원주소방서,201705,20.0,원주,55.0,81,20.451612903225808
원주소방서,201705,21.0,원주,54.0,76,19.39354838709677
원주소방서,201705,22.0,원주,67.0,103,18.38064516129032
원주소방서,201705,23.0,원주,58.0,77,17.532258064516128
원주소방서,201706,0.0,원주,42.0,56,19.933333333333334
원주소방서,201706,1.0,원주,35.0,52,19.38
원주소방서,201706,2.0,원주,36.0,44,18.74333333333333
원주소방서,201706,3.0,원주,20.0,25,18.246666666666663
원주소방서,201706,4.0,원주,27.0,32,17.883333333333333
원주소방서,201706,5.0,원주,44.0,45,17.513333333333332
원주소방서,201706,6.0,원주,20.0,19,17.44333333333333
원주소방서,201706,7.0,원주,47.0,47,18.15
원주소방서,201706,8.0,원주,66.0,66,19.383333333333333
원주소방서,201706,9.0,원주,77.0,76,21.02
원주소방서,201706,10.0,원주,54.0,74,22.736666666666668
원주소방서,201706,11.0,원주,64.0,67,23.94
원주소방서,201706,12.0,원주,71.0,66,24.886666666666667
원주소방서,201706,13.0,원주,99.0,96,25.813333333333333
원주소방서,201706,14.0,원주,73.0,91,26.66333333333333
원주소방서,201706,15.0,원주,84.0,91,26.933333333333334
원주소방서,201706,16.0,원주,62.0,73,26.94333333333333
원주소방서,201706,17.0,원주,64.0,74,26.41333333333333
원주소방서,201706,18.0,원주,47.0,56,25.723333333333336
원주소방서,201706,19.0,원주,60.0,75,24.686666666666667
원주소방서,201706,20.0,원주,66.0,73,23.46333333333333
원주소방서,201706,21.0,원주,50.0,71,22.383333333333333
원주소방서,201706,22.0,원주,49.0,65,21.44
원주소방서,201706,23.0,원주,48.0,67,20.73
원주소방서,201707,0.0,원주,40.0,71,24.606451612903225
원주소방서,201707,1.0,원주,39.0,53,24.306451612903224
원주소방서,201707,2.0,원주,51.0,61,23.98064516129032
원주소방서,201707,3.0,원주,60.0,56,23.870967741935484
원주소방서,201707,4.0,원주,31.0,39,23.58709677419355
원주소방서,201707,5.0,원주,43.0,43,23.41935483870968
원주소방서,201707,6.0,원주,55.0,55,23.38387096774193
원주소방서,201707,7.0,원주,67.0,64,23.74516129032258
원주소방서,201707,8.0,원주,86.0,80,24.358064516129037
원주소방서,201707,9.0,원주,69.0,72,24.958064516129035
원주소방서,201707,10.0,원주,54.0,71,25.741935483870968
원주소방서,201707,11.0,원주,62.0,84,26.43870967741936
원주소방서,201707,12.0,원주,76.0,83,27.177419354838708
원주소방서,201707,13.0,원주,84.0,94,27.641935483870967
원주소방서,201707,14.0,원주,63.0,78,28.05161290322581
원주소방서,201707,15.0,원주,58.0,72,28.36774193548387
원주소방서,201707,16.0,원주,64.0,85,28.24516129032258
원주소방서,201707,17.0,원주,65.0,89,27.95483870967742
원주소방서,201707,18.0,원주,86.0,99,27.48709677419355
원주소방서,201707,19.0,원주,66.0,86,26.88064516129032
원주소방서,201707,20.0,원주,66.0,93,26.193548387096776
원주소방서,201707,21.0,원주,67.0,87,25.62258064516129
원주소방서,201707,22.0,원주,63.0,67,25.135483870967743
원주소방서,201707,23.0,원주,63.0,94,24.81935483870968
원주소방서,201708,0.0,원주,52.0,65,23.0
원주소방서,201708,1.0,원주,45.0,57,22.68064516129032
원주소방서,201708,2.0,원주,27.0,40,22.358064516129037
원주소방서,201708,3.0,원주,45.0,48,21.96451612903226
원주소방서,201708,4.0,원주,28.0,43,21.661290322580644
원주소방서,201708,5.0,원주,34.0,40,21.493548387096773
원주소방서,201708,6.0,원주,52.0,53,21.32258064516129
원주소방서,201708,7.0,원주,56.0,57,21.73225806451613
원주소방서,201708,8.0,원주,55.0,81,22.39354838709677
원주소방서,201708,9.0,원주,74.0,84,23.506451612903227
원주소방서,201708,10.0,원주,51.0,69,24.68064516129032
원주소방서,201708,11.0,원주,76.0,101,25.62903225806452
원주소방서,201708,12.0,원주,57.0,99,26.516129032258064
원주소방서,201708,13.0,원주,63.0,78,26.758064516129032
원주소방서,201708,14.0,원주,73.0,90,27.46451612903226
원주소방서,201708,15.0,원주,78.0,92,27.483870967741936
원주소방서,201708,16.0,원주,57.0,74,27.20967741935484
원주소방서,201708,17.0,원주,69.0,88,26.91935483870968
원주소방서,201708,18.0,원주,70.0,79,26.358064516129037
원주소방서,201708,19.0,원주,58.0,92,25.59032258064516
원주소방서,201708,20.0,원주,58.0,67,24.503225806451614
원주소방서,201708,21.0,원주,53.0,77,23.90967741935484
원주소방서,201708,22.0,원주,52.0,80,23.529032258064515
원주소방서,201708,23.0,원주,48.0,74,23.13225806451613
원주소방서,201709,0.0,원주,42.0,66,17.583333333333332
원주소방서,201709,1.0,원주,37.0,53,17.08
원주소방서,201709,2.0,원주,25.0,23,16.64
원주소방서,201709,3.0,원주,37.0,46,16.153333333333332
원주소방서,201709,4.0,원주,31.0,32,15.8
원주소방서,201709,5.0,원주,36.0,32,15.496666666666666
원주소방서,201709,6.0,원주,39.0,41,15.166666666666666
원주소방서,201709,7.0,원주,44.0,60,15.253333333333334
원주소방서,201709,8.0,원주,69.0,76,16.33
원주소방서,201709,9.0,원주,60.0,73,17.956666666666667
원주소방서,201709,10.0,원주,82.0,94,19.65
원주소방서,201709,11.0,원주,64.0,91,21.476666666666667
원주소방서,201709,12.0,원주,66.0,71,22.646666666666665
원주소방서,201709,13.0,원주,52.0,79,23.52
원주소방서,201709,14.0,원주,61.0,82,24.00333333333333
원주소방서,201709,15.0,원주,61.0,81,24.16333333333333
원주소방서,201709,16.0,원주,70.0,77,24.19
원주소방서,201709,17.0,원주,65.0,88,23.73
원주소방서,201709,18.0,원주,62.0,71,22.92
원주소방서,201709,19.0,원주,70.0,88,21.336666666666662
원주소방서,201709,20.0,원주,59.0,93,20.2
원주소방서,201709,21.0,원주,58.0,71,19.55333333333333
원주소방서,201709,22.0,원주,56.0,64,18.82
원주소방서,201709,23.0,원주,59.0,78,18.166666666666668
원주소방서,201710,0.0,원주,51.0,82,12.983870967741936
원주소방서,201710,1.0,원주,38.0,50,12.49032258064516
원주소방서,201710,2.0,원주,38.0,39,12.048387096774194
원주소방서,201710,3.0,원주,29.0,41,11.687096774193549
원주소방서,201710,4.0,원주,29.0,37,11.351612903225806
원주소방서,201710,5.0,원주,34.0,33,11.02258064516129
원주소방서,201710,6.0,원주,24.0,35,10.77741935483871
원주소방서,201710,7.0,원주,50.0,45,10.603225806451611
원주소방서,201710,8.0,원주,103.0,90,11.27741935483871
원주소방서,201710,9.0,원주,52.0,71,12.770967741935484
원주소방서,201710,10.0,원주,85.0,105,14.670967741935485
원주소방서,201710,11.0,원주,53.0,64,16.596774193548388
원주소방서,201710,12.0,원주,66.0,77,17.887096774193548
원주소방서,201710,13.0,원주,87.0,96,18.90322580645161
원주소방서,201710,14.0,원주,48.0,74,19.370967741935484
원주소방서,201710,15.0,원주,50.0,72,19.55161290322581
원주소방서,201710,16.0,원주,62.0,80,19.38387096774193
원주소방서,201710,17.0,원주,50.0,77,18.62258064516129
원주소방서,201710,18.0,원주,71.0,83,17.25483870967742
원주소방서,201710,19.0,원주,84.0,94,15.87741935483871
원주소방서,201710,20.0,원주,48.0,73,15.058064516129033
원주소방서,201710,21.0,원주,61.0,73,14.341935483870968
원주소방서,201710,22.0,원주,49.0,66,13.80967741935484
원주소방서,201710,23.0,원주,48.0,65,13.209677419354838
원주소방서,201711,0.0,원주,35.0,44,3.853333333333333
원주소방서,201711,1.0,원주,49.0,56,3.31
원주소방서,201711,2.0,원주,25.0,42,2.873333333333333
원주소방서,201711,3.0,원주,44.0,41,2.636666666666667
원주소방서,201711,4.0,원주,20.0,28,2.2633333333333336
원주소방서,201711,5.0,원주,39.0,34,1.9933333333333327
원주소방서,201711,6.0,원주,39.0,38,1.62
원주소방서,201711,7.0,원주,48.0,48,1.46
원주소방서,201711,8.0,원주,57.0,59,1.8966666666666667
원주소방서,201711,9.0,원주,68.0,74,3.123333333333333
원주소방서,201711,10.0,원주,72.0,76,4.513333333333334
원주소방서,201711,11.0,원주,72.0,84,6.153333333333333
원주소방서,201711,12.0,원주,72.0,78,7.716666666666667
원주소방서,201711,13.0,원주,77.0,72,8.78
원주소방서,201711,14.0,원주,68.0,83,9.413333333333332
원주소방서,201711,15.0,원주,64.0,86,9.6
원주소방서,201711,16.0,원주,66.0,63,9.373333333333331
원주소방서,201711,17.0,원주,71.0,79,8.58
원주소방서,201711,18.0,원주,51.0,77,7.47
원주소방서,201711,19.0,원주,61.0,84,6.493333333333334
원주소방서,201711,20.0,원주,55.0,62,5.693333333333333
원주소방서,201711,21.0,원주,49.0,65,5.0633333333333335
원주소방서,201711,22.0,원주,70.0,79,4.7
원주소방서,201711,23.0,원주,45.0,62,4.083333333333333
원주소방서,201712,0.0,원주,52.0,73,-2.8548387096774195
원주소방서,201712,1.0,원주,36.0,57,-3.212903225806452
원주소방서,201712,2.0,원주,38.0,53,-3.606451612903226
원주소방서,201712,3.0,원주,34.0,46,-3.916129032258065
원주소방서,201712,4.0,원주,41.0,41,-4.216129032258064
원주소방서,201712,5.0,원주,37.0,38,-4.390322580645161
원주소방서,201712,6.0,원주,26.0,29,-4.699999999999999
원주소방서,201712,7.0,원주,50.0,51,-4.883870967741935
원주소방서,201712,8.0,원주,75.0,87,-4.964516129032258
원주소방서,201712,9.0,원주,89.0,85,-3.9741935483870967
원주소방서,201712,10.0,원주,93.0,90,-3.0387096774193547
원주소방서,201712,11.0,원주,76.0,78,-1.9774193548387096
원주소방서,201712,12.0,원주,82.0,94,-0.8774193548387097
원주소방서,201712,13.0,원주,73.0,78,0.3258064516129033
원주소방서,201712,14.0,원주,55.0,73,0.9612903225806452
원주소방서,201712,15.0,원주,67.0,73,1.367741935483871
원주소방서,201712,16.0,원주,56.0,72,1.3096774193548388
원주소방서,201712,17.0,원주,67.0,85,0.7000000000000001
원주소방서,201712,18.0,원주,50.0,72,-0.0419354838709677
원주소방서,201712,19.0,원주,61.0,73,-0.5548387096774193
원주소방서,201712,20.0,원주,54.0,70,-1.1225806451612903
원주소방서,201712,21.0,원주,59.0,77,-1.7096774193548387
원주소방서,201712,22.0,원주,74.0,98,-2.0064516129032257
원주소방서,201712,23.0,원주,63.0,80,-2.367741935483872
원주소방서,201801,0.0,원주,55.0,62,-4.577419354838709
원주소방서,201801,1.0,원주,43.0,58,-5.035483870967742
원주소방서,201801,2.0,원주,53.0,50,-5.45483870967742
원주소방서,201801,3.0,원주,52.0,55,-5.941935483870967
원주소방서,201801,4.0,원주,44.0,39,-6.264516129032257
원주소방서,201801,5.0,원주,35.0,35,-6.496774193548387
원주소방서,201801,6.0,원주,50.0,40,-6.67741935483871
원주소방서,201801,7.0,원주,76.0,62,-7.032258064516129
원주소방서,201801,8.0,원주,76.0,73,-7.141935483870968
원주소방서,201801,9.0,원주,109.0,94,-6.216129032258064
원주소방서,201801,10.0,원주,80.0,92,-5.058064516129033
원주소방서,201801,11.0,원주,89.0,79,-3.674193548387097
원주소방서,201801,12.0,원주,89.0,84,-2.351612903225807
원주소방서,201801,13.0,원주,55.0,71,-1.2483870967741937
원주소방서,201801,14.0,원주,97.0,95,-0.4935483870967742
원주소방서,201801,15.0,원주,64.0,83,-0.1419354838709677
원주소방서,201801,16.0,원주,70.0,77,-0.0999999999999999
원주소방서,201801,17.0,원주,75.0,80,-0.5419354838709677
원주소방서,201801,18.0,원주,83.0,91,-1.364516129032258
원주소방서,201801,19.0,원주,70.0,85,-2.167741935483871
원주소방서,201801,20.0,원주,44.0,68,-2.793548387096774
원주소방서,201801,21.0,원주,50.0,57,-3.2
원주소방서,201801,22.0,원주,58.0,66,-3.6322580645161286
원주소방서,201801,23.0,원주,56.0,72,-4.180645161290323
원주소방서,201802,0.0,원주,47.0,51,-2.9214285714285717
원주소방서,201802,1.0,원주,43.0,74,-3.407142857142857
원주소방서,201802,2.0,원주,38.0,56,-4.125
원주소방서,201802,3.0,원주,30.0,40,-4.628571428571428
원주소방서,201802,4.0,원주,20.0,25,-4.960714285714286
원주소방서,201802,5.0,원주,27.0,23,-5.321428571428571
원주소방서,201802,6.0,원주,40.0,38,-5.717857142857143
원주소방서,201802,7.0,원주,72.0,54,-6.039285714285714
원주소방서,201802,8.0,원주,66.0,67,-5.796428571428571
원주소방서,201802,9.0,원주,73.0,76,-4.378571428571428
원주소방서,201802,10.0,원주,53.0,59,-2.710714285714286
원주소방서,201802,11.0,원주,66.0,78,-0.942857142857143
원주소방서,201802,12.0,원주,77.0,73,0.5821428571428571
원주소방서,201802,13.0,원주,82.0,86,1.65
원주소방서,201802,14.0,원주,66.0,78,2.4857142857142853
원주소방서,201802,15.0,원주,63.0,55,2.9785714285714286
원주소방서,201802,16.0,원주,32.0,51,2.939285714285714
원주소방서,201802,17.0,원주,49.0,58,2.560714285714286
원주소방서,201802,18.0,원주,66.0,86,1.8035714285714288
원주소방서,201802,19.0,원주,74.0,78,0.8821428571428571
원주소방서,201802,20.0,원주,62.0,68,-0.1142857142857143
원주소방서,201802,21.0,원주,48.0,69,-0.7642857142857142
원주소방서,201802,22.0,원주,55.0,67,-1.3892857142857142
원주소방서,201802,23.0,원주,60.0,78,-2.082142857142857
원주소방서,201803,0.0,원주,64.0,66,6.158064516129032
원주소방서,201803,1.0,원주,50.0,68,5.558064516129033
원주소방서,201803,2.0,원주,35.0,44,5.199999999999999
원주소방서,201803,3.0,원주,33.0,39,4.812903225806451
원주소방서,201803,4.0,원주,32.0,32,4.54516129032258
원주소방서,201803,5.0,원주,25.0,28,4.316129032258065
원주소방서,201803,6.0,원주,41.0,52,3.941935483870968
원주소방서,201803,7.0,원주,53.0,47,3.809677419354839
원주소방서,201803,8.0,원주,99.0,89,4.5
원주소방서,201803,9.0,원주,87.0,93,5.735483870967743
원주소방서,201803,10.0,원주,69.0,74,7.206451612903226
원주소방서,201803,11.0,원주,80.0,83,9.029032258064516
원주소방서,201803,12.0,원주,82.0,95,10.506451612903223
원주소방서,201803,13.0,원주,54.0,72,11.619354838709675
원주소방서,201803,14.0,원주,60.0,65,12.47741935483871
원주소방서,201803,15.0,원주,57.0,65,12.958064516129031
원주소방서,201803,16.0,원주,73.0,81,12.970967741935484
원주소방서,201803,17.0,원주,53.0,60,12.706451612903225
원주소방서,201803,18.0,원주,60.0,64,11.970967741935484
원주소방서,201803,19.0,원주,46.0,64,10.970967741935484
원주소방서,201803,20.0,원주,59.0,82,9.83548387096774
원주소방서,201803,21.0,원주,35.0,59,8.935483870967742
원주소방서,201803,22.0,원주,58.0,66,8.035483870967742
원주소방서,201803,23.0,원주,65.0,71,7.15483870967742
원주소방서,201804,0.0,원주,44.0,60,11.39
원주소방서,201804,1.0,원주,44.0,42,10.683333333333334
원주소방서,201804,2.0,원주,27.0,41,9.986666666666668
원주소방서,201804,3.0,원주,26.0,33,9.526666666666667
원주소방서,201804,4.0,원주,27.0,28,8.95
원주소방서,201804,5.0,원주,30.0,38,8.506666666666666
원주소방서,201804,6.0,원주,26.0,30,8.046666666666667
원주소방서,201804,7.0,원주,49.0,46,8.383333333333333
원주소방서,201804,8.0,원주,87.0,65,9.306666666666668
원주소방서,201804,9.0,원주,110.0,93,11.03
원주소방서,201804,10.0,원주,94.0,83,13.086666666666668
원주소방서,201804,11.0,원주,77.0,85,14.953333333333337
원주소방서,201804,12.0,원주,90.0,90,16.156666666666666
원주소방서,201804,13.0,원주,82.0,90,17.17
원주소방서,201804,14.0,원주,62.0,79,17.823333333333334
원주소방서,201804,15.0,원주,67.0,77,18.316666666666663
원주소방서,201804,16.0,원주,72.0,87,18.41
원주소방서,201804,17.0,원주,45.0,64,17.886666666666667
원주소방서,201804,18.0,원주,60.0,74,17.15666666666667
원주소방서,201804,19.0,원주,60.0,61,16.09
원주소방서,201804,20.0,원주,54.0,73,14.87
원주소방서,201804,21.0,원주,72.0,64,13.973333333333333
원주소방서,201804,22.0,원주,63.0,79,13.12
원주소방서,201804,23.0,원주,53.0,58,12.216666666666669
원주소방서,201805,0.0,원주,51.0,60,15.964516129032257
원주소방서,201805,1.0,원주,44.0,50,15.36451612903226
원주소방서,201805,2.0,원주,44.0,51,14.883870967741936
원주소방서,201805,3.0,원주,31.0,33,14.153333333333334
원주소방서,201805,4.0,원주,26.0,36,13.948387096774193
원주소방서,201805,5.0,원주,34.0,34,13.658064516129032
원주소방서,201805,6.0,원주,34.0,40,13.570967741935483
원주소방서,201805,7.0,원주,63.0,64,14.12258064516129
원주소방서,201805,8.0,원주,97.0,89,15.248387096774191
원주소방서,201805,9.0,원주,93.0,88,16.712903225806453
원주소방서,201805,10.0,원주,78.0,87,18.33225806451613
원주소방서,201805,11.0,원주,70.0,65,19.71935483870968
원주소방서,201805,12.0,원주,61.0,76,20.90967741935484
원주소방서,201805,13.0,원주,63.0,75,21.50967741935484
원주소방서,201805,14.0,원주,83.0,89,22.067741935483877
원주소방서,201805,15.0,원주,73.0,90,22.24516129032258
원주소방서,201805,16.0,원주,63.0,80,22.17419354838709
원주소방서,201805,17.0,원주,56.0,69,21.82258064516129
원주소방서,201805,18.0,원주,66.0,80,21.33870967741936
원주소방서,201805,19.0,원주,52.0,63,20.40967741935484
원주소방서,201805,20.0,원주,62.0,70,19.148387096774197
원주소방서,201805,21.0,원주,58.0,58,18.206666666666667
원주소방서,201805,22.0,원주,73.0,87,17.32
원주소방서,201805,23.0,원주,65.0,74,16.68064516129032
원주소방서,201806,0.0,원주,37.0,58,21.21
원주소방서,201806,1.0,원주,41.0,54,20.57
원주소방서,201806,2.0,원주,35.0,42,20.06
원주소방서,201806,3.0,원주,34.0,42,19.473333333333336
원주소방서,201806,4.0,원주,24.0,39,19.023333333333333
원주소방서,201806,5.0,원주,29.0,30,18.683333333333334
원주소방서,201806,6.0,원주,62.0,58,18.633333333333333
원주소방서,201806,7.0,원주,39.0,45,19.15333333333333
원주소방서,201806,8.0,원주,89.0,80,20.426666666666662
원주소방서,201806,9.0,원주,57.0,69,21.746666666666663
원주소방서,201806,10.0,원주,69.0,85,23.03103448275862
원주소방서,201806,11.0,원주,51.0,70,24.266666666666666
원주소방서,201806,12.0,원주,69.0,84,25.30666666666667
원주소방서,201806,13.0,원주,64.0,84,26.066666666666663
원주소방서,201806,14.0,원주,48.0,61,26.59
원주소방서,201806,15.0,원주,67.0,89,27.23
원주소방서,201806,16.0,원주,77.0,90,27.256666666666668
원주소방서,201806,17.0,원주,50.0,59,27.223333333333336
원주소방서,201806,18.0,원주,66.0,82,26.79655172413793
원주소방서,201806,19.0,원주,60.0,76,25.773333333333333
원주소방서,201806,20.0,원주,71.0,80,24.636666666666667
원주소방서,201806,21.0,원주,67.0,83,23.52
원주소방서,201806,22.0,원주,54.0,89,22.716666666666665
원주소방서,201806,23.0,원주,48.0,70,21.99
원주소방서,201807,0.0,원주,67.0,76,25.40333333333333
원주소방서,201807,1.0,원주,39.0,66,24.89032258064516
원주소방서,201807,2.0,원주,49.0,46,24.532258064516128
원주소방서,201807,3.0,원주,27.0,38,24.116129032258065
원주소방서,201807,4.0,원주,21.0,27,23.77741935483871
원주소방서,201807,5.0,원주,29.0,31,23.48709677419355
원주소방서,201807,6.0,원주,41.0,62,23.38387096774193
원주소방서,201807,7.0,원주,56.0,66,24.00967741935484
원주소방서,201807,8.0,원주,84.0,93,24.967741935483872
원주소방서,201807,9.0,원주,111.0,112,26.39354838709677
원주소방서,201807,10.0,원주,83.0,96,27.583870967741937
원주소방서,201807,11.0,원주,72.0,76,28.84193548387097
원주소방서,201807,12.0,원주,87.0,97,29.716129032258067
원주소방서,201807,13.0,원주,104.0,114,30.316129032258065
원주소방서,201807,14.0,원주,74.0,98,30.77741935483871
원주소방서,201807,15.0,원주,69.0,88,30.62903225806452
원주소방서,201807,16.0,원주,41.0,58,30.61290322580645
원주소방서,201807,17.0,원주,58.0,87,30.23548387096774
원주소방서,201807,18.0,원주,61.0,82,29.793548387096774
원주소방서,201807,19.0,원주,52.0,75,29.048387096774192
원주소방서,201807,20.0,원주,67.0,83,28.0
원주소방서,201807,21.0,원주,52.0,78,27.05806451612903
원주소방서,201807,22.0,원주,65.0,83,26.46451612903226
원주소방서,201807,23.0,원주,55.0,78,25.916129032258063
원주소방서,201808,0.0,원주,47.0,65,26.154838709677417
원주소방서,201808,1.0,원주,49.0,52,25.80967741935484
원주소방서,201808,2.0,원주,50.0,62,25.425806451612903
원주소방서,201808,3.0,원주,37.0,39,24.996774193548383
원주소방서,201808,4.0,원주,33.0,48,24.654838709677417
원주소방서,201808,5.0,원주,34.0,40,24.416129032258063
원주소방서,201808,6.0,원주,59.0,46,24.17419354838709
원주소방서,201808,7.0,원주,54.0,63,24.606451612903225
원주소방서,201808,8.0,원주,77.0,79,25.596774193548388
원주소방서,201808,9.0,원주,101.0,101,26.925806451612903
원주소방서,201808,10.0,원주,67.0,91,28.14516129032258
원주소방서,201808,11.0,원주,65.0,95,29.19032258064516
원주소방서,201808,12.0,원주,73.0,89,29.89354838709677
원주소방서,201808,13.0,원주,53.0,68,30.238709677419354
원주소방서,201808,14.0,원주,77.0,90,30.741935483870968
원주소방서,201808,15.0,원주,63.0,78,30.870967741935484
원주소방서,201808,16.0,원주,69.0,88,30.76774193548387
원주소방서,201808,17.0,원주,54.0,81,30.40967741935484
원주소방서,201808,18.0,원주,59.0,83,29.44193548387097
원주소방서,201808,19.0,원주,72.0,81,28.58709677419355
원주소방서,201808,20.0,원주,69.0,84,27.94193548387097
원주소방서,201808,21.0,원주,50.0,71,27.270967741935483
원주소방서,201808,22.0,원주,78.0,86,26.91935483870968
원주소방서,201808,23.0,원주,49.0,66,26.38064516129032
원주소방서,201809,0.0,원주,39.0,58,18.290000000000003
원주소방서,201809,1.0,원주,37.0,51,17.723333333333336
원주소방서,201809,2.0,원주,27.0,36,17.206666666666667
원주소방서,201809,3.0,원주,38.0,38,16.86
원주소방서,201809,4.0,원주,34.0,29,16.503333333333334
원주소방서,201809,5.0,원주,22.0,32,16.203333333333333
원주소방서,201809,6.0,원주,54.0,54,15.986666666666668
원주소방서,201809,7.0,원주,56.0,58,16.223333333333333
원주소방서,201809,8.0,원주,75.0,72,17.226666666666667
원주소방서,201809,9.0,원주,94.0,94,18.48333333333333
원주소방서,201809,10.0,원주,59.0,86,20.35
원주소방서,201809,11.0,원주,72.0,81,21.78333333333333
원주소방서,201809,12.0,원주,63.0,57,22.91
원주소방서,201809,13.0,원주,58.0,76,23.65333333333333
원주소방서,201809,14.0,원주,65.0,72,24.113333333333333
원주소방서,201809,15.0,원주,59.0,66,24.10333333333333
원주소방서,201809,16.0,원주,81.0,92,24.113333333333333
원주소방서,201809,17.0,원주,79.0,92,23.563333333333333
원주소방서,201809,18.0,원주,68.0,78,22.84333333333333
원주소방서,201809,19.0,원주,69.0,87,21.59333333333333
원주소방서,201809,20.0,원주,63.0,88,20.52
원주소방서,201809,21.0,원주,45.0,73,19.88
원주소방서,201809,22.0,원주,54.0,69,19.25333333333333
원주소방서,201809,23.0,원주,59.0,91,18.746666666666663
원주소방서,201810,0.0,원주,30.0,42,9.835483870967742
원주소방서,201810,1.0,원주,27.0,35,9.358064516129032
원주소방서,201810,2.0,원주,39.0,44,8.95483870967742
원주소방서,201810,3.0,원주,43.0,46,8.480645161290322
원주소방서,201810,4.0,원주,25.0,30,8.135483870967741
원주소방서,201810,5.0,원주,27.0,29,7.790322580645161
원주소방서,201810,6.0,원주,52.0,50,7.593548387096774
원주소방서,201810,7.0,원주,55.0,48,7.364516129032259
원주소방서,201810,8.0,원주,77.0,74,8.17741935483871
원주소방서,201810,9.0,원주,71.0,74,9.59032258064516
원주소방서,201810,10.0,원주,90.0,94,11.34516129032258
원주소방서,201810,11.0,원주,48.0,72,13.358064516129032
원주소방서,201810,12.0,원주,60.0,81,14.870967741935484
원주소방서,201810,13.0,원주,75.0,78,15.770967741935484
원주소방서,201810,14.0,원주,88.0,94,16.370967741935484
원주소방서,201810,15.0,원주,46.0,63,16.56451612903226
원주소방서,201810,16.0,원주,60.0,73,16.516129032258064
원주소방서,201810,17.0,원주,69.0,83,15.883870967741936
원주소방서,201810,18.0,원주,53.0,72,14.506451612903223
원주소방서,201810,19.0,원주,84.0,90,13.093548387096776
원주소방서,201810,20.0,원주,63.0,68,12.187096774193549
원주소방서,201810,21.0,원주,61.0,67,11.51290322580645
원주소방서,201810,22.0,원주,54.0,55,10.8
원주소방서,201810,23.0,원주,43.0,47,10.161290322580646
원주소방서,201811,0.0,원주,37.0,48,5.263333333333334
원주소방서,201811,1.0,원주,48.0,56,4.723333333333333
원주소방서,201811,2.0,원주,37.0,39,4.206666666666667
원주소방서,201811,3.0,원주,23.0,32,3.753333333333333
원주소방서,201811,4.0,원주,28.0,24,3.4633333333333334
원주소방서,201811,5.0,원주,36.0,33,3.1133333333333337
원주소방서,201811,6.0,원주,27.0,29,2.9433333333333334
원주소방서,201811,7.0,원주,73.0,59,2.75
원주소방서,201811,8.0,원주,78.0,75,3.2266666666666666
원주소방서,201811,9.0,원주,74.0,73,4.35
원주소방서,201811,10.0,원주,62.0,65,5.993333333333334
원주소방서,201811,11.0,원주,45.0,53,7.706666666666666
원주소방서,201811,12.0,원주,57.0,54,9.6
원주소방서,201811,13.0,원주,78.0,84,10.903333333333334
원주소방서,201811,14.0,원주,62.0,70,11.593333333333334
원주소방서,201811,15.0,원주,59.0,74,11.903333333333334
원주소방서,201811,16.0,원주,56.0,66,11.886666666666668
원주소방서,201811,17.0,원주,57.0,69,11.073333333333332
원주소방서,201811,18.0,원주,61.0,65,9.703333333333337
원주소방서,201811,19.0,원주,61.0,82,8.503333333333334
원주소방서,201811,20.0,원주,66.0,76,7.716666666666667
원주소방서,201811,21.0,원주,46.0,66,6.876666666666667
원주소방서,201811,22.0,원주,69.0,80,6.343333333333334
원주소방서,201811,23.0,원주,42.0,52,5.733333333333333
원주소방서,201812,0.0,원주,59.0,78,-1.9774193548387096
원주소방서,201812,1.0,원주,32.0,45,-2.367741935483872
원주소방서,201812,2.0,원주,40.0,38,-2.812903225806452
원주소방서,201812,3.0,원주,33.0,35,-3.1806451612903226
원주소방서,201812,4.0,원주,26.0,33,-3.596774193548387
원주소방서,201812,5.0,원주,30.0,31,-3.858064516129032
원주소방서,201812,6.0,원주,40.0,34,-4.064516129032258
원주소방서,201812,7.0,원주,52.0,43,-4.290322580645161
원주소방서,201812,8.0,원주,94.0,73,-4.393548387096774
원주소방서,201812,9.0,원주,85.0,90,-3.393548387096774
원주소방서,201812,10.0,원주,97.0,89,-2.167741935483871
원주소방서,201812,11.0,원주,64.0,76,-0.6193548387096774
원주소방서,201812,12.0,원주,80.0,82,0.5741935483870968
원주소방서,201812,13.0,원주,62.0,72,1.783870967741935
원주소방서,201812,14.0,원주,78.0,93,2.703225806451613
원주소방서,201812,15.0,원주,70.0,75,3.064516129032258
원주소방서,201812,16.0,원주,78.0,85,3.02258064516129
원주소방서,201812,17.0,원주,73.0,80,2.370967741935484
원주소방서,201812,18.0,원주,72.0,75,1.3387096774193548
원주소방서,201812,19.0,원주,59.0,75,0.4322580645161291
원주소방서,201812,20.0,원주,60.0,66,-0.1870967741935484
원주소방서,201812,21.0,원주,77.0,78,-0.7129032258064515
원주소방서,201812,22.0,원주,54.0,61,-1.135483870967742
원주소방서,201812,23.0,원주,60.0,67,-1.664516129032258
원주소방서,201901,0.0,원주,30.0,40,-2.954838709677419
원주소방서,201901,1.0,원주,43.0,42,-3.4838709677419355
원주소방서,201901,2.0,원주,35.0,39,-3.954838709677419
원주소방서,201901,3.0,원주,34.0,33,-4.393548387096774
원주소방서,201901,4.0,원주,28.0,30,-4.809677419354839
원주소방서,201901,5.0,원주,36.0,36,-5.129032258064516
원주소방서,201901,6.0,원주,36.0,26,-5.52258064516129
원주소방서,201901,7.0,원주,64.0,70,-5.774193548387097
원주소방서,201901,8.0,원주,70.0,72,-5.919354838709677
원주소방서,201901,9.0,원주,78.0,74,-4.741935483870968
원주소방서,201901,10.0,원주,87.0,83,-3.106451612903226
원주소방서,201901,11.0,원주,73.0,63,-0.935483870967742
원주소방서,201901,12.0,원주,65.0,73,0.8838709677419355
원주소방서,201901,13.0,원주,63.0,72,2.106451612903226
원주소방서,201901,14.0,원주,67.0,73,2.8741935483870966
원주소방서,201901,15.0,원주,70.0,70,3.364516129032258
원주소방서,201901,16.0,원주,57.0,74,3.3483870967741933
원주소방서,201901,17.0,원주,58.0,66,2.7419354838709675
원주소방서,201901,18.0,원주,48.0,60,1.6
원주소방서,201901,19.0,원주,60.0,67,0.5451612903225806
원주소방서,201901,20.0,원주,77.0,85,-0.4870967741935483
원주소방서,201901,21.0,원주,52.0,68,-1.3419354838709678
원주소방서,201901,22.0,원주,57.0,71,-1.8903225806451611
원주소방서,201901,23.0,원주,43.0,58,-2.4064516129032256
원주소방서,201902,0.0,원주,32.0,45,-0.0107142857142857
원주소방서,201902,1.0,원주,53.0,47,-0.4785714285714285
원주소방서,201902,2.0,원주,21.0,25,-0.9000000000000001
원주소방서,201902,3.0,원주,21.0,26,-1.2392857142857143
원주소방서,201902,4.0,원주,36.0,39,-1.842857142857143
원주소방서,201902,5.0,원주,41.0,37,-2.242857142857143
원주소방서,201902,6.0,원주,23.0,32,-2.457142857142857
원주소방서,201902,7.0,원주,50.0,48,-2.7607142857142857
원주소방서,201902,8.0,원주,85.0,78,-2.692857142857143
원주소방서,201902,9.0,원주,94.0,92,-1.5964285714285713
원주소방서,201902,10.0,원주,63.0,64,-0.1607142857142857
원주소방서,201902,11.0,원주,59.0,65,1.6285714285714283
원주소방서,201902,12.0,원주,81.0,77,3.0142857142857147
원주소방서,201902,13.0,원주,40.0,50,4.217857142857143
원주소방서,201902,14.0,원주,58.0,63,5.05
원주소방서,201902,15.0,원주,54.0,57,5.585714285714286
원주소방서,201902,16.0,원주,60.0,61,5.6571428571428575
원주소방서,201902,17.0,원주,53.0,64,5.310714285714285
원주소방서,201902,18.0,원주,75.0,83,4.507142857142857
원주소방서,201902,19.0,원주,48.0,54,3.610714285714285
원주소방서,201902,20.0,원주,48.0,49,2.757142857142857
원주소방서,201902,21.0,원주,54.0,59,2.071428571428572
원주소방서,201902,22.0,원주,54.0,58,1.4714285714285715
원주소방서,201902,23.0,원주,43.0,47,0.9178571428571428
원주소방서,201903,0.0,원주,44.0,61,5.364516129032259
원주소방서,201903,1.0,원주,30.0,48,4.683870967741935
원주소방서,201903,2.0,원주,26.0,32,4.003225806451613
원주소방서,201903,3.0,원주,35.0,40,3.480645161290323
원주소방서,201903,4.0,원주,27.0,26,3.064516129032258
원주소방서,201903,5.0,원주,30.0,32,2.7870967741935484
원주소방서,201903,6.0,원주,39.0,31,2.4064516129032256
원주소방서,201903,7.0,원주,58.0,56,2.212903225806452
원주소방서,201903,8.0,원주,79.0,71,3.064516129032258
원주소방서,201903,9.0,원주,81.0,63,4.516129032258065
원주소방서,201903,10.0,원주,82.0,65,6.361290322580645
원주소방서,201903,11.0,원주,57.0,51,8.112903225806452
원주소방서,201903,12.0,원주,62.0,71,9.603225806451611
원주소방서,201903,13.0,원주,64.0,64,10.790322580645162
원주소방서,201903,14.0,원주,67.0,75,11.3
원주소방서,201903,15.0,원주,68.0,80,11.609677419354838
원주소방서,201903,16.0,원주,72.0,89,11.506451612903223
원주소방서,201903,17.0,원주,57.0,64,11.24516129032258
원주소방서,201903,18.0,원주,73.0,88,10.406451612903227
원주소방서,201903,19.0,원주,62.0,76,9.17741935483871
원주소방서,201903,20.0,원주,80.0,94,8.30967741935484
원주소방서,201903,21.0,원주,60.0,71,7.554838709677419
원주소방서,201903,22.0,원주,45.0,63,6.709677419354839
원주소방서,201903,23.0,원주,58.0,80,6.009677419354838
원주소방서,201904,0.0,원주,34.0,43,9.823333333333332
원주소방서,201904,1.0,원주,42.0,46,9.173333333333334
원주소방서,201904,2.0,원주,42.0,53,8.54
원주소방서,201904,3.0,원주,24.0,30,8.143333333333334
원주소방서,201904,4.0,원주,21.0,24,7.63
원주소방서,201904,5.0,원주,33.0,31,7.12
원주소방서,201904,6.0,원주,36.0,40,6.706666666666666
원주소방서,201904,7.0,원주,56.0,56,7.073333333333333
원주소방서,201904,8.0,원주,90.0,82,8.096666666666668
원주소방서,201904,9.0,원주,100.0,100,9.92
원주소방서,201904,10.0,원주,85.0,90,12.023333333333332
원주소방서,201904,11.0,원주,63.0,63,13.786666666666669
원주소방서,201904,12.0,원주,66.0,70,14.863333333333332
원주소방서,201904,13.0,원주,82.0,77,15.793333333333331
원주소방서,201904,14.0,원주,80.0,78,16.44
원주소방서,201904,15.0,원주,44.0,61,16.926666666666666
원주소방서,201904,16.0,원주,59.0,72,17.096666666666668
원주소방서,201904,17.0,원주,80.0,86,16.553333333333335
원주소방서,201904,18.0,원주,86.0,87,15.743333333333334
원주소방서,201904,19.0,원주,73.0,78,14.693333333333332
원주소방서,201904,20.0,원주,69.0,73,13.766666666666667
원주소방서,201904,21.0,원주,51.0,56,12.936666666666667
원주소방서,201904,22.0,원주,55.0,72,11.993333333333334
원주소방서,201904,23.0,원주,50.0,56,11.053333333333336
원주소방서,201905,0.0,원주,43.0,57,16.87741935483871
원주소방서,201905,1.0,원주,41.0,51,15.980645161290322
원주소방서,201905,2.0,원주,28.0,36,15.21935483870968
원주소방서,201905,3.0,원주,34.0,44,14.583870967741936
원주소방서,201905,4.0,원주,40.0,44,13.932258064516128
원주소방서,201905,5.0,원주,34.0,28,13.251612903225809
원주소방서,201905,6.0,원주,53.0,48,13.025806451612905
원주소방서,201905,7.0,원주,60.0,66,13.890322580645162
원주소방서,201905,8.0,원주,77.0,71,15.53225806451613
원주소방서,201905,9.0,원주,83.0,87,17.635483870967743
원주소방서,201905,10.0,원주,48.0,53,19.793548387096774
원주소방서,201905,11.0,원주,75.0,80,21.52258064516129
원주소방서,201905,12.0,원주,77.0,85,22.864516129032257
원주소방서,201905,13.0,원주,69.0,73,23.87741935483871
원주소방서,201905,14.0,원주,62.0,74,24.59032258064516
원주소방서,201905,15.0,원주,64.0,86,25.067741935483877
원주소방서,201905,16.0,원주,53.0,61,25.11935483870968
원주소방서,201905,17.0,원주,72.0,97,24.72258064516129
원주소방서,201905,18.0,원주,61.0,64,23.87741935483871
원주소방서,201905,19.0,원주,73.0,73,22.74516129032258
원주소방서,201905,20.0,원주,73.0,76,21.206451612903223
원주소방서,201905,21.0,원주,47.0,63,19.787096774193547
원주소방서,201905,22.0,원주,55.0,67,18.870967741935484
원주소방서,201905,23.0,원주,49.0,62,17.858064516129033
원주소방서,201906,0.0,원주,43.0,54,20.06
원주소방서,201906,1.0,원주,41.0,48,19.44
원주소방서,201906,2.0,원주,42.0,41,18.846666666666668
원주소방서,201906,3.0,원주,36.0,40,18.4
원주소방서,201906,4.0,원주,36.0,35,17.96333333333333
원주소방서,201906,5.0,원주,33.0,35,17.613333333333333
원주소방서,201906,6.0,원주,48.0,55,17.636666666666667
원주소방서,201906,7.0,원주,65.0,66,18.313333333333333
원주소방서,201906,8.0,원주,96.0,103,19.34
원주소방서,201906,9.0,원주,73.0,77,20.866666666666667
원주소방서,201906,10.0,원주,110.0,98,22.566666666666663
원주소방서,201906,11.0,원주,44.0,68,23.923333333333336
원주소방서,201906,12.0,원주,65.0,68,24.85333333333333
원주소방서,201906,13.0,원주,70.0,83,25.76333333333333
원주소방서,201906,14.0,원주,68.0,70,26.396666666666665
원주소방서,201906,15.0,원주,55.0,64,26.506666666666668
원주소방서,201906,16.0,원주,76.0,97,26.48
원주소방서,201906,17.0,원주,72.0,89,26.16333333333333
원주소방서,201906,18.0,원주,70.0,66,25.9
원주소방서,201906,19.0,원주,74.0,82,24.673333333333336
원주소방서,201906,20.0,원주,63.0,75,23.586666666666662
원주소방서,201906,21.0,원주,48.0,73,22.423333333333336
원주소방서,201906,22.0,원주,42.0,69,21.613333333333333
원주소방서,201906,23.0,원주,50.0,60,20.91
원주소방서,201907,0.0,원주,48.0,71,23.74516129032258
원주소방서,201907,1.0,원주,44.0,55,23.348387096774196
원주소방서,201907,2.0,원주,37.0,51,22.925806451612903
원주소방서,201907,3.0,원주,39.0,35,22.664516129032258
원주소방서,201907,4.0,원주,29.0,42,22.44193548387097
원주소방서,201907,5.0,원주,41.0,36,22.270967741935483
원주소방서,201907,6.0,원주,71.0,58,22.225806451612904
원주소방서,201907,7.0,원주,61.0,57,22.641935483870967
원주소방서,201907,8.0,원주,76.0,79,23.46451612903226
원주소방서,201907,9.0,원주,78.0,86,24.53548387096774
원주소방서,201907,10.0,원주,91.0,99,25.583870967741937
원주소방서,201907,11.0,원주,83.0,81,26.39032258064516
원주소방서,201907,12.0,원주,71.0,88,27.048387096774192
원주소방서,201907,13.0,원주,77.0,96,27.72258064516129
원주소방서,201907,14.0,원주,102.0,90,28.1
원주소방서,201907,15.0,원주,80.0,101,28.529032258064515
원주소방서,201907,16.0,원주,80.0,89,28.606451612903225
원주소방서,201907,17.0,원주,60.0,72,28.10967741935484
원주소방서,201907,18.0,원주,73.0,98,27.31935483870968
원주소방서,201907,19.0,원주,82.0,83,26.68387096774193
원주소방서,201907,20.0,원주,54.0,78,25.948387096774194
원주소방서,201907,21.0,원주,67.0,79,25.29032258064516
원주소방서,201907,22.0,원주,37.0,57,24.770967741935483
원주소방서,201907,23.0,원주,64.0,88,24.22903225806452
원주소방서,201908,0.0,원주,52.0,54,24.538709677419355
원주소방서,201908,1.0,원주,43.0,64,24.125806451612902
원주소방서,201908,2.0,원주,44.0,45,23.780645161290323
원주소방서,201908,3.0,원주,44.0,50,23.44516129032258
원주소방서,201908,4.0,원주,35.0,44,23.10322580645161
원주소방서,201908,5.0,원주,36.0,46,22.91935483870968
원주소방서,201908,6.0,원주,46.0,50,22.648387096774197
원주소방서,201908,7.0,원주,103.0,85,23.15806451612903
원주소방서,201908,8.0,원주,102.0,107,24.154838709677417
원주소방서,201908,9.0,원주,111.0,128,25.43870967741936
원주소방서,201908,10.0,원주,81.0,100,26.677419354838708
원주소방서,201908,11.0,원주,102.0,111,27.806451612903224
원주소방서,201908,12.0,원주,66.0,77,28.861290322580647
원주소방서,201908,13.0,원주,99.0,89,29.316129032258065
원주소방서,201908,14.0,원주,115.0,122,29.69677419354839
원주소방서,201908,15.0,원주,64.0,91,29.87741935483871
원주소방서,201908,16.0,원주,74.0,96,29.767741935483876
원주소방서,201908,17.0,원주,47.0,73,29.616129032258065
원주소방서,201908,18.0,원주,79.0,85,28.967741935483872
원주소방서,201908,19.0,원주,92.0,99,27.896774193548385
원주소방서,201908,20.0,원주,99.0,99,26.470967741935485
원주소방서,201908,21.0,원주,73.0,89,25.703225806451613
원주소방서,201908,22.0,원주,53.0,71,25.3
원주소방서,201908,23.0,원주,54.0,67,24.758064516129032
원주소방서,201909,0.0,원주,44.0,59,19.74
원주소방서,201909,1.0,원주,30.0,44,19.346666666666668
원주소방서,201909,2.0,원주,33.0,44,19.07333333333333
원주소방서,201909,3.0,원주,21.0,25,18.78
원주소방서,201909,4.0,원주,32.0,39,18.626666666666665
원주소방서,201909,5.0,원주,45.0,40,18.40333333333333
원주소방서,201909,6.0,원주,42.0,47,18.24
원주소방서,201909,7.0,원주,68.0,66,18.46
원주소방서,201909,8.0,원주,72.0,74,18.926666666666662
원주소방서,201909,9.0,원주,80.0,80,20.066666666666663
원주소방서,201909,10.0,원주,94.0,96,21.543333333333333
원주소방서,201909,11.0,원주,70.0,90,23.10333333333333
원주소방서,201909,12.0,원주,79.0,83,24.08333333333333
원주소방서,201909,13.0,원주,74.0,84,24.87
원주소방서,201909,14.0,원주,69.0,79,25.276666666666664
원주소방서,201909,15.0,원주,74.0,89,25.38
원주소방서,201909,16.0,원주,60.0,81,25.196666666666665
원주소방서,201909,17.0,원주,71.0,83,24.696666666666665
원주소방서,201909,18.0,원주,79.0,100,23.76333333333333
원주소방서,201909,19.0,원주,62.0,69,22.58
원주소방서,201909,20.0,원주,77.0,88,21.75333333333333
원주소방서,201909,21.0,원주,75.0,76,21.11
원주소방서,201909,22.0,원주,49.0,76,20.613333333333333
원주소방서,201909,23.0,원주,56.0,66,20.21333333333333
원주소방서,201910,0.0,원주,36.0,43,13.4
원주소방서,201910,1.0,원주,36.0,45,12.938709677419356
원주소방서,201910,2.0,원주,30.0,42,12.396774193548389
원주소방서,201910,3.0,원주,37.0,31,11.961290322580645
원주소방서,201910,4.0,원주,28.0,24,11.538709677419355
원주소방서,201910,5.0,원주,50.0,42,11.209677419354838
원주소방서,201910,6.0,원주,40.0,52,11.061290322580644
원주소방서,201910,7.0,원주,63.0,56,10.85483870967742
원주소방서,201910,8.0,원주,68.0,65,11.758064516129032
원주소방서,201910,9.0,원주,88.0,81,13.193548387096774
원주소방서,201910,10.0,원주,97.0,89,14.806451612903226
원주소방서,201910,11.0,원주,86.0,79,16.45483870967742
원주소방서,201910,12.0,원주,78.0,78,17.87741935483871
원주소방서,201910,13.0,원주,79.0,90,18.76774193548387
원주소방서,201910,14.0,원주,98.0,102,19.483870967741936
원주소방서,201910,15.0,원주,77.0,83,19.53548387096774
원주소방서,201910,16.0,원주,72.0,94,19.36774193548387
원주소방서,201910,17.0,원주,79.0,78,18.712903225806453
원주소방서,201910,18.0,원주,82.0,91,17.519354838709678
원주소방서,201910,19.0,원주,79.0,97,16.193548387096776
원주소방서,201910,20.0,원주,77.0,77,15.261290322580646
원주소방서,201910,21.0,원주,78.0,84,14.696774193548388
원주소방서,201910,22.0,원주,51.0,77,14.248387096774191
원주소방서,201910,23.0,원주,37.0,53,13.703225806451613
원주소방서,201911,0.0,원주,38.0,61,5.61
원주소방서,201911,1.0,원주,35.0,42,5.3100000000000005
원주소방서,201911,2.0,원주,30.0,34,4.8533333333333335
원주소방서,201911,3.0,원주,34.0,37,4.406666666666666
원주소방서,201911,4.0,원주,27.0,35,4.136666666666667
원주소방서,201911,5.0,원주,38.0,31,3.75
원주소방서,201911,6.0,원주,50.0,43,3.41
원주소방서,201911,7.0,원주,66.0,61,3.243333333333333
원주소방서,201911,8.0,원주,93.0,90,3.716666666666667
원주소방서,201911,9.0,원주,82.0,84,4.856666666666667
원주소방서,201911,10.0,원주,79.0,73,6.366666666666666
원주소방서,201911,11.0,원주,80.0,85,8.21
원주소방서,201911,12.0,원주,56.0,63,9.663333333333332
원주소방서,201911,13.0,원주,74.0,82,10.916666666666666
원주소방서,201911,14.0,원주,62.0,78,11.703333333333337
원주소방서,201911,15.0,원주,78.0,77,12.163333333333332
원주소방서,201911,16.0,원주,64.0,78,11.913333333333332
원주소방서,201911,17.0,원주,67.0,69,11.11
원주소방서,201911,18.0,원주,71.0,88,9.873333333333331
원주소방서,201911,19.0,원주,58.0,66,8.75
원주소방서,201911,20.0,원주,58.0,65,7.956666666666666
원주소방서,201911,21.0,원주,61.0,77,7.2
원주소방서,201911,22.0,원주,52.0,65,6.3533333333333335
원주소방서,201911,23.0,원주,45.0,55,5.673333333333333
원주소방서,201912,0.0,원주,66.0,68,0.1516129032258064
원주소방서,201912,1.0,원주,60.0,63,-0.3774193548387096
원주소방서,201912,2.0,원주,41.0,52,-0.7806451612903226
원주소방서,201912,3.0,원주,34.0,34,-1.1774193548387095
원주소방서,201912,4.0,원주,31.0,35,-1.432258064516129
원주소방서,201912,5.0,원주,34.0,37,-1.6774193548387095
원주소방서,201912,6.0,원주,56.0,52,-1.7741935483870968
원주소방서,201912,7.0,원주,77.0,73,-1.719354838709677
원주소방서,201912,8.0,원주,102.0,72,-1.7774193548387094
원주소방서,201912,9.0,원주,110.0,103,-0.8870967741935484
원주소방서,201912,10.0,원주,94.0,83,0.1354838709677419
원주소방서,201912,11.0,원주,76.0,78,1.2741935483870968
원주소방서,201912,12.0,원주,83.0,83,2.4000000000000004
원주소방서,201912,13.0,원주,97.0,98,3.4838709677419355
원주소방서,201912,14.0,원주,66.0,75,4.264516129032257
원주소방서,201912,15.0,원주,91.0,76,4.693548387096774
원주소방서,201912,16.0,원주,80.0,83,4.709677419354839
원주소방서,201912,17.0,원주,92.0,88,3.967741935483871
원주소방서,201912,18.0,원주,61.0,62,3.07741935483871
원주소방서,201912,19.0,원주,73.0,69,2.238709677419355
원주소방서,201912,20.0,원주,87.0,87,1.5516129032258066
원주소방서,201912,21.0,원주,71.0,90,1.035483870967742
원주소방서,201912,22.0,원주,82.0,93,0.4451612903225806
원주소방서,201912,23.0,원주,67.0,86,0.064516129032258
원주소방서,202001,0.0,원주,43.0,54,-0.2032258064516129
원주소방서,202001,1.0,원주,27.0,37,-0.4258064516129032
원주소방서,202001,2.0,원주,38.0,36,-0.5741935483870968
원주소방서,202001,3.0,원주,26.0,31,-0.9838709677419356
원주소방서,202001,4.0,원주,35.0,44,-1.3709677419354838
원주소방서,202001,5.0,원주,23.0,29,-1.635483870967742
원주소방서,202001,6.0,원주,45.0,45,-1.8193548387096772
원주소방서,202001,7.0,원주,67.0,58,-1.9838709677419355
원주소방서,202001,8.0,원주,88.0,87,-2.05483870967742
원주소방서,202001,9.0,원주,94.0,80,-1.2516129032258063
원주소방서,202001,10.0,원주,60.0,58,-0.0387096774193548
원주소방서,202001,11.0,원주,81.0,83,1.4967741935483871
원주소방서,202001,12.0,원주,71.0,68,2.996774193548388
원주소방서,202001,13.0,원주,88.0,85,4.358064516129032
원주소방서,202001,14.0,원주,67.0,74,5.012903225806451
원주소방서,202001,15.0,원주,86.0,74,5.396774193548388
원주소방서,202001,16.0,원주,61.0,68,5.354838709677419
원주소방서,202001,17.0,원주,59.0,85,4.754838709677419
원주소방서,202001,18.0,원주,56.0,65,3.774193548387097
원주소방서,202001,19.0,원주,80.0,86,2.8161290322580643
원주소방서,202001,20.0,원주,61.0,54,2.1580645161290324
원주소방서,202001,21.0,원주,62.0,68,1.6064516129032258
원주소방서,202001,22.0,원주,42.0,48,1.0516129032258066
원주소방서,202001,23.0,원주,49.0,61,0.4064516129032257
원주소방서,202002,0.0,원주,48.0,52,1.4
원주소방서,202002,1.0,원주,33.0,50,0.993103448275862
원주소방서,202002,2.0,원주,30.0,30,0.7275862068965517
원주소방서,202002,3.0,원주,12.0,26,0.306896551724138
원주소방서,202002,4.0,원주,25.0,25,-0.0448275862068965
원주소방서,202002,5.0,원주,28.0,32,-0.4241379310344828
원주소방서,202002,6.0,원주,38.0,40,-0.7172413793103449
원주소방서,202002,7.0,원주,46.0,38,-0.8793103448275862
원주소방서,202002,8.0,원주,66.0,68,-0.806896551724138
원주소방서,202002,9.0,원주,67.0,70,0.1344827586206896
원주소방서,202002,10.0,원주,80.0,85,1.3448275862068966
원주소방서,202002,11.0,원주,55.0,65,2.782758620689655
원주소방서,202002,12.0,원주,68.0,63,4.155172413793103
원주소방서,202002,13.0,원주,66.0,70,5.072413793103448
원주소방서,202002,14.0,원주,63.0,71,5.975862068965517
원주소방서,202002,15.0,원주,57.0,65,6.520689655172413
원주소방서,202002,16.0,원주,68.0,68,6.603448275862069
원주소방서,202002,17.0,원주,42.0,56,6.206896551724138
원주소방서,202002,18.0,원주,65.0,73,5.5344827586206895
원주소방서,202002,19.0,원주,54.0,68,4.555172413793104
원주소방서,202002,20.0,원주,52.0,56,3.682758620689655
원주소방서,202002,21.0,원주,53.0,59,2.9068965517241376
원주소방서,202002,22.0,원주,45.0,58,2.4896551724137934
원주소방서,202002,23.0,원주,42.0,54,1.9448275862068964
원주소방서,202003,0.0,원주,38.0,51,5.825806451612903
원주소방서,202003,1.0,원주,28.0,29,5.096774193548387
원주소방서,202003,2.0,원주,26.0,27,4.606451612903226
원주소방서,202003,3.0,원주,26.0,32,4.12258064516129
원주소방서,202003,4.0,원주,23.0,25,3.703225806451613
원주소방서,202003,5.0,원주,24.0,20,3.232258064516129
원주소방서,202003,6.0,원주,24.0,26,2.8870967741935485
원주소방서,202003,7.0,원주,58.0,43,3.041935483870968
원주소방서,202003,8.0,원주,57.0,60,3.870967741935484
원주소방서,202003,9.0,원주,71.0,75,5.383870967741935
원주소방서,202003,10.0,원주,73.0,63,7.070967741935483
원주소방서,202003,11.0,원주,62.0,68,9.038709677419355
원주소방서,202003,12.0,원주,67.0,74,10.541935483870969
원주소방서,202003,13.0,원주,51.0,66,11.764516129032256
원주소방서,202003,14.0,원주,63.0,64,12.5
원주소방서,202003,15.0,원주,63.0,70,12.774193548387096
원주소방서,202003,16.0,원주,49.0,53,12.893548387096772
원주소방서,202003,17.0,원주,47.0,56,12.529032258064516
원주소방서,202003,18.0,원주,33.0,52,11.761290322580646
원주소방서,202003,19.0,원주,63.0,67,10.683870967741935
원주소방서,202003,20.0,원주,36.0,52,9.46774193548387
원주소방서,202003,21.0,원주,71.0,75,8.51290322580645
원주소방서,202003,22.0,원주,57.0,70,7.506451612903225
원주소방서,202003,23.0,원주,32.0,56,6.706451612903226
원주소방서,202004,0.0,원주,25.0,31,8.716666666666667
원주소방서,202004,1.0,원주,20.0,23,7.983333333333333
원주소방서,202004,2.0,원주,9.0,20,7.436666666666666
원주소방서,202004,3.0,원주,17.0,21,6.8966666666666665
원주소방서,202004,4.0,원주,13.0,15,6.226666666666668
원주소방서,202004,5.0,원주,17.0,23,5.69
원주소방서,202004,6.0,원주,16.0,18,5.319999999999999
원주소방서,202004,7.0,원주,39.0,25,6.1866666666666665
원주소방서,202004,8.0,원주,42.0,36,7.573333333333333
원주소방서,202004,9.0,원주,50.0,44,9.5
원주소방서,202004,10.0,원주,40.0,43,11.436666666666667
원주소방서,202004,11.0,원주,36.0,40,12.943333333333332
원주소방서,202004,12.0,원주,39.0,40,14.256666666666666
원주소방서,202004,13.0,원주,34.0,41,15.173333333333334
원주소방서,202004,14.0,원주,49.0,44,15.886666666666668
원주소방서,202004,15.0,원주,31.0,38,16.303333333333335
원주소방서,202004,16.0,원주,37.0,47,16.013333333333332
원주소방서,202004,17.0,원주,42.0,45,15.723333333333333
원주소방서,202004,18.0,원주,46.0,53,14.923333333333334
원주소방서,202004,19.0,원주,36.0,31,13.786666666666669
원주소방서,202004,20.0,원주,40.0,49,12.48
원주소방서,202004,21.0,원주,32.0,39,11.54
원주소방서,202004,22.0,원주,30.0,31,10.603333333333332
원주소방서,202004,23.0,원주,33.0,51,9.76
원주소방서,202005,0.0,원주,32.0,24,16.116129032258062
원주소방서,202005,1.0,원주,32.0,32,15.529032258064516
원주소방서,202005,2.0,원주,12.0,15,15.1
원주소방서,202005,3.0,원주,11.0,19,14.73225806451613
원주소방서,202005,4.0,원주,18.0,20,14.325806451612904
원주소방서,202005,5.0,원주,20.0,20,14.041935483870969
원주소방서,202005,6.0,원주,22.0,28,14.129032258064516
원주소방서,202005,7.0,원주,28.0,27,14.825806451612904
원주소방서,202005,8.0,원주,32.0,35,15.84516129032258
원주소방서,202005,9.0,원주,35.0,36,17.22258064516129
원주소방서,202005,10.0,원주,35.0,33,18.74516129032258
원주소방서,202005,11.0,원주,36.0,34,19.82903225806452
원주소방서,202005,12.0,원주,50.0,43,20.864516129032257
원주소방서,202005,13.0,원주,45.0,41,21.68064516129032
원주소방서,202005,14.0,원주,38.0,44,22.26129032258065
원주소방서,202005,15.0,원주,35.0,32,22.55161290322581
원주소방서,202005,16.0,원주,45.0,43,22.5
원주소방서,202005,17.0,원주,40.0,42,22.225806451612904
원주소방서,202005,18.0,원주,40.0,43,21.41935483870968
원주소방서,202005,19.0,원주,47.0,38,20.62903225806452
원주소방서,202005,20.0,원주,25.0,29,19.503225806451614
원주소방서,202005,21.0,원주,33.0,33,18.358064516129037
원주소방서,202005,22.0,원주,26.0,27,17.61935483870968
원주소방서,202005,23.0,원주,23.0,21,16.84193548387097
원주소방서,202006,0.0,원주,54.0,69,22.36
원주소방서,202006,1.0,원주,39.0,48,21.69333333333333
원주소방서,202006,2.0,원주,44.0,46,21.17
원주소방서,202006,3.0,원주,22.0,26,20.773333333333333
원주소방서,202006,4.0,원주,20.0,25,20.44333333333333
원주소방서,202006,5.0,원주,31.0,31,20.23
원주소방서,202006,6.0,원주,64.0,58,20.17
원주소방서,202006,7.0,원주,71.0,68,20.633333333333333
원주소방서,202006,8.0,원주,84.0,79,21.60666666666667
원주소방서,202006,9.0,원주,90.0,86,22.89
원주소방서,202006,10.0,원주,85.0,71,24.4
원주소방서,202006,11.0,원주,68.0,62,25.62
원주소방서,202006,12.0,원주,79.0,88,26.39
원주소방서,202006,13.0,원주,76.0,73,27.296666666666667
원주소방서,202006,14.0,원주,81.0,78,27.866666666666667
원주소방서,202006,15.0,원주,93.0,88,28.226666666666667
원주소방서,202006,16.0,원주,79.0,83,28.096666666666668
원주소방서,202006,17.0,원주,89.0,81,27.836666666666662
원주소방서,202006,18.0,원주,64.0,85,27.216666666666665
원주소방서,202006,19.0,원주,68.0,63,26.516666666666666
원주소방서,202006,20.0,원주,68.0,78,25.52
원주소방서,202006,21.0,원주,50.0,59,24.40666666666667
원주소방서,202006,22.0,원주,58.0,63,23.65666666666667
원주소방서,202006,23.0,원주,57.0,88,22.9
원주소방서,202007,0.0,원주,64.0,66,22.287096774193547
원주소방서,202007,1.0,원주,34.0,45,21.89032258064516
원주소방서,202007,2.0,원주,26.0,31,21.567741935483877
원주소방서,202007,3.0,원주,33.0,49,21.296774193548387
원주소방서,202007,4.0,원주,38.0,44,21.07741935483871
원주소방서,202007,5.0,원주,25.0,31,20.961290322580645
원주소방서,202007,6.0,원주,38.0,39,20.793548387096774
원주소방서,202007,7.0,원주,61.0,54,21.14516129032258
원주소방서,202007,8.0,원주,74.0,85,21.88064516129032
원주소방서,202007,9.0,원주,70.0,75,22.88387096774193
원주소방서,202007,10.0,원주,82.0,99,23.83870967741936
원주소방서,202007,11.0,원주,78.0,87,24.864516129032257
원주소방서,202007,12.0,원주,66.0,71,25.570967741935487
원주소방서,202007,13.0,원주,84.0,90,26.1
원주소방서,202007,14.0,원주,91.0,101,26.467741935483872
원주소방서,202007,15.0,원주,70.0,95,26.70967741935484
원주소방서,202007,16.0,원주,68.0,80,26.706451612903223
원주소방서,202007,17.0,원주,91.0,103,26.47741935483871
원주소방서,202007,18.0,원주,75.0,95,25.887096774193548
원주소방서,202007,19.0,원주,81.0,76,25.19677419354839
원주소방서,202007,20.0,원주,85.0,102,24.41290322580645
원주소방서,202007,21.0,원주,64.0,79,23.748387096774195
원주소방서,202007,22.0,원주,55.0,71,23.15806451612903
원주소방서,202007,23.0,원주,35.0,53,22.748387096774195
원주소방서,202008,0.0,원주,47.0,59,24.896774193548385
원주소방서,202008,1.0,원주,50.0,66,24.567741935483877
원주소방서,202008,2.0,원주,22.0,31,24.41290322580645
원주소방서,202008,3.0,원주,37.0,41,24.21935483870968
원주소방서,202008,4.0,원주,29.0,34,24.251612903225805
원주소방서,202008,5.0,원주,32.0,38,24.161290322580644
원주소방서,202008,6.0,원주,55.0,54,24.19
원주소방서,202008,7.0,원주,81.0,81,24.26451612903226
원주소방서,202008,8.0,원주,104.0,114,25.05806451612903
원주소방서,202008,9.0,원주,97.0,91,25.88387096774193
원주소방서,202008,10.0,원주,83.0,97,26.816129032258065
원주소방서,202008,11.0,원주,61.0,78,27.33225806451613
원주소방서,202008,12.0,원주,72.0,81,28.02258064516129
원주소방서,202008,13.0,원주,71.0,83,28.5258064516129
원주소방서,202008,14.0,원주,85.0,96,28.80967741935484
원주소방서,202008,15.0,원주,76.0,99,28.39333333333333
원주소방서,202008,16.0,원주,75.0,104,28.42258064516129
원주소방서,202008,17.0,원주,89.0,87,27.97741935483871
원주소방서,202008,18.0,원주,71.0,82,27.596774193548388
원주소방서,202008,19.0,원주,65.0,74,26.88387096774193
원주소방서,202008,20.0,원주,83.0,98,26.287096774193547
원주소방서,202008,21.0,원주,58.0,78,25.651612903225807
원주소방서,202008,22.0,원주,58.0,69,25.31935483870968
원주소방서,202008,23.0,원주,49.0,57,24.996774193548383
원주소방서,202009,0.0,원주,36.0,48,18.346666666666668
원주소방서,202009,1.0,원주,39.0,39,18.006666666666668
원주소방서,202009,2.0,원주,39.0,41,17.67
원주소방서,202009,3.0,원주,26.0,28,17.41
원주소방서,202009,4.0,원주,25.0,26,17.13
원주소방서,202009,5.0,원주,30.0,32,16.926666666666666
원주소방서,202009,6.0,원주,31.0,31,16.646666666666665
원주소방서,202009,7.0,원주,36.0,44,16.779999999999998
원주소방서,202009,8.0,원주,83.0,76,17.683333333333334
원주소방서,202009,9.0,원주,103.0,92,18.93
원주소방서,202009,10.0,원주,70.0,81,20.55333333333333
원주소방서,202009,11.0,원주,91.0,100,21.71333333333333
원주소방서,202009,12.0,원주,64.0,73,22.683333333333334
원주소방서,202009,13.0,원주,73.0,77,23.433333333333334
원주소방서,202009,14.0,원주,66.0,85,23.696666666666665
원주소방서,202009,15.0,원주,63.0,76,23.69
원주소방서,202009,16.0,원주,83.0,96,23.633333333333333
원주소방서,202009,17.0,원주,87.0,79,23.03
원주소방서,202009,18.0,원주,77.0,80,22.146666666666665
원주소방서,202009,19.0,원주,58.0,67,21.046666666666667
원주소방서,202009,20.0,원주,47.0,54,20.076666666666664
원주소방서,202009,21.0,원주,56.0,67,19.49
원주소방서,202009,22.0,원주,66.0,69,18.98
원주소방서,202009,23.0,원주,25.0,41,18.616666666666667
원주소방서,202010,0.0,원주,37.0,53,10.693548387096774
원주소방서,202010,1.0,원주,46.0,47,10.106451612903228
원주소방서,202010,2.0,원주,44.0,55,9.574193548387097
원주소방서,202010,3.0,원주,43.0,35,8.97741935483871
원주소방서,202010,4.0,원주,34.0,39,8.567741935483872
원주소방서,202010,5.0,원주,35.0,41,8.190322580645162
원주소방서,202010,6.0,원주,53.0,47,7.919354838709677
원주소방서,202010,7.0,원주,49.0,54,7.838709677419355
원주소방서,202010,8.0,원주,72.0,77,8.896774193548387
원주소방서,202010,9.0,원주,88.0,86,10.69032258064516
원주소방서,202010,10.0,원주,99.0,94,12.825806451612904
원주소방서,202010,11.0,원주,89.0,88,14.851612903225806
원주소방서,202010,12.0,원주,104.0,100,16.493548387096773
원주소방서,202010,13.0,원주,83.0,95,17.651612903225807
원주소방서,202010,14.0,원주,72.0,81,18.200000000000003
원주소방서,202010,15.0,원주,85.0,87,18.42258064516129
원주소방서,202010,16.0,원주,73.0,82,18.154838709677417
원주소방서,202010,17.0,원주,84.0,73,17.419354838709676
원주소방서,202010,18.0,원주,57.0,55,15.983870967741936
원주소방서,202010,19.0,원주,51.0,69,14.596774193548388
원주소방서,202010,20.0,원주,62.0,68,13.412903225806453
원주소방서,202010,21.0,원주,81.0,75,12.577419354838709
원주소방서,202010,22.0,원주,56.0,59,11.870967741935484
원주소방서,202010,23.0,원주,46.0,68,11.183870967741935
원주소방서,202011,0.0,원주,50.0,55,6.173333333333333
원주소방서,202011,1.0,원주,54.0,51,5.626666666666667
원주소방서,202011,2.0,원주,32.0,31,5.116666666666666
원주소방서,202011,3.0,원주,30.0,28,4.79
원주소방서,202011,4.0,원주,17.0,21,4.3966666666666665
원주소방서,202011,5.0,원주,29.0,33,4.08
원주소방서,202011,6.0,원주,47.0,45,3.8
원주소방서,202011,7.0,원주,49.0,46,3.6866666666666665
원주소방서,202011,8.0,원주,71.0,62,4.093333333333333
원주소방서,202011,9.0,원주,96.0,78,5.406666666666666
원주소방서,202011,10.0,원주,89.0,77,7.033333333333333
원주소방서,202011,11.0,원주,63.0,79,8.526666666666667
원주소방서,202011,12.0,원주,63.0,71,10.003333333333334
원주소방서,202011,13.0,원주,69.0,76,11.206666666666669
원주소방서,202011,14.0,원주,83.0,84,11.78
원주소방서,202011,15.0,원주,69.0,70,11.94
원주소방서,202011,16.0,원주,52.0,65,11.63
원주소방서,202011,17.0,원주,63.0,70,10.76
원주소방서,202011,18.0,원주,70.0,76,9.703333333333337
원주소방서,202011,19.0,원주,62.0,72,8.620000000000001
원주소방서,202011,20.0,원주,61.0,76,7.79
원주소방서,202011,21.0,원주,48.0,63,7.153333333333333
원주소방서,202011,22.0,원주,40.0,51,6.663333333333333
원주소방서,202011,23.0,원주,52.0,58,6.239999999999999
원주소방서,202012,0.0,원주,29.0,35,-2.774193548387097
원주소방서,202012,1.0,원주,25.0,30,-3.1225806451612903
원주소방서,202012,2.0,원주,26.0,34,-3.5258064516129037
원주소방서,202012,3.0,원주,24.0,24,-3.796774193548387
원주소방서,202012,4.0,원주,21.0,20,-4.025806451612903
원주소방서,202012,5.0,원주,37.0,33,-4.354838709677419
원주소방서,202012,6.0,원주,34.0,30,-4.570967741935483
원주소방서,202012,7.0,원주,53.0,41,-4.77741935483871
원주소방서,202012,8.0,원주,98.0,76,-4.887096774193548
원주소방서,202012,9.0,원주,102.0,81,-3.706451612903226
원주소방서,202012,10.0,원주,102.0,84,-2.2838709677419358
원주소방서,202012,11.0,원주,79.0,83,-0.7387096774193548
원주소방서,202012,12.0,원주,67.0,69,0.867741935483871
원주소방서,202012,13.0,원주,80.0,81,2.032258064516129
원주소방서,202012,14.0,원주,74.0,75,2.7096774193548385
원주소방서,202012,15.0,원주,80.0,83,3.0
원주소방서,202012,16.0,원주,42.0,54,2.8548387096774195
원주소방서,202012,17.0,원주,50.0,68,2.0903225806451613
원주소방서,202012,18.0,원주,55.0,64,1.0096774193548388
원주소방서,202012,19.0,원주,53.0,61,0.1709677419354837
원주소방서,202012,20.0,원주,59.0,73,-0.6612903225806451
원주소방서,202012,21.0,원주,54.0,65,-1.3451612903225805
원주소방서,202012,22.0,원주,45.0,60,-1.970967741935484
원주소방서,202012,23.0,원주,28.0,45,-2.4838709677419355
원주소방서,202101,0.0,원주,48.0,54,-3.916129032258065
원주소방서,202101,1.0,원주,56.0,48,-4.432258064516129
원주소방서,202101,2.0,원주,27.0,35,-5.074193548387097
원주소방서,202101,3.0,원주,44.0,40,-5.538709677419354
원주소방서,202101,4.0,원주,21.0,18,-6.003225806451613
원주소방서,202101,5.0,원주,31.0,29,-6.461290322580645
원주소방서,202101,6.0,원주,45.0,38,-6.670967741935484
원주소방서,202101,7.0,원주,52.0,51,-7.058064516129033
원주소방서,202101,8.0,원주,74.0,82,-7.17741935483871
원주소방서,202101,9.0,원주,95.0,102,-6.077419354838709
원주소방서,202101,10.0,원주,83.0,84,-4.712903225806452
원주소방서,202101,11.0,원주,55.0,72,-2.8225806451612905
원주소방서,202101,12.0,원주,87.0,92,-1.270967741935484
원주소방서,202101,13.0,원주,73.0,94,0.1483870967741936
원주소방서,202101,14.0,원주,70.0,75,1.135483870967742
원주소방서,202101,15.0,원주,72.0,101,1.6516129032258065
원주소방서,202101,16.0,원주,77.0,81,1.7225806451612902
원주소방서,202101,17.0,원주,47.0,47,1.196774193548387
원주소방서,202101,18.0,원주,58.0,68,0.0741935483870967
원주소방서,202101,19.0,원주,44.0,86,-0.8322580645161292
원주소방서,202101,20.0,원주,53.0,76,-1.4548387096774194
원주소방서,202101,21.0,원주,76.0,83,-1.9935483870967745
원주소방서,202101,22.0,원주,58.0,57,-2.593548387096774
원주소방서,202101,23.0,원주,32.0,47,-3.0870967741935487
원주소방서,202102,0.0,원주,40.0,41,0.675
원주소방서,202102,1.0,원주,26.0,39,0.2607142857142857
원주소방서,202102,2.0,원주,28.0,27,-0.1928571428571428
원주소방서,202102,3.0,원주,13.0,19,-0.4892857142857143
원주소방서,202102,4.0,원주,36.0,31,-0.807142857142857
원주소방서,202102,5.0,원주,14.0,24,-1.2
원주소방서,202102,6.0,원주,35.0,34,-1.6035714285714284
원주소방서,202102,7.0,원주,56.0,47,-1.9214285714285717
원주소방서,202102,8.0,원주,92.0,81,-1.675
원주소방서,202102,9.0,원주,82.0,74,-0.4
원주소방서,202102,10.0,원주,70.0,88,1.1714285714285713
원주소방서,202102,11.0,원주,86.0,73,2.935714285714286
원주소방서,202102,12.0,원주,46.0,66,4.707142857142857
원주소방서,202102,13.0,원주,61.0,75,5.985714285714286
원주소방서,202102,14.0,원주,74.0,87,6.921428571428572
원주소방서,202102,15.0,원주,62.0,71,7.314285714285715
원주소방서,202102,16.0,원주,81.0,80,7.507142857142857
원주소방서,202102,17.0,원주,67.0,69,7.125
원주소방서,202102,18.0,원주,65.0,58,6.128571428571428
원주소방서,202102,19.0,원주,87.0,97,4.989285714285714
원주소방서,202102,20.0,원주,61.0,64,3.996428571428571
원주소방서,202102,21.0,원주,43.0,62,3.0500000000000003
원주소방서,202102,22.0,원주,50.0,58,2.2785714285714285
원주소방서,202102,23.0,원주,35.0,50,1.5642857142857145
원주소방서,202103,0.0,원주,39.0,51,7.187096774193549
원주소방서,202103,1.0,원주,62.0,74,6.558064516129033
원주소방서,202103,2.0,원주,32.0,31,6.083870967741936
원주소방서,202103,3.0,원주,35.0,37,5.52258064516129
원주소방서,202103,4.0,원주,28.0,36,5.038709677419354
원주소방서,202103,5.0,원주,49.0,48,4.651612903225806
원주소방서,202103,6.0,원주,45.0,41,4.245161290322581
원주소방서,202103,7.0,원주,66.0,54,4.1
원주소방서,202103,8.0,원주,92.0,89,4.809677419354839
원주소방서,202103,9.0,원주,115.0,109,6.412903225806452
원주소방서,202103,10.0,원주,81.0,94,8.241935483870968
원주소방서,202103,11.0,원주,74.0,73,10.070967741935483
원주소방서,202103,12.0,원주,101.0,99,11.47741935483871
원주소방서,202103,13.0,원주,78.0,79,12.52258064516129
원주소방서,202103,14.0,원주,74.0,71,13.096774193548388
원주소방서,202103,15.0,원주,90.0,90,13.54516129032258
원주소방서,202103,16.0,원주,64.0,57,13.638709677419357
원주소방서,202103,17.0,원주,89.0,88,13.341935483870968
원주소방서,202103,18.0,원주,74.0,80,12.651612903225804
원주소방서,202103,19.0,원주,46.0,61,11.616129032258064
원주소방서,202103,20.0,원주,73.0,79,10.406451612903227
원주소방서,202103,21.0,원주,50.0,64,9.535483870967743
원주소방서,202103,22.0,원주,55.0,66,9.00967741935484
원주소방서,202103,23.0,원주,41.0,56,8.193548387096774
원주소방서,202104,0.0,원주,26.0,34,11.946666666666664
원주소방서,202104,1.0,원주,35.0,43,11.313333333333333
원주소방서,202104,2.0,원주,37.0,47,10.723333333333333
원주소방서,202104,3.0,원주,34.0,33,10.18
원주소방서,202104,4.0,원주,31.0,31,9.51
원주소방서,202104,5.0,원주,38.0,38,8.906666666666666
원주소방서,202104,6.0,원주,49.0,43,8.576666666666666
원주소방서,202104,7.0,원주,81.0,78,8.993333333333334
원주소방서,202104,8.0,원주,103.0,94,10.466666666666669
원주소방서,202104,9.0,원주,72.0,75,12.283333333333331
원주소방서,202104,10.0,원주,120.0,132,14.086666666666668
원주소방서,202104,11.0,원주,63.0,65,15.703333333333337
원주소방서,202104,12.0,원주,91.0,91,16.856666666666666
원주소방서,202104,13.0,원주,60.0,82,17.563333333333333
원주소방서,202104,14.0,원주,75.0,86,18.21
원주소방서,202104,15.0,원주,67.0,74,18.48
원주소방서,202104,16.0,원주,69.0,82,18.52
원주소방서,202104,17.0,원주,54.0,81,18.18
원주소방서,202104,18.0,원주,59.0,68,17.529999999999998
원주소방서,202104,19.0,원주,59.0,77,16.493333333333332
원주소방서,202104,20.0,원주,56.0,70,15.296666666666663
원주소방서,202104,21.0,원주,69.0,86,14.14
원주소방서,202104,22.0,원주,42.0,58,13.356666666666666
원주소방서,202104,23.0,원주,61.0,68,12.53
원주소방서,202105,0.0,원주,48.0,63,14.422580645161291
원주소방서,202105,1.0,원주,47.0,57,13.880645161290325
원주소방서,202105,2.0,원주,30.0,46,13.403225806451612
원주소방서,202105,3.0,원주,32.0,39,12.98709677419355
원주소방서,202105,4.0,원주,38.0,37,12.538709677419355
원주소방서,202105,5.0,원주,46.0,39,12.380645161290325
원주소방서,202105,6.0,원주,50.0,48,12.380645161290325
원주소방서,202105,7.0,원주,46.0,46,12.90967741935484
원주소방서,202105,8.0,원주,92.0,78,13.751612903225809
원주소방서,202105,9.0,원주,86.0,92,15.209677419354838
원주소방서,202105,10.0,원주,87.0,140,16.561290322580643
원주소방서,202105,11.0,원주,108.0,110,17.980645161290322
원주소방서,202105,12.0,원주,83.0,73,18.970967741935485
원주소방서,202105,13.0,원주,84.0,98,19.68387096774193
원주소방서,202105,14.0,원주,88.0,137,20.396774193548385
원주소방서,202105,15.0,원주,81.0,92,20.874193548387098
원주소방서,202105,16.0,원주,77.0,85,20.88387096774193
원주소방서,202105,17.0,원주,76.0,93,20.693548387096776
원주소방서,202105,18.0,원주,75.0,81,20.10967741935484
원주소방서,202105,19.0,원주,67.0,82,19.26129032258065
원주소방서,202105,20.0,원주,88.0,136,18.0258064516129
원주소방서,202105,21.0,원주,84.0,84,16.990322580645163
원주소방서,202105,22.0,원주,93.0,106,16.225806451612904
원주소방서,202105,23.0,원주,62.0,65,15.4
원주소방서,202106,0.0,원주,42.0,52,20.31
원주소방서,202106,1.0,원주,27.0,37,19.90666666666667
원주소방서,202106,2.0,원주,51.0,49,19.30333333333333
원주소방서,202106,3.0,원주,50.0,51,18.94333333333333
원주소방서,202106,4.0,원주,39.0,39,18.68
원주소방서,202106,5.0,원주,50.0,47,18.366666666666667
원주소방서,202106,6.0,원주,55.0,48,18.3
원주소방서,202106,7.0,원주,74.0,78,18.91333333333333
원주소방서,202106,8.0,원주,112.0,95,20.03
원주소방서,202106,9.0,원주,105.0,107,21.68
원주소방서,202106,10.0,원주,114.0,179,23.183333333333334
원주소방서,202106,11.0,원주,95.0,83,24.31
원주소방서,202106,12.0,원주,102.0,100,25.07
원주소방서,202106,13.0,원주,104.0,97,25.64333333333333
원주소방서,202106,14.0,원주,82.0,132,25.8
원주소방서,202106,15.0,원주,78.0,94,26.176666666666662
원주소방서,202106,16.0,원주,97.0,125,26.15333333333333
원주소방서,202106,17.0,원주,87.0,119,26.08333333333333
원주소방서,202106,18.0,원주,78.0,112,25.37333333333333
원주소방서,202106,19.0,원주,81.0,147,24.65333333333333
원주소방서,202106,20.0,원주,103.0,113,23.363333333333333
원주소방서,202106,21.0,원주,76.0,83,22.43
원주소방서,202106,22.0,원주,56.0,73,21.58333333333333
원주소방서,202106,23.0,원주,55.0,67,20.916666666666668
원주소방서,202107,0.0,원주,50.0,71,24.641935483870967
원주소방서,202107,1.0,원주,40.0,51,24.14516129032258
원주소방서,202107,2.0,원주,48.0,51,23.79032258064516
원주소방서,202107,3.0,원주,47.0,56,23.44193548387097
원주소방서,202107,4.0,원주,38.0,50,23.164516129032258
원주소방서,202107,5.0,원주,40.0,43,22.85483870967742
원주소방서,202107,6.0,원주,62.0,63,22.88387096774193
원주소방서,202107,7.0,원주,68.0,71,23.67096774193548
원주소방서,202107,8.0,원주,98.0,112,24.63225806451613
원주소방서,202107,9.0,원주,121.0,123,26.187096774193545
원주소방서,202107,10.0,원주,106.0,174,27.56451612903226
원주소방서,202107,11.0,원주,90.0,114,28.66774193548387
원주소방서,202107,12.0,원주,98.0,112,29.68064516129032
원주소방서,202107,13.0,원주,98.0,124,30.13225806451613
원주소방서,202107,14.0,원주,83.0,161,30.538709677419355
원주소방서,202107,15.0,원주,94.0,113,30.496774193548383
원주소방서,202107,16.0,원주,108.0,128,30.46451612903226
원주소방서,202107,17.0,원주,79.0,113,30.05806451612903
원주소방서,202107,18.0,원주,72.0,109,29.470967741935485
원주소방서,202107,19.0,원주,95.0,114,28.4741935483871
원주소방서,202107,20.0,원주,85.0,133,27.41935483870968
원주소방서,202107,21.0,원주,77.0,108,26.345161290322583
원주소방서,202107,22.0,원주,64.0,90,25.712903225806453
원주소방서,202107,23.0,원주,42.0,54,25.30322580645161
원주소방서,202108,0.0,원주,63.0,89,23.43870967741936
원주소방서,202108,1.0,원주,47.0,49,23.125806451612902
원주소방서,202108,2.0,원주,46.0,64,22.835483870967742
원주소방서,202108,3.0,원주,40.0,49,22.59032258064516
원주소방서,202108,4.0,원주,33.0,31,22.248387096774195
원주소방서,202108,5.0,원주,34.0,42,22.05483870967742
원주소방서,202108,6.0,원주,57.0,54,21.870967741935484
원주소방서,202108,7.0,원주,88.0,86,22.151612903225807
원주소방서,202108,8.0,원주,130.0,135,22.967741935483872
원주소방서,202108,9.0,원주,91.0,110,24.006451612903227
원주소방서,202108,10.0,원주,94.0,111,25.080645161290324
원주소방서,202108,11.0,원주,102.0,107,25.996774193548383
원주소방서,202108,12.0,원주,85.0,101,26.72903225806452
원주소방서,202108,13.0,원주,87.0,119,27.293548387096774
원주소방서,202108,14.0,원주,89.0,111,27.62903225806452
원주소방서,202108,15.0,원주,93.0,102,27.73548387096774
원주소방서,202108,16.0,원주,88.0,106,27.59032258064516
원주소방서,202108,17.0,원주,88.0,96,26.98064516129032
원주소방서,202108,18.0,원주,92.0,99,26.429032258064517
원주소방서,202108,19.0,원주,67.0,82,25.67096774193548
원주소방서,202108,20.0,원주,84.0,103,24.738709677419354
원주소방서,202108,21.0,원주,63.0,82,24.13225806451613
원주소방서,202108,22.0,원주,85.0,98,23.925806451612903
원주소방서,202108,23.0,원주,44.0,74,23.57741935483871
원주소방서,202109,0.0,원주,61.0,71,19.53666666666667
원주소방서,202109,1.0,원주,32.0,44,19.026666666666664
원주소방서,202109,2.0,원주,41.0,47,18.55
원주소방서,202109,3.0,원주,26.0,33,18.196666666666665
원주소방서,202109,4.0,원주,45.0,42,17.970000000000002
원주소방서,202109,5.0,원주,39.0,42,17.636666666666667
원주소방서,202109,6.0,원주,59.0,51,17.426666666666666
원주소방서,202109,7.0,원주,74.0,75,17.696666666666665
원주소방서,202109,8.0,원주,109.0,104,18.62
원주소방서,202109,9.0,원주,101.0,103,19.99
원주소방서,202109,10.0,원주,111.0,129,21.4
원주소방서,202109,11.0,원주,100.0,105,22.716666666666665
원주소방서,202109,12.0,원주,85.0,90,23.886666666666667
원주소방서,202109,13.0,원주,93.0,117,24.496666666666663
원주소방서,202109,14.0,원주,87.0,109,24.866666666666667
원주소방서,202109,15.0,원주,95.0,128,25.166666666666668
원주소방서,202109,16.0,원주,108.0,123,25.126666666666665
원주소방서,202109,17.0,원주,89.0,91,24.546666666666667
원주소방서,202109,18.0,원주,80.0,95,23.81
원주소방서,202109,19.0,원주,71.0,94,22.58
원주소방서,202109,20.0,원주,83.0,99,21.76333333333333
원주소방서,202109,21.0,원주,53.0,60,21.16
원주소방서,202109,22.0,원주,55.0,89,20.546666666666667
원주소방서,202109,23.0,원주,55.0,68,20.006666666666668
원주소방서,202110,0.0,원주,61.0,77,12.832258064516129
원주소방서,202110,1.0,원주,27.0,49,12.30967741935484
원주소방서,202110,2.0,원주,39.0,47,12.061290322580644
원주소방서,202110,3.0,원주,30.0,41,11.629032258064516
원주소방서,202110,4.0,원주,28.0,41,11.26774193548387
원주소방서,202110,5.0,원주,40.0,32,11.03225806451613
원주소방서,202110,6.0,원주,44.0,52,10.829032258064515
원주소방서,202110,7.0,원주,79.0,72,10.83548387096774
원주소방서,202110,8.0,원주,100.0,95,11.480645161290322
원주소방서,202110,9.0,원주,111.0,103,12.7
원주소방서,202110,10.0,원주,101.0,100,14.529032258064516
원주소방서,202110,11.0,원주,109.0,112,16.2
원주소방서,202110,12.0,원주,82.0,100,17.5
원주소방서,202110,13.0,원주,78.0,96,18.39354838709677
원주소방서,202110,14.0,원주,100.0,109,18.97741935483871
원주소방서,202110,15.0,원주,79.0,93,19.11935483870968
원주소방서,202110,16.0,원주,70.0,98,18.9
원주소방서,202110,17.0,원주,90.0,85,18.306451612903224
원주소방서,202110,18.0,원주,75.0,90,16.845161290322583
원주소방서,202110,19.0,원주,81.0,85,15.53225806451613
원주소방서,202110,20.0,원주,97.0,99,14.712903225806452
원주소방서,202110,21.0,원주,77.0,85,14.035483870967743
원주소방서,202110,22.0,원주,64.0,78,13.577419354838709
원주소방서,202110,23.0,원주,85.0,86,13.058064516129033
원주소방서,202111,0.0,원주,65.0,67,5.88
원주소방서,202111,1.0,원주,42.0,43,5.35
원주소방서,202111,2.0,원주,43.0,53,4.943333333333333
원주소방서,202111,3.0,원주,29.0,34,4.6866666666666665
원주소방서,202111,4.0,원주,39.0,44,4.383333333333334
원주소방서,202111,5.0,원주,37.0,39,4.153333333333333
원주소방서,202111,6.0,원주,54.0,50,4.033333333333333
원주소방서,202111,7.0,원주,71.0,64,3.836666666666667
원주소방서,202111,8.0,원주,102.0,88,4.163333333333333
원주소방서,202111,9.0,원주,110.0,104,5.196666666666667
원주소방서,202111,10.0,원주,97.0,102,6.6433333333333335
원주소방서,202111,11.0,원주,94.0,100,8.29
원주소방서,202111,12.0,원주,100.0,108,9.85
원주소방서,202111,13.0,원주,103.0,95,10.806666666666668
원주소방서,202111,14.0,원주,89.0,105,11.476666666666668
원주소방서,202111,15.0,원주,88.0,94,11.8
원주소방서,202111,16.0,원주,80.0,81,11.693333333333332
원주소방서,202111,17.0,원주,84.0,86,10.936666666666667
원주소방서,202111,18.0,원주,103.0,96,9.753333333333334
원주소방서,202111,19.0,원주,76.0,97,8.79
원주소방서,202111,20.0,원주,70.0,70,7.9
원주소방서,202111,21.0,원주,82.0,95,7.066666666666666
원주소방서,202111,22.0,원주,92.0,95,6.413333333333333
원주소방서,202111,23.0,원주,71.0,69,5.926666666666667
원주소방서,202112,0.0,원주,49.0,65,-0.4870967741935483
원주소방서,202112,1.0,원주,54.0,56,-1.0451612903225806
원주소방서,202112,2.0,원주,32.0,36,-1.4451612903225806
원주소방서,202112,3.0,원주,32.0,31,-1.7000000000000002
원주소방서,202112,4.0,원주,46.0,42,-2.070967741935484
원주소방서,202112,5.0,원주,38.0,35,-2.416129032258065
원주소방서,202112,6.0,원주,58.0,42,-2.5870967741935487
원주소방서,202112,7.0,원주,48.0,65,-2.829032258064516
원주소방서,202112,8.0,원주,98.0,91,-2.970967741935484
원주소방서,202112,9.0,원주,89.0,83,-1.967741935483871
원주소방서,202112,10.0,원주,112.0,92,-0.8387096774193549
원주소방서,202112,11.0,원주,114.0,133,0.6225806451612904
원주소방서,202112,12.0,원주,89.0,83,1.993548387096774
원주소방서,202112,13.0,원주,122.0,129,3.1258064516129034
원주소방서,202112,14.0,원주,108.0,118,3.858064516129032
원주소방서,202112,15.0,원주,135.0,125,4.216129032258064
원주소방서,202112,16.0,원주,94.0,92,4.109677419354839
원주소방서,202112,17.0,원주,72.0,85,3.4516129032258065
원주소방서,202112,18.0,원주,86.0,95,2.683870967741936
원주소방서,202112,19.0,원주,94.0,96,1.92258064516129
원주소방서,202112,20.0,원주,85.0,90,1.164516129032258
원주소방서,202112,21.0,원주,92.0,84,0.5483870967741935
원주소방서,202112,22.0,원주,55.0,75,0.1258064516129032
원주소방서,202112,23.0,원주,78.0,75,-0.3774193548387097
원주소방서,202201,0.0,원주,,54,-3.512903225806452
원주소방서,202201,1.0,원주,,49,-4.051612903225807
원주소방서,202201,2.0,원주,,32,-4.5
원주소방서,202201,3.0,원주,,35,-4.83225806451613
원주소방서,202201,4.0,원주,,32,-5.325806451612903
원주소방서,202201,5.0,원주,,33,-5.783870967741936
원주소방서,202201,6.0,원주,,57,-6.129032258064516
원주소방서,202201,7.0,원주,,61,-6.412903225806452
원주소방서,202201,8.0,원주,,95,-6.619354838709677
원주소방서,202201,9.0,원주,1.0,121,-5.529032258064516
원주소방서,202201,10.0,원주,,107,-3.9741935483870967
원주소방서,202201,11.0,원주,2.0,83,-2.2580645161290325
원주소방서,202201,12.0,원주,1.0,91,-0.7516129032258064
원주소방서,202201,13.0,원주,,89,0.6548387096774194
원주소방서,202201,14.0,원주,,104,1.5419354838709676
원주소방서,202201,15.0,원주,1.0,90,1.974193548387097
원주소방서,202201,16.0,원주,,88,2.135483870967742
원주소방서,202201,17.0,원주,,91,1.738709677419355
원주소방서,202201,18.0,원주,,96,0.8967741935483872
원주소방서,202201,19.0,원주,,95,-0.1806451612903225
원주소방서,202201,20.0,원주,,94,-1.0193548387096774
원주소방서,202201,21.0,원주,,92,-1.6580645161290322
원주소방서,202201,22.0,원주,,65,-2.2451612903225806
원주소방서,202201,23.0,원주,,56,-2.812903225806452
원주소방서,202202,0.0,원주,,41,-2.310714285714286
원주소방서,202202,1.0,원주,,43,-3.060714285714286
원주소방서,202202,2.0,원주,,33,-3.5107142857142857
원주소방서,202202,3.0,원주,,31,-3.85
원주소방서,202202,4.0,원주,,35,-4.371428571428571
원주소방서,202202,5.0,원주,,37,-4.917857142857143
원주소방서,202202,6.0,원주,,46,-5.135714285714286
원주소방서,202202,7.0,원주,,58,-5.592857142857143
원주소방서,202202,8.0,원주,,78,-5.567857142857143
원주소방서,202202,9.0,원주,,95,-4.092857142857143
원주소방서,202202,10.0,원주,,88,-2.4
원주소방서,202202,11.0,원주,,87,-0.6392857142857142
원주소방서,202202,12.0,원주,,77,0.9714285714285716
원주소방서,202202,13.0,원주,,83,2.085714285714286
원주소방서,202202,14.0,원주,,88,3.0142857142857147
원주소방서,202202,15.0,원주,,80,3.460714285714286
원주소방서,202202,16.0,원주,,102,3.6714285714285713
원주소방서,202202,17.0,원주,,74,3.267857142857143
원주소방서,202202,18.0,원주,,66,2.3857142857142857
원주소방서,202202,19.0,원주,,81,1.3035714285714286
원주소방서,202202,20.0,원주,,51,0.2321428571428571
원주소방서,202202,21.0,원주,,66,-0.5035714285714287
원주소방서,202202,22.0,원주,,67,-1.0
원주소방서,202202,23.0,원주,,53,-1.5857142857142856
원주소방서,202203,0.0,원주,6.0,79,5.941935483870967
원주소방서,202203,1.0,원주,2.0,46,5.412903225806452
원주소방서,202203,2.0,원주,2.0,42,4.970967741935484
원주소방서,202203,3.0,원주,3.0,36,4.341935483870968
원주소방서,202203,4.0,원주,5.0,48,3.774193548387097
원주소방서,202203,5.0,원주,3.0,50,3.3870967741935485
원주소방서,202203,6.0,원주,3.0,60,3.0806451612903225
원주소방서,202203,7.0,원주,11.0,97,2.916129032258065
원주소방서,202203,8.0,원주,12.0,119,3.55483870967742
원주소방서,202203,9.0,원주,11.0,123,5.012903225806451
원주소방서,202203,10.0,원주,10.0,133,6.54516129032258
원주소방서,202203,11.0,원주,19.0,101,8.448387096774193
원주소방서,202203,12.0,원주,6.0,126,9.932258064516128
원주소방서,202203,13.0,원주,10.0,118,10.893548387096772
원주소방서,202203,14.0,원주,8.0,139,11.496774193548386
원주소방서,202203,15.0,원주,6.0,123,11.86451612903226
원주소방서,202203,16.0,원주,7.0,101,11.870967741935484
원주소방서,202203,17.0,원주,7.0,111,11.561290322580644
원주소방서,202203,18.0,원주,8.0,126,10.95483870967742
원주소방서,202203,19.0,원주,7.0,105,10.15483870967742
원주소방서,202203,20.0,원주,8.0,102,8.990322580645161
원주소방서,202203,21.0,원주,10.0,106,8.041935483870969
원주소방서,202203,22.0,원주,8.0,94,7.370967741935484
원주소방서,202203,23.0,원주,5.0,103,6.641935483870968
원주소방서,202204,0.0,원주,76.0,85,11.956666666666669
원주소방서,202204,1.0,원주,53.0,52,11.27
원주소방서,202204,2.0,원주,40.0,46,10.646666666666668
원주소방서,202204,3.0,원주,48.0,46,10.04
원주소방서,202204,4.0,원주,56.0,61,9.453333333333337
원주소방서,202204,5.0,원주,45.0,42,8.836666666666668
원주소방서,202204,6.0,원주,55.0,50,8.31
원주소방서,202204,7.0,원주,101.0,74,8.693333333333333
원주소방서,202204,8.0,원주,135.0,108,9.853333333333332
원주소방서,202204,9.0,원주,124.0,118,11.683333333333334
원주소방서,202204,10.0,원주,147.0,127,13.68
원주소방서,202204,11.0,원주,102.0,104,15.646666666666668
원주소방서,202204,12.0,원주,128.0,120,17.046666666666667
원주소방서,202204,13.0,원주,120.0,106,18.25333333333333
원주소방서,202204,14.0,원주,135.0,149,18.9
원주소방서,202204,15.0,원주,115.0,122,19.446666666666665
원주소방서,202204,16.0,원주,107.0,103,19.71
원주소방서,202204,17.0,원주,109.0,93,19.37
원주소방서,202204,18.0,원주,108.0,99,18.74
원주소방서,202204,19.0,원주,87.0,83,17.6
원주소방서,202204,20.0,원주,106.0,101,16.279999999999998
원주소방서,202204,21.0,원주,80.0,88,15.08
원주소방서,202204,22.0,원주,69.0,82,14.146666666666668
원주소방서,202204,23.0,원주,66.0,86,12.87
원주소방서,202205,0.0,원주,79.0,85,16.216129032258063
원주소방서,202205,1.0,원주,62.0,74,15.238709677419354
원주소방서,202205,2.0,원주,55.0,55,14.474193548387095
원주소방서,202205,3.0,원주,36.0,40,13.80967741935484
원주소방서,202205,4.0,원주,43.0,46,13.14516129032258
원주소방서,202205,5.0,원주,42.0,44,12.674193548387096
원주소방서,202205,6.0,원주,76.0,56,12.493548387096777
원주소방서,202205,7.0,원주,79.0,68,13.43225806451613
원주소방서,202205,8.0,원주,103.0,107,14.903225806451612
원주소방서,202205,9.0,원주,118.0,113,16.799999999999997
원주소방서,202205,10.0,원주,92.0,104,18.67419354838709
원주소방서,202205,11.0,원주,115.0,114,20.27741935483871
원주소방서,202205,12.0,원주,99.0,104,21.296774193548387
원주소방서,202205,13.0,원주,100.0,99,22.374193548387098
원주소방서,202205,14.0,원주,86.0,101,22.983870967741936
원주소방서,202205,15.0,원주,104.0,104,23.448387096774194
원주소방서,202205,16.0,원주,92.0,93,23.5258064516129
원주소방서,202205,17.0,원주,95.0,93,23.29032258064516
원주소방서,202205,18.0,원주,88.0,101,22.79032258064516
원주소방서,202205,19.0,원주,98.0,110,21.796774193548387
원주소방서,202205,20.0,원주,80.0,80,20.483870967741936
원주소방서,202205,21.0,원주,67.0,75,19.24516129032258
원주소방서,202205,22.0,원주,73.0,90,18.1
원주소방서,202205,23.0,원주,75.0,75,17.287096774193547
원주소방서,202206,0.0,원주,48.0,64,21.50333333333333
원주소방서,202206,1.0,원주,62.0,80,21.0
원주소방서,202206,2.0,원주,53.0,58,20.53333333333333
원주소방서,202206,3.0,원주,28.0,40,20.12333333333333
원주소방서,202206,4.0,원주,48.0,46,19.790000000000003
원주소방서,202206,5.0,원주,60.0,58,19.46333333333333
원주소방서,202206,6.0,원주,50.0,47,19.41333333333333
원주소방서,202206,7.0,원주,59.0,67,19.83333333333333
원주소방서,202206,8.0,원주,134.0,119,20.78333333333333
원주소방서,202206,9.0,원주,123.0,115,22.246666666666663
원주소방서,202206,10.0,원주,103.0,97,23.436666666666667
원주소방서,202206,11.0,원주,106.0,116,24.386666666666667
원주소방서,202206,12.0,원주,100.0,89,25.42
원주소방서,202206,13.0,원주,104.0,104,26.05333333333333
원주소방서,202206,14.0,원주,76.0,91,26.33333333333333
원주소방서,202206,15.0,원주,72.0,86,26.35666666666667
원주소방서,202206,16.0,원주,73.0,85,26.290000000000003
원주소방서,202206,17.0,원주,82.0,77,25.996666666666663
원주소방서,202206,18.0,원주,69.0,91,25.523333333333333
원주소방서,202206,19.0,원주,82.0,98,24.80333333333333
원주소방서,202206,20.0,원주,97.0,96,23.953333333333333
원주소방서,202206,21.0,원주,78.0,108,23.293333333333333
원주소방서,202206,22.0,원주,71.0,93,22.543333333333333
원주소방서,202206,23.0,원주,70.0,80,22.076666666666664
원주소방서,202207,0.0,원주,68.0,72,24.72903225806452
원주소방서,202207,1.0,원주,46.0,52,24.35483870967742
원주소방서,202207,2.0,원주,42.0,51,24.032258064516128
원주소방서,202207,3.0,원주,45.0,48,23.700000000000003
원주소방서,202207,4.0,원주,38.0,47,23.40322580645161
원주소방서,202207,5.0,원주,61.0,45,23.23225806451613
원주소방서,202207,6.0,원주,57.0,63,23.11290322580645
원주소방서,202207,7.0,원주,109.0,84,23.616129032258065
원주소방서,202207,8.0,원주,108.0,106,24.43870967741936
원주소방서,202207,9.0,원주,108.0,118,25.59354838709677
원주소방서,202207,10.0,원주,87.0,95,26.63225806451613
원주소방서,202207,11.0,원주,99.0,105,27.59354838709677
원주소방서,202207,12.0,원주,115.0,133,28.351612903225806
원주소방서,202207,13.0,원주,116.0,124,28.961290322580645
원주소방서,202207,14.0,원주,123.0,129,29.203225806451613
원주소방서,202207,15.0,원주,105.0,121,29.40967741935484
원주소방서,202207,16.0,원주,104.0,108,29.448387096774194
원주소방서,202207,17.0,원주,108.0,108,28.887096774193548
원주소방서,202207,18.0,원주,121.0,121,28.296774193548387
원주소방서,202207,19.0,원주,131.0,116,27.88387096774193
원주소방서,202207,20.0,원주,99.0,114,26.83870967741936
원주소방서,202207,21.0,원주,98.0,112,26.203225806451613
원주소방서,202207,22.0,원주,109.0,112,25.64516129032258
원주소방서,202207,23.0,원주,74.0,91,25.32258064516129
원주소방서,202208,0.0,원주,79.0,87,24.1
원주소방서,202208,1.0,원주,54.0,70,23.770967741935483
원주소방서,202208,2.0,원주,46.0,50,23.58709677419355
원주소방서,202208,3.0,원주,53.0,64,23.293548387096774
원주소방서,202208,4.0,원주,52.0,57,23.154838709677417
원주소방서,202208,5.0,원주,69.0,84,22.896774193548385
원주소방서,202208,6.0,원주,71.0,77,22.770967741935483
원주소방서,202208,7.0,원주,124.0,108,22.93870967741936
원주소방서,202208,8.0,원주,160.0,143,23.570967741935487
원주소방서,202208,9.0,원주,160.0,149,24.306451612903224
원주소방서,202208,10.0,원주,142.0,157,25.161290322580644
원주소방서,202208,11.0,원주,167.0,150,25.94193548387097
원주소방서,202208,12.0,원주,156.0,147,26.57741935483871
원주소방서,202208,13.0,원주,143.0,139,27.016129032258064
원주소방서,202208,14.0,원주,119.0,133,27.187096774193545
원주소방서,202208,15.0,원주,115.0,97,27.351612903225806
원주소방서,202208,16.0,원주,88.0,103,27.09032258064516
원주소방서,202208,17.0,원주,148.0,140,26.94193548387097
원주소방서,202208,18.0,원주,103.0,112,26.69677419354839
원주소방서,202208,19.0,원주,132.0,133,25.990322580645163
원주소방서,202208,20.0,원주,79.0,104,25.135483870967743
원주소방서,202208,21.0,원주,100.0,107,24.574193548387097
원주소방서,202208,22.0,원주,79.0,87,24.293548387096774
원주소방서,202208,23.0,원주,85.0,97,24.038709677419355
원주소방서,202209,0.0,원주,54.0,72,18.96333333333333
원주소방서,202209,1.0,원주,63.0,63,18.523333333333333
원주소방서,202209,2.0,원주,53.0,66,18.1
원주소방서,202209,3.0,원주,40.0,50,17.8
원주소방서,202209,4.0,원주,40.0,45,17.426666666666666
원주소방서,202209,5.0,원주,45.0,46,17.073333333333334
원주소방서,202209,6.0,원주,76.0,57,16.91
원주소방서,202209,7.0,원주,110.0,88,17.073333333333334
원주소방서,202209,8.0,원주,112.0,105,17.906896551724138
원주소방서,202209,9.0,원주,166.0,148,19.44482758620689
원주소방서,202209,10.0,원주,137.0,122,21.07586206896552
원주소방서,202209,11.0,원주,113.0,114,22.676666666666662
원주소방서,202209,12.0,원주,133.0,118,24.10666666666667
원주소방서,202209,13.0,원주,107.0,113,24.84333333333333
원주소방서,202209,14.0,원주,130.0,139,25.34333333333333
원주소방서,202209,15.0,원주,95.0,108,25.456666666666667
원주소방서,202209,16.0,원주,99.0,107,25.41333333333333
원주소방서,202209,17.0,원주,154.0,152,24.976666666666667
원주소방서,202209,18.0,원주,131.0,140,23.90666666666667
원주소방서,202209,19.0,원주,115.0,109,22.266666666666666
원주소방서,202209,20.0,원주,93.0,101,21.116666666666667
원주소방서,202209,21.0,원주,101.0,120,20.53333333333333
원주소방서,202209,22.0,원주,85.0,92,19.98333333333333
원주소방서,202209,23.0,원주,68.0,95,19.44
원주소방서,202210,0.0,원주,48.0,68,11.74516129032258
원주소방서,202210,1.0,원주,42.0,57,11.19032258064516
원주소방서,202210,2.0,원주,50.0,47,10.67741935483871
원주소방서,202210,3.0,원주,31.0,38,10.229032258064516
원주소방서,202210,4.0,원주,30.0,30,9.803225806451612
원주소방서,202210,5.0,원주,55.0,52,9.59032258064516
원주소방서,202210,6.0,원주,68.0,55,9.319354838709677
원주소방서,202210,7.0,원주,88.0,79,9.22258064516129
원주소방서,202210,8.0,원주,118.0,108,9.787096774193548
원주소방서,202210,9.0,원주,145.0,124,11.006451612903223
원주소방서,202210,10.0,원주,123.0,128,13.041935483870969
원주소방서,202210,11.0,원주,104.0,102,14.90967741935484
원주소방서,202210,12.0,원주,118.0,112,16.35483870967742
원주소방서,202210,13.0,원주,123.0,117,17.312903225806455
원주소방서,202210,14.0,원주,102.0,111,17.97741935483871
원주소방서,202210,15.0,원주,102.0,107,18.10322580645161
원주소방서,202210,16.0,원주,90.0,94,17.76774193548387
원주소방서,202210,17.0,원주,86.0,107,17.22258064516129
원주소방서,202210,18.0,원주,112.0,129,15.783870967741937
원주소방서,202210,19.0,원주,102.0,107,14.506451612903223
원주소방서,202210,20.0,원주,103.0,115,13.64516129032258
원주소방서,202210,21.0,원주,70.0,77,13.093548387096773
원주소방서,202210,22.0,원주,83.0,90,12.603225806451611
원주소방서,202210,23.0,원주,63.0,75,12.09032258064516
원주소방서,202211,0.0,원주,84.0,76,7.12
원주소방서,202211,1.0,원주,44.0,50,6.626666666666667
원주소방서,202211,2.0,원주,41.0,44,6.096666666666667
원주소방서,202211,3.0,원주,28.0,39,5.636666666666667
원주소방서,202211,4.0,원주,47.0,45,5.19
원주소방서,202211,5.0,원주,37.0,44,4.846666666666667
원주소방서,202211,6.0,원주,49.0,51,4.54
원주소방서,202211,7.0,원주,95.0,74,4.28
원주소방서,202211,8.0,원주,143.0,112,4.636666666666667
원주소방서,202211,9.0,원주,154.0,130,5.9366666666666665
원주소방서,202211,10.0,원주,126.0,137,7.846666666666667
원주소방서,202211,11.0,원주,120.0,104,9.913333333333332
원주소방서,202211,12.0,원주,97.0,82,11.666666666666666
원주소방서,202211,13.0,원주,96.0,97,12.883333333333333
원주소방서,202211,14.0,원주,117.0,122,13.65
원주소방서,202211,15.0,원주,81.0,78,13.786666666666669
원주소방서,202211,16.0,원주,112.0,112,13.6
원주소방서,202211,17.0,원주,113.0,123,12.676666666666668
원주소방서,202211,18.0,원주,103.0,85,11.27
원주소방서,202211,19.0,원주,96.0,107,9.98
원주소방서,202211,20.0,원주,82.0,80,9.16
원주소방서,202211,21.0,원주,103.0,110,8.31
원주소방서,202211,22.0,원주,82.0,90,7.72
원주소방서,202211,23.0,원주,67.0,84,7.19
원주소방서,202212,0.0,원주,61.0,65,-4.774193548387097
원주소방서,202212,1.0,원주,36.0,41,-5.267741935483872
원주소방서,202212,2.0,원주,53.0,62,-5.693548387096774
원주소방서,202212,3.0,원주,43.0,52,-6.04516129032258
원주소방서,202212,4.0,원주,29.0,30,-6.422580645161291
원주소방서,202212,5.0,원주,61.0,48,-6.745161290322581
원주소방서,202212,6.0,원주,63.0,68,-6.838709677419355
원주소방서,202212,7.0,원주,106.0,94,-7.025806451612904
원주소방서,202212,8.0,원주,137.0,124,-7.122580645161291
원주소방서,202212,9.0,원주,155.0,147,-6.229032258064516
원주소방서,202212,10.0,원주,144.0,144,-4.922580645161291
원주소방서,202212,11.0,원주,123.0,116,-3.325806451612903
원주소방서,202212,12.0,원주,115.0,95,-1.9548387096774196
원주소방서,202212,13.0,원주,126.0,114,-0.7483870967741937
원주소방서,202212,14.0,원주,125.0,131,-0.0903225806451613
원주소방서,202212,15.0,원주,87.0,115,0.1903225806451613
원주소방서,202212,16.0,원주,104.0,111,0.2129032258064516
원주소방서,202212,17.0,원주,90.0,111,-0.3129032258064516
원주소방서,202212,18.0,원주,108.0,101,-1.096774193548387
원주소방서,202212,19.0,원주,100.0,100,-1.812903225806452
원주소방서,202212,20.0,원주,77.0,95,-2.4935483870967743
원주소방서,202212,21.0,원주,88.0,101,-3.0870967741935487
원주소방서,202212,22.0,원주,82.0,93,-3.583870967741935
원주소방서,202212,23.0,원주,57.0,59,-4.199999999999999
원주소방서,202301,0.0,원주,59.0,71,-3.393548387096774
원주소방서,202301,1.0,원주,46.0,47,-3.848387096774193
원주소방서,202301,2.0,원주,62.0,58,-4.335483870967742
원주소방서,202301,3.0,원주,47.0,54,-4.712903225806452
원주소방서,202301,4.0,원주,42.0,45,-5.083870967741936
원주소방서,202301,5.0,원주,30.0,28,-5.387096774193548
원주소방서,202301,6.0,원주,47.0,44,-5.596774193548387
원주소방서,202301,7.0,원주,86.0,75,-5.741935483870968
원주소방서,202301,8.0,원주,124.0,113,-5.893548387096774
원주소방서,202301,9.0,원주,126.0,106,-5.112903225806452
원주소방서,202301,10.0,원주,129.0,129,-3.867741935483872
원주소방서,202301,11.0,원주,124.0,115,-2.3161290322580643
원주소방서,202301,12.0,원주,102.0,105,-0.7419354838709677
원주소방서,202301,13.0,원주,110.0,83,0.5612903225806453
원주소방서,202301,14.0,원주,126.0,120,1.435483870967742
원주소방서,202301,15.0,원주,118.0,103,1.835483870967742
원주소방서,202301,16.0,원주,95.0,86,1.9516129032258065
원주소방서,202301,17.0,원주,104.0,83,1.3838709677419354
원주소방서,202301,18.0,원주,76.0,91,0.3161290322580645
원주소방서,202301,19.0,원주,86.0,79,-0.496774193548387
원주소방서,202301,20.0,원주,97.0,89,-1.0838709677419356
원주소방서,202301,21.0,원주,88.0,85,-1.6161290322580646
원주소방서,202301,22.0,원주,73.0,83,-2.0935483870967744
원주소방서,202301,23.0,원주,64.0,74,-2.641935483870968
원주소방서,202302,0.0,원주,63.0,61,0.4107142857142856
원주소방서,202302,1.0,원주,58.0,70,-0.0785714285714285
원주소방서,202302,2.0,원주,29.0,41,-0.6071428571428571
원주소방서,202302,3.0,원주,42.0,34,-1.1142857142857143
원주소방서,202302,4.0,원주,37.0,48,-1.475
원주소방서,202302,5.0,원주,39.0,42,-1.825
원주소방서,202302,6.0,원주,69.0,54,-2.1392857142857142
원주소방서,202302,7.0,원주,78.0,68,-2.4714285714285715
원주소방서,202302,8.0,원주,87.0,76,-2.242857142857143
원주소방서,202302,9.0,원주,142.0,110,-1.0214285714285716
원주소방서,202302,10.0,원주,88.0,68,0.7857142857142857
원주소방서,202302,11.0,원주,115.0,87,2.4785714285714286
원주소방서,202302,12.0,원주,118.0,101,4.203571428571428
원주소방서,202302,13.0,원주,81.0,88,5.492857142857143
원주소방서,202302,14.0,원주,90.0,80,6.417857142857143
원주소방서,202302,15.0,원주,92.0,91,6.685714285714285
원주소방서,202302,16.0,원주,66.0,76,6.839285714285714
원주소방서,202302,17.0,원주,68.0,77,6.371428571428572
원주소방서,202302,18.0,원주,82.0,99,5.482142857142857
원주소방서,202302,19.0,원주,93.0,82,4.360714285714286
원주소방서,202302,20.0,원주,74.0,76,3.117857142857143
원주소방서,202302,21.0,원주,62.0,66,2.2964285714285717
원주소방서,202302,22.0,원주,52.0,60,1.6071428571428572
원주소방서,202302,23.0,원주,63.0,74,0.9892857142857142
원주소방서,202303,0.0,원주,61.0,66,7.52258064516129
원주소방서,202303,1.0,원주,50.0,59,6.825806451612903
원주소방서,202303,2.0,원주,56.0,54,6.035483870967742
원주소방서,202303,3.0,원주,38.0,42,5.348387096774194
원주소방서,202303,4.0,원주,51.0,48,4.780645161290322
원주소방서,202303,5.0,원주,43.0,35,4.193548387096774
원주소방서,202303,6.0,원주,48.0,45,3.7
원주소방서,202303,7.0,원주,80.0,61,3.5806451612903225
원주소방서,202303,8.0,원주,109.0,91,4.603225806451612
원주소방서,202303,9.0,원주,126.0,107,6.558064516129033
원주소방서,202303,10.0,원주,117.0,115,8.893548387096773
원주소방서,202303,11.0,원주,111.0,83,11.174193548387096
원주소방서,202303,12.0,원주,146.0,121,12.832258064516129
원주소방서,202303,13.0,원주,113.0,110,14.125806451612902
원주소방서,202303,14.0,원주,91.0,102,14.848387096774196
원주소방서,202303,15.0,원주,74.0,74,15.380645161290325
원주소방서,202303,16.0,원주,98.0,80,15.6
원주소방서,202303,17.0,원주,98.0,98,15.293548387096775
원주소방서,202303,18.0,원주,98.0,92,14.461290322580645
원주소방서,202303,19.0,원주,98.0,106,13.25483870967742
원주소방서,202303,20.0,원주,99.0,109,11.806451612903226
원주소방서,202303,21.0,원주,82.0,94,10.461290322580645
원주소방서,202303,22.0,원주,71.0,81,9.393548387096772
원주소방서,202303,23.0,원주,85.0,93,8.435483870967742
원주소방서,202304,0.0,원주,26.0,54,11.586666666666666
원주소방서,202304,1.0,원주,54.0,56,10.973333333333333
원주소방서,202304,2.0,원주,42.0,50,10.43
원주소방서,202304,3.0,원주,44.0,44,9.77
원주소방서,202304,4.0,원주,41.0,45,9.27
원주소방서,202304,5.0,원주,49.0,42,9.158620689655171
원주소방서,202304,6.0,원주,48.0,37,8.848275862068967
원주소방서,202304,7.0,원주,85.0,72,9.26551724137931
원주소방서,202304,8.0,원주,133.0,103,10.29310344827586
원주소방서,202304,9.0,원주,151.0,112,11.986206896551725
원주소방서,202304,10.0,원주,98.0,84,13.803333333333336
원주소방서,202304,11.0,원주,96.0,91,15.313333333333333
원주소방서,202304,12.0,원주,122.0,94,16.503333333333334
원주소방서,202304,13.0,원주,108.0,114,17.163333333333334
원주소방서,202304,14.0,원주,97.0,95,17.783333333333335
원주소방서,202304,15.0,원주,102.0,105,18.016666666666666
원주소방서,202304,16.0,원주,75.0,95,17.86
원주소방서,202304,17.0,원주,120.0,91,17.673333333333336
원주소방서,202304,18.0,원주,100.0,108,17.06
원주소방서,202304,19.0,원주,113.0,105,16.09
원주소방서,202304,20.0,원주,105.0,97,14.92
원주소방서,202304,21.0,원주,98.0,97,13.86
원주소방서,202304,22.0,원주,63.0,68,13.023333333333332
원주소방서,202304,23.0,원주,104.0,104,12.223333333333333
원주소방서,202305,0.0,원주,71.0,83,16.27741935483871
원주소방서,202305,1.0,원주,41.0,51,15.667741935483871
원주소방서,202305,2.0,원주,56.0,52,15.058064516129033
원주소방서,202305,3.0,원주,45.0,39,14.383870967741936
원주소방서,202305,4.0,원주,34.0,37,13.841935483870968
원주소방서,202305,5.0,원주,60.0,51,13.393548387096772
원주소방서,202305,6.0,원주,75.0,61,13.251612903225809
원주소방서,202305,7.0,원주,99.0,85,14.14516129032258
원주소방서,202305,8.0,원주,128.0,96,15.50967741935484
원주소방서,202305,9.0,원주,150.0,118,17.27741935483871
원주소방서,202305,10.0,원주,169.0,141,19.17096774193548
원주소방서,202305,11.0,원주,160.0,122,20.65806451612903
원주소방서,202305,12.0,원주,107.0,108,21.9
원주소방서,202305,13.0,원주,118.0,110,22.567741935483877
원주소방서,202305,14.0,원주,119.0,111,23.21935483870968
원주소방서,202305,15.0,원주,96.0,107,23.55806451612903
원주소방서,202305,16.0,원주,104.0,110,23.483870967741936
원주소방서,202305,17.0,원주,102.0,113,23.21935483870968
원주소방서,202305,18.0,원주,101.0,117,22.570967741935487
원주소방서,202305,19.0,원주,126.0,107,21.606451612903225
원주소방서,202305,20.0,원주,89.0,109,20.12903225806452
원주소방서,202305,21.0,원주,102.0,105,19.05806451612903
원주소방서,202305,22.0,원주,57.0,76,18.216129032258067
원주소방서,202305,23.0,원주,96.0,101,17.370967741935484
원주소방서,202306,0.0,원주,53.0,68,21.473333333333336
원주소방서,202306,1.0,원주,51.0,56,21.00333333333333
원주소방서,202306,2.0,원주,39.0,39,20.43
원주소방서,202306,3.0,원주,30.0,41,19.90333333333333
원주소방서,202306,4.0,원주,53.0,47,19.636666666666667
원주소방서,202306,5.0,원주,54.0,56,19.2
원주소방서,202306,6.0,원주,89.0,73,19.176666666666662
원주소방서,202306,7.0,원주,90.0,62,19.74333333333333
원주소방서,202306,8.0,원주,153.0,130,20.75
원주소방서,202306,9.0,원주,145.0,112,22.28
원주소방서,202306,10.0,원주,124.0,117,23.433333333333334
원주소방서,202306,11.0,원주,99.0,101,24.686666666666667
원주소방서,202306,12.0,원주,112.0,111,25.46333333333333
원주소방서,202306,13.0,원주,109.0,112,26.11
원주소방서,202306,14.0,원주,106.0,105,26.543333333333333
원주소방서,202306,15.0,원주,110.0,97,26.68
원주소방서,202306,16.0,원주,79.0,86,26.863333333333333
원주소방서,202306,17.0,원주,99.0,108,26.703333333333333
원주소방서,202306,18.0,원주,91.0,82,26.203333333333333
원주소방서,202306,19.0,원주,83.0,92,25.366666666666667
원주소방서,202306,20.0,원주,101.0,100,24.366666666666667
원주소방서,202306,21.0,원주,101.0,104,23.25
원주소방서,202306,22.0,원주,73.0,83,22.676666666666662
원주소방서,202306,23.0,원주,78.0,82,22.15666666666667
원주소방서,202307,0.0,원주,83.0,89,24.432258064516127
원주소방서,202307,1.0,원주,57.0,71,24.225806451612904
원주소방서,202307,2.0,원주,51.0,51,23.896774193548385
원주소방서,202307,3.0,원주,45.0,64,23.75483870967742
원주소방서,202307,4.0,원주,42.0,51,23.516129032258064
원주소방서,202307,5.0,원주,71.0,58,23.36774193548387
원주소방서,202307,6.0,원주,78.0,83,23.26451612903226
원주소방서,202307,7.0,원주,102.0,91,23.67419354838709
원주소방서,202307,8.0,원주,180.0,160,24.52258064516129
원주소방서,202307,9.0,원주,167.0,138,25.538709677419355
원주소방서,202307,10.0,원주,143.0,123,26.532258064516128
원주소방서,202307,11.0,원주,157.0,138,27.5258064516129
원주소방서,202307,12.0,원주,100.0,101,28.10967741935484
원주소방서,202307,13.0,원주,142.0,140,28.712903225806453
원주소방서,202307,14.0,원주,132.0,126,28.712903225806453
원주소방서,202307,15.0,원주,117.0,117,28.71935483870968
원주소방서,202307,16.0,원주,104.0,115,28.4741935483871
원주소방서,202307,17.0,원주,127.0,137,28.280645161290323
원주소방서,202307,18.0,원주,121.0,137,27.72903225806452
원주소방서,202307,19.0,원주,130.0,121,26.874193548387098
원주소방서,202307,20.0,원주,105.0,100,26.22258064516129
원주소방서,202307,21.0,원주,102.0,111,25.641935483870967
원주소방서,202307,22.0,원주,66.0,84,25.16774193548387
원주소방서,202307,23.0,원주,68.0,79,24.76774193548387
원주소방서,202308,0.0,원주,55.0,80,25.1
원주소방서,202308,1.0,원주,49.0,69,24.72258064516129
원주소방서,202308,2.0,원주,51.0,67,24.451612903225808
원주소방서,202308,3.0,원주,38.0,47,24.164516129032258
원주소방서,202308,4.0,원주,49.0,53,24.02258064516129
원주소방서,202308,5.0,원주,60.0,65,23.81290322580645
원주소방서,202308,6.0,원주,68.0,74,23.73548387096774
원주소방서,202308,7.0,원주,104.0,98,24.05806451612903
원주소방서,202308,8.0,원주,109.0,124,24.993548387096773
원주소방서,202308,9.0,원주,127.0,113,26.148387096774197
원주소방서,202308,10.0,원주,159.0,144,27.33225806451613
원주소방서,202308,11.0,원주,123.0,116,28.316129032258065
원주소방서,202308,12.0,원주,150.0,125,28.993548387096773
원주소방서,202308,13.0,원주,109.0,129,29.574193548387097
원주소방서,202308,14.0,원주,123.0,140,29.996774193548383
원주소방서,202308,15.0,원주,129.0,120,30.07741935483871
원주소방서,202308,16.0,원주,110.0,123,30.05161290322581
원주소방서,202308,17.0,원주,105.0,122,29.59354838709677
원주소방서,202308,18.0,원주,113.0,123,28.82903225806452
원주소방서,202308,19.0,원주,125.0,134,27.76451612903226
원주소방서,202308,20.0,원주,83.0,102,26.858064516129037
원주소방서,202308,21.0,원주,90.0,105,26.238709677419354
원주소방서,202308,22.0,원주,95.0,97,25.712903225806453
원주소방서,202308,23.0,원주,70.0,94,25.32903225806452
원주소방서,202309,0.0,원주,43.0,57,21.32333333333333
원주소방서,202309,1.0,원주,46.0,53,20.87333333333333
원주소방서,202309,2.0,원주,65.0,68,20.66333333333333
원주소방서,202309,3.0,원주,36.0,41,20.31
원주소방서,202309,4.0,원주,45.0,41,19.98
원주소방서,202309,5.0,원주,36.0,39,19.736666666666668
원주소방서,202309,6.0,원주,64.0,65,19.506666666666668
원주소방서,202309,7.0,원주,92.0,80,19.626666666666665
원주소방서,202309,8.0,원주,137.0,117,20.35
원주소방서,202309,9.0,원주,164.0,145,21.48333333333333
원주소방서,202309,10.0,원주,122.0,130,22.766666666666666
원주소방서,202309,11.0,원주,103.0,109,24.0
원주소방서,202309,12.0,원주,95.0,115,24.99333333333333
원주소방서,202309,13.0,원주,137.0,126,25.696666666666665
원주소방서,202309,14.0,원주,96.0,108,26.246666666666663
원주소방서,202309,15.0,원주,101.0,111,26.316666666666663
원주소방서,202309,16.0,원주,108.0,99,26.3
원주소방서,202309,17.0,원주,127.0,121,25.9
원주소방서,202309,18.0,원주,98.0,92,25.12
원주소방서,202309,19.0,원주,120.0,117,23.946666666666665
원주소방서,202309,20.0,원주,89.0,105,22.953333333333333
원주소방서,202309,21.0,원주,90.0,100,22.41333333333333
원주소방서,202309,22.0,원주,70.0,94,21.953333333333333
원주소방서,202309,23.0,원주,69.0,76,21.59
원주소방서,202310,0.0,원주,65.0,64,12.025806451612905
원주소방서,202310,1.0,원주,41.0,47,11.525806451612905
원주소방서,202310,2.0,원주,45.0,39,11.087096774193547
원주소방서,202310,3.0,원주,47.0,42,10.683870967741935
원주소방서,202310,4.0,원주,41.0,31,10.36451612903226
원주소방서,202310,5.0,원주,47.0,45,10.058064516129033
원주소방서,202310,6.0,원주,72.0,66,9.925806451612903
원주소방서,202310,7.0,원주,132.0,97,9.748387096774191
원주소방서,202310,8.0,원주,133.0,102,10.65483870967742
원주소방서,202310,9.0,원주,154.0,122,12.15483870967742
원주소방서,202310,10.0,원주,136.0,117,13.85483870967742
원주소방서,202310,11.0,원주,152.0,130,15.651612903225804
원주소방서,202310,12.0,원주,113.0,111,17.07741935483871
원주소방서,202310,13.0,원주,139.0,117,18.10967741935484
원주소방서,202310,14.0,원주,118.0,108,18.88387096774193
원주소방서,202310,15.0,원주,116.0,117,19.206451612903223
원주소방서,202310,16.0,원주,103.0,103,19.212903225806453
원주소방서,202310,17.0,원주,114.0,126,18.293548387096774
원주소방서,202310,18.0,원주,113.0,124,16.641935483870967
원주소방서,202310,19.0,원주,98.0,111,15.061290322580644
원주소방서,202310,20.0,원주,67.0,74,14.067741935483872
원주소방서,202310,21.0,원주,97.0,99,13.5
원주소방서,202310,22.0,원주,90.0,98,12.916129032258064
원주소방서,202310,23.0,원주,77.0,84,12.36451612903226
원주소방서,202311,0.0,원주,57.0,52,5.933333333333334
원주소방서,202311,1.0,원주,67.0,70,5.443333333333333
원주소방서,202311,2.0,원주,50.0,51,5.0600000000000005
원주소방서,202311,3.0,원주,57.0,42,4.683333333333334
원주소방서,202311,4.0,원주,32.0,31,4.503333333333333
원주소방서,202311,5.0,원주,83.0,68,4.156666666666667
원주소방서,202311,6.0,원주,56.0,55,3.87
원주소방서,202311,7.0,원주,87.0,69,3.756666666666667
원주소방서,202311,8.0,원주,121.0,123,3.983333333333333
원주소방서,202311,9.0,원주,159.0,128,5.1433333333333335
원주소방서,202311,10.0,원주,142.0,118,6.25
원주소방서,202311,11.0,원주,104.0,95,7.61
원주소방서,202311,12.0,원주,90.0,85,8.876666666666667
원주소방서,202311,13.0,원주,116.0,103,9.98
원주소방서,202311,14.0,원주,114.0,114,10.696666666666664
원주소방서,202311,15.0,원주,102.0,94,11.15
원주소방서,202311,16.0,원주,97.0,127,10.886666666666668
원주소방서,202311,17.0,원주,109.0,110,10.326666666666666
원주소방서,202311,18.0,원주,99.0,104,9.33
원주소방서,202311,19.0,원주,100.0,92,8.296666666666667
원주소방서,202311,20.0,원주,94.0,92,7.646666666666666
원주소방서,202311,21.0,원주,89.0,98,6.993333333333334
원주소방서,202311,22.0,원주,72.0,76,6.41
원주소방서,202311,23.0,원주,73.0,66,5.993333333333334
원주소방서,202312,0.0,원주,63.0,65,0.064516129032258
원주소방서,202312,1.0,원주,68.0,67,-0.2935483870967742
원주소방서,202312,2.0,원주,48.0,53,-0.567741935483871
원주소방서,202312,3.0,원주,55.0,50,-0.8935483870967743
원주소방서,202312,4.0,원주,48.0,44,-1.2516129032258063
원주소방서,202312,5.0,원주,54.0,43,-1.5129032258064516
원주소방서,202312,6.0,원주,62.0,66,-1.664516129032258
원주소방서,202312,7.0,원주,103.0,83,-1.8225806451612905
원주소방서,202312,8.0,원주,130.0,115,-1.7903225806451613
원주소방서,202312,9.0,원주,160.0,132,-0.9451612903225806
원주소방서,202312,10.0,원주,177.0,126,0.0806451612903225
원주소방서,202312,11.0,원주,126.0,122,1.3548387096774193
원주소방서,202312,12.0,원주,149.0,125,2.603225806451613
원주소방서,202312,13.0,원주,130.0,123,3.448387096774194
원주소방서,202312,14.0,원주,118.0,111,4.032258064516129
원주소방서,202312,15.0,원주,102.0,102,4.432258064516129
원주소방서,202312,16.0,원주,95.0,100,4.464516129032258
원주소방서,202312,17.0,원주,109.0,115,3.9225806451612906
원주소방서,202312,18.0,원주,118.0,129,3.019354838709677
원주소방서,202312,19.0,원주,89.0,87,2.2483870967741937
원주소방서,202312,20.0,원주,95.0,98,1.9258064516129036
원주소방서,202312,21.0,원주,84.0,93,1.4225806451612903
원주소방서,202312,22.0,원주,73.0,87,0.8633333333333334
원주소방서,202312,23.0,원주,66.0,79,0.6032258064516127
원주소방서,202401,0.0,원주,67.0,62,-1.0548387096774192
원주소방서,202401,1.0,원주,53.0,57,-1.364516129032258
원주소방서,202401,2.0,원주,43.0,51,-1.538709677419355
원주소방서,202401,3.0,원주,68.0,51,-1.8225806451612905
원주소방서,202401,4.0,원주,49.0,49,-2.0258064516129037
원주소방서,202401,5.0,원주,57.0,53,-2.325806451612903
원주소방서,202401,6.0,원주,91.0,83,-2.664516129032258
원주소방서,202401,7.0,원주,93.0,69,-2.787096774193548
원주소방서,202401,8.0,원주,154.0,124,-2.8451612903225807
원주소방서,202401,9.0,원주,178.0,142,-2.083870967741935
원주소방서,202401,10.0,원주,150.0,115,-1.1516129032258065
원주소방서,202401,11.0,원주,82.0,96,0.1064516129032258
원주소방서,202401,12.0,원주,124.0,113,1.219354838709677
원주소방서,202401,13.0,원주,127.0,114,1.9903225806451612
원주소방서,202401,14.0,원주,110.0,110,2.6064516129032262
원주소방서,202401,15.0,원주,107.0,108,2.925806451612903
원주소방서,202401,16.0,원주,97.0,102,3.009677419354839
원주소방서,202401,17.0,원주,93.0,97,2.5870967741935487
원주소방서,202401,18.0,원주,112.0,105,1.848387096774193
원주소방서,202401,19.0,원주,102.0,101,1.1451612903225807
원주소방서,202401,20.0,원주,65.0,61,0.6290322580645161
원주소방서,202401,21.0,원주,92.0,100,0.1129032258064515
원주소방서,202401,22.0,원주,76.0,90,-0.3548387096774194
원주소방서,202401,23.0,원주,67.0,76,-0.7935483870967742
원주소방서,202402,0.0,원주,121.0,51,2.6758620689655173
원주소방서,202402,1.0,원주,66.0,51,2.317241379310345
원주소방서,202402,2.0,원주,102.0,57,2.1214285714285714
원주소방서,202402,3.0,원주,85.0,39,1.7000000000000002
원주소방서,202402,4.0,원주,52.0,29,1.486206896551724
원주소방서,202402,5.0,원주,46.0,30,1.3103448275862069
원주소방서,202402,6.0,원주,77.0,35,1.2379310344827583
원주소방서,202402,7.0,원주,124.0,63,1.110344827586207
원주소방서,202402,8.0,원주,190.0,94,1.1896551724137931
원주소방서,202402,9.0,원주,227.0,119,2.1862068965517243
원주소방서,202402,10.0,원주,192.0,93,3.3344827586206898
원주소방서,202402,11.0,원주,173.0,90,4.855172413793104
원주소방서,202402,12.0,원주,187.0,95,5.986206896551724
원주소방서,202402,13.0,원주,151.0,85,6.927586206896552
원주소방서,202402,14.0,원주,154.0,86,7.272413793103448
원주소방서,202402,15.0,원주,161.0,85,7.548275862068966
원주소방서,202402,16.0,원주,162.0,85,7.658620689655172
원주소방서,202402,17.0,원주,164.0,80,7.341379310344828
원주소방서,202402,18.0,원주,150.0,86,6.655172413793103
원주소방서,202402,19.0,원주,144.0,79,5.679310344827586
원주소방서,202402,20.0,원주,140.0,84,4.834482758620689
원주소방서,202402,21.0,원주,123.0,66,4.255172413793104
원주소방서,202402,22.0,원주,132.0,77,3.706896551724138
원주소방서,202402,23.0,원주,157.0,74,3.13448275862069
원주소방서,202403,0.0,원주,48.0,48,5.690322580645161
원주소방서,202403,1.0,원주,66.0,58,5.003225806451613
원주소방서,202403,2.0,원주,44.0,52,4.364516129032259
원주소방서,202403,3.0,원주,52.0,40,3.9
원주소방서,202403,4.0,원주,58.0,44,3.429032258064516
원주소방서,202403,5.0,원주,32.0,44,3.106451612903226
원주소방서,202403,6.0,원주,66.0,52,2.7580645161290325
원주소방서,202403,7.0,원주,75.0,55,2.609677419354839
원주소방서,202403,8.0,원주,105.0,93,3.503225806451613
원주소방서,202403,9.0,원주,156.0,103,4.95483870967742
원주소방서,202403,10.0,원주,156.0,116,6.529032258064516
원주소방서,202403,11.0,원주,147.0,119,8.283870967741937
원주소방서,202403,12.0,원주,133.0,107,9.36451612903226
원주소방서,202403,13.0,원주,158.0,123,10.270967741935484
원주소방서,202403,14.0,원주,108.0,94,10.9
원주소방서,202403,15.0,원주,98.0,98,11.4
원주소방서,202403,16.0,원주,87.0,85,11.564516129032258
원주소방서,202403,17.0,원주,96.0,89,11.296774193548387
원주소방서,202403,18.0,원주,100.0,104,10.55483870967742
원주소방서,202403,19.0,원주,83.0,96,9.53225806451613
원주소방서,202403,20.0,원주,91.0,85,8.55483870967742
원주소방서,202403,21.0,원주,88.0,89,7.82258064516129
원주소방서,202403,22.0,원주,93.0,79,7.158064516129032
원주소방서,202403,23.0,원주,75.0,61,6.474193548387096
원주소방서,202404,0.0,원주,56.0,59,14.21
원주소방서,202404,1.0,원주,47.0,44,13.616666666666667
원주소방서,202404,2.0,원주,28.0,41,13.0
원주소방서,202404,3.0,원주,30.0,44,12.526666666666667
원주소방서,202404,4.0,원주,30.0,33,11.98
원주소방서,202404,5.0,원주,46.0,42,11.646666666666668
원주소방서,202404,6.0,원주,73.0,55,11.38
원주소방서,202404,7.0,원주,59.0,59,11.713333333333331
원주소방서,202404,8.0,원주,96.0,100,12.82
원주소방서,202404,9.0,원주,135.0,119,14.483333333333333
원주소방서,202404,10.0,원주,85.0,91,16.176666666666666
원주소방서,202404,11.0,원주,64.0,81,17.736666666666668
원주소방서,202404,12.0,원주,122.0,125,19.14
원주소방서,202404,13.0,원주,94.0,84,20.136666666666667
원주소방서,202404,14.0,원주,99.0,106,20.973333333333336
원주소방서,202404,15.0,원주,91.0,93,21.290000000000003
원주소방서,202404,16.0,원주,75.0,98,21.543333333333333
원주소방서,202404,17.0,원주,87.0,86,21.25333333333333
원주소방서,202404,18.0,원주,104.0,108,20.703333333333333
원주소방서,202404,19.0,원주,84.0,97,19.526666666666664
원주소방서,202404,20.0,원주,108.0,92,18.273333333333333
원주소방서,202404,21.0,원주,105.0,96,16.970000000000002
원주소방서,202404,22.0,원주,76.0,85,16.076666666666668
원주소방서,202404,23.0,원주,61.0,80,15.176666666666668
원주소방서,202405,0.0,원주,77.0,59,16.361290322580643
원주소방서,202405,1.0,원주,38.0,52,15.71935483870968
원주소방서,202405,2.0,원주,66.0,59,15.05483870967742
원주소방서,202405,3.0,원주,40.0,38,14.45483870967742
원주소방서,202405,4.0,원주,56.0,41,13.932258064516128
원주소방서,202405,5.0,원주,57.0,48,13.5
원주소방서,202405,6.0,원주,80.0,61,13.403225806451612
원주소방서,202405,7.0,원주,93.0,79,14.235483870967744
원주소방서,202405,8.0,원주,114.0,101,15.667741935483871
원주소방서,202405,9.0,원주,130.0,118,17.683870967741935
원주소방서,202405,10.0,원주,106.0,110,19.32903225806452
원주소방서,202405,11.0,원주,104.0,94,20.76451612903226
원주소방서,202405,12.0,원주,103.0,107,21.996774193548383
원주소방서,202405,13.0,원주,126.0,114,22.654838709677417
원주소방서,202405,14.0,원주,87.0,104,23.41935483870968
원주소방서,202405,15.0,원주,101.0,106,23.406451612903226
원주소방서,202405,16.0,원주,90.0,117,23.251612903225805
원주소방서,202405,17.0,원주,103.0,113,22.816129032258065
원주소방서,202405,18.0,원주,80.0,90,22.38064516129032
원주소방서,202405,19.0,원주,82.0,102,21.47741935483871
원주소방서,202405,20.0,원주,82.0,89,20.154838709677417
원주소방서,202405,21.0,원주,86.0,82,18.98709677419355
원주소방서,202405,22.0,원주,53.0,80,18.04516129032258
원주소방서,202405,23.0,원주,49.0,53,17.31935483870968
원주소방서,202406,0.0,원주,43.0,67,21.73
원주소방서,202406,1.0,원주,55.0,58,21.183333333333334
원주소방서,202406,2.0,원주,51.0,53,20.57
원주소방서,202406,3.0,원주,45.0,54,20.13
원주소방서,202406,4.0,원주,40.0,52,19.60333333333333
원주소방서,202406,5.0,원주,63.0,55,19.206666666666667
원주소방서,202406,6.0,원주,90.0,73,19.19
원주소방서,202406,7.0,원주,67.0,66,20.05333333333333
원주소방서,202406,8.0,원주,128.0,126,21.453333333333333
원주소방서,202406,9.0,원주,133.0,107,23.016666666666666
원주소방서,202406,10.0,원주,122.0,126,24.60666666666667
원주소방서,202406,11.0,원주,107.0,110,25.91333333333333
원주소방서,202406,12.0,원주,89.0,90,26.90333333333333
원주소방서,202406,13.0,원주,102.0,109,27.65333333333333
원주소방서,202406,14.0,원주,89.0,115,28.176666666666662
원주소방서,202406,15.0,원주,103.0,93,28.55
원주소방서,202406,16.0,원주,116.0,105,28.7
원주소방서,202406,17.0,원주,114.0,127,28.436666666666667
원주소방서,202406,18.0,원주,107.0,101,27.726666666666667
원주소방서,202406,19.0,원주,106.0,117,26.816666666666663
원주소방서,202406,20.0,원주,104.0,100,25.516666666666666
원주소방서,202406,21.0,원주,96.0,102,24.166666666666668
원주소방서,202406,22.0,원주,78.0,95,23.383333333333333
원주소방서,202406,23.0,원주,69.0,67,22.506666666666668
원주소방서,202407,0.0,원주,81.0,73,25.574193548387097
원주소방서,202407,1.0,원주,45.0,57,25.251612903225805
원주소방서,202407,2.0,원주,42.0,43,24.864516129032257
원주소방서,202407,3.0,원주,54.0,55,24.72258064516129
원주소방서,202407,4.0,원주,61.0,63,24.51290322580645
원주소방서,202407,5.0,원주,67.0,56,24.39032258064516
원주소방서,202407,6.0,원주,79.0,73,24.258064516129032
원주소방서,202407,7.0,원주,119.0,104,24.61935483870968
원주소방서,202407,8.0,원주,101.0,110,25.148387096774197
원주소방서,202407,9.0,원주,141.0,145,26.03548387096774
원주소방서,202407,10.0,원주,141.0,142,26.616129032258065
원주소방서,202407,11.0,원주,101.0,124,27.358064516129037
원주소방서,202407,12.0,원주,109.0,109,28.05483870967742
원주소방서,202407,13.0,원주,142.0,145,28.358064516129037
원주소방서,202407,14.0,원주,108.0,140,28.677419354838708
원주소방서,202407,15.0,원주,119.0,117,28.92258064516129
원주소방서,202407,16.0,원주,114.0,122,28.76451612903226
원주소방서,202407,17.0,원주,90.0,108,28.374193548387098
원주소방서,202407,18.0,원주,102.0,115,27.970967741935485
원주소방서,202407,19.0,원주,114.0,95,27.570967741935487
원주소방서,202407,20.0,원주,92.0,105,26.932258064516127
원주소방서,202407,21.0,원주,106.0,109,26.66774193548387
원주소방서,202407,22.0,원주,58.0,92,26.283870967741933
원주소방서,202407,23.0,원주,78.0,81,25.990322580645163
원주소방서,202408,0.0,원주,55.0,72,26.606451612903225
원주소방서,202408,1.0,원주,56.0,65,26.325806451612905
원주소방서,202408,2.0,원주,46.0,62,25.94193548387097
원주소방서,202408,3.0,원주,41.0,62,25.687096774193545
원주소방서,202408,4.0,원주,57.0,62,25.44193548387097
원주소방서,202408,5.0,원주,55.0,59,25.206451612903223
원주소방서,202408,6.0,원주,94.0,73,25.12903225806452
원주소방서,202408,7.0,원주,130.0,134,25.496774193548383
원주소방서,202408,8.0,원주,137.0,146,26.53548387096774
원주소방서,202408,9.0,원주,162.0,179,27.83225806451613
원주소방서,202408,10.0,원주,130.0,142,29.154838709677417
원주소방서,202408,11.0,원주,152.0,142,30.21935483870968
원주소방서,202408,12.0,원주,144.0,142,30.83870967741936
원주소방서,202408,13.0,원주,115.0,149,31.316129032258065
원주소방서,202408,14.0,원주,116.0,124,31.700000000000003
원주소방서,202408,15.0,원주,124.0,151,32.061290322580646
원주소방서,202408,16.0,원주,132.0,139,31.887096774193548
원주소방서,202408,17.0,원주,123.0,130,31.651612903225807
원주소방서,202408,18.0,원주,127.0,125,30.82903225806452
원주소방서,202408,19.0,원주,96.0,124,29.74516129032258
원주소방서,202408,20.0,원주,99.0,122,28.56451612903226
원주소방서,202408,21.0,원주,80.0,94,27.82903225806452
원주소방서,202408,22.0,원주,78.0,95,27.364516129032257
원주소방서,202408,23.0,원주,68.0,82,26.929032258064517
원주소방서,202409,0.0,원주,65.0,73,22.916666666666668
원주소방서,202409,1.0,원주,49.0,46,22.540000000000003
원주소방서,202409,2.0,원주,39.0,42,22.236666666666668
원주소방서,202409,3.0,원주,35.0,33,21.95
원주소방서,202409,4.0,원주,28.0,24,21.706666666666667
원주소방서,202409,5.0,원주,54.0,52,21.48333333333333
원주소방서,202409,6.0,원주,54.0,62,21.41
원주소방서,202409,7.0,원주,119.0,103,21.51
원주소방서,202409,8.0,원주,140.0,124,22.28666666666667
원주소방서,202409,9.0,원주,182.0,147,23.59
원주소방서,202409,10.0,원주,125.0,110,24.996666666666663
원주소방서,202409,11.0,원주,122.0,117,26.18
원주소방서,202409,12.0,원주,108.0,104,27.186666666666667
원주소방서,202409,13.0,원주,102.0,121,27.87333333333333
원주소방서,202409,14.0,원주,94.0,99,28.36
원주소방서,202409,15.0,원주,112.0,108,28.43
원주소방서,202409,16.0,원주,100.0,98,28.096666666666668
원주소방서,202409,17.0,원주,82.0,101,27.66333333333333
원주소방서,202409,18.0,원주,87.0,105,26.90666666666667
원주소방서,202409,19.0,원주,83.0,83,25.863333333333333
원주소방서,202409,20.0,원주,85.0,111,24.896666666666665
원주소방서,202409,21.0,원주,69.0,76,24.06
원주소방서,202409,22.0,원주,81.0,75,23.633333333333333
원주소방서,202409,23.0,원주,59.0,69,23.16
원주소방서,202410,0.0,원주,46.0,57,14.183870967741935
원주소방서,202410,1.0,원주,40.0,41,13.86774193548387
원주소방서,202410,2.0,원주,39.0,39,13.36451612903226
원주소방서,202410,3.0,원주,45.0,41,13.077419354838709
원주소방서,202410,4.0,원주,41.0,40,12.832258064516129
원주소방서,202410,5.0,원주,36.0,34,12.580645161290322
원주소방서,202410,6.0,원주,43.0,49,12.387096774193548
원주소방서,202410,7.0,원주,80.0,67,12.241935483870968
원주소방서,202410,8.0,원주,100.0,85,12.858064516129032
원주소방서,202410,9.0,원주,140.0,132,13.96774193548387
원주소방서,202410,10.0,원주,105.0,102,15.574193548387097
원주소방서,202410,11.0,원주,97.0,99,17.116129032258065
원주소방서,202410,12.0,원주,137.0,112,18.54516129032258
원주소방서,202410,13.0,원주,133.0,120,19.335483870967742
원주소방서,202410,14.0,원주,154.0,135,19.89032258064516
원주소방서,202410,15.0,원주,99.0,113,20.074193548387097
원주소방서,202410,16.0,원주,127.0,107,19.88387096774193
원주소방서,202410,17.0,원주,126.0,120,19.15806451612903
원주소방서,202410,18.0,원주,77.0,103,17.88064516129032
원주소방서,202410,19.0,원주,82.0,88,16.822580645161292
원주소방서,202410,20.0,원주,84.0,86,16.190322580645162
원주소방서,202410,21.0,원주,83.0,87,15.638709677419357
원주소방서,202410,22.0,원주,67.0,75,15.196774193548388
원주소방서,202410,23.0,원주,57.0,68,14.577419354838709
원주소방서,202411,0.0,원주,50.0,49,7.776666666666667
원주소방서,202411,1.0,원주,44.0,50,7.206666666666666
원주소방서,202411,2.0,원주,53.0,56,6.956666666666666
원주소방서,202411,3.0,원주,48.0,46,6.5233333333333325
원주소방서,202411,4.0,원주,47.0,46,6.21
원주소방서,202411,5.0,원주,44.0,40,5.913333333333333
원주소방서,202411,6.0,원주,83.0,63,5.696666666666667
원주소방서,202411,7.0,원주,72.0,79,5.510000000000001
원주소방서,202411,8.0,원주,120.0,116,5.86
원주소방서,202411,9.0,원주,121.0,105,7.37
원주소방서,202411,10.0,원주,116.0,95,8.986666666666668
원주소방서,202411,11.0,원주,89.0,101,10.573333333333332
원주소방서,202411,12.0,원주,112.0,98,11.98
원주소방서,202411,13.0,원주,109.0,103,13.193333333333332
원주소방서,202411,14.0,원주,102.0,90,13.716666666666669
원주소방서,202411,15.0,원주,97.0,100,13.79
원주소방서,202411,16.0,원주,79.0,79,13.63
원주소방서,202411,17.0,원주,91.0,105,12.66
원주소방서,202411,18.0,원주,70.0,94,11.286666666666669
원주소방서,202411,19.0,원주,65.0,76,10.186666666666667
원주소방서,202411,20.0,원주,81.0,74,9.41
원주소방서,202411,21.0,원주,64.0,68,8.92
원주소방서,202411,22.0,원주,51.0,67,8.386666666666667
원주소방서,202411,23.0,원주,52.0,63,7.866666666666666
원주소방서,202412,0.0,원주,50.0,61,-0.5
원주소방서,202412,1.0,원주,73.0,64,-0.8548387096774194
원주소방서,202412,2.0,원주,46.0,52,-1.2451612903225806
원주소방서,202412,3.0,원주,35.0,39,-1.6677419354838707
원주소방서,202412,4.0,원주,43.0,45,-2.0870967741935487
원주소방서,202412,5.0,원주,60.0,53,-2.55483870967742
원주소방서,202412,6.0,원주,60.0,45,-2.829032258064516
원주소방서,202412,7.0,원주,99.0,81,-2.9612903225806453
원주소방서,202412,8.0,원주,139.0,111,-3.1322580645161286
원주소방서,202412,9.0,원주,142.0,123,-1.8129032258064517
원주소방서,202412,10.0,원주,111.0,95,-0.4548387096774193
원주소방서,202412,11.0,원주,136.0,123,0.8806451612903226
원주소방서,202412,12.0,원주,129.0,103,2.2161290322580647
원주소방서,202412,13.0,원주,101.0,92,3.1225806451612903
원주소방서,202412,14.0,원주,103.0,100,3.929032258064516
원주소방서,202412,15.0,원주,118.0,103,4.17741935483871
원주소방서,202412,16.0,원주,92.0,84,4.012903225806451
원주소방서,202412,17.0,원주,86.0,95,3.3774193548387097
원주소방서,202412,18.0,원주,66.0,79,2.564516129032258
원주소방서,202412,19.0,원주,85.0,91,1.7451612903225806
원주소방서,202412,20.0,원주,65.0,69,1.1419354838709677
원주소방서,202412,21.0,원주,76.0,74,0.6096774193548387
원주소방서,202412,22.0,원주,95.0,91,0.1387096774193548
원주소방서,202412,23.0,원주,46.0,59,-0.3387096774193548
원주소방서,202501,0.0,원주,84.0,80,-2.4935483870967743
원주소방서,202501,1.0,원주,62.0,59,-3.0064516129032257
원주소방서,202501,2.0,원주,55.0,56,-3.338709677419355
원주소방서,202501,3.0,원주,45.0,44,-3.635483870967742
원주소방서,202501,4.0,원주,70.0,52,-3.92258064516129
원주소방서,202501,5.0,원주,67.0,62,-4.203225806451614
원주소방서,202501,6.0,원주,68.0,64,-4.364516129032259
원주소방서,202501,7.0,원주,108.0,80,-4.535483870967742
원주소방서,202501,8.0,원주,136.0,111,-4.587096774193548
원주소방서,202501,9.0,원주,204.0,142,-3.629032258064516
원주소방서,202501,10.0,원주,160.0,122,-2.509677419354839
원주소방서,202501,11.0,원주,162.0,133,-1.0483870967741935
원주소방서,202501,12.0,원주,171.0,134,0.4064516129032258
원주소방서,202501,13.0,원주,119.0,126,1.3806451612903226
원주소방서,202501,14.0,원주,87.0,77,2.3225806451612905
원주소방서,202501,15.0,원주,91.0,96,2.5935483870967744
원주소방서,202501,16.0,원주,102.0,78,2.648387096774193
원주소방서,202501,17.0,원주,151.0,118,2.2161290322580647
원주소방서,202501,18.0,원주,106.0,108,1.3774193548387097
원주소방서,202501,19.0,원주,100.0,85,0.5225806451612903
원주소방서,202501,20.0,원주,93.0,79,-0.3129032258064516
원주소방서,202501,21.0,원주,88.0,79,-0.8516129032258065
원주소방서,202501,22.0,원주,86.0,83,-1.4387096774193548
원주소방서,202501,23.0,원주,99.0,74,-1.9225806451612903
원주소방서,202502,0.0,원주,45.0,58,-2.539285714285714
원주소방서,202502,1.0,원주,44.0,51,-3.017857142857143
원주소방서,202502,2.0,원주,34.0,34,-3.642857142857143
원주소방서,202502,3.0,원주,43.0,37,-4.2
원주소방서,202502,4.0,원주,35.0,34,-4.671428571428572
원주소방서,202502,5.0,원주,61.0,44,-4.892857142857143
원주소방서,202502,6.0,원주,68.0,46,-5.375
원주소방서,202502,7.0,원주,79.0,66,-5.660714285714286
원주소방서,202502,8.0,원주,122.0,83,-5.514285714285714
원주소방서,202502,9.0,원주,137.0,107,-4.082142857142857
원주소방서,202502,10.0,원주,92.0,93,-2.446428571428572
원주소방서,202502,11.0,원주,109.0,94,-0.8857142857142859
원주소방서,202502,12.0,원주,111.0,93,0.5464285714285715
원주소방서,202502,13.0,원주,118.0,94,1.614285714285714
원주소방서,202502,14.0,원주,118.0,105,2.539285714285714
원주소방서,202502,15.0,원주,95.0,79,3.085714285714286
원주소방서,202502,16.0,원주,111.0,89,3.15
원주소방서,202502,17.0,원주,97.0,68,2.767857142857143
원주소방서,202502,18.0,원주,97.0,82,1.9285714285714288
원주소방서,202502,19.0,원주,83.0,80,1.0285714285714285
원주소방서,202502,20.0,원주,72.0,79,0.1607142857142857
원주소방서,202502,21.0,원주,86.0,69,-0.4821428571428571
원주소방서,202502,22.0,원주,72.0,66,-1.1607142857142858
원주소방서,202502,23.0,원주,54.0,64,-1.8
원주소방서,202503,0.0,원주,57.0,70,6.512903225806451
원주소방서,202503,1.0,원주,29.0,38,5.935483870967742
원주소방서,202503,2.0,원주,57.0,48,5.387096774193548
원주소방서,202503,3.0,원주,35.0,35,4.754838709677419
원주소방서,202503,4.0,원주,44.0,28,4.374193548387097
원주소방서,202503,5.0,원주,47.0,35,4.116129032258065
원주소방서,202503,6.0,원주,63.0,44,3.732258064516129
원주소방서,202503,7.0,원주,79.0,71,3.609677419354839
원주소방서,202503,8.0,원주,109.0,99,4.480645161290322
원주소방서,202503,9.0,원주,122.0,88,5.783870967741936
원주소방서,202503,10.0,원주,165.0,112,7.451612903225806
원주소방서,202503,11.0,원주,148.0,115,8.963333333333333
원주소방서,202503,12.0,원주,126.0,112,10.341935483870968
원주소방서,202503,13.0,원주,116.0,108,11.351612903225806
원주소방서,202503,14.0,원주,145.0,110,12.25483870967742
원주소방서,202503,15.0,원주,92.0,116,12.725806451612904
원주소방서,202503,16.0,원주,101.0,96,12.896774193548389
원주소방서,202503,17.0,원주,119.0,94,12.425806451612903
원주소방서,202503,18.0,원주,119.0,107,11.62258064516129
원주소방서,202503,19.0,원주,87.0,82,10.587096774193547
원주소방서,202503,20.0,원주,74.0,87,9.36774193548387
원주소방서,202503,21.0,원주,118.0,103,8.63225806451613
원주소방서,202503,22.0,원주,60.0,70,7.951612903225806
원주소방서,202503,23.0,원주,78.0,65,7.193548387096774
원주소방서,202504,0.0,원주,65.0,63,10.453333333333337
원주소방서,202504,1.0,원주,41.0,41,9.6
원주소방서,202504,2.0,원주,54.0,43,8.823333333333332
원주소방서,202504,3.0,원주,49.0,48,8.353333333333333
원주소방서,202504,4.0,원주,51.0,41,7.88
원주소방서,202504,5.0,원주,52.0,42,7.303333333333333
원주소방서,202504,6.0,원주,71.0,51,6.983333333333333
원주소방서,202504,7.0,원주,93.0,70,7.85
원주소방서,202504,8.0,원주,93.0,86,9.946666666666664
원주소방서,202504,9.0,원주,119.0,104,12.086666666666668
원주소방서,202504,10.0,원주,116.0,100,14.446666666666664
원주소방서,202504,11.0,원주,117.0,101,16.216666666666665
원주소방서,202504,12.0,원주,120.0,113,17.413333333333334
원주소방서,202504,13.0,원주,135.0,133,18.506666666666668
원주소방서,202504,14.0,원주,110.0,103,19.08
원주소방서,202504,15.0,원주,111.0,97,19.35
원주소방서,202504,16.0,원주,119.0,105,19.33
원주소방서,202504,17.0,원주,99.0,88,18.86
원주소방서,202504,18.0,원주,99.0,89,17.773333333333333
원주소방서,202504,19.0,원주,88.0,80,16.116666666666667
원주소방서,202504,20.0,원주,82.0,83,14.52
원주소방서,202504,21.0,원주,86.0,84,13.236666666666668
원주소방서,202504,22.0,원주,79.0,79,12.53
원주소방서,202504,23.0,원주,67.0,71,11.673333333333334
원주소방서,202505,0.0,원주,45.0,46,15.12258064516129
원주소방서,202505,1.0,원주,38.0,43,14.480645161290322
원주소방서,202505,2.0,원주,33.0,37,13.9
원주소방서,202505,3.0,원주,33.0,34,13.435483870967742
원주소방서,202505,4.0,원주,49.0,38,12.741935483870968
원주소방서,202505,5.0,원주,65.0,53,12.3
원주소방서,202505,6.0,원주,62.0,49,12.2
원주소방서,202505,7.0,원주,96.0,63,13.3
원주소방서,202505,8.0,원주,116.0,90,14.687096774193549
원주소방서,202505,9.0,원주,142.0,125,16.374193548387098
원주소방서,202505,10.0,원주,137.0,125,18.151612903225807
원주소방서,202505,11.0,원주,124.0,111,19.77741935483871
원주소방서,202505,12.0,원주,135.0,132,20.60967741935484
원주소방서,202505,13.0,원주,135.0,109,21.280645161290323
원주소방서,202505,14.0,원주,109.0,97,21.90967741935484
원주소방서,202505,15.0,원주,126.0,128,22.17419354838709
원주소방서,202505,16.0,원주,99.0,97,22.31935483870968
원주소방서,202505,17.0,원주,109.0,98,21.845161290322583
원주소방서,202505,18.0,원주,109.0,112,21.193548387096776
원주소방서,202505,19.0,원주,114.0,109,19.92258064516129
원주소방서,202505,20.0,원주,118.0,95,18.53548387096774
원주소방서,202505,21.0,원주,74.0,77,17.46451612903226
원주소방서,202505,22.0,원주,62.0,66,16.635483870967743
원주소방서,202505,23.0,원주,86.0,98,15.83548387096774
원주소방서,202506,0.0,원주,58.0,56,21.683333333333334
원주소방서,202506,1.0,원주,43.0,51,21.23
원주소방서,202506,2.0,원주,58.0,54,20.646666666666665
원주소방서,202506,3.0,원주,37.0,40,20.10666666666667
원주소방서,202506,4.0,원주,49.0,40,19.78666666666667
원주소방서,202506,5.0,원주,61.0,46,19.526666666666664
원주소방서,202506,6.0,원주,68.0,63,19.646666666666665
원주소방서,202506,7.0,원주,110.0,84,20.46
원주소방서,202506,8.0,원주,141.0,105,21.666666666666668
원주소방서,202506,9.0,원주,165.0,110,22.93
원주소방서,202506,10.0,원주,104.0,99,24.33793103448276
원주소방서,202506,11.0,원주,139.0,105,25.70689655172414
원주소방서,202506,12.0,원주,124.0,103,26.47
원주소방서,202506,13.0,원주,133.0,125,27.290000000000003
원주소방서,202506,14.0,원주,98.0,99,27.793333333333333
원주소방서,202506,15.0,원주,111.0,103,28.01333333333333
원주소방서,202506,16.0,원주,112.0,107,28.1
원주소방서,202506,17.0,원주,104.0,89,27.85
원주소방서,202506,18.0,원주,105.0,98,27.24
원주소방서,202506,19.0,원주,101.0,95,26.28333333333333
원주소방서,202506,20.0,원주,92.0,76,25.13
원주소방서,202506,21.0,원주,75.0,61,24.05
원주소방서,202506,22.0,원주,80.0,84,23.09333333333333
원주소방서,202506,23.0,원주,60.0,53,22.5
원주소방서,202507,0.0,원주,70.0,57,26.0258064516129
원주소방서,202507,1.0,원주,67.0,64,25.64516129032258
원주소방서,202507,2.0,원주,58.0,57,25.177419354838708
원주소방서,202507,3.0,원주,52.0,52,24.90322580645161
원주소방서,202507,4.0,원주,58.0,47,24.532258064516128
원주소방서,202507,5.0,원주,61.0,52,24.177419354838708
원주소방서,202507,6.0,원주,77.0,53,24.096774193548388
원주소방서,202507,7.0,원주,137.0,100,24.858064516129037
원주소방서,202507,8.0,원주,146.0,103,25.88064516129032
원주소방서,202507,9.0,원주,179.0,144,27.12258064516129
원주소방서,202507,10.0,원주,138.0,116,28.55483870967742
원주소방서,202507,11.0,원주,122.0,110,29.461290322580645
원주소방서,202507,12.0,원주,124.0,123,30.19032258064516
원주소방서,202507,13.0,원주,134.0,118,30.861290322580647
원주소방서,202507,14.0,원주,128.0,107,31.02258064516129
원주소방서,202507,15.0,원주,106.0,103,31.161290322580644
원주소방서,202507,16.0,원주,107.0,107,31.26129032258065
원주소방서,202507,17.0,원주,116.0,119,31.070967741935487
원주소방서,202507,18.0,원주,126.0,111,30.590322580645164
원주소방서,202507,19.0,원주,108.0,99,29.51935483870968
원주소방서,202507,20.0,원주,101.0,87,28.32258064516129
원주소방서,202507,21.0,원주,103.0,90,27.429032258064517
원주소방서,202507,22.0,원주,88.0,83,26.91290322580645
원주소방서,202507,23.0,원주,72.0,85,26.51290322580645
원주소방서,202508,0.0,원주,64.0,58,25.89354838709677
원주소방서,202508,1.0,원주,57.0,56,25.61935483870968
원주소방서,202508,2.0,원주,72.0,56,25.24516129032258
원주소방서,202508,3.0,원주,67.0,56,24.906451612903226
원주소방서,202508,4.0,원주,84.0,67,24.63225806451613
원주소방서,202508,5.0,원주,77.0,69,24.48709677419355
원주소방서,202508,6.0,원주,86.0,63,24.370967741935484
원주소방서,202508,7.0,원주,135.0,91,24.72903225806452
원주소방서,202508,8.0,원주,144.0,127,25.677419354838708
원주소방서,202508,9.0,원주,144.0,133,26.71935483870968
원주소방서,202508,10.0,원주,173.0,151,27.958064516129035
원주소방서,202508,11.0,원주,122.0,118,28.958064516129035
원주소방서,202508,12.0,원주,139.0,141,29.751612903225805
원주소방서,202508,13.0,원주,111.0,103,30.5258064516129
원주소방서,202508,14.0,원주,125.0,119,30.825806451612905
원주소방서,202508,15.0,원주,135.0,108,30.932258064516127
원주소방서,202508,16.0,원주,133.0,135,31.225806451612904
원주소방서,202508,17.0,원주,124.0,104,30.670967741935485
원주소방서,202508,18.0,원주,132.0,127,30.15806451612903
원주소방서,202508,19.0,원주,120.0,97,29.08709677419355
원주소방서,202508,20.0,원주,110.0,98,27.8
원주소방서,202508,21.0,원주,110.0,97,26.9741935483871
원주소방서,202508,22.0,원주,80.0,86,26.56451612903226
원주소방서,202508,23.0,원주,77.0,76,26.18387096774193
원주소방서,202509,0.0,원주,92.0,74,20.90333333333333
원주소방서,202509,1.0,원주,66.0,56,20.576666666666664
원주소방서,202509,2.0,원주,56.0,42,20.290000000000003
원주소방서,202509,3.0,원주,54.0,64,19.973333333333336
원주소방서,202509,4.0,원주,51.0,58,19.84
원주소방서,202509,5.0,원주,57.0,42,19.66333333333333
원주소방서,202509,6.0,원주,81.0,71,19.62
원주소방서,202509,7.0,원주,97.0,76,19.586666666666662
원주소방서,202509,8.0,원주,166.0,129,20.3
원주소방서,202509,9.0,원주,142.0,129,21.396666666666665
원주소방서,202509,10.0,원주,156.0,123,22.80666666666667
원주소방서,202509,11.0,원주,128.0,124,23.96
원주소방서,202509,12.0,원주,142.0,116,24.91
원주소방서,202509,13.0,원주,131.0,122,25.72
원주소방서,202509,14.0,원주,119.0,115,26.17
원주소방서,202509,15.0,원주,109.0,103,26.33
원주소방서,202509,16.0,원주,125.0,110,25.93
원주소방서,202509,17.0,원주,102.0,101,25.646666666666665
원주소방서,202509,18.0,원주,124.0,108,24.67
원주소방서,202509,19.0,원주,99.0,106,23.546666666666667
원주소방서,202509,20.0,원주,97.0,92,22.540000000000003
원주소방서,202509,21.0,원주,105.0,101,22.05333333333333
원주소방서,202509,22.0,원주,82.0,80,21.446666666666665
원주소방서,202509,23.0,원주,71.0,76,20.89
원주소방서,202510,0.0,원주,62.0,64,14.48709677419355
원주소방서,202510,1.0,원주,56.0,59,14.12258064516129
원주소방서,202510,2.0,원주,58.0,57,13.851612903225806
원주소방서,202510,3.0,원주,46.0,47,13.5
원주소방서,202510,4.0,원주,63.0,55,13.306451612903226
원주소방서,202510,5.0,원주,54.0,41,13.1
원주소방서,202510,6.0,원주,73.0,61,12.961290322580645
원주소방서,202510,7.0,원주,105.0,74,12.903225806451612
원주소방서,202510,8.0,원주,167.0,133,13.50967741935484
원주소방서,202510,9.0,원주,147.0,118,14.59032258064516
원주소방서,202510,10.0,원주,140.0,112,16.087096774193547
원주소방서,202510,11.0,원주,119.0,110,17.603225806451615
원주소방서,202510,12.0,원주,95.0,104,18.700000000000003
원주소방서,202510,13.0,원주,152.0,124,19.483870967741936
원주소방서,202510,14.0,원주,128.0,104,19.71935483870968
원주소방서,202510,15.0,원주,116.0,110,19.687096774193545
원주소방서,202510,16.0,원주,84.0,107,19.24516129032258
원주소방서,202510,17.0,원주,121.0,120,18.55806451612903
원주소방서,202510,18.0,원주,86.0,97,17.51290322580645
원주소방서,202510,19.0,원주,106.0,100,16.593548387096774
원주소방서,202510,20.0,원주,91.0,84,15.980645161290322
원주소방서,202510,21.0,원주,82.0,95,15.574193548387097
원주소방서,202510,22.0,원주,76.0,74,15.13548387096774
원주소방서,202510,23.0,원주,52.0,60,14.729032258064516
원주소방서,202511,0.0,원주,76.0,68,5.366666666666666
원주소방서,202511,1.0,원주,74.0,56,4.77
원주소방서,202511,2.0,원주,62.0,54,4.203333333333334
원주소방서,202511,3.0,원주,47.0,41,3.75
원주소방서,202511,4.0,원주,50.0,41,3.44
원주소방서,202511,5.0,원주,47.0,38,3.053333333333333
원주소방서,202511,6.0,원주,97.0,64,2.86
원주소방서,202511,7.0,원주,117.0,80,2.553333333333333
원주소방서,202511,8.0,원주,156.0,114,3.08
원주소방서,202511,9.0,원주,186.0,113,4.760000000000001
원주소방서,202511,10.0,원주,143.0,111,6.656666666666666
원주소방서,202511,11.0,원주,124.0,107,8.66
원주소방서,202511,12.0,원주,126.0,98,10.616666666666667
원주소방서,202511,13.0,원주,153.0,128,12.12
원주소방서,202511,14.0,원주,120.0,89,12.693333333333332
원주소방서,202511,15.0,원주,127.0,97,12.853333333333332
원주소방서,202511,16.0,원주,114.0,91,12.35
원주소방서,202511,17.0,원주,138.0,106,11.063333333333333
원주소방서,202511,18.0,원주,125.0,95,9.35
원주소방서,202511,19.0,원주,91.0,94,8.34
원주소방서,202511,20.0,원주,100.0,79,7.513333333333334
원주소방서,202511,21.0,원주,95.0,82,6.886666666666667
원주소방서,202511,22.0,원주,97.0,93,6.296666666666667
원주소방서,202511,23.0,원주,73.0,70,5.86
원주소방서,202512,0.0,원주,54.0,60,-0.6580645161290322
원주소방서,202512,1.0,원주,43.0,47,-1.1290322580645162
원주소방서,202512,2.0,원주,50.0,51,-1.2903225806451613
원주소방서,202512,3.0,원주,37.0,35,-1.5612903225806452
원주소방서,202512,4.0,원주,46.0,42,-1.8451612903225807
원주소방서,202512,5.0,원주,45.0,37,-2.2225806451612904
원주소방서,202512,6.0,원주,64.0,60,-2.351612903225807
원주소방서,202512,7.0,원주,84.0,64,-2.6
원주소방서,202512,8.0,원주,143.0,100,-2.7838709677419358
원주소방서,202512,9.0,원주,162.0,130,-1.5774193548387097
원주소방서,202512,10.0,원주,149.0,116,-0.5096774193548387
원주소방서,202512,11.0,원주,163.0,119,0.635483870967742
원주소방서,202512,12.0,원주,113.0,93,1.7225806451612902
원주소방서,202512,13.0,원주,129.0,99,2.564516129032258
원주소방서,202512,14.0,원주,126.0,103,3.203225806451613
원주소방서,202512,15.0,원주,102.0,72,3.5387096774193547
원주소방서,202512,16.0,원주,90.0,87,3.47741935483871
원주소방서,202512,17.0,원주,112.0,95,2.6870967741935483
원주소방서,202512,18.0,원주,123.0,103,1.7483870967741937
원주소방서,202512,19.0,원주,89.0,87,1.0387096774193547
원주소방서,202512,20.0,원주,131.0,100,0.3612903225806451
원주소방서,202512,21.0,원주,115.0,106,-0.1677419354838709
원주소방서,202512,22.0,원주,69.0,79,-0.7387096774193549
원주소방서,202512,23.0,원주,74.0,82,-1.0032258064516129
해운대소방서,201701,0.0,부산,29.0,53,2.738709677419355
해운대소방서,201701,1.0,부산,27.0,49,2.4612903225806453
해운대소방서,201701,2.0,부산,13.0,43,2.2096774193548385
해운대소방서,201701,3.0,부산,18.0,29,1.9838709677419355
해운대소방서,201701,4.0,부산,26.0,28,1.7258064516129032
해운대소방서,201701,5.0,부산,21.0,35,1.4580645161290324
해운대소방서,201701,6.0,부산,13.0,22,1.2903225806451613
해운대소방서,201701,7.0,부산,24.0,28,1.064516129032258
해운대소방서,201701,8.0,부산,38.0,50,1.2548387096774194
해운대소방서,201701,9.0,부산,31.0,41,2.5580645161290323
해운대소방서,201701,10.0,부산,35.0,53,4.141935483870968
해운대소방서,201701,11.0,부산,31.0,45,5.438709677419355
해운대소방서,201701,12.0,부산,34.0,51,6.867741935483871
해운대소방서,201701,13.0,부산,32.0,49,7.609677419354839
해운대소방서,201701,14.0,부산,50.0,67,8.12258064516129
해운대소방서,201701,15.0,부산,28.0,31,8.209677419354838
해운대소방서,201701,16.0,부산,27.0,49,7.580645161290323
해운대소방서,201701,17.0,부산,32.0,50,6.767741935483872
해운대소방서,201701,18.0,부산,32.0,59,5.306451612903226
해운대소방서,201701,19.0,부산,37.0,59,4.574193548387097
해운대소방서,201701,20.0,부산,21.0,50,4.067741935483871
해운대소방서,201701,21.0,부산,23.0,44,3.696774193548388
해운대소방서,201701,22.0,부산,27.0,51,3.4096774193548387
해운대소방서,201701,23.0,부산,28.0,48,3.083870967741935
해운대소방서,201702,0.0,부산,22.0,32,3.8535714285714286
해운대소방서,201702,1.0,부산,32.0,43,3.4642857142857144
해운대소방서,201702,2.0,부산,21.0,38,3.1785714285714284
해운대소방서,201702,3.0,부산,14.0,32,2.892857142857143
해운대소방서,201702,4.0,부산,19.0,22,2.821428571428572
해운대소방서,201702,5.0,부산,10.0,18,2.7
해운대소방서,201702,6.0,부산,15.0,28,2.567857142857143
해운대소방서,201702,7.0,부산,15.0,29,2.414285714285714
해운대소방서,201702,8.0,부산,29.0,44,2.8392857142857144
해운대소방서,201702,9.0,부산,36.0,41,4.178571428571429
해운대소방서,201702,10.0,부산,37.0,55,5.789285714285714
해운대소방서,201702,11.0,부산,38.0,51,7.114285714285714
해운대소방서,201702,12.0,부산,34.0,31,8.246428571428572
해운대소방서,201702,13.0,부산,39.0,52,9.089285714285714
해운대소방서,201702,14.0,부산,53.0,47,9.735714285714286
해운대소방서,201702,15.0,부산,37.0,51,9.728571428571428
해운대소방서,201702,16.0,부산,31.0,36,9.335714285714284
해운대소방서,201702,17.0,부산,34.0,49,8.47857142857143
해운대소방서,201702,18.0,부산,29.0,54,7.164285714285714
해운대소방서,201702,19.0,부산,35.0,54,6.328571428571428
해운대소방서,201702,20.0,부산,29.0,57,5.796428571428572
해운대소방서,201702,21.0,부산,33.0,54,5.3500000000000005
해운대소방서,201702,22.0,부산,22.0,36,4.9
해운대소방서,201702,23.0,부산,31.0,47,4.414285714285714
해운대소방서,201703,0.0,부산,40.0,49,7.193548387096774
해운대소방서,201703,1.0,부산,32.0,47,6.912903225806452
해운대소방서,201703,2.0,부산,33.0,39,6.819354838709677
해운대소방서,201703,3.0,부산,22.0,28,6.693548387096774
해운대소방서,201703,4.0,부산,29.0,37,6.4
해운대소방서,201703,5.0,부산,21.0,30,6.116129032258065
해운대소방서,201703,6.0,부산,27.0,25,5.925806451612903
해운대소방서,201703,7.0,부산,34.0,33,5.861290322580645
해운대소방서,201703,8.0,부산,41.0,34,6.929032258064517
해운대소방서,201703,9.0,부산,73.0,74,8.538709677419355
해운대소방서,201703,10.0,부산,55.0,61,10.138709677419357
해운대소방서,201703,11.0,부산,44.0,51,11.293548387096775
해운대소방서,201703,12.0,부산,49.0,49,12.051612903225807
해운대소방서,201703,13.0,부산,58.0,66,12.596774193548388
해운대소방서,201703,14.0,부산,51.0,52,12.99032258064516
해운대소방서,201703,15.0,부산,49.0,64,12.687096774193549
해운대소방서,201703,16.0,부산,52.0,68,12.14516129032258
해운대소방서,201703,17.0,부산,37.0,48,11.251612903225809
해운대소방서,201703,18.0,부산,29.0,42,10.19032258064516
해운대소방서,201703,19.0,부산,40.0,57,9.374193548387098
해운대소방서,201703,20.0,부산,45.0,65,8.793548387096775
해운대소방서,201703,21.0,부산,41.0,52,8.293548387096775
해운대소방서,201703,22.0,부산,48.0,55,7.84516129032258
해운대소방서,201703,23.0,부산,36.0,45,7.541935483870968
해운대소방서,201704,0.0,부산,39.0,45,13.63
해운대소방서,201704,1.0,부산,41.0,39,13.28
해운대소방서,201704,2.0,부산,34.0,44,12.996666666666666
해운대소방서,201704,3.0,부산,22.0,34,12.713333333333331
해운대소방서,201704,4.0,부산,31.0,25,12.546666666666663
해운대소방서,201704,5.0,부산,20.0,22,12.303333333333336
해운대소방서,201704,6.0,부산,50.0,49,12.166666666666666
해운대소방서,201704,7.0,부산,39.0,44,12.59
해운대소방서,201704,8.0,부산,51.0,51,13.92
해운대소방서,201704,9.0,부산,57.0,55,15.276666666666667
해운대소방서,201704,10.0,부산,54.0,62,16.38
해운대소방서,201704,11.0,부산,58.0,58,17.15
해운대소방서,201704,12.0,부산,39.0,51,17.37
해운대소방서,201704,13.0,부산,37.0,45,17.526666666666664
해운대소방서,201704,14.0,부산,54.0,65,17.60666666666667
해운대소방서,201704,15.0,부산,37.0,49,17.736666666666668
해운대소방서,201704,16.0,부산,61.0,68,17.196666666666665
해운대소방서,201704,17.0,부산,37.0,42,16.71
해운대소방서,201704,18.0,부산,47.0,53,16.093333333333334
해운대소방서,201704,19.0,부산,45.0,53,15.14
해운대소방서,201704,20.0,부산,37.0,46,14.683333333333334
해운대소방서,201704,21.0,부산,42.0,63,14.373333333333331
해운대소방서,201704,22.0,부산,51.0,66,14.313333333333333
해운대소방서,201704,23.0,부산,41.0,56,14.213333333333331
해운대소방서,201705,0.0,부산,45.0,59,17.041935483870965
해운대소방서,201705,1.0,부산,46.0,58,16.783870967741933
해운대소방서,201705,2.0,부산,38.0,43,16.74516129032258
해운대소방서,201705,3.0,부산,34.0,38,16.606451612903225
해운대소방서,201705,4.0,부산,20.0,27,16.474193548387095
해운대소방서,201705,5.0,부산,37.0,35,16.325806451612905
해운대소방서,201705,6.0,부산,35.0,35,16.374193548387098
해운대소방서,201705,7.0,부산,35.0,40,17.248387096774195
해운대소방서,201705,8.0,부산,47.0,57,18.82258064516129
해운대소방서,201705,9.0,부산,61.0,55,19.93548387096774
해운대소방서,201705,10.0,부산,50.0,55,20.76774193548387
해운대소방서,201705,11.0,부산,65.0,67,21.55483870967742
해운대소방서,201705,12.0,부산,41.0,48,21.864516129032257
해운대소방서,201705,13.0,부산,51.0,56,21.91935483870968
해운대소방서,201705,14.0,부산,46.0,68,21.92258064516129
해운대소방서,201705,15.0,부산,44.0,63,21.98064516129032
해운대소방서,201705,16.0,부산,55.0,66,21.793548387096774
해운대소방서,201705,17.0,부산,49.0,56,21.1
해운대소방서,201705,18.0,부산,60.0,72,20.26774193548387
해운대소방서,201705,19.0,부산,45.0,61,19.048387096774192
해운대소방서,201705,20.0,부산,49.0,60,18.30322580645161
해운대소방서,201705,21.0,부산,52.0,51,18.11290322580645
해운대소방서,201705,22.0,부산,41.0,56,17.87741935483871
해운대소방서,201705,23.0,부산,59.0,69,17.56451612903226
해운대소방서,201706,0.0,부산,39.0,43,19.60333333333333
해운대소방서,201706,1.0,부산,31.0,41,19.36
해운대소방서,201706,2.0,부산,43.0,48,19.226666666666667
해운대소방서,201706,3.0,부산,35.0,44,19.10666666666667
해운대소방서,201706,4.0,부산,30.0,37,18.96
해운대소방서,201706,5.0,부산,26.0,29,18.826666666666664
해운대소방서,201706,6.0,부산,29.0,29,18.92
해운대소방서,201706,7.0,부산,38.0,34,19.816666666666663
해운대소방서,201706,8.0,부산,54.0,58,21.336666666666662
해운대소방서,201706,9.0,부산,66.0,73,22.876666666666665
해운대소방서,201706,10.0,부산,64.0,73,23.496666666666663
해운대소방서,201706,11.0,부산,57.0,65,23.453333333333333
해운대소방서,201706,12.0,부산,47.0,57,23.883333333333333
해운대소방서,201706,13.0,부산,48.0,57,23.96
해운대소방서,201706,14.0,부산,59.0,65,23.86
해운대소방서,201706,15.0,부산,43.0,67,23.65
해운대소방서,201706,16.0,부산,62.0,69,23.47
해운대소방서,201706,17.0,부산,48.0,64,22.78333333333333
해운대소방서,201706,18.0,부산,43.0,56,21.90666666666667
해운대소방서,201706,19.0,부산,58.0,59,21.040000000000003
해운대소방서,201706,20.0,부산,35.0,45,20.433333333333334
해운대소방서,201706,21.0,부산,46.0,54,20.126666666666665
해운대소방서,201706,22.0,부산,52.0,60,20.006666666666668
해운대소방서,201706,23.0,부산,49.0,68,19.876666666666665
해운대소방서,201707,0.0,부산,39.0,54,24.86774193548387
해운대소방서,201707,1.0,부산,37.0,60,24.68387096774193
해운대소방서,201707,2.0,부산,43.0,55,24.532258064516128
해운대소방서,201707,3.0,부산,44.0,52,24.51935483870968
해운대소방서,201707,4.0,부산,31.0,40,24.55806451612903
해운대소방서,201707,5.0,부산,30.0,44,24.374193548387098
해운대소방서,201707,6.0,부산,31.0,39,24.38064516129032
해운대소방서,201707,7.0,부산,47.0,63,24.654838709677417
해운대소방서,201707,8.0,부산,68.0,72,25.66774193548387
해운대소방서,201707,9.0,부산,58.0,79,26.574193548387097
해운대소방서,201707,10.0,부산,75.0,102,27.41290322580645
해운대소방서,201707,11.0,부산,65.0,98,27.66774193548387
해운대소방서,201707,12.0,부산,50.0,88,28.00967741935484
해운대소방서,201707,13.0,부산,62.0,99,28.18064516129032
해운대소방서,201707,14.0,부산,60.0,115,28.041935483870965
해운대소방서,201707,15.0,부산,56.0,101,27.96451612903226
해운대소방서,201707,16.0,부산,57.0,117,27.77741935483871
해운대소방서,201707,17.0,부산,64.0,104,27.43870967741936
해운대소방서,201707,18.0,부산,38.0,58,26.57741935483871
해운대소방서,201707,19.0,부산,48.0,65,25.932258064516127
해운대소방서,201707,20.0,부산,55.0,69,25.416129032258063
해운대소방서,201707,21.0,부산,61.0,79,25.36774193548387
해운대소방서,201707,22.0,부산,43.0,65,25.241935483870968
해운대소방서,201707,23.0,부산,45.0,70,25.04516129032258
해운대소방서,201708,0.0,부산,63.0,77,25.651612903225807
해운대소방서,201708,1.0,부산,30.0,50,25.567741935483877
해운대소방서,201708,2.0,부산,34.0,50,25.48709677419355
해운대소방서,201708,3.0,부산,40.0,48,25.32258064516129
해운대소방서,201708,4.0,부산,30.0,47,25.161290322580644
해운대소방서,201708,5.0,부산,30.0,38,25.083870967741937
해운대소방서,201708,6.0,부산,34.0,44,24.996774193548383
해운대소방서,201708,7.0,부산,45.0,55,25.532258064516128
해운대소방서,201708,8.0,부산,43.0,46,26.864516129032257
해운대소방서,201708,9.0,부산,68.0,76,27.72258064516129
해운대소방서,201708,10.0,부산,75.0,86,28.60322580645161
해운대소방서,201708,11.0,부산,52.0,78,29.038709677419355
해운대소방서,201708,12.0,부산,68.0,90,29.274193548387096
해운대소방서,201708,13.0,부산,50.0,84,29.48064516129032
해운대소방서,201708,14.0,부산,54.0,114,29.43870967741936
해운대소방서,201708,15.0,부산,42.0,95,29.216129032258063
해운대소방서,201708,16.0,부산,82.0,135,28.780645161290323
해운대소방서,201708,17.0,부산,57.0,92,28.241935483870968
해운대소방서,201708,18.0,부산,56.0,82,27.541935483870965
해운대소방서,201708,19.0,부산,52.0,71,26.806451612903224
해운대소방서,201708,20.0,부산,69.0,71,26.41935483870968
해운대소방서,201708,21.0,부산,69.0,86,26.164516129032258
해운대소방서,201708,22.0,부산,49.0,62,25.94516129032258
해운대소방서,201708,23.0,부산,50.0,62,25.72903225806452
해운대소방서,201709,0.0,부산,35.0,50,21.146666666666665
해운대소방서,201709,1.0,부산,45.0,55,21.026666666666664
해운대소방서,201709,2.0,부산,18.0,30,20.91
해운대소방서,201709,3.0,부산,25.0,31,20.703333333333333
해운대소방서,201709,4.0,부산,25.0,30,20.523333333333333
해운대소방서,201709,5.0,부산,22.0,27,20.383333333333333
해운대소방서,201709,6.0,부산,29.0,29,20.246666666666663
해운대소방서,201709,7.0,부산,37.0,33,20.41
해운대소방서,201709,8.0,부산,67.0,84,21.74333333333333
해운대소방서,201709,9.0,부산,63.0,64,22.91
해운대소방서,201709,10.0,부산,75.0,66,24.040000000000003
해운대소방서,201709,11.0,부산,41.0,52,24.88
해운대소방서,201709,12.0,부산,49.0,50,25.366666666666667
해운대소방서,201709,13.0,부산,50.0,66,25.73
해운대소방서,201709,14.0,부산,43.0,51,25.55
해운대소방서,201709,15.0,부산,42.0,53,25.31
해운대소방서,201709,16.0,부산,30.0,58,24.706666666666667
해운대소방서,201709,17.0,부산,52.0,67,23.90333333333333
해운대소방서,201709,18.0,부산,45.0,57,23.096666666666668
해운대소방서,201709,19.0,부산,36.0,53,22.44333333333333
해운대소방서,201709,20.0,부산,57.0,68,22.046666666666667
해운대소방서,201709,21.0,부산,42.0,51,21.72
해운대소방서,201709,22.0,부산,40.0,50,21.516666666666666
해운대소방서,201709,23.0,부산,35.0,52,21.226666666666667
해운대소방서,201710,0.0,부산,31.0,43,16.75483870967742
해운대소방서,201710,1.0,부산,24.0,36,16.603225806451615
해운대소방서,201710,2.0,부산,31.0,50,16.46451612903226
해운대소방서,201710,3.0,부산,33.0,36,16.335483870967742
해운대소방서,201710,4.0,부산,31.0,33,16.170967741935485
해운대소방서,201710,5.0,부산,26.0,32,16.00967741935484
해운대소방서,201710,6.0,부산,29.0,29,15.925806451612903
해운대소방서,201710,7.0,부산,35.0,38,15.97741935483871
해운대소방서,201710,8.0,부산,56.0,57,17.125806451612902
해운대소방서,201710,9.0,부산,59.0,61,18.56451612903226
해운대소방서,201710,10.0,부산,66.0,70,19.53548387096774
해운대소방서,201710,11.0,부산,56.0,69,20.55483870967742
해운대소방서,201710,12.0,부산,50.0,60,21.206451612903223
해운대소방서,201710,13.0,부산,62.0,59,21.31290322580645
해운대소방서,201710,14.0,부산,64.0,74,21.270967741935483
해운대소방서,201710,15.0,부산,65.0,75,20.86774193548387
해운대소방서,201710,16.0,부산,53.0,65,19.95483870967742
해운대소방서,201710,17.0,부산,48.0,65,19.151612903225807
해운대소방서,201710,18.0,부산,56.0,62,18.296774193548387
해운대소방서,201710,19.0,부산,41.0,58,17.822580645161292
해운대소방서,201710,20.0,부산,51.0,65,17.567741935483873
해운대소방서,201710,21.0,부산,43.0,57,17.26451612903226
해운대소방서,201710,22.0,부산,61.0,73,17.04516129032258
해운대소방서,201710,23.0,부산,55.0,73,16.76451612903226
해운대소방서,201711,0.0,부산,27.0,29,9.863333333333332
해운대소방서,201711,1.0,부산,29.0,39,9.51
해운대소방서,201711,2.0,부산,30.0,35,9.19
해운대소방서,201711,3.0,부산,26.0,29,8.996666666666666
해운대소방서,201711,4.0,부산,17.0,21,8.826666666666666
해운대소방서,201711,5.0,부산,31.0,35,8.513333333333334
해운대소방서,201711,6.0,부산,36.0,26,8.246666666666666
해운대소방서,201711,7.0,부산,48.0,46,8.06
해운대소방서,201711,8.0,부산,49.0,52,9.163333333333332
해운대소방서,201711,9.0,부산,57.0,57,11.066666666666666
해운대소방서,201711,10.0,부산,68.0,67,12.676666666666668
해운대소방서,201711,11.0,부산,52.0,61,14.01
해운대소방서,201711,12.0,부산,53.0,54,14.876666666666669
해운대소방서,201711,13.0,부산,47.0,54,15.323333333333332
해운대소방서,201711,14.0,부산,48.0,61,15.47
해운대소방서,201711,15.0,부산,49.0,50,14.583333333333334
해운대소방서,201711,16.0,부산,50.0,61,13.896666666666668
해운대소방서,201711,17.0,부산,47.0,58,12.95
해운대소방서,201711,18.0,부산,43.0,55,12.026666666666667
해운대소방서,201711,19.0,부산,51.0,50,11.43
해운대소방서,201711,20.0,부산,50.0,54,11.023333333333332
해운대소방서,201711,21.0,부산,41.0,48,10.616666666666667
해운대소방서,201711,22.0,부산,34.0,45,10.24
해운대소방서,201711,23.0,부산,30.0,40,9.87
해운대소방서,201712,0.0,부산,42.0,48,1.8903225806451611
해운대소방서,201712,1.0,부산,36.0,43,1.6258064516129032
해운대소방서,201712,2.0,부산,24.0,32,1.3741935483870966
해운대소방서,201712,3.0,부산,27.0,24,1.303225806451613
해운대소방서,201712,4.0,부산,24.0,28,1.0806451612903225
해운대소방서,201712,5.0,부산,38.0,36,0.8870967741935484
해운대소방서,201712,6.0,부산,27.0,36,0.7580645161290323
해운대소방서,201712,7.0,부산,43.0,47,0.6516129032258065
해운대소방서,201712,8.0,부산,63.0,71,1.103225806451613
해운대소방서,201712,9.0,부산,66.0,84,2.861290322580645
해운대소방서,201712,10.0,부산,78.0,79,4.370967741935484
해운대소방서,201712,11.0,부산,47.0,60,5.683870967741935
해운대소방서,201712,12.0,부산,59.0,66,6.648387096774194
해운대소방서,201712,13.0,부산,61.0,71,7.364516129032259
해운대소방서,201712,14.0,부산,67.0,67,7.790322580645161
해운대소방서,201712,15.0,부산,36.0,52,7.632258064516129
해운대소방서,201712,16.0,부산,66.0,79,6.841935483870968
해운대소방서,201712,17.0,부산,48.0,58,5.538709677419354
해운대소방서,201712,18.0,부산,55.0,68,4.554838709677419
해운대소방서,201712,19.0,부산,50.0,58,3.961290322580645
해운대소방서,201712,20.0,부산,64.0,67,3.3806451612903223
해운대소방서,201712,21.0,부산,51.0,74,2.9064516129032256
해운대소방서,201712,22.0,부산,53.0,63,2.52258064516129
해운대소방서,201712,23.0,부산,54.0,66,2.161290322580645
해운대소방서,201801,0.0,부산,42.0,47,0.7580645161290323
해운대소방서,201801,1.0,부산,40.0,47,0.5032258064516127
해운대소방서,201801,2.0,부산,29.0,42,0.2193548387096774
해운대소방서,201801,3.0,부산,35.0,42,0.0516129032258064
해운대소방서,201801,4.0,부산,25.0,24,-0.2225806451612904
해운대소방서,201801,5.0,부산,30.0,27,-0.503225806451613
해운대소방서,201801,6.0,부산,30.0,36,-0.7774193548387096
해운대소방서,201801,7.0,부산,42.0,44,-0.8870967741935485
해운대소방서,201801,8.0,부산,63.0,64,-0.7838709677419354
해운대소방서,201801,9.0,부산,82.0,75,0.3935483870967743
해운대소방서,201801,10.0,부산,83.0,101,1.7096774193548387
해운대소방서,201801,11.0,부산,59.0,72,3.1903225806451614
해운대소방서,201801,12.0,부산,51.0,46,4.261290322580645
해운대소방서,201801,13.0,부산,69.0,77,4.990322580645161
해운대소방서,201801,14.0,부산,56.0,73,5.67741935483871
해운대소방서,201801,15.0,부산,57.0,71,5.741935483870968
해운대소방서,201801,16.0,부산,46.0,54,5.245161290322581
해운대소방서,201801,17.0,부산,39.0,42,4.354838709677419
해운대소방서,201801,18.0,부산,59.0,77,3.116129032258064
해운대소방서,201801,19.0,부산,51.0,54,2.574193548387097
해운대소방서,201801,20.0,부산,64.0,68,2.196774193548387
해운대소방서,201801,21.0,부산,47.0,57,1.8225806451612905
해운대소방서,201801,22.0,부산,49.0,68,1.441935483870968
해운대소방서,201801,23.0,부산,50.0,49,1.135483870967742
해운대소방서,201802,0.0,부산,29.0,35,2.242857142857143
해운대소방서,201802,1.0,부산,36.0,44,1.8642857142857143
해운대소방서,201802,2.0,부산,25.0,33,1.635714285714286
해운대소방서,201802,3.0,부산,25.0,29,1.3785714285714286
해운대소방서,201802,4.0,부산,29.0,37,1.1392857142857142
해운대소방서,201802,5.0,부산,24.0,26,0.9535714285714284
해운대소방서,201802,6.0,부산,37.0,37,0.7535714285714287
해운대소방서,201802,7.0,부산,32.0,36,0.5178571428571429
해운대소방서,201802,8.0,부산,44.0,42,1.0178571428571428
해운대소방서,201802,9.0,부산,68.0,67,2.6
해운대소방서,201802,10.0,부산,40.0,52,4.321428571428571
해운대소방서,201802,11.0,부산,39.0,49,5.678571428571429
해운대소방서,201802,12.0,부산,37.0,58,6.853571428571429
해운대소방서,201802,13.0,부산,53.0,59,7.460714285714286
해운대소방서,201802,14.0,부산,44.0,62,7.910714285714286
해운대소방서,201802,15.0,부산,32.0,46,7.685714285714286
해운대소방서,201802,16.0,부산,45.0,55,7.207142857142857
해운대소방서,201802,17.0,부산,38.0,55,6.4750000000000005
해운대소방서,201802,18.0,부산,50.0,59,5.353571428571429
해운대소방서,201802,19.0,부산,45.0,52,4.653571428571429
해운대소방서,201802,20.0,부산,31.0,36,4.228571428571429
해운대소방서,201802,21.0,부산,36.0,49,3.7714285714285714
해운대소방서,201802,22.0,부산,38.0,49,3.317857142857143
해운대소방서,201802,23.0,부산,41.0,39,2.896428571428572
해운대소방서,201803,0.0,부산,31.0,40,8.37741935483871
해운대소방서,201803,1.0,부산,32.0,39,8.167741935483871
해운대소방서,201803,2.0,부산,37.0,44,8.02258064516129
해운대소방서,201803,3.0,부산,37.0,33,7.854838709677419
해운대소방서,201803,4.0,부산,12.0,19,7.648387096774194
해운대소방서,201803,5.0,부산,25.0,25,7.474193548387096
해운대소방서,201803,6.0,부산,22.0,23,7.270967741935484
해운대소방서,201803,7.0,부산,25.0,32,7.280645161290322
해운대소방서,201803,8.0,부산,40.0,50,8.490322580645161
해운대소방서,201803,9.0,부산,67.0,68,10.048387096774194
해운대소방서,201803,10.0,부산,58.0,67,11.312903225806451
해운대소방서,201803,11.0,부산,37.0,43,12.193548387096774
해운대소방서,201803,12.0,부산,49.0,54,12.85483870967742
해운대소방서,201803,13.0,부산,59.0,54,12.858064516129032
해운대소방서,201803,14.0,부산,52.0,52,12.94516129032258
해운대소방서,201803,15.0,부산,49.0,59,12.870967741935484
해운대소방서,201803,16.0,부산,46.0,59,12.46774193548387
해운대소방서,201803,17.0,부산,57.0,54,11.65483870967742
해운대소방서,201803,18.0,부산,51.0,55,10.7
해운대소방서,201803,19.0,부산,45.0,51,10.103225806451611
해운대소방서,201803,20.0,부산,38.0,49,9.706451612903225
해운대소방서,201803,21.0,부산,51.0,54,9.422580645161291
해운대소방서,201803,22.0,부산,52.0,55,9.119354838709675
해운대소방서,201803,23.0,부산,43.0,53,8.86774193548387
해운대소방서,201804,0.0,부산,43.0,53,13.086666666666668
해운대소방서,201804,1.0,부산,45.0,43,12.91
해운대소방서,201804,2.0,부산,37.0,41,12.796666666666663
해운대소방서,201804,3.0,부산,35.0,34,12.52
해운대소방서,201804,4.0,부산,21.0,28,12.176666666666668
해운대소방서,201804,5.0,부산,25.0,23,12.023333333333332
해운대소방서,201804,6.0,부산,24.0,24,11.93
해운대소방서,201804,7.0,부산,43.0,40,12.433333333333334
해운대소방서,201804,8.0,부산,74.0,61,13.746666666666666
해운대소방서,201804,9.0,부산,67.0,55,15.04
해운대소방서,201804,10.0,부산,57.0,59,15.943333333333332
해운대소방서,201804,11.0,부산,42.0,50,16.56
해운대소방서,201804,12.0,부산,38.0,40,16.92
해운대소방서,201804,13.0,부산,54.0,59,17.086666666666666
해운대소방서,201804,14.0,부산,47.0,49,17.293333333333333
해운대소방서,201804,15.0,부산,55.0,50,17.153333333333332
해운대소방서,201804,16.0,부산,36.0,46,16.983333333333334
해운대소방서,201804,17.0,부산,44.0,59,16.37666666666667
해운대소방서,201804,18.0,부산,53.0,56,15.453333333333337
해운대소방서,201804,19.0,부산,40.0,53,14.636666666666668
해운대소방서,201804,20.0,부산,48.0,47,14.18
해운대소방서,201804,21.0,부산,56.0,70,13.993333333333334
해운대소방서,201804,22.0,부산,37.0,40,13.7
해운대소방서,201804,23.0,부산,32.0,44,13.366666666666667
해운대소방서,201805,0.0,부산,41.0,47,16.47241379310345
해운대소방서,201805,1.0,부산,33.0,47,16.489285714285714
해운대소방서,201805,2.0,부산,31.0,39,16.255555555555556
해운대소방서,201805,3.0,부산,29.0,30,16.09642857142857
해운대소방서,201805,4.0,부산,25.0,29,16.05185185185185
해운대소방서,201805,5.0,부산,16.0,30,15.61851851851852
해운대소방서,201805,6.0,부산,25.0,30,15.58148148148148
해운대소방서,201805,7.0,부산,35.0,38,16.557142857142857
해운대소방서,201805,8.0,부산,56.0,52,17.393103448275863
해운대소방서,201805,9.0,부산,46.0,59,18.52258064516129
해운대소방서,201805,10.0,부산,63.0,58,19.283870967741933
해운대소방서,201805,11.0,부산,68.0,59,19.76774193548387
해운대소방서,201805,12.0,부산,42.0,49,20.310344827586206
해운대소방서,201805,13.0,부산,48.0,52,20.46206896551724
해운대소방서,201805,14.0,부산,60.0,67,20.68888888888889
해운대소방서,201805,15.0,부산,36.0,50,19.94333333333333
해운대소방서,201805,16.0,부산,47.0,56,19.58709677419355
해운대소방서,201805,17.0,부산,31.0,46,19.15806451612903
해운대소방서,201805,18.0,부산,46.0,52,18.44193548387097
해운대소방서,201805,19.0,부산,59.0,61,17.851612903225806
해운대소방서,201805,20.0,부산,60.0,77,17.363333333333333
해운대소방서,201805,21.0,부산,63.0,67,17.03793103448276
해운대소방서,201805,22.0,부산,43.0,59,17.03103448275862
해운대소방서,201805,23.0,부산,48.0,63,16.889655172413793
해운대소방서,201806,0.0,부산,40.0,41,20.026666666666664
해운대소방서,201806,1.0,부산,46.0,55,19.896666666666665
해운대소방서,201806,2.0,부산,32.0,44,19.76551724137931
해운대소방서,201806,3.0,부산,37.0,38,19.674074074074078
해운대소방서,201806,4.0,부산,37.0,40,19.55555555555556
해운대소방서,201806,5.0,부산,23.0,25,19.48888888888889
해운대소방서,201806,6.0,부산,33.0,38,19.53214285714285
해운대소방서,201806,7.0,부산,38.0,40,19.978571428571428
해운대소방서,201806,8.0,부산,67.0,54,21.16333333333333
해운대소방서,201806,9.0,부산,55.0,57,22.236666666666668
해운대소방서,201806,10.0,부산,62.0,74,22.82
해운대소방서,201806,11.0,부산,49.0,56,23.053571428571427
해운대소방서,201806,12.0,부산,51.0,53,23.641379310344828
해운대소방서,201806,13.0,부산,53.0,70,23.37307692307693
해운대소방서,201806,14.0,부산,53.0,59,23.685714285714287
해운대소방서,201806,15.0,부산,58.0,68,23.707142857142856
해운대소방서,201806,16.0,부산,63.0,72,23.50689655172414
해운대소방서,201806,17.0,부산,54.0,62,23.175
해운대소방서,201806,18.0,부산,39.0,62,22.433333333333334
해운대소방서,201806,19.0,부산,49.0,63,21.543333333333333
해운대소방서,201806,20.0,부산,44.0,57,21.110344827586207
해운대소방서,201806,21.0,부산,47.0,51,20.7448275862069
해운대소방서,201806,22.0,부산,54.0,55,20.42
해운대소방서,201806,23.0,부산,28.0,43,20.206666666666667
해운대소방서,201807,0.0,부산,39.0,48,25.18387096774193
해운대소방서,201807,1.0,부산,30.0,53,24.932258064516127
해운대소방서,201807,2.0,부산,44.0,49,24.8
해운대소방서,201807,3.0,부산,39.0,50,24.664516129032258
해운대소방서,201807,4.0,부산,36.0,46,24.50967741935484
해운대소방서,201807,5.0,부산,38.0,35,24.429032258064517
해운대소방서,201807,6.0,부산,39.0,48,24.4
해운대소방서,201807,7.0,부산,35.0,39,25.177419354838708
해운대소방서,201807,8.0,부산,59.0,61,26.561290322580643
해운대소방서,201807,9.0,부산,70.0,81,27.493548387096773
해운대소방서,201807,10.0,부산,55.0,78,28.31935483870968
해운대소방서,201807,11.0,부산,39.0,58,28.880645161290325
해운대소방서,201807,12.0,부산,46.0,70,29.106451612903225
해운대소방서,201807,13.0,부산,55.0,82,29.10967741935484
해운대소방서,201807,14.0,부산,52.0,67,29.161290322580644
해운대소방서,201807,15.0,부산,47.0,84,29.16774193548387
해운대소방서,201807,16.0,부산,39.0,77,28.76774193548387
해운대소방서,201807,17.0,부산,62.0,87,28.287096774193547
해운대소방서,201807,18.0,부산,49.0,76,27.32258064516129
해운대소방서,201807,19.0,부산,52.0,80,26.60322580645161
해운대소방서,201807,20.0,부산,57.0,70,26.016129032258064
해운대소방서,201807,21.0,부산,48.0,56,25.793548387096774
해운대소방서,201807,22.0,부산,41.0,41,25.72903225806452
해운대소방서,201807,23.0,부산,46.0,65,25.60322580645161
해운대소방서,201808,0.0,부산,46.0,65,26.583870967741937
해운대소방서,201808,1.0,부산,42.0,59,26.432258064516127
해운대소방서,201808,2.0,부산,41.0,63,26.36774193548387
해운대소방서,201808,3.0,부산,21.0,27,26.26129032258065
해운대소방서,201808,4.0,부산,20.0,34,26.09032258064516
해운대소방서,201808,5.0,부산,34.0,36,26.01935483870968
해운대소방서,201808,6.0,부산,35.0,46,25.948387096774194
해운대소방서,201808,7.0,부산,52.0,55,26.583870967741937
해운대소방서,201808,8.0,부산,66.0,72,27.76129032258065
해운대소방서,201808,9.0,부산,59.0,58,28.82258064516129
해운대소방서,201808,10.0,부산,55.0,82,29.516129032258064
해운대소방서,201808,11.0,부산,55.0,77,30.161290322580644
해운대소방서,201808,12.0,부산,45.0,65,30.48709677419355
해운대소방서,201808,13.0,부산,59.0,97,30.12258064516129
해운대소방서,201808,14.0,부산,55.0,77,30.029032258064515
해운대소방서,201808,15.0,부산,68.0,83,30.02258064516129
해운대소방서,201808,16.0,부산,43.0,89,29.6
해운대소방서,201808,17.0,부산,49.0,58,28.996774193548383
해운대소방서,201808,18.0,부산,39.0,56,28.22258064516129
해운대소방서,201808,19.0,부산,48.0,63,27.56451612903226
해운대소방서,201808,20.0,부산,41.0,72,27.14516129032258
해운대소방서,201808,21.0,부산,42.0,60,26.951612903225808
해운대소방서,201808,22.0,부산,43.0,58,26.68064516129032
해운대소방서,201808,23.0,부산,49.0,70,26.548387096774192
해운대소방서,201809,0.0,부산,32.0,45,20.986666666666668
해운대소방서,201809,1.0,부산,35.0,53,20.776666666666664
해운대소방서,201809,2.0,부산,34.0,35,20.673333333333336
해운대소방서,201809,3.0,부산,27.0,35,20.616666666666667
해운대소방서,201809,4.0,부산,22.0,30,20.540000000000003
해운대소방서,201809,5.0,부산,29.0,37,20.39333333333333
해운대소방서,201809,6.0,부산,29.0,40,20.21
해운대소방서,201809,7.0,부산,36.0,42,20.336666666666662
해운대소방서,201809,8.0,부산,55.0,51,21.1
해운대소방서,201809,9.0,부산,64.0,75,21.89333333333333
해운대소방서,201809,10.0,부산,55.0,52,22.84333333333333
해운대소방서,201809,11.0,부산,35.0,46,23.23
해운대소방서,201809,12.0,부산,47.0,55,23.71
해운대소방서,201809,13.0,부산,47.0,55,24.25333333333333
해운대소방서,201809,14.0,부산,62.0,70,24.37333333333333
해운대소방서,201809,15.0,부산,57.0,69,24.266666666666666
해운대소방서,201809,16.0,부산,60.0,67,23.83
해운대소방서,201809,17.0,부산,45.0,52,23.37333333333333
해운대소방서,201809,18.0,부산,55.0,55,22.60666666666667
해운대소방서,201809,19.0,부산,54.0,57,22.006666666666668
해운대소방서,201809,20.0,부산,30.0,47,21.743333333333336
해운대소방서,201809,21.0,부산,47.0,52,21.45
해운대소방서,201809,22.0,부산,52.0,53,21.18
해운대소방서,201809,23.0,부산,24.0,42,20.923333333333336
해운대소방서,201810,0.0,부산,34.0,48,14.8
해운대소방서,201810,1.0,부산,20.0,30,14.612903225806452
해운대소방서,201810,2.0,부산,25.0,33,14.438709677419356
해운대소방서,201810,3.0,부산,22.0,32,14.283870967741937
해운대소방서,201810,4.0,부산,36.0,37,14.02258064516129
해운대소방서,201810,5.0,부산,21.0,26,13.838709677419354
해운대소방서,201810,6.0,부산,20.0,24,13.648387096774194
해운대소방서,201810,7.0,부산,37.0,46,13.69032258064516
해운대소방서,201810,8.0,부산,46.0,52,15.096774193548388
해운대소방서,201810,9.0,부산,59.0,54,16.703225806451613
해운대소방서,201810,10.0,부산,64.0,72,18.203225806451613
해운대소방서,201810,11.0,부산,49.0,60,19.40967741935484
해운대소방서,201810,12.0,부산,55.0,49,19.83870967741936
해운대소방서,201810,13.0,부산,40.0,55,20.23225806451613
해운대소방서,201810,14.0,부산,47.0,72,20.31935483870968
해운대소방서,201810,15.0,부산,51.0,71,19.567741935483877
해운대소방서,201810,16.0,부산,49.0,69,18.93870967741936
해운대소방서,201810,17.0,부산,41.0,59,18.164516129032258
해운대소방서,201810,18.0,부산,42.0,57,17.164516129032258
해운대소방서,201810,19.0,부산,45.0,55,16.49032258064516
해운대소방서,201810,20.0,부산,44.0,52,15.958064516129031
해운대소방서,201810,21.0,부산,35.0,51,15.651612903225804
해운대소방서,201810,22.0,부산,31.0,44,15.248387096774191
해운대소방서,201810,23.0,부산,33.0,48,14.935483870967742
해운대소방서,201811,0.0,부산,37.0,46,10.636666666666668
해운대소방서,201811,1.0,부산,22.0,28,10.56
해운대소방서,201811,2.0,부산,21.0,33,10.42
해운대소방서,201811,3.0,부산,22.0,33,10.07
해운대소방서,201811,4.0,부산,28.0,29,9.96
해운대소방서,201811,5.0,부산,31.0,33,9.786666666666669
해운대소방서,201811,6.0,부산,28.0,33,9.516666666666667
해운대소방서,201811,7.0,부산,28.0,27,9.4
해운대소방서,201811,8.0,부산,44.0,47,10.42
해운대소방서,201811,9.0,부산,53.0,58,12.223333333333333
해운대소방서,201811,10.0,부산,49.0,54,13.973333333333333
해운대소방서,201811,11.0,부산,52.0,72,15.543333333333331
해운대소방서,201811,12.0,부산,46.0,61,16.313333333333333
해운대소방서,201811,13.0,부산,43.0,49,16.64
해운대소방서,201811,14.0,부산,35.0,45,16.65
해운대소방서,201811,15.0,부산,43.0,52,15.816666666666666
해운대소방서,201811,16.0,부산,43.0,59,14.82
해운대소방서,201811,17.0,부산,33.0,45,13.8
해운대소방서,201811,18.0,부산,44.0,53,12.836666666666668
해운대소방서,201811,19.0,부산,62.0,83,12.213333333333331
해운대소방서,201811,20.0,부산,45.0,52,11.746666666666666
해운대소방서,201811,21.0,부산,33.0,41,11.426666666666668
해운대소방서,201811,22.0,부산,56.0,56,11.146666666666668
해운대소방서,201811,23.0,부산,23.0,43,10.93
해운대소방서,201812,0.0,부산,35.0,47,4.596774193548387
해운대소방서,201812,1.0,부산,35.0,46,4.351612903225806
해운대소방서,201812,2.0,부산,30.0,36,4.280645161290322
해운대소방서,201812,3.0,부산,15.0,30,4.119354838709677
해운대소방서,201812,4.0,부산,20.0,26,3.938709677419355
해운대소방서,201812,5.0,부산,12.0,22,3.6548387096774193
해운대소방서,201812,6.0,부산,20.0,29,3.47741935483871
해운대소방서,201812,7.0,부산,36.0,40,3.3870967741935485
해운대소방서,201812,8.0,부산,53.0,65,3.4838709677419355
해운대소방서,201812,9.0,부산,74.0,81,4.851612903225806
해운대소방서,201812,10.0,부산,63.0,64,6.238709677419355
해운대소방서,201812,11.0,부산,61.0,69,7.248387096774193
해운대소방서,201812,12.0,부산,58.0,79,7.929032258064517
해운대소방서,201812,13.0,부산,67.0,67,8.593548387096773
해운대소방서,201812,14.0,부산,61.0,74,9.04516129032258
해운대소방서,201812,15.0,부산,42.0,54,8.97741935483871
해운대소방서,201812,16.0,부산,51.0,73,8.525806451612903
해운대소방서,201812,17.0,부산,55.0,63,7.164516129032258
해운대소방서,201812,18.0,부산,43.0,52,6.358064516129032
해운대소방서,201812,19.0,부산,44.0,59,5.925806451612904
해운대소방서,201812,20.0,부산,58.0,71,5.554838709677419
해운대소방서,201812,21.0,부산,51.0,61,5.180645161290323
해운대소방서,201812,22.0,부산,68.0,80,4.987096774193549
해운대소방서,201812,23.0,부산,38.0,51,4.741935483870968
해운대소방서,201901,0.0,부산,34.0,51,3.3451612903225807
해운대소방서,201901,1.0,부산,25.0,43,3.02258064516129
해운대소방서,201901,2.0,부산,27.0,35,2.770967741935484
해운대소방서,201901,3.0,부산,27.0,36,2.267741935483871
해운대소방서,201901,4.0,부산,21.0,28,1.964516129032258
해운대소방서,201901,5.0,부산,30.0,36,1.670967741935484
해운대소방서,201901,6.0,부산,34.0,30,1.441935483870968
해운대소방서,201901,7.0,부산,44.0,44,1.2096774193548387
해운대소방서,201901,8.0,부산,65.0,61,1.4193548387096775
해운대소방서,201901,9.0,부산,88.0,72,2.8483870967741933
해운대소방서,201901,10.0,부산,56.0,68,4.180645161290323
해운대소방서,201901,11.0,부산,57.0,64,5.467741935483871
해운대소방서,201901,12.0,부산,59.0,61,6.796774193548386
해운대소방서,201901,13.0,부산,54.0,60,7.67741935483871
해운대소방서,201901,14.0,부산,59.0,57,8.051612903225806
해운대소방서,201901,15.0,부산,43.0,51,8.493548387096775
해운대소방서,201901,16.0,부산,58.0,63,8.25483870967742
해운대소방서,201901,17.0,부산,40.0,49,7.629032258064516
해운대소방서,201901,18.0,부산,42.0,55,6.174193548387097
해운대소방서,201901,19.0,부산,61.0,62,5.551612903225807
해운대소방서,201901,20.0,부산,53.0,45,5.051612903225807
해운대소방서,201901,21.0,부산,41.0,61,4.551612903225807
해운대소방서,201901,22.0,부산,46.0,54,4.070967741935484
해운대소방서,201901,23.0,부산,29.0,39,3.6225806451612894
해운대소방서,201902,0.0,부산,31.0,39,5.121428571428572
해운대소방서,201902,1.0,부산,26.0,38,4.853571428571429
해운대소방서,201902,2.0,부산,40.0,43,4.592857142857143
해운대소방서,201902,3.0,부산,27.0,32,4.335714285714286
해운대소방서,201902,4.0,부산,18.0,29,4.182142857142857
해운대소방서,201902,5.0,부산,29.0,40,3.907142857142857
해운대소방서,201902,6.0,부산,29.0,29,3.7178571428571434
해운대소방서,201902,7.0,부산,43.0,44,3.482142857142857
해운대소방서,201902,8.0,부산,54.0,41,3.967857142857143
해운대소방서,201902,9.0,부산,60.0,60,5.325
해운대소방서,201902,10.0,부산,53.0,71,6.917857142857143
해운대소방서,201902,11.0,부산,40.0,42,8.132142857142856
해운대소방서,201902,12.0,부산,44.0,52,9.55714285714286
해운대소방서,201902,13.0,부산,40.0,53,10.103571428571428
해운대소방서,201902,14.0,부산,45.0,46,10.157142857142857
해운대소방서,201902,15.0,부산,40.0,51,10.103571428571428
해운대소방서,201902,16.0,부산,40.0,47,9.846428571428572
해운대소방서,201902,17.0,부산,39.0,45,9.160714285714286
해운대소방서,201902,18.0,부산,38.0,50,7.921428571428572
해운대소방서,201902,19.0,부산,57.0,59,7.189285714285715
해운대소방서,201902,20.0,부산,42.0,51,6.742857142857143
해운대소방서,201902,21.0,부산,46.0,53,6.332142857142857
해운대소방서,201902,22.0,부산,44.0,52,6.046428571428572
해운대소방서,201902,23.0,부산,43.0,48,5.714285714285714
해운대소방서,201903,0.0,부산,49.0,54,9.238709677419354
해운대소방서,201903,1.0,부산,21.0,27,9.093548387096773
해운대소방서,201903,2.0,부산,17.0,21,8.709677419354838
해운대소방서,201903,3.0,부산,34.0,36,8.429032258064517
해운대소방서,201903,4.0,부산,29.0,39,8.083870967741936
해운대소방서,201903,5.0,부산,20.0,26,7.903225806451613
해운대소방서,201903,6.0,부산,26.0,29,7.651612903225806
해운대소방서,201903,7.0,부산,49.0,46,7.538709677419354
해운대소방서,201903,8.0,부산,72.0,62,8.451612903225806
해운대소방서,201903,9.0,부산,53.0,58,9.883870967741936
해운대소방서,201903,10.0,부산,59.0,52,11.203225806451613
해운대소방서,201903,11.0,부산,55.0,54,12.503225806451614
해운대소방서,201903,12.0,부산,56.0,54,13.480645161290322
해운대소방서,201903,13.0,부산,69.0,68,13.638709677419357
해운대소방서,201903,14.0,부산,74.0,69,13.670967741935485
해운대소방서,201903,15.0,부산,62.0,67,13.751612903225809
해운대소방서,201903,16.0,부산,48.0,48,13.725806451612904
해운대소방서,201903,17.0,부산,41.0,51,12.825806451612904
해운대소방서,201903,18.0,부산,39.0,54,11.9
해운대소방서,201903,19.0,부산,37.0,56,11.061290322580644
해운대소방서,201903,20.0,부산,42.0,51,10.54516129032258
해운대소방서,201903,21.0,부산,57.0,63,10.096774193548388
해운대소방서,201903,22.0,부산,56.0,67,9.709677419354838
해운대소방서,201903,23.0,부산,48.0,52,9.422580645161291
해운대소방서,201904,0.0,부산,45.0,47,11.756666666666666
해운대소방서,201904,1.0,부산,26.0,38,11.61
해운대소방서,201904,2.0,부산,16.0,27,11.403333333333334
해운대소방서,201904,3.0,부산,21.0,23,11.183333333333334
해운대소방서,201904,4.0,부산,29.0,31,11.05
해운대소방서,201904,5.0,부산,30.0,32,10.886666666666668
해운대소방서,201904,6.0,부산,41.0,37,10.686666666666667
해운대소방서,201904,7.0,부산,44.0,48,11.146666666666668
해운대소방서,201904,8.0,부산,50.0,59,12.453333333333337
해운대소방서,201904,9.0,부산,76.0,75,13.776666666666667
해운대소방서,201904,10.0,부산,57.0,68,14.69
해운대소방서,201904,11.0,부산,59.0,64,15.396666666666668
해운대소방서,201904,12.0,부산,40.0,52,15.856666666666666
해운대소방서,201904,13.0,부산,61.0,57,16.13
해운대소방서,201904,14.0,부산,48.0,58,16.36
해운대소방서,201904,15.0,부산,63.0,70,16.133333333333333
해운대소방서,201904,16.0,부산,37.0,57,15.693333333333332
해운대소방서,201904,17.0,부산,38.0,47,14.943333333333332
해운대소방서,201904,18.0,부산,54.0,64,14.396666666666668
해운대소방서,201904,19.0,부산,50.0,68,13.426666666666668
해운대소방서,201904,20.0,부산,49.0,60,12.956666666666669
해운대소방서,201904,21.0,부산,38.0,46,12.73
해운대소방서,201904,22.0,부산,53.0,65,12.496666666666666
해운대소방서,201904,23.0,부산,33.0,45,12.276666666666667
해운대소방서,201905,0.0,부산,37.0,55,17.796774193548387
해운대소방서,201905,1.0,부산,35.0,38,17.612903225806452
해운대소방서,201905,2.0,부산,40.0,42,17.361290322580647
해운대소방서,201905,3.0,부산,22.0,28,17.174193548387095
해운대소방서,201905,4.0,부산,28.0,22,16.787096774193547
해운대소방서,201905,5.0,부산,23.0,22,16.567741935483873
해운대소방서,201905,6.0,부산,38.0,39,16.548387096774192
해운대소방서,201905,7.0,부산,60.0,50,17.32903225806452
해운대소방서,201905,8.0,부산,51.0,46,19.148387096774197
해운대소방서,201905,9.0,부산,69.0,62,20.570967741935487
해운대소방서,201905,10.0,부산,55.0,65,21.238709677419354
해운대소방서,201905,11.0,부산,55.0,59,21.806451612903224
해운대소방서,201905,12.0,부산,49.0,55,22.003225806451614
해운대소방서,201905,13.0,부산,78.0,86,22.20967741935484
해운대소방서,201905,14.0,부산,46.0,51,21.91935483870968
해운대소방서,201905,15.0,부산,51.0,70,21.68387096774193
해운대소방서,201905,16.0,부산,48.0,56,21.654838709677417
해운대소방서,201905,17.0,부산,65.0,66,21.364516129032257
해운대소방서,201905,18.0,부산,44.0,58,20.506451612903227
해운대소방서,201905,19.0,부산,61.0,67,19.32258064516129
해운대소방서,201905,20.0,부산,52.0,58,18.651612903225807
해운대소방서,201905,21.0,부산,51.0,56,18.33225806451613
해운대소방서,201905,22.0,부산,45.0,59,18.10967741935484
해운대소방서,201905,23.0,부산,33.0,49,17.96451612903226
해운대소방서,201906,0.0,부산,50.0,68,19.46333333333333
해운대소방서,201906,1.0,부산,28.0,39,19.346666666666668
해운대소방서,201906,2.0,부산,31.0,38,19.17
해운대소방서,201906,3.0,부산,34.0,40,19.146666666666665
해운대소방서,201906,4.0,부산,20.0,21,19.040000000000003
해운대소방서,201906,5.0,부산,36.0,38,18.9
해운대소방서,201906,6.0,부산,25.0,25,18.99333333333333
해운대소방서,201906,7.0,부산,51.0,49,19.876666666666665
해운대소방서,201906,8.0,부산,46.0,47,21.24
해운대소방서,201906,9.0,부산,55.0,56,22.24333333333333
해운대소방서,201906,10.0,부산,53.0,63,22.9
해운대소방서,201906,11.0,부산,59.0,62,23.03
해운대소방서,201906,12.0,부산,50.0,58,23.16333333333333
해운대소방서,201906,13.0,부산,53.0,57,23.23333333333333
해운대소방서,201906,14.0,부산,49.0,49,23.41333333333333
해운대소방서,201906,15.0,부산,59.0,59,23.40333333333333
해운대소방서,201906,16.0,부산,52.0,63,23.21
해운대소방서,201906,17.0,부산,55.0,55,22.69333333333333
해운대소방서,201906,18.0,부산,43.0,55,21.95
해운대소방서,201906,19.0,부산,57.0,60,21.223333333333336
해운대소방서,201906,20.0,부산,58.0,68,20.50333333333333
해운대소방서,201906,21.0,부산,57.0,57,20.12333333333333
해운대소방서,201906,22.0,부산,43.0,59,19.90666666666667
해운대소방서,201906,23.0,부산,30.0,47,19.813333333333333
해운대소방서,201907,0.0,부산,48.0,61,23.067741935483877
해운대소방서,201907,1.0,부산,33.0,46,22.958064516129035
해운대소방서,201907,2.0,부산,15.0,32,22.874193548387098
해운대소방서,201907,3.0,부산,31.0,40,22.870967741935484
해운대소방서,201907,4.0,부산,17.0,24,22.71935483870968
해운대소방서,201907,5.0,부산,17.0,28,22.716129032258067
해운대소방서,201907,6.0,부산,49.0,38,22.770967741935483
해운대소방서,201907,7.0,부산,40.0,43,23.270967741935483
해운대소방서,201907,8.0,부산,65.0,69,23.993548387096773
해운대소방서,201907,9.0,부산,86.0,79,24.677419354838708
해운대소방서,201907,10.0,부산,68.0,78,25.23548387096774
해운대소방서,201907,11.0,부산,52.0,49,25.700000000000003
해운대소방서,201907,12.0,부산,63.0,65,25.948387096774194
해운대소방서,201907,13.0,부산,56.0,63,26.116129032258065
해운대소방서,201907,14.0,부산,63.0,67,26.187096774193545
해운대소방서,201907,15.0,부산,67.0,71,25.97741935483871
해운대소방서,201907,16.0,부산,47.0,50,25.783870967741933
해운대소방서,201907,17.0,부산,56.0,71,25.651612903225807
해운대소방서,201907,18.0,부산,64.0,63,25.11290322580645
해운대소방서,201907,19.0,부산,39.0,49,24.461290322580645
해운대소방서,201907,20.0,부산,46.0,59,23.751612903225805
해운대소방서,201907,21.0,부산,52.0,56,23.567741935483877
해운대소방서,201907,22.0,부산,43.0,49,23.396774193548385
해운대소방서,201907,23.0,부산,41.0,61,23.287096774193547
해운대소방서,201908,0.0,부산,41.0,54,25.806451612903224
해운대소방서,201908,1.0,부산,50.0,54,25.625806451612902
해운대소방서,201908,2.0,부산,46.0,47,25.448387096774194
해운대소방서,201908,3.0,부산,32.0,32,25.274193548387096
해운대소방서,201908,4.0,부산,23.0,37,25.238709677419354
해운대소방서,201908,5.0,부산,26.0,32,25.138709677419357
해운대소방서,201908,6.0,부산,64.0,51,25.08709677419355
해운대소방서,201908,7.0,부산,45.0,44,25.51935483870968
해운대소방서,201908,8.0,부산,53.0,58,26.625806451612902
해운대소방서,201908,9.0,부산,97.0,86,27.616129032258065
해운대소방서,201908,10.0,부산,61.0,68,28.21935483870968
해운대소방서,201908,11.0,부산,58.0,67,28.741935483870968
해운대소방서,201908,12.0,부산,66.0,68,28.967741935483872
해운대소방서,201908,13.0,부산,70.0,75,29.016129032258064
해운대소방서,201908,14.0,부산,47.0,55,29.20967741935484
해운대소방서,201908,15.0,부산,83.0,84,29.1
해운대소방서,201908,16.0,부산,68.0,72,28.72258064516129
해운대소방서,201908,17.0,부산,50.0,58,28.41935483870968
해운대소방서,201908,18.0,부산,46.0,57,27.86774193548387
해운대소방서,201908,19.0,부산,66.0,75,26.90967741935484
해운대소방서,201908,20.0,부산,56.0,63,26.44516129032258
해운대소방서,201908,21.0,부산,61.0,68,26.270967741935483
해운대소방서,201908,22.0,부산,62.0,70,26.070967741935487
해운대소방서,201908,23.0,부산,43.0,53,25.89032258064516
해운대소방서,201909,0.0,부산,37.0,45,21.85
해운대소방서,201909,1.0,부산,24.0,37,21.736666666666668
해운대소방서,201909,2.0,부산,32.0,39,21.57333333333333
해운대소방서,201909,3.0,부산,26.0,33,21.456666666666667
해운대소방서,201909,4.0,부산,22.0,24,21.30666666666667
해운대소방서,201909,5.0,부산,20.0,20,21.223333333333336
해운대소방서,201909,6.0,부산,56.0,45,21.16333333333333
해운대소방서,201909,7.0,부산,36.0,44,21.486666666666668
해운대소방서,201909,8.0,부산,65.0,62,22.48333333333333
해운대소방서,201909,9.0,부산,73.0,62,23.456666666666667
해운대소방서,201909,10.0,부산,65.0,77,24.383333333333333
해운대소방서,201909,11.0,부산,51.0,54,25.17
해운대소방서,201909,12.0,부산,57.0,71,25.38
해운대소방서,201909,13.0,부산,58.0,67,25.566666666666663
해운대소방서,201909,14.0,부산,35.0,47,25.436666666666667
해운대소방서,201909,15.0,부산,55.0,67,25.28666666666667
해운대소방서,201909,16.0,부산,51.0,67,24.85666666666667
해운대소방서,201909,17.0,부산,57.0,55,24.313333333333333
해운대소방서,201909,18.0,부산,62.0,66,23.57333333333333
해운대소방서,201909,19.0,부산,63.0,70,22.82
해운대소방서,201909,20.0,부산,45.0,53,22.50333333333333
해운대소방서,201909,21.0,부산,47.0,68,22.27
해운대소방서,201909,22.0,부산,52.0,47,22.10333333333333
해운대소방서,201909,23.0,부산,54.0,65,21.946666666666665
해운대소방서,201910,0.0,부산,37.0,49,17.161290322580644
해운대소방서,201910,1.0,부산,32.0,37,16.951612903225808
해운대소방서,201910,2.0,부산,28.0,39,16.812903225806448
해운대소방서,201910,3.0,부산,18.0,23,16.58709677419355
해운대소방서,201910,4.0,부산,22.0,24,16.441935483870967
해운대소방서,201910,5.0,부산,26.0,37,16.22258064516129
해운대소방서,201910,6.0,부산,21.0,31,16.119354838709675
해운대소방서,201910,7.0,부산,50.0,45,16.15483870967742
해운대소방서,201910,8.0,부산,50.0,51,17.338709677419356
해운대소방서,201910,9.0,부산,55.0,74,18.654838709677417
해운대소방서,201910,10.0,부산,60.0,67,19.848387096774196
해운대소방서,201910,11.0,부산,43.0,51,20.82258064516129
해운대소방서,201910,12.0,부산,44.0,60,21.60322580645161
해운대소방서,201910,13.0,부산,47.0,56,21.97741935483871
해운대소방서,201910,14.0,부산,56.0,61,22.0258064516129
해운대소방서,201910,15.0,부산,53.0,64,21.780645161290323
해운대소방서,201910,16.0,부산,55.0,69,21.225806451612904
해운대소방서,201910,17.0,부산,42.0,46,20.52258064516129
해운대소방서,201910,18.0,부산,53.0,52,19.10967741935484
해운대소방서,201910,19.0,부산,46.0,63,18.503225806451614
해운대소방서,201910,20.0,부산,61.0,62,18.009677419354837
해운대소방서,201910,21.0,부산,38.0,53,17.677419354838708
해운대소방서,201910,22.0,부산,43.0,46,17.387096774193548
해운대소방서,201910,23.0,부산,60.0,64,17.125806451612902
해운대소방서,201911,0.0,부산,37.0,42,11.723333333333333
해운대소방서,201911,1.0,부산,28.0,42,11.44
해운대소방서,201911,2.0,부산,30.0,39,11.303333333333336
해운대소방서,201911,3.0,부산,27.0,28,11.103333333333332
해운대소방서,201911,4.0,부산,28.0,26,10.836666666666668
해운대소방서,201911,5.0,부산,25.0,23,10.543333333333331
해운대소방서,201911,6.0,부산,31.0,35,10.27
해운대소방서,201911,7.0,부산,58.0,53,10.153333333333334
해운대소방서,201911,8.0,부산,53.0,56,11.02
해운대소방서,201911,9.0,부산,50.0,62,12.626666666666669
해운대소방서,201911,10.0,부산,50.0,53,13.983333333333333
해운대소방서,201911,11.0,부산,44.0,64,15.236666666666666
해운대소방서,201911,12.0,부산,52.0,53,16.0
해운대소방서,201911,13.0,부산,54.0,67,16.663333333333334
해운대소방서,201911,14.0,부산,70.0,64,16.806666666666665
해운대소방서,201911,15.0,부산,51.0,53,16.553333333333335
해운대소방서,201911,16.0,부산,53.0,64,16.023333333333333
해운대소방서,201911,17.0,부산,56.0,64,14.843333333333334
해운대소방서,201911,18.0,부산,53.0,57,13.643333333333334
해운대소방서,201911,19.0,부산,54.0,53,13.106666666666666
해운대소방서,201911,20.0,부산,40.0,47,12.67
해운대소방서,201911,21.0,부산,50.0,65,12.413333333333332
해운대소방서,201911,22.0,부산,55.0,58,12.16
해운대소방서,201911,23.0,부산,62.0,68,11.766666666666667
해운대소방서,201912,0.0,부산,40.0,43,6.032258064516129
해운대소방서,201912,1.0,부산,34.0,46,5.719354838709678
해운대소방서,201912,2.0,부산,36.0,41,5.354838709677419
해운대소방서,201912,3.0,부산,25.0,27,5.112903225806452
해운대소방서,201912,4.0,부산,32.0,35,4.816129032258065
해운대소방서,201912,5.0,부산,22.0,25,4.664516129032258
해운대소방서,201912,6.0,부산,34.0,31,4.574193548387097
해운대소방서,201912,7.0,부산,31.0,38,4.467741935483871
해운대소방서,201912,8.0,부산,63.0,50,4.72258064516129
해운대소방서,201912,9.0,부산,77.0,66,6.161290322580645
해운대소방서,201912,10.0,부산,89.0,87,7.732258064516128
해운대소방서,201912,11.0,부산,61.0,68,8.935483870967742
해운대소방서,201912,12.0,부산,69.0,80,9.832258064516129
해운대소방서,201912,13.0,부산,60.0,67,10.27741935483871
해운대소방서,201912,14.0,부산,51.0,57,10.66451612903226
해운대소방서,201912,15.0,부산,51.0,52,10.564516129032258
해운대소방서,201912,16.0,부산,56.0,65,10.19032258064516
해운대소방서,201912,17.0,부산,83.0,81,8.787096774193548
해운대소방서,201912,18.0,부산,64.0,76,7.83225806451613
해운대소방서,201912,19.0,부산,47.0,49,7.33225806451613
해운대소방서,201912,20.0,부산,51.0,59,6.893548387096774
해운대소방서,201912,21.0,부산,61.0,56,6.522580645161291
해운대소방서,201912,22.0,부산,46.0,53,6.148387096774194
해운대소방서,201912,23.0,부산,44.0,62,5.961290322580646
해운대소방서,202001,0.0,부산,30.0,41,5.17741935483871
해운대소방서,202001,1.0,부산,38.0,43,5.006451612903225
해운대소방서,202001,2.0,부산,23.0,30,4.680645161290323
해운대소방서,202001,3.0,부산,34.0,41,4.52258064516129
해운대소방서,202001,4.0,부산,27.0,31,4.329032258064516
해운대소방서,202001,5.0,부산,26.0,26,4.170967741935484
해운대소방서,202001,6.0,부산,35.0,49,4.012903225806451
해운대소방서,202001,7.0,부산,38.0,41,3.964516129032258
해운대소방서,202001,8.0,부산,44.0,52,3.980645161290323
해운대소방서,202001,9.0,부산,79.0,70,5.151612903225806
해운대소방서,202001,10.0,부산,75.0,76,6.66774193548387
해운대소방서,202001,11.0,부산,63.0,67,7.97741935483871
해운대소방서,202001,12.0,부산,48.0,60,8.83548387096774
해운대소방서,202001,13.0,부산,52.0,79,9.44516129032258
해운대소방서,202001,14.0,부산,49.0,53,9.71935483870968
해운대소방서,202001,15.0,부산,45.0,57,9.612903225806452
해운대소방서,202001,16.0,부산,48.0,60,9.40967741935484
해운대소방서,202001,17.0,부산,54.0,59,8.425806451612903
해운대소방서,202001,18.0,부산,46.0,60,7.390322580645161
해운대소방서,202001,19.0,부산,53.0,53,6.9
해운대소방서,202001,20.0,부산,37.0,48,6.558064516129033
해운대소방서,202001,21.0,부산,30.0,37,6.264516129032257
해운대소방서,202001,22.0,부산,53.0,68,5.95483870967742
해운대소방서,202001,23.0,부산,34.0,52,5.693548387096774
해운대소방서,202002,0.0,부산,35.0,41,5.665517241379311
해운대소방서,202002,1.0,부산,26.0,38,5.382758620689655
해운대소방서,202002,2.0,부산,19.0,33,5.151724137931034
해운대소방서,202002,3.0,부산,32.0,39,5.044827586206897
해운대소방서,202002,4.0,부산,24.0,27,4.9
해운대소방서,202002,5.0,부산,19.0,23,4.713793103448276
해운대소방서,202002,6.0,부산,20.0,22,4.572413793103448
해운대소방서,202002,7.0,부산,31.0,31,4.4206896551724135
해운대소방서,202002,8.0,부산,40.0,39,4.73103448275862
해운대소방서,202002,9.0,부산,41.0,47,6.093103448275862
해운대소방서,202002,10.0,부산,52.0,54,7.665517241379311
해운대소방서,202002,11.0,부산,50.0,60,8.844827586206897
해운대소방서,202002,12.0,부산,38.0,53,9.751724137931037
해운대소방서,202002,13.0,부산,59.0,65,10.16896551724138
해운대소방서,202002,14.0,부산,38.0,58,10.593103448275862
해운대소방서,202002,15.0,부산,49.0,50,10.620689655172416
해운대소방서,202002,16.0,부산,60.0,58,10.362068965517242
해운대소방서,202002,17.0,부산,51.0,54,9.786206896551723
해운대소방서,202002,18.0,부산,51.0,55,8.406896551724138
해운대소방서,202002,19.0,부산,45.0,48,7.644827586206896
해운대소방서,202002,20.0,부산,39.0,61,7.224137931034483
해운대소방서,202002,21.0,부산,38.0,44,6.810344827586207
해운대소방서,202002,22.0,부산,49.0,53,6.396551724137931
해운대소방서,202002,23.0,부산,27.0,46,6.0344827586206895
해운대소방서,202003,0.0,부산,18.0,30,8.858064516129033
해운대소방서,202003,1.0,부산,37.0,49,8.625806451612902
해운대소방서,202003,2.0,부산,18.0,25,8.399999999999999
해운대소방서,202003,3.0,부산,19.0,26,8.112903225806452
해운대소방서,202003,4.0,부산,21.0,25,7.858064516129032
해운대소방서,202003,5.0,부산,31.0,25,7.664516129032258
해운대소방서,202003,6.0,부산,28.0,30,7.532258064516129
해운대소방서,202003,7.0,부산,37.0,32,7.570967741935483
해운대소방서,202003,8.0,부산,44.0,36,8.848387096774195
해운대소방서,202003,9.0,부산,50.0,64,10.383870967741936
해운대소방서,202003,10.0,부산,38.0,45,11.619354838709675
해운대소방서,202003,11.0,부산,39.0,55,12.703225806451613
해운대소방서,202003,12.0,부산,38.0,57,13.290322580645162
해운대소방서,202003,13.0,부산,51.0,63,13.6
해운대소방서,202003,14.0,부산,34.0,48,13.680645161290323
해운대소방서,202003,15.0,부산,32.0,52,13.603225806451611
해운대소방서,202003,16.0,부산,40.0,46,13.26774193548387
해운대소방서,202003,17.0,부산,37.0,41,12.587096774193547
해운대소방서,202003,18.0,부산,27.0,53,11.72258064516129
해운대소방서,202003,19.0,부산,34.0,58,10.629032258064516
해운대소방서,202003,20.0,부산,42.0,63,10.203225806451613
해운대소방서,202003,21.0,부산,33.0,42,9.86451612903226
해운대소방서,202003,22.0,부산,22.0,35,9.519354838709678
해운대소방서,202003,23.0,부산,32.0,46,9.293548387096775
해운대소방서,202004,0.0,부산,18.0,30,10.996666666666666
해운대소방서,202004,1.0,부산,24.0,37,10.686666666666667
해운대소방서,202004,2.0,부산,16.0,31,10.306666666666668
해운대소방서,202004,3.0,부산,36.0,40,9.95
해운대소방서,202004,4.0,부산,18.0,20,9.763333333333332
해운대소방서,202004,5.0,부산,20.0,24,9.613333333333332
해운대소방서,202004,6.0,부산,19.0,30,9.39
해운대소방서,202004,7.0,부산,29.0,34,9.95
해운대소방서,202004,8.0,부산,44.0,50,11.153333333333334
해운대소방서,202004,9.0,부산,39.0,55,12.523333333333332
해운대소방서,202004,10.0,부산,47.0,55,13.903333333333334
해운대소방서,202004,11.0,부산,56.0,55,14.963333333333331
해운대소방서,202004,12.0,부산,45.0,50,15.74
해운대소방서,202004,13.0,부산,59.0,71,15.973333333333333
해운대소방서,202004,14.0,부산,59.0,65,16.066666666666666
해운대소방서,202004,15.0,부산,37.0,56,15.886666666666668
해운대소방서,202004,16.0,부산,51.0,55,15.443333333333332
해운대소방서,202004,17.0,부산,36.0,54,14.903333333333334
해운대소방서,202004,18.0,부산,41.0,50,14.063333333333333
해운대소방서,202004,19.0,부산,42.0,62,12.896666666666668
해운대소방서,202004,20.0,부산,42.0,44,12.513333333333332
해운대소방서,202004,21.0,부산,32.0,46,12.243333333333334
해운대소방서,202004,22.0,부산,44.0,50,11.796666666666663
해운대소방서,202004,23.0,부산,26.0,46,11.503333333333334
해운대소방서,202005,0.0,부산,22.0,43,16.47741935483871
해운대소방서,202005,1.0,부산,33.0,42,16.322580645161292
해운대소방서,202005,2.0,부산,26.0,34,16.177419354838708
해운대소방서,202005,3.0,부산,25.0,30,16.016129032258064
해운대소방서,202005,4.0,부산,24.0,32,15.8
해운대소방서,202005,5.0,부산,30.0,29,15.609677419354838
해운대소방서,202005,6.0,부산,44.0,40,15.71935483870968
해운대소방서,202005,7.0,부산,49.0,43,16.47741935483871
해운대소방서,202005,8.0,부산,43.0,47,17.703225806451613
해운대소방서,202005,9.0,부산,64.0,69,18.712903225806453
해운대소방서,202005,10.0,부산,57.0,76,19.67419354838709
해운대소방서,202005,11.0,부산,55.0,63,20.46451612903226
해운대소방서,202005,12.0,부산,41.0,47,20.31935483870968
해운대소방서,202005,13.0,부산,60.0,67,20.12903225806452
해운대소방서,202005,14.0,부산,41.0,61,20.05161290322581
해운대소방서,202005,15.0,부산,52.0,57,20.067741935483877
해운대소방서,202005,16.0,부산,52.0,63,19.896774193548385
해운대소방서,202005,17.0,부산,44.0,55,19.55483870967742
해운대소방서,202005,18.0,부산,34.0,51,18.706451612903223
해운대소방서,202005,19.0,부산,42.0,48,17.916129032258063
해운대소방서,202005,20.0,부산,44.0,59,17.26774193548387
해운대소방서,202005,21.0,부산,33.0,41,16.90967741935484
해운대소방서,202005,22.0,부산,53.0,60,16.81935483870968
해운대소방서,202005,23.0,부산,38.0,48,16.700000000000003
해운대소방서,202006,0.0,부산,27.0,40,21.03
해운대소방서,202006,1.0,부산,18.0,25,20.876666666666665
해운대소방서,202006,2.0,부산,29.0,38,20.66333333333333
해운대소방서,202006,3.0,부산,17.0,21,20.44
해운대소방서,202006,4.0,부산,33.0,33,20.223333333333336
해운대소방서,202006,5.0,부산,35.0,32,19.966666666666665
해운대소방서,202006,6.0,부산,28.0,31,20.066666666666663
해운대소방서,202006,7.0,부산,40.0,41,20.933333333333334
해운대소방서,202006,8.0,부산,43.0,54,22.38
해운대소방서,202006,9.0,부산,66.0,71,23.363333333333333
해운대소방서,202006,10.0,부산,71.0,78,24.08333333333333
해운대소방서,202006,11.0,부산,51.0,62,24.636666666666667
해운대소방서,202006,12.0,부산,55.0,58,24.85333333333333
해운대소방서,202006,13.0,부산,51.0,68,25.15
해운대소방서,202006,14.0,부산,61.0,82,25.133333333333333
해운대소방서,202006,15.0,부산,42.0,54,24.936666666666667
해운대소방서,202006,16.0,부산,44.0,48,24.316666666666663
해운대소방서,202006,17.0,부산,50.0,50,23.996666666666663
해운대소방서,202006,18.0,부산,42.0,49,23.2
해운대소방서,202006,19.0,부산,45.0,51,22.436666666666667
해운대소방서,202006,20.0,부산,42.0,43,21.77
해운대소방서,202006,21.0,부산,56.0,54,21.49333333333333
해운대소방서,202006,22.0,부산,44.0,59,21.35
해운대소방서,202006,23.0,부산,30.0,41,21.26
해운대소방서,202007,0.0,부산,40.0,54,21.258064516129032
해운대소방서,202007,1.0,부산,31.0,56,21.154838709677417
해운대소방서,202007,2.0,부산,37.0,46,21.096774193548388
해운대소방서,202007,3.0,부산,32.0,38,20.93548387096774
해운대소방서,202007,4.0,부산,38.0,33,20.93870967741936
해운대소방서,202007,5.0,부산,16.0,22,20.84193548387097
해운대소방서,202007,6.0,부산,37.0,31,20.874193548387098
해운대소방서,202007,7.0,부산,30.0,45,21.23548387096774
해운대소방서,202007,8.0,부산,56.0,69,21.896774193548385
해운대소방서,202007,9.0,부산,75.0,84,22.490322580645163
해운대소방서,202007,10.0,부산,58.0,67,23.03548387096774
해운대소방서,202007,11.0,부산,55.0,67,23.56451612903226
해운대소방서,202007,12.0,부산,56.0,68,23.55806451612903
해운대소방서,202007,13.0,부산,66.0,66,23.529032258064515
해운대소방서,202007,14.0,부산,36.0,53,23.432258064516127
해운대소방서,202007,15.0,부산,63.0,81,23.44193548387097
해운대소방서,202007,16.0,부산,46.0,63,23.248387096774195
해운대소방서,202007,17.0,부산,37.0,53,23.10967741935484
해운대소방서,202007,18.0,부산,63.0,57,22.55806451612903
해운대소방서,202007,19.0,부산,61.0,62,22.083870967741937
해운대소방서,202007,20.0,부산,49.0,49,21.74516129032258
해운대소방서,202007,21.0,부산,47.0,62,21.635483870967743
해운대소방서,202007,22.0,부산,42.0,52,21.50967741935484
해운대소방서,202007,23.0,부산,34.0,48,21.496774193548383
해운대소방서,202008,0.0,부산,41.0,54,26.19032258064516
해운대소방서,202008,1.0,부산,43.0,63,26.05806451612903
해운대소방서,202008,2.0,부산,31.0,47,25.98709677419355
해운대소방서,202008,3.0,부산,25.0,39,25.851612903225806
해운대소방서,202008,4.0,부산,32.0,40,25.456666666666667
해운대소방서,202008,5.0,부산,28.0,35,25.467741935483872
해운대소방서,202008,6.0,부산,44.0,40,25.36
해운대소방서,202008,7.0,부산,29.0,39,25.887096774193548
해운대소방서,202008,8.0,부산,79.0,81,26.90322580645161
해운대소방서,202008,9.0,부산,68.0,83,27.967741935483872
해운대소방서,202008,10.0,부산,65.0,67,28.6
해운대소방서,202008,11.0,부산,49.0,64,28.925806451612903
해운대소방서,202008,12.0,부산,48.0,66,29.26451612903226
해운대소방서,202008,13.0,부산,58.0,71,29.241935483870968
해운대소방서,202008,14.0,부산,76.0,79,29.133333333333333
해운대소방서,202008,15.0,부산,57.0,76,29.05666666666667
해운대소방서,202008,16.0,부산,56.0,52,28.861290322580647
해운대소방서,202008,17.0,부산,43.0,61,28.274193548387096
해운대소방서,202008,18.0,부산,52.0,75,27.66774193548387
해운대소방서,202008,19.0,부산,70.0,79,26.825806451612905
해운대소방서,202008,20.0,부산,55.0,75,26.458064516129035
해운대소방서,202008,21.0,부산,42.0,62,26.28333333333333
해운대소방서,202008,22.0,부산,48.0,62,26.3
해운대소방서,202008,23.0,부산,43.0,58,26.27741935483871
해운대소방서,202009,0.0,부산,33.0,44,20.76333333333333
해운대소방서,202009,1.0,부산,21.0,41,20.55333333333333
해운대소방서,202009,2.0,부산,37.0,40,20.43
해운대소방서,202009,3.0,부산,23.0,25,20.276666666666664
해운대소방서,202009,4.0,부산,23.0,28,20.256666666666668
해운대소방서,202009,5.0,부산,27.0,33,20.173333333333336
해운대소방서,202009,6.0,부산,32.0,27,20.016666666666666
해운대소방서,202009,7.0,부산,41.0,37,20.27
해운대소방서,202009,8.0,부산,50.0,64,21.25333333333333
해운대소방서,202009,9.0,부산,57.0,57,22.423333333333336
해운대소방서,202009,10.0,부산,55.0,62,23.46
해운대소방서,202009,11.0,부산,42.0,55,24.00333333333333
해운대소방서,202009,12.0,부산,46.0,58,24.24333333333333
해운대소방서,202009,13.0,부산,60.0,62,24.61
해운대소방서,202009,14.0,부산,47.0,60,24.426666666666662
해운대소방서,202009,15.0,부산,31.0,47,24.273333333333333
해운대소방서,202009,16.0,부산,49.0,58,23.85666666666667
해운대소방서,202009,17.0,부산,42.0,59,23.19333333333333
해운대소방서,202009,18.0,부산,35.0,45,22.5
해운대소방서,202009,19.0,부산,46.0,62,21.826666666666664
해운대소방서,202009,20.0,부산,34.0,56,21.50333333333333
해운대소방서,202009,21.0,부산,36.0,44,21.223333333333336
해운대소방서,202009,22.0,부산,31.0,41,21.03
해운대소방서,202009,23.0,부산,39.0,54,20.82
해운대소방서,202010,0.0,부산,26.0,35,15.63225806451613
해운대소방서,202010,1.0,부산,41.0,39,15.403225806451612
해운대소방서,202010,2.0,부산,28.0,36,15.216129032258063
해운대소방서,202010,3.0,부산,22.0,30,15.077419354838709
해운대소방서,202010,4.0,부산,24.0,22,14.796774193548387
해운대소방서,202010,5.0,부산,23.0,25,14.519354838709678
해운대소방서,202010,6.0,부산,22.0,21,14.3
해운대소방서,202010,7.0,부산,54.0,50,14.261290322580646
해운대소방서,202010,8.0,부산,75.0,73,15.667741935483871
해운대소방서,202010,9.0,부산,79.0,69,17.419354838709676
해운대소방서,202010,10.0,부산,66.0,68,18.758064516129032
해운대소방서,202010,11.0,부산,43.0,57,19.89677419354839
해운대소방서,202010,12.0,부산,39.0,51,20.664516129032258
해운대소방서,202010,13.0,부산,59.0,62,21.11290322580645
해운대소방서,202010,14.0,부산,48.0,59,21.27741935483871
해운대소방서,202010,15.0,부산,49.0,54,20.90967741935484
해운대소방서,202010,16.0,부산,56.0,60,20.24516129032258
해운대소방서,202010,17.0,부산,48.0,56,19.238709677419354
해운대소방서,202010,18.0,부산,54.0,75,17.893548387096775
해운대소방서,202010,19.0,부산,43.0,60,17.280645161290323
해운대소방서,202010,20.0,부산,39.0,58,16.858064516129033
해운대소방서,202010,21.0,부산,42.0,46,16.44516129032258
해운대소방서,202010,22.0,부산,34.0,42,16.087096774193547
해운대소방서,202010,23.0,부산,53.0,50,15.729032258064516
해운대소방서,202011,0.0,부산,38.0,53,10.933333333333334
해운대소방서,202011,1.0,부산,45.0,47,10.643333333333334
해운대소방서,202011,2.0,부산,35.0,45,10.436666666666667
해운대소방서,202011,3.0,부산,22.0,29,10.27
해운대소방서,202011,4.0,부산,13.0,14,10.06
해운대소방서,202011,5.0,부산,29.0,33,9.933333333333334
해운대소방서,202011,6.0,부산,27.0,33,9.82
해운대소방서,202011,7.0,부산,35.0,36,9.696666666666667
해운대소방서,202011,8.0,부산,49.0,53,10.503333333333334
해운대소방서,202011,9.0,부산,44.0,49,11.986666666666668
해운대소방서,202011,10.0,부산,43.0,63,13.366666666666667
해운대소방서,202011,11.0,부산,47.0,47,14.566666666666666
해운대소방서,202011,12.0,부산,65.0,77,15.326666666666666
해운대소방서,202011,13.0,부산,42.0,45,16.026666666666667
해운대소방서,202011,14.0,부산,52.0,51,16.39
해운대소방서,202011,15.0,부산,43.0,49,16.27
해운대소방서,202011,16.0,부산,55.0,52,15.56
해운대소방서,202011,17.0,부산,45.0,46,14.296666666666663
해운대소방서,202011,18.0,부산,44.0,61,13.216666666666669
해운대소방서,202011,19.0,부산,61.0,64,12.573333333333332
해운대소방서,202011,20.0,부산,34.0,40,12.096666666666666
해운대소방서,202011,21.0,부산,38.0,48,11.566666666666666
해운대소방서,202011,22.0,부산,32.0,43,11.163333333333332
해운대소방서,202011,23.0,부산,41.0,47,10.853333333333332
해운대소방서,202012,0.0,부산,32.0,46,2.9838709677419355
해운대소방서,202012,1.0,부산,23.0,25,2.683870967741936
해운대소방서,202012,2.0,부산,17.0,22,2.454838709677419
해운대소방서,202012,3.0,부산,15.0,22,2.306451612903226
해운대소방서,202012,4.0,부산,16.0,17,2.1129032258064515
해운대소방서,202012,5.0,부산,20.0,27,1.8741935483870968
해운대소방서,202012,6.0,부산,24.0,21,1.6096774193548389
해운대소방서,202012,7.0,부산,30.0,31,1.5774193548387097
해운대소방서,202012,8.0,부산,47.0,45,1.9774193548387096
해운대소방서,202012,9.0,부산,67.0,68,3.338709677419355
해운대소방서,202012,10.0,부산,64.0,67,5.051612903225807
해운대소방서,202012,11.0,부산,46.0,51,5.916129032258064
해운대소방서,202012,12.0,부산,55.0,52,6.83225806451613
해운대소방서,202012,13.0,부산,45.0,56,7.787096774193548
해운대소방서,202012,14.0,부산,41.0,52,8.064516129032258
해운대소방서,202012,15.0,부산,47.0,53,8.12258064516129
해운대소방서,202012,16.0,부산,33.0,55,7.854838709677419
해운대소방서,202012,17.0,부산,43.0,55,6.470967741935484
해운대소방서,202012,18.0,부산,53.0,52,5.593548387096774
해운대소방서,202012,19.0,부산,32.0,45,5.109677419354839
해운대소방서,202012,20.0,부산,28.0,36,4.525806451612904
해운대소방서,202012,21.0,부산,44.0,55,4.090322580645161
해운대소방서,202012,22.0,부산,31.0,36,3.648387096774193
해운대소방서,202012,23.0,부산,18.0,25,3.183870967741936
해운대소방서,202101,0.0,부산,30.0,36,2.048387096774193
해운대소방서,202101,1.0,부산,27.0,27,1.7612903225806449
해운대소방서,202101,2.0,부산,22.0,25,1.5225806451612902
해운대소방서,202101,3.0,부산,19.0,15,1.229032258064516
해운대소방서,202101,4.0,부산,21.0,20,0.9064516129032258
해운대소방서,202101,5.0,부산,20.0,24,0.7483870967741936
해운대소방서,202101,6.0,부산,25.0,24,0.5419354838709678
해운대소방서,202101,7.0,부산,34.0,35,0.3451612903225807
해운대소방서,202101,8.0,부산,44.0,43,0.5870967741935484
해운대소방서,202101,9.0,부산,41.0,46,1.9225806451612903
해운대소방서,202101,10.0,부산,55.0,61,3.648387096774193
해운대소방서,202101,11.0,부산,36.0,50,4.761290322580645
해운대소방서,202101,12.0,부산,45.0,47,5.629032258064516
해운대소방서,202101,13.0,부산,50.0,53,6.351612903225806
해운대소방서,202101,14.0,부산,40.0,47,6.787096774193548
해운대소방서,202101,15.0,부산,41.0,49,6.651612903225806
해운대소방서,202101,16.0,부산,46.0,46,6.451612903225806
해운대소방서,202101,17.0,부산,38.0,41,5.696774193548387
해운대소방서,202101,18.0,부산,45.0,49,4.483870967741935
해운대소방서,202101,19.0,부산,37.0,49,3.9064516129032256
해운대소방서,202101,20.0,부산,38.0,60,3.5032258064516126
해운대소방서,202101,21.0,부산,53.0,59,3.196774193548387
해운대소방서,202101,22.0,부산,39.0,41,2.990322580645161
해운대소방서,202101,23.0,부산,30.0,37,2.693548387096774
해운대소방서,202102,0.0,부산,34.0,41,6.017857142857143
해운대소방서,202102,1.0,부산,20.0,28,5.832142857142857
해운대소방서,202102,2.0,부산,21.0,28,5.575
해운대소방서,202102,3.0,부산,21.0,22,5.339285714285714
해운대소방서,202102,4.0,부산,24.0,22,5.092857142857143
해운대소방서,202102,5.0,부산,17.0,27,4.835714285714286
해운대소방서,202102,6.0,부산,22.0,22,4.517857142857143
해운대소방서,202102,7.0,부산,31.0,28,4.260714285714285
해운대소방서,202102,8.0,부산,42.0,44,4.628571428571428
해운대소방서,202102,9.0,부산,53.0,52,5.9
해운대소방서,202102,10.0,부산,61.0,58,7.203571428571428
해운대소방서,202102,11.0,부산,42.0,42,8.407142857142857
해운대소방서,202102,12.0,부산,31.0,40,9.582142857142856
해운대소방서,202102,13.0,부산,38.0,41,10.010714285714286
해운대소방서,202102,14.0,부산,33.0,41,10.710714285714284
해운대소방서,202102,15.0,부산,49.0,54,10.585714285714284
해운대소방서,202102,16.0,부산,42.0,40,10.482142857142858
해운대소방서,202102,17.0,부산,39.0,50,9.889285714285714
해운대소방서,202102,18.0,부산,36.0,49,8.557142857142857
해운대소방서,202102,19.0,부산,37.0,45,7.857142857142857
해운대소방서,202102,20.0,부산,33.0,52,7.328571428571428
해운대소방서,202102,21.0,부산,31.0,55,6.942857142857143
해운대소방서,202102,22.0,부산,41.0,60,6.578571428571428
해운대소방서,202102,23.0,부산,35.0,51,6.235714285714286
해운대소방서,202103,0.0,부산,43.0,46,9.803225806451612
해운대소방서,202103,1.0,부산,20.0,27,9.606451612903228
해운대소방서,202103,2.0,부산,22.0,35,9.412903225806453
해운대소방서,202103,3.0,부산,26.0,30,9.151612903225804
해운대소방서,202103,4.0,부산,22.0,20,8.887096774193548
해운대소방서,202103,5.0,부산,22.0,24,8.66451612903226
해운대소방서,202103,6.0,부산,37.0,25,8.519354838709678
해운대소방서,202103,7.0,부산,32.0,28,8.629032258064516
해운대소방서,202103,8.0,부산,70.0,64,9.812903225806451
해운대소방서,202103,9.0,부산,47.0,49,11.351612903225806
해운대소방서,202103,10.0,부산,45.0,52,12.641935483870968
해운대소방서,202103,11.0,부산,43.0,51,13.567741935483872
해운대소방서,202103,12.0,부산,42.0,45,14.432258064516128
해운대소방서,202103,13.0,부산,66.0,63,14.612903225806452
해운대소방서,202103,14.0,부산,60.0,56,14.72258064516129
해운대소방서,202103,15.0,부산,48.0,64,14.519354838709678
해운대소방서,202103,16.0,부산,35.0,39,14.193548387096774
해운대소방서,202103,17.0,부산,56.0,49,13.212903225806452
해운대소방서,202103,18.0,부산,47.0,60,12.287096774193548
해운대소방서,202103,19.0,부산,51.0,59,11.50967741935484
해운대소방서,202103,20.0,부산,61.0,64,11.180645161290323
해운대소방서,202103,21.0,부산,50.0,70,10.829032258064515
해운대소방서,202103,22.0,부산,48.0,62,10.458064516129031
해운대소방서,202103,23.0,부산,51.0,57,10.119354838709675
해운대소방서,202104,0.0,부산,31.0,38,12.913333333333332
해운대소방서,202104,1.0,부산,26.0,30,12.763333333333332
해운대소방서,202104,2.0,부산,33.0,31,12.53
해운대소방서,202104,3.0,부산,19.0,26,12.273333333333332
해운대소방서,202104,4.0,부산,23.0,17,12.04
해운대소방서,202104,5.0,부산,14.0,13,11.873333333333331
해운대소방서,202104,6.0,부산,39.0,36,11.753333333333334
해운대소방서,202104,7.0,부산,46.0,39,12.333333333333334
해운대소방서,202104,8.0,부산,55.0,45,13.766666666666667
해운대소방서,202104,9.0,부산,46.0,54,15.343333333333334
해운대소방서,202104,10.0,부산,51.0,62,16.82
해운대소방서,202104,11.0,부산,48.0,54,17.64
해운대소방서,202104,12.0,부산,46.0,55,17.946666666666665
해운대소방서,202104,13.0,부산,61.0,51,18.19
해운대소방서,202104,14.0,부산,59.0,53,18.33
해운대소방서,202104,15.0,부산,53.0,57,18.05333333333333
해운대소방서,202104,16.0,부산,52.0,50,17.37
해운대소방서,202104,17.0,부산,55.0,54,16.593333333333334
해운대소방서,202104,18.0,부산,47.0,53,15.703333333333331
해운대소방서,202104,19.0,부산,62.0,69,14.613333333333332
해운대소방서,202104,20.0,부산,50.0,59,14.08
해운대소방서,202104,21.0,부산,60.0,47,13.786666666666669
해운대소방서,202104,22.0,부산,46.0,57,13.6
해운대소방서,202104,23.0,부산,40.0,48,13.306666666666668
해운대소방서,202105,0.0,부산,38.0,48,16.325806451612905
해운대소방서,202105,1.0,부산,29.0,42,16.05483870967742
해운대소방서,202105,2.0,부산,26.0,22,15.932258064516128
해운대소방서,202105,3.0,부산,14.0,17,15.770967741935484
해운대소방서,202105,4.0,부산,24.0,24,15.693548387096774
해운대소방서,202105,5.0,부산,11.0,18,15.51290322580645
해운대소방서,202105,6.0,부산,25.0,29,15.52258064516129
해운대소방서,202105,7.0,부산,29.0,40,16.04193548387097
해운대소방서,202105,8.0,부산,65.0,62,17.080645161290324
해운대소방서,202105,9.0,부산,51.0,63,18.154838709677417
해운대소방서,202105,10.0,부산,61.0,74,18.9741935483871
해운대소방서,202105,11.0,부산,51.0,54,19.60967741935484
해운대소방서,202105,12.0,부산,43.0,53,19.958064516129035
해운대소방서,202105,13.0,부산,72.0,70,20.106451612903225
해운대소방서,202105,14.0,부산,45.0,48,19.94193548387097
해운대소방서,202105,15.0,부산,82.0,75,20.006451612903227
해운대소방서,202105,16.0,부산,65.0,59,19.79032258064516
해운대소방서,202105,17.0,부산,39.0,58,19.51935483870968
해운대소방서,202105,18.0,부산,52.0,51,18.816129032258065
해운대소방서,202105,19.0,부산,48.0,48,18.070967741935487
해운대소방서,202105,20.0,부산,62.0,65,17.529032258064515
해운대소방서,202105,21.0,부산,53.0,56,17.17096774193548
해운대소방서,202105,22.0,부산,69.0,75,16.79032258064516
해운대소방서,202105,23.0,부산,39.0,54,16.60967741935484
해운대소방서,202106,0.0,부산,44.0,51,20.39333333333333
해운대소방서,202106,1.0,부산,43.0,47,20.30333333333333
해운대소방서,202106,2.0,부산,20.0,28,20.133333333333333
해운대소방서,202106,3.0,부산,36.0,28,19.96
해운대소방서,202106,4.0,부산,27.0,31,19.81
해운대소방서,202106,5.0,부산,36.0,26,19.666666666666668
해운대소방서,202106,6.0,부산,43.0,40,19.716666666666665
해운대소방서,202106,7.0,부산,61.0,57,20.35666666666667
해운대소방서,202106,8.0,부산,68.0,58,21.563333333333333
해운대소방서,202106,9.0,부산,80.0,72,22.53
해운대소방서,202106,10.0,부산,95.0,87,23.4
해운대소방서,202106,11.0,부산,65.0,73,23.92
해운대소방서,202106,12.0,부산,47.0,56,24.25333333333333
해운대소방서,202106,13.0,부산,57.0,66,24.41
해운대소방서,202106,14.0,부산,63.0,69,24.53666666666667
해운대소방서,202106,15.0,부산,73.0,76,24.19333333333333
해운대소방서,202106,16.0,부산,61.0,61,23.90666666666667
해운대소방서,202106,17.0,부산,58.0,59,23.4
해운대소방서,202106,18.0,부산,57.0,74,22.57
해운대소방서,202106,19.0,부산,63.0,64,21.793333333333333
해운대소방서,202106,20.0,부산,40.0,63,21.19
해운대소방서,202106,21.0,부산,56.0,65,21.00333333333333
해운대소방서,202106,22.0,부산,43.0,55,20.85333333333333
해운대소방서,202106,23.0,부산,46.0,61,20.686666666666667
해운대소방서,202107,0.0,부산,42.0,62,25.070967741935487
해운대소방서,202107,1.0,부산,42.0,56,24.93870967741936
해운대소방서,202107,2.0,부산,34.0,43,24.796774193548387
해운대소방서,202107,3.0,부산,33.0,40,24.72258064516129
해운대소방서,202107,4.0,부산,38.0,37,24.60967741935484
해운대소방서,202107,5.0,부산,34.0,42,24.55161290322581
해운대소방서,202107,6.0,부산,35.0,45,24.567741935483877
해운대소방서,202107,7.0,부산,73.0,63,25.09032258064516
해운대소방서,202107,8.0,부산,77.0,81,26.02258064516129
해운대소방서,202107,9.0,부산,126.0,114,26.84193548387097
해운대소방서,202107,10.0,부산,84.0,101,27.55806451612903
해운대소방서,202107,11.0,부산,85.0,81,27.874193548387098
해운대소방서,202107,12.0,부산,104.0,105,28.283870967741933
해운대소방서,202107,13.0,부산,97.0,93,28.38064516129032
해운대소방서,202107,14.0,부산,60.0,70,28.31290322580645
해운대소방서,202107,15.0,부산,67.0,75,28.335483870967742
해운대소방서,202107,16.0,부산,63.0,81,28.18387096774193
해운대소방서,202107,17.0,부산,62.0,73,27.625806451612902
해운대소방서,202107,18.0,부산,71.0,70,27.148387096774197
해운대소방서,202107,19.0,부산,70.0,86,26.40967741935484
해운대소방서,202107,20.0,부산,60.0,74,25.725806451612904
해운대소방서,202107,21.0,부산,80.0,92,25.44193548387097
해운대소방서,202107,22.0,부산,62.0,77,25.358064516129037
해운대소방서,202107,23.0,부산,48.0,70,25.35483870967742
해운대소방서,202108,0.0,부산,52.0,56,25.33225806451613
해운대소방서,202108,1.0,부산,48.0,44,25.164516129032258
해운대소방서,202108,2.0,부산,38.0,43,24.970967741935485
해운대소방서,202108,3.0,부산,45.0,42,24.748387096774195
해운대소방서,202108,4.0,부산,35.0,40,24.606451612903225
해운대소방서,202108,5.0,부산,41.0,35,24.470967741935485
해운대소방서,202108,6.0,부산,51.0,48,24.374193548387098
해운대소방서,202108,7.0,부산,62.0,59,24.793548387096774
해운대소방서,202108,8.0,부산,79.0,81,25.700000000000003
해운대소방서,202108,9.0,부산,93.0,92,26.596774193548388
해운대소방서,202108,10.0,부산,108.0,113,27.306451612903224
해운대소방서,202108,11.0,부산,103.0,107,27.72258064516129
해운대소방서,202108,12.0,부산,118.0,106,28.01290322580645
해운대소방서,202108,13.0,부산,93.0,106,28.18064516129032
해운대소방서,202108,14.0,부산,100.0,103,28.141935483870967
해운대소방서,202108,15.0,부산,83.0,104,28.138709677419357
해운대소방서,202108,16.0,부산,71.0,89,27.86774193548387
해운대소방서,202108,17.0,부산,69.0,85,27.325806451612905
해운대소방서,202108,18.0,부산,86.0,95,26.81935483870968
해운대소방서,202108,19.0,부산,68.0,98,26.26129032258065
해운대소방서,202108,20.0,부산,70.0,71,25.780645161290323
해운대소방서,202108,21.0,부산,72.0,101,25.55806451612903
해운대소방서,202108,22.0,부산,81.0,93,25.429032258064517
해운대소방서,202108,23.0,부산,60.0,75,25.30322580645161
해운대소방서,202109,0.0,부산,46.0,59,21.91
해운대소방서,202109,1.0,부산,50.0,52,21.816666666666663
해운대소방서,202109,2.0,부산,39.0,46,21.53
해운대소방서,202109,3.0,부산,28.0,32,21.39333333333333
해운대소방서,202109,4.0,부산,38.0,36,21.31
해운대소방서,202109,5.0,부산,56.0,52,21.176666666666662
해운대소방서,202109,6.0,부산,51.0,43,21.183333333333334
해운대소방서,202109,7.0,부산,54.0,47,21.45
해운대소방서,202109,8.0,부산,89.0,83,22.296666666666667
해운대소방서,202109,9.0,부산,109.0,113,23.416666666666668
해운대소방서,202109,10.0,부산,87.0,79,24.22
해운대소방서,202109,11.0,부산,104.0,97,24.78
해운대소방서,202109,12.0,부산,97.0,101,25.18
해운대소방서,202109,13.0,부산,104.0,121,25.31
해운대소방서,202109,14.0,부산,75.0,94,25.096666666666668
해운대소방서,202109,15.0,부산,77.0,71,24.93
해운대소방서,202109,16.0,부산,80.0,75,24.540000000000003
해운대소방서,202109,17.0,부산,68.0,79,24.17
해운대소방서,202109,18.0,부산,72.0,100,23.38
해운대소방서,202109,19.0,부산,96.0,107,22.73333333333333
해운대소방서,202109,20.0,부산,71.0,75,22.34
해운대소방서,202109,21.0,부산,52.0,67,22.15666666666667
해운대소방서,202109,22.0,부산,78.0,105,21.94
해운대소방서,202109,23.0,부산,66.0,85,21.826666666666664
해운대소방서,202110,0.0,부산,67.0,62,17.26451612903226
해운대소방서,202110,1.0,부산,52.0,54,17.067741935483873
해운대소방서,202110,2.0,부산,34.0,46,16.787096774193547
해운대소방서,202110,3.0,부산,30.0,36,16.461290322580645
해운대소방서,202110,4.0,부산,48.0,36,16.267741935483873
해운대소방서,202110,5.0,부산,34.0,32,16.080645161290324
해운대소방서,202110,6.0,부산,63.0,42,15.932258064516128
해운대소방서,202110,7.0,부산,63.0,47,16.051612903225806
해운대소방서,202110,8.0,부산,86.0,71,17.470967741935485
해운대소방서,202110,9.0,부산,94.0,76,19.09354838709677
해운대소방서,202110,10.0,부산,96.0,85,20.225806451612904
해운대소방서,202110,11.0,부산,88.0,70,21.106451612903225
해운대소방서,202110,12.0,부산,95.0,100,21.71935483870968
해운대소방서,202110,13.0,부산,111.0,104,22.061290322580643
해운대소방서,202110,14.0,부산,73.0,81,22.206451612903223
해운대소방서,202110,15.0,부산,77.0,88,22.048387096774192
해운대소방서,202110,16.0,부산,66.0,65,21.45483870967742
해운대소방서,202110,17.0,부산,58.0,70,20.47741935483871
해운대소방서,202110,18.0,부산,74.0,81,19.177419354838708
해운대소방서,202110,19.0,부산,50.0,56,18.59354838709677
해운대소방서,202110,20.0,부산,43.0,53,18.19677419354839
해운대소방서,202110,21.0,부산,60.0,68,17.783870967741933
해운대소방서,202110,22.0,부산,96.0,94,17.503225806451614
해운대소방서,202110,23.0,부산,72.0,78,17.309677419354838
해운대소방서,202111,0.0,부산,64.0,59,11.016666666666667
해운대소방서,202111,1.0,부산,56.0,55,10.763333333333332
해운대소방서,202111,2.0,부산,43.0,50,10.59
해운대소방서,202111,3.0,부산,32.0,37,10.426666666666668
해운대소방서,202111,4.0,부산,30.0,24,10.103333333333332
해운대소방서,202111,5.0,부산,35.0,34,9.956666666666669
해운대소방서,202111,6.0,부산,31.0,32,9.846666666666666
해운대소방서,202111,7.0,부산,60.0,47,9.746666666666668
해운대소방서,202111,8.0,부산,76.0,60,10.71
해운대소방서,202111,9.0,부산,107.0,97,12.42
해운대소방서,202111,10.0,부산,83.0,83,13.76
해운대소방서,202111,11.0,부산,77.0,72,14.97
해운대소방서,202111,12.0,부산,103.0,98,15.656666666666666
해운대소방서,202111,13.0,부산,71.0,89,16.336666666666666
해운대소방서,202111,14.0,부산,82.0,83,16.42
해운대소방서,202111,15.0,부산,84.0,101,15.886666666666668
해운대소방서,202111,16.0,부산,67.0,74,15.286666666666669
해운대소방서,202111,17.0,부산,79.0,70,14.023333333333332
해운대소방서,202111,18.0,부산,72.0,87,13.013333333333332
해운대소방서,202111,19.0,부산,80.0,82,12.373333333333331
해운대소방서,202111,20.0,부산,75.0,75,11.973333333333333
해운대소방서,202111,21.0,부산,59.0,85,11.576666666666666
해운대소방서,202111,22.0,부산,68.0,74,11.34
해운대소방서,202111,23.0,부산,53.0,62,11.033333333333331
해운대소방서,202112,0.0,부산,52.0,55,4.787096774193548
해운대소방서,202112,1.0,부산,45.0,37,4.390322580645161
해운대소방서,202112,2.0,부산,33.0,33,4.187096774193549
해운대소방서,202112,3.0,부산,34.0,44,3.916129032258065
해운대소방서,202112,4.0,부산,34.0,31,3.719354838709677
해운대소방서,202112,5.0,부산,53.0,43,3.596774193548387
해운대소방서,202112,6.0,부산,33.0,30,3.448387096774194
해운대소방서,202112,7.0,부산,56.0,50,3.267741935483871
해운대소방서,202112,8.0,부산,79.0,70,3.5935483870967744
해운대소방서,202112,9.0,부산,105.0,88,5.212903225806452
해운대소방서,202112,10.0,부산,86.0,71,6.612903225806452
해운대소방서,202112,11.0,부산,87.0,77,7.758064516129032
해운대소방서,202112,12.0,부산,91.0,79,8.393548387096773
해운대소방서,202112,13.0,부산,75.0,83,9.2
해운대소방서,202112,14.0,부산,93.0,89,9.5
해운대소방서,202112,15.0,부산,89.0,106,9.603225806451611
해운대소방서,202112,16.0,부산,86.0,91,9.158064516129032
해운대소방서,202112,17.0,부산,51.0,64,7.812903225806451
해운대소방서,202112,18.0,부산,93.0,96,6.964516129032258
해운대소방서,202112,19.0,부산,77.0,90,6.351612903225806
해운대소방서,202112,20.0,부산,64.0,70,5.929032258064517
해운대소방서,202112,21.0,부산,70.0,80,5.548387096774194
해운대소방서,202112,22.0,부산,78.0,74,5.216129032258064
해운대소방서,202112,23.0,부산,63.0,63,4.83225806451613
해운대소방서,202201,0.0,부산,,51,2.7
해운대소방서,202201,1.0,부산,,47,2.367741935483872
해운대소방서,202201,2.0,부산,,28,2.0258064516129037
해운대소방서,202201,3.0,부산,,39,1.638709677419355
해운대소방서,202201,4.0,부산,,30,1.335483870967742
해운대소방서,202201,5.0,부산,,28,1.2000000000000002
해운대소방서,202201,6.0,부산,,44,0.9935483870967742
해운대소방서,202201,7.0,부산,,53,0.8483870967741935
해운대소방서,202201,8.0,부산,,59,1.0129032258064516
해운대소방서,202201,9.0,부산,,85,2.4645161290322584
해운대소방서,202201,10.0,부산,,82,4.180645161290323
해운대소방서,202201,11.0,부산,,66,5.680645161290323
해운대소방서,202201,12.0,부산,,87,6.341935483870968
해운대소방서,202201,13.0,부산,,69,7.190322580645161
해운대소방서,202201,14.0,부산,,86,7.880645161290322
해운대소방서,202201,15.0,부산,,79,8.093548387096774
해운대소방서,202201,16.0,부산,,75,7.893548387096774
해운대소방서,202201,17.0,부산,1.0,74,6.935483870967742
해운대소방서,202201,18.0,부산,,79,5.367741935483871
해운대소방서,202201,19.0,부산,,85,4.732258064516128
해운대소방서,202201,20.0,부산,,84,4.293548387096774
해운대소방서,202201,21.0,부산,,98,3.909677419354839
해운대소방서,202201,22.0,부산,2.0,73,3.55483870967742
해운대소방서,202201,23.0,부산,1.0,69,3.070967741935484
해운대소방서,202202,0.0,부산,,38,2.185714285714286
해운대소방서,202202,1.0,부산,,45,1.792857142857143
해운대소방서,202202,2.0,부산,,38,1.45
해운대소방서,202202,3.0,부산,,31,1.0785714285714283
해운대소방서,202202,4.0,부산,,38,0.7714285714285715
해운대소방서,202202,5.0,부산,,31,0.5071428571428571
해운대소방서,202202,6.0,부산,,32,0.2892857142857142
해운대소방서,202202,7.0,부산,,50,-0.0071428571428572
해운대소방서,202202,8.0,부산,,79,0.6678571428571428
해운대소방서,202202,9.0,부산,,89,2.0964285714285715
해운대소방서,202202,10.0,부산,,81,3.767857142857143
해운대소방서,202202,11.0,부산,,90,5.028571428571429
해운대소방서,202202,12.0,부산,,88,6.285714285714286
해운대소방서,202202,13.0,부산,,69,6.896428571428571
해운대소방서,202202,14.0,부산,,85,7.567857142857143
해운대소방서,202202,15.0,부산,,87,7.728571428571429
해운대소방서,202202,16.0,부산,,72,7.489285714285714
해운대소방서,202202,17.0,부산,,75,6.678571428571429
해운대소방서,202202,18.0,부산,,75,5.242857142857143
해운대소방서,202202,19.0,부산,2.0,75,4.582142857142857
해운대소방서,202202,20.0,부산,,73,4.064285714285714
해운대소방서,202202,21.0,부산,1.0,93,3.5107142857142857
해운대소방서,202202,22.0,부산,,76,3.085714285714286
해운대소방서,202202,23.0,부산,,46,2.7214285714285715
해운대소방서,202203,0.0,부산,14.0,75,9.17741935483871
해운대소방서,202203,1.0,부산,6.0,56,8.741935483870968
해운대소방서,202203,2.0,부산,8.0,52,8.506451612903225
해운대소방서,202203,3.0,부산,9.0,37,8.406451612903227
해운대소방서,202203,4.0,부산,8.0,33,8.312903225806451
해운대소방서,202203,5.0,부산,11.0,49,8.180645161290322
해운대소방서,202203,6.0,부산,9.0,46,8.025806451612903
해운대소방서,202203,7.0,부산,16.0,60,8.025806451612903
해운대소방서,202203,8.0,부산,23.0,110,8.951612903225806
해운대소방서,202203,9.0,부산,30.0,122,10.341935483870968
해운대소방서,202203,10.0,부산,27.0,129,11.34516129032258
해운대소방서,202203,11.0,부산,29.0,92,12.567741935483872
해운대소방서,202203,12.0,부산,8.0,98,13.061290322580644
해운대소방서,202203,13.0,부산,33.0,123,13.406451612903227
해운대소방서,202203,14.0,부산,29.0,111,13.612903225806452
해운대소방서,202203,15.0,부산,23.0,106,13.22258064516129
해운대소방서,202203,16.0,부산,19.0,102,12.935483870967742
해운대소방서,202203,17.0,부산,27.0,94,12.296774193548387
해운대소방서,202203,18.0,부산,23.0,96,11.551612903225807
해운대소방서,202203,19.0,부산,24.0,112,10.935483870967742
해운대소방서,202203,20.0,부산,29.0,92,10.538709677419355
해운대소방서,202203,21.0,부산,19.0,91,10.24516129032258
해운대소방서,202203,22.0,부산,8.0,92,9.870967741935484
해운대소방서,202203,23.0,부산,8.0,89,9.548387096774194
해운대소방서,202204,0.0,부산,58.0,77,13.233333333333333
해운대소방서,202204,1.0,부산,46.0,52,13.023333333333332
해운대소방서,202204,2.0,부산,41.0,47,12.83
해운대소방서,202204,3.0,부산,25.0,32,12.8
해운대소방서,202204,4.0,부산,41.0,41,12.53
해운대소방서,202204,5.0,부산,24.0,25,12.273333333333332
해운대소방서,202204,6.0,부산,53.0,45,12.09
해운대소방서,202204,7.0,부산,80.0,68,12.696666666666664
해운대소방서,202204,8.0,부산,79.0,63,14.38
해운대소방서,202204,9.0,부산,107.0,93,15.913333333333332
해운대소방서,202204,10.0,부산,116.0,94,16.886666666666667
해운대소방서,202204,11.0,부산,78.0,79,17.523333333333333
해운대소방서,202204,12.0,부산,74.0,74,17.80666666666667
해운대소방서,202204,13.0,부산,100.0,83,18.016666666666666
해운대소방서,202204,14.0,부산,78.0,76,17.68
해운대소방서,202204,15.0,부산,91.0,75,17.313333333333333
해운대소방서,202204,16.0,부산,53.0,66,16.953333333333333
해운대소방서,202204,17.0,부산,78.0,87,16.383333333333333
해운대소방서,202204,18.0,부산,87.0,94,15.58
해운대소방서,202204,19.0,부산,53.0,63,14.616666666666667
해운대소방서,202204,20.0,부산,58.0,71,14.163333333333332
해운대소방서,202204,21.0,부산,87.0,76,14.03
해운대소방서,202204,22.0,부산,52.0,78,13.77
해운대소방서,202204,23.0,부산,65.0,71,13.603333333333332
해운대소방서,202205,0.0,부산,57.0,73,16.893548387096775
해운대소방서,202205,1.0,부산,48.0,45,16.80322580645161
해운대소방서,202205,2.0,부산,39.0,40,16.712903225806453
해운대소방서,202205,3.0,부산,35.0,37,16.580645161290324
해운대소방서,202205,4.0,부산,27.0,31,16.31290322580645
해운대소방서,202205,5.0,부산,41.0,46,16.24838709677419
해운대소방서,202205,6.0,부산,77.0,60,16.23548387096774
해운대소방서,202205,7.0,부산,71.0,65,16.993548387096773
해운대소방서,202205,8.0,부산,84.0,65,18.635483870967743
해운대소방서,202205,9.0,부산,104.0,90,20.11290322580645
해운대소방서,202205,10.0,부산,91.0,84,21.361290322580647
해운대소방서,202205,11.0,부산,87.0,82,21.848387096774196
해운대소방서,202205,12.0,부산,77.0,80,22.22258064516129
해운대소방서,202205,13.0,부산,83.0,79,22.01935483870968
해운대소방서,202205,14.0,부산,86.0,89,21.91935483870968
해운대소방서,202205,15.0,부산,64.0,75,21.90322580645161
해운대소방서,202205,16.0,부산,94.0,90,21.616129032258065
해운대소방서,202205,17.0,부산,76.0,75,20.758064516129032
해운대소방서,202205,18.0,부산,91.0,86,20.016129032258064
해운대소방서,202205,19.0,부산,88.0,93,18.932258064516127
해운대소방서,202205,20.0,부산,64.0,73,18.26129032258065
해운대소방서,202205,21.0,부산,81.0,86,17.700000000000003
해운대소방서,202205,22.0,부산,84.0,89,17.448387096774194
해운대소방서,202205,23.0,부산,67.0,70,17.17096774193548
해운대소방서,202206,0.0,부산,43.0,57,20.416666666666668
해운대소방서,202206,1.0,부산,37.0,50,20.31
해운대소방서,202206,2.0,부산,30.0,38,20.24
해운대소방서,202206,3.0,부산,39.0,35,20.166666666666668
해운대소방서,202206,4.0,부산,38.0,34,19.996666666666663
해운대소방서,202206,5.0,부산,40.0,37,19.82
해운대소방서,202206,6.0,부산,53.0,51,19.846666666666668
해운대소방서,202206,7.0,부산,64.0,46,20.496666666666663
해운대소방서,202206,8.0,부산,72.0,70,21.58333333333333
해운대소방서,202206,9.0,부산,95.0,84,22.456666666666667
해운대소방서,202206,10.0,부산,93.0,89,22.766666666666666
해운대소방서,202206,11.0,부산,74.0,64,23.113333333333333
해운대소방서,202206,12.0,부산,70.0,73,23.456666666666667
해운대소방서,202206,13.0,부산,102.0,90,23.896666666666665
해운대소방서,202206,14.0,부산,82.0,79,23.886666666666667
해운대소방서,202206,15.0,부산,73.0,73,23.793333333333333
해운대소방서,202206,16.0,부산,65.0,66,23.316666666666663
해운대소방서,202206,17.0,부산,80.0,88,22.91
해운대소방서,202206,18.0,부산,75.0,69,22.18
해운대소방서,202206,19.0,부산,68.0,72,21.58333333333333
해운대소방서,202206,20.0,부산,67.0,79,21.023333333333333
해운대소방서,202206,21.0,부산,70.0,81,20.876666666666665
해운대소방서,202206,22.0,부산,70.0,79,20.81
해운대소방서,202206,23.0,부산,40.0,43,20.7
해운대소방서,202207,0.0,부산,53.0,64,24.845161290322583
해운대소방서,202207,1.0,부산,51.0,66,24.72258064516129
해운대소방서,202207,2.0,부산,53.0,61,24.606451612903225
해운대소방서,202207,3.0,부산,39.0,51,24.5258064516129
해운대소방서,202207,4.0,부산,43.0,46,24.496774193548383
해운대소방서,202207,5.0,부산,40.0,48,24.39032258064516
해운대소방서,202207,6.0,부산,53.0,59,24.29032258064516
해운대소방서,202207,7.0,부산,73.0,69,24.74516129032258
해운대소방서,202207,8.0,부산,90.0,81,25.677419354838708
해운대소방서,202207,9.0,부산,103.0,86,26.55483870967742
해운대소방서,202207,10.0,부산,98.0,82,27.23548387096774
해운대소방서,202207,11.0,부산,115.0,92,27.874193548387098
해운대소방서,202207,12.0,부산,74.0,70,28.26451612903226
해운대소방서,202207,13.0,부산,97.0,92,28.270967741935483
해운대소방서,202207,14.0,부산,62.0,66,28.364516129032257
해운대소방서,202207,15.0,부산,62.0,69,28.38064516129032
해운대소방서,202207,16.0,부산,82.0,74,28.038709677419355
해운대소방서,202207,17.0,부산,83.0,93,27.574193548387097
해운대소방서,202207,18.0,부산,75.0,81,26.94193548387097
해운대소방서,202207,19.0,부산,96.0,86,26.19677419354839
해운대소방서,202207,20.0,부산,95.0,78,25.48709677419355
해운대소방서,202207,21.0,부산,84.0,87,25.325806451612905
해운대소방서,202207,22.0,부산,72.0,75,25.20967741935484
해운대소방서,202207,23.0,부산,56.0,69,25.067741935483877
해운대소방서,202208,0.0,부산,65.0,73,25.467741935483872
해운대소방서,202208,1.0,부산,62.0,65,25.30322580645161
해운대소방서,202208,2.0,부산,55.0,54,25.148387096774197
해운대소방서,202208,3.0,부산,55.0,57,24.97741935483871
해운대소방서,202208,4.0,부산,41.0,53,24.80967741935484
해운대소방서,202208,5.0,부산,49.0,55,24.741935483870968
해운대소방서,202208,6.0,부산,71.0,65,24.703225806451613
해운대소방서,202208,7.0,부산,99.0,88,25.141935483870967
해운대소방서,202208,8.0,부산,115.0,109,25.958064516129035
해운대소방서,202208,9.0,부산,175.0,138,26.91290322580645
해운대소방서,202208,10.0,부산,123.0,124,27.738709677419354
해운대소방서,202208,11.0,부산,101.0,101,28.203225806451613
해운대소방서,202208,12.0,부산,110.0,113,28.606451612903225
해운대소방서,202208,13.0,부산,126.0,103,28.580645161290324
해운대소방서,202208,14.0,부산,107.0,95,28.483870967741936
해운대소방서,202208,15.0,부산,88.0,99,28.274193548387096
해운대소방서,202208,16.0,부산,117.0,105,28.00967741935484
해운대소방서,202208,17.0,부산,117.0,100,27.41290322580645
해운대소방서,202208,18.0,부산,109.0,113,26.861290322580647
해운대소방서,202208,19.0,부산,109.0,109,26.283870967741933
해운대소방서,202208,20.0,부산,107.0,106,25.858064516129037
해운대소방서,202208,21.0,부산,73.0,69,25.67096774193548
해운대소방서,202208,22.0,부산,95.0,93,25.503225806451614
해운대소방서,202208,23.0,부산,55.0,59,25.351612903225806
해운대소방서,202209,0.0,부산,47.0,53,21.42
해운대소방서,202209,1.0,부산,58.0,62,21.30333333333333
해운대소방서,202209,2.0,부산,66.0,57,21.173333333333336
해운대소방서,202209,3.0,부산,45.0,44,21.05
해운대소방서,202209,4.0,부산,51.0,39,20.966666666666665
해운대소방서,202209,5.0,부산,33.0,45,20.796666666666667
해운대소방서,202209,6.0,부산,50.0,45,20.7
해운대소방서,202209,7.0,부산,73.0,59,20.93
해운대소방서,202209,8.0,부산,75.0,73,21.973333333333336
해운대소방서,202209,9.0,부산,125.0,97,23.08333333333333
해운대소방서,202209,10.0,부산,104.0,108,24.173333333333336
해운대소방서,202209,11.0,부산,100.0,97,25.136666666666667
해운대소방서,202209,12.0,부산,74.0,82,25.64
해운대소방서,202209,13.0,부산,107.0,88,26.01
해운대소방서,202209,14.0,부산,98.0,98,25.78333333333333
해운대소방서,202209,15.0,부산,85.0,99,25.55
해운대소방서,202209,16.0,부산,69.0,78,25.196666666666665
해운대소방서,202209,17.0,부산,80.0,76,24.53
해운대소방서,202209,18.0,부산,72.0,79,23.616666666666667
해운대소방서,202209,19.0,부산,87.0,78,22.83333333333333
해운대소방서,202209,20.0,부산,69.0,68,22.38
해운대소방서,202209,21.0,부산,61.0,71,22.076666666666664
해운대소방서,202209,22.0,부산,65.0,76,21.76333333333333
해운대소방서,202209,23.0,부산,56.0,68,21.53333333333333
해운대소방서,202210,0.0,부산,43.0,53,15.76774193548387
해운대소방서,202210,1.0,부산,50.0,44,15.658064516129032
해운대소방서,202210,2.0,부산,26.0,33,15.458064516129031
해운대소방서,202210,3.0,부산,37.0,37,15.358064516129032
해운대소방서,202210,4.0,부산,42.0,46,15.141935483870968
해운대소방서,202210,5.0,부산,35.0,34,15.0
해운대소방서,202210,6.0,부산,58.0,46,14.90967741935484
해운대소방서,202210,7.0,부산,60.0,52,15.01290322580645
해운대소방서,202210,8.0,부산,77.0,70,16.37741935483871
해운대소방서,202210,9.0,부산,97.0,84,17.903225806451612
해운대소방서,202210,10.0,부산,116.0,101,19.116129032258065
해운대소방서,202210,11.0,부산,84.0,77,20.44516129032258
해운대소방서,202210,12.0,부산,94.0,77,21.09032258064516
해운대소방서,202210,13.0,부산,78.0,80,21.625806451612902
해운대소방서,202210,14.0,부산,98.0,83,21.796774193548387
해운대소방서,202210,15.0,부산,100.0,87,21.296774193548387
해운대소방서,202210,16.0,부산,58.0,61,20.56451612903226
해운대소방서,202210,17.0,부산,72.0,74,19.532258064516128
해운대소방서,202210,18.0,부산,79.0,80,18.02258064516129
해운대소방서,202210,19.0,부산,67.0,67,17.190322580645162
해운대소방서,202210,20.0,부산,53.0,65,16.703225806451613
해운대소방서,202210,21.0,부산,67.0,68,16.348387096774193
해운대소방서,202210,22.0,부산,60.0,78,15.996774193548386
해운대소방서,202210,23.0,부산,51.0,66,15.770967741935484
해운대소방서,202211,0.0,부산,62.0,59,12.993333333333334
해운대소방서,202211,1.0,부산,37.0,39,12.84
해운대소방서,202211,2.0,부산,45.0,54,12.596666666666666
해운대소방서,202211,3.0,부산,35.0,42,12.46
해운대소방서,202211,4.0,부산,33.0,34,12.186666666666667
해운대소방서,202211,5.0,부산,43.0,39,11.86
해운대소방서,202211,6.0,부산,45.0,41,11.576666666666666
해운대소방서,202211,7.0,부산,66.0,52,11.4
해운대소방서,202211,8.0,부산,91.0,76,12.5
해운대소방서,202211,9.0,부산,123.0,104,14.323333333333332
해운대소방서,202211,10.0,부산,146.0,115,16.113333333333333
해운대소방서,202211,11.0,부산,87.0,85,17.096666666666668
해운대소방서,202211,12.0,부산,84.0,89,17.93
해운대소방서,202211,13.0,부산,96.0,82,18.506666666666668
해운대소방서,202211,14.0,부산,92.0,93,18.45
해운대소방서,202211,15.0,부산,87.0,80,18.10666666666667
해운대소방서,202211,16.0,부산,63.0,68,17.34333333333333
해운대소방서,202211,17.0,부산,69.0,79,15.986666666666668
해운대소방서,202211,18.0,부산,83.0,92,14.803333333333336
해운대소방서,202211,19.0,부산,89.0,90,14.24
해운대소방서,202211,20.0,부산,68.0,71,13.793333333333331
해운대소방서,202211,21.0,부산,105.0,108,13.386666666666668
해운대소방서,202211,22.0,부산,70.0,77,13.0
해운대소방서,202211,23.0,부산,63.0,70,12.74
해운대소방서,202212,0.0,부산,37.0,45,1.9580645161290324
해운대소방서,202212,1.0,부산,44.0,43,1.7741935483870968
해운대소방서,202212,2.0,부산,33.0,36,1.564516129032258
해운대소방서,202212,3.0,부산,37.0,37,1.3774193548387097
해운대소방서,202212,4.0,부산,40.0,44,1.1838709677419357
해운대소방서,202212,5.0,부산,39.0,37,0.9516129032258064
해운대소방서,202212,6.0,부산,35.0,36,0.6903225806451613
해운대소방서,202212,7.0,부산,96.0,70,0.6225806451612903
해운대소방서,202212,8.0,부산,91.0,71,0.864516129032258
해운대소방서,202212,9.0,부산,133.0,112,2.141935483870968
해운대소방서,202212,10.0,부산,94.0,81,3.6225806451612894
해운대소방서,202212,11.0,부산,71.0,75,4.838709677419355
해운대소방서,202212,12.0,부산,118.0,106,5.629032258064516
해운대소방서,202212,13.0,부산,59.0,76,6.306451612903226
해운대소방서,202212,14.0,부산,77.0,83,6.906451612903226
해운대소방서,202212,15.0,부산,88.0,94,7.093548387096774
해운대소방서,202212,16.0,부산,84.0,75,6.570967741935483
해운대소방서,202212,17.0,부산,74.0,76,5.193548387096774
해운대소방서,202212,18.0,부산,60.0,72,4.245161290322581
해운대소방서,202212,19.0,부산,91.0,86,3.670967741935484
해운대소방서,202212,20.0,부산,80.0,68,3.229032258064516
해운대소방서,202212,21.0,부산,64.0,72,2.851612903225806
해운대소방서,202212,22.0,부산,81.0,75,2.5193548387096776
해운대소방서,202212,23.0,부산,67.0,76,2.361290322580645
해운대소방서,202301,0.0,부산,39.0,39,2.541935483870968
해운대소방서,202301,1.0,부산,45.0,51,2.170967741935484
해운대소방서,202301,2.0,부산,51.0,45,1.9806451612903229
해운대소방서,202301,3.0,부산,32.0,36,1.7967741935483872
해운대소방서,202301,4.0,부산,32.0,34,1.5806451612903225
해운대소방서,202301,5.0,부산,64.0,40,1.3451612903225805
해운대소방서,202301,6.0,부산,43.0,50,1.0806451612903225
해운대소방서,202301,7.0,부산,65.0,59,0.996774193548387
해운대소방서,202301,8.0,부산,87.0,70,1.132258064516129
해운대소방서,202301,9.0,부산,100.0,103,2.412903225806452
해운대소방서,202301,10.0,부산,116.0,83,3.841935483870968
해운대소방서,202301,11.0,부산,80.0,87,5.219354838709678
해운대소방서,202301,12.0,부산,92.0,82,6.148387096774194
해운대소방서,202301,13.0,부산,88.0,81,6.812903225806451
해운대소방서,202301,14.0,부산,93.0,76,7.451612903225806
해운대소방서,202301,15.0,부산,81.0,76,7.690322580645161
해운대소방서,202301,16.0,부산,88.0,85,7.329032258064516
해운대소방서,202301,17.0,부산,82.0,74,6.541935483870968
해운대소방서,202301,18.0,부산,87.0,76,5.093548387096774
해운대소방서,202301,19.0,부산,77.0,73,4.561290322580645
해운대소방서,202301,20.0,부산,47.0,51,4.151612903225806
해운대소방서,202301,21.0,부산,59.0,58,3.706451612903226
해운대소방서,202301,22.0,부산,59.0,60,3.361290322580645
해운대소방서,202301,23.0,부산,48.0,59,3.041935483870968
해운대소방서,202302,0.0,부산,34.0,44,5.071428571428571
해운대소방서,202302,1.0,부산,36.0,49,4.832142857142857
해운대소방서,202302,2.0,부산,30.0,44,4.5285714285714285
해운대소방서,202302,3.0,부산,33.0,43,4.271428571428571
해운대소방서,202302,4.0,부산,32.0,29,4.039285714285714
해운대소방서,202302,5.0,부산,39.0,33,3.903571428571429
해운대소방서,202302,6.0,부산,54.0,47,3.939285714285714
해운대소방서,202302,7.0,부산,43.0,41,3.875
해운대소방서,202302,8.0,부산,90.0,62,4.3
해운대소방서,202302,9.0,부산,81.0,74,5.871428571428572
해운대소방서,202302,10.0,부산,78.0,74,7.539285714285714
해운대소방서,202302,11.0,부산,59.0,49,8.907142857142857
해운대소방서,202302,12.0,부산,63.0,50,9.93214285714286
해운대소방서,202302,13.0,부산,63.0,68,10.446428571428571
해운대소방서,202302,14.0,부산,89.0,76,10.664285714285716
해운대소방서,202302,15.0,부산,75.0,61,10.539285714285716
해운대소방서,202302,16.0,부산,64.0,68,10.260714285714286
해운대소방서,202302,17.0,부산,54.0,42,9.485714285714286
해운대소방서,202302,18.0,부산,60.0,78,8.296428571428573
해운대소방서,202302,19.0,부산,57.0,57,7.535714285714286
해운대소방서,202302,20.0,부산,49.0,47,6.971428571428571
해운대소방서,202302,21.0,부산,49.0,50,6.517857142857143
해운대소방서,202302,22.0,부산,56.0,63,6.092857142857143
해운대소방서,202302,23.0,부산,45.0,56,5.692857142857143
해운대소방서,202303,0.0,부산,46.0,55,10.516129032258064
해운대소방서,202303,1.0,부산,50.0,50,10.238709677419354
해운대소방서,202303,2.0,부산,36.0,42,10.161290322580646
해운대소방서,202303,3.0,부산,38.0,41,10.070967741935483
해운대소방서,202303,4.0,부산,33.0,34,9.9
해운대소방서,202303,5.0,부산,45.0,38,9.790322580645162
해운대소방서,202303,6.0,부산,40.0,33,9.674193548387096
해운대소방서,202303,7.0,부산,67.0,55,9.67741935483871
해운대소방서,202303,8.0,부산,66.0,65,10.567741935483872
해운대소방서,202303,9.0,부산,95.0,85,12.109677419354838
해운대소방서,202303,10.0,부산,96.0,87,13.541935483870969
해운대소방서,202303,11.0,부산,77.0,58,14.612903225806452
해운대소방서,202303,12.0,부산,79.0,75,15.34516129032258
해운대소방서,202303,13.0,부산,74.0,78,15.83548387096774
해운대소방서,202303,14.0,부산,96.0,92,15.616129032258064
해운대소방서,202303,15.0,부산,63.0,60,15.503225806451614
해운대소방서,202303,16.0,부산,69.0,67,15.158064516129032
해운대소방서,202303,17.0,부산,73.0,65,14.390322580645162
해운대소방서,202303,18.0,부산,68.0,66,13.212903225806452
해운대소방서,202303,19.0,부산,86.0,76,12.32258064516129
해운대소방서,202303,20.0,부산,71.0,70,11.919354838709678
해운대소방서,202303,21.0,부산,46.0,53,11.48709677419355
해운대소방서,202303,22.0,부산,63.0,66,11.138709677419357
해운대소방서,202303,23.0,부산,58.0,61,10.85483870967742
해운대소방서,202304,0.0,부산,35.0,46,13.21
해운대소방서,202304,1.0,부산,42.0,44,12.95
해운대소방서,202304,2.0,부산,42.0,43,12.723333333333333
해운대소방서,202304,3.0,부산,44.0,43,12.56
해운대소방서,202304,4.0,부산,35.0,40,12.366666666666667
해운대소방서,202304,5.0,부산,23.0,34,12.133333333333333
해운대소방서,202304,6.0,부산,57.0,45,11.97
해운대소방서,202304,7.0,부산,48.0,49,12.45
해운대소방서,202304,8.0,부산,81.0,70,13.786666666666664
해운대소방서,202304,9.0,부산,89.0,86,14.963333333333331
해운대소방서,202304,10.0,부산,94.0,83,15.926666666666668
해운대소방서,202304,11.0,부산,72.0,79,16.983333333333334
해운대소방서,202304,12.0,부산,62.0,74,17.259999999999998
해운대소방서,202304,13.0,부산,66.0,81,17.45
해운대소방서,202304,14.0,부산,71.0,59,17.64333333333333
해운대소방서,202304,15.0,부산,65.0,70,17.396666666666665
해운대소방서,202304,16.0,부산,57.0,65,16.970000000000002
해운대소방서,202304,17.0,부산,81.0,77,16.446666666666665
해운대소방서,202304,18.0,부산,64.0,63,15.55
해운대소방서,202304,19.0,부산,69.0,78,14.68
해운대소방서,202304,20.0,부산,81.0,85,14.32
해운대소방서,202304,21.0,부산,66.0,82,14.036666666666669
해운대소방서,202304,22.0,부산,48.0,63,13.68
해운대소방서,202304,23.0,부산,54.0,61,13.536666666666669
해운대소방서,202305,0.0,부산,62.0,49,16.5
해운대소방서,202305,1.0,부산,50.0,66,16.419354838709676
해운대소방서,202305,2.0,부산,46.0,60,16.193548387096776
해운대소방서,202305,3.0,부산,43.0,33,16.019354838709678
해운대소방서,202305,4.0,부산,43.0,42,15.9
해운대소방서,202305,5.0,부산,47.0,50,15.758064516129032
해운대소방서,202305,6.0,부산,82.0,63,15.696774193548388
해운대소방서,202305,7.0,부산,57.0,55,16.567741935483873
해운대소방서,202305,8.0,부산,100.0,89,17.80322580645161
해운대소방서,202305,9.0,부산,89.0,78,18.816129032258065
해운대소방서,202305,10.0,부산,112.0,92,19.816129032258065
해운대소방서,202305,11.0,부산,100.0,85,20.216129032258067
해운대소방서,202305,12.0,부산,87.0,73,20.35483870967742
해운대소방서,202305,13.0,부산,80.0,75,20.396774193548385
해운대소방서,202305,14.0,부산,102.0,85,20.161290322580644
해운대소방서,202305,15.0,부산,103.0,92,19.787096774193547
해운대소방서,202305,16.0,부산,87.0,72,19.664516129032258
해운대소방서,202305,17.0,부산,82.0,85,19.280645161290323
해운대소방서,202305,18.0,부산,83.0,79,18.66774193548387
해운대소방서,202305,19.0,부산,81.0,66,17.774193548387096
해운대소방서,202305,20.0,부산,61.0,60,17.22258064516129
해운대소방서,202305,21.0,부산,77.0,75,17.051612903225806
해운대소방서,202305,22.0,부산,95.0,85,16.9741935483871
해운대소방서,202305,23.0,부산,59.0,62,16.719354838709677
해운대소방서,202306,0.0,부산,53.0,57,20.973333333333336
해운대소방서,202306,1.0,부산,40.0,45,20.87
해운대소방서,202306,2.0,부산,47.0,44,20.793333333333333
해운대소방서,202306,3.0,부산,32.0,42,20.633333333333333
해운대소방서,202306,4.0,부산,42.0,34,20.55
해운대소방서,202306,5.0,부산,62.0,44,20.416666666666668
해운대소방서,202306,6.0,부산,61.0,50,20.49333333333333
해운대소방서,202306,7.0,부산,75.0,65,21.03
해운대소방서,202306,8.0,부산,68.0,68,22.10666666666667
해운대소방서,202306,9.0,부산,119.0,108,23.226666666666667
해운대소방서,202306,10.0,부산,80.0,86,24.10333333333333
해운대소방서,202306,11.0,부산,106.0,88,24.436666666666667
해운대소방서,202306,12.0,부산,81.0,81,24.636666666666667
해운대소방서,202306,13.0,부산,91.0,88,24.813333333333333
해운대소방서,202306,14.0,부산,61.0,67,24.883333333333333
해운대소방서,202306,15.0,부산,68.0,72,24.71333333333333
해운대소방서,202306,16.0,부산,58.0,65,24.46
해운대소방서,202306,17.0,부산,60.0,66,23.986666666666668
해운대소방서,202306,18.0,부산,61.0,78,23.28666666666667
해운대소방서,202306,19.0,부산,74.0,59,22.436666666666667
해운대소방서,202306,20.0,부산,60.0,69,21.91
해운대소방서,202306,21.0,부산,77.0,72,21.596666666666668
해운대소방서,202306,22.0,부산,58.0,68,21.49
해운대소방서,202306,23.0,부산,63.0,64,21.296666666666667
해운대소방서,202307,0.0,부산,59.0,68,24.283870967741933
해운대소방서,202307,1.0,부산,54.0,58,24.216129032258067
해운대소방서,202307,2.0,부산,45.0,40,24.20967741935484
해운대소방서,202307,3.0,부산,66.0,57,24.116129032258065
해운대소방서,202307,4.0,부산,54.0,48,24.016129032258064
해운대소방서,202307,5.0,부산,51.0,43,23.896774193548385
해운대소방서,202307,6.0,부산,47.0,45,23.961290322580645
해운대소방서,202307,7.0,부산,71.0,66,24.335483870967742
해운대소방서,202307,8.0,부산,111.0,94,25.193548387096776
해운대소방서,202307,9.0,부산,160.0,117,26.116129032258065
해운대소방서,202307,10.0,부산,89.0,78,26.461290322580645
해운대소방서,202307,11.0,부산,83.0,80,26.96451612903226
해운대소방서,202307,12.0,부산,105.0,91,27.241935483870968
해운대소방서,202307,13.0,부산,95.0,99,27.18387096774193
해운대소방서,202307,14.0,부산,69.0,80,27.19677419354839
해운대소방서,202307,15.0,부산,90.0,93,27.13225806451613
해운대소방서,202307,16.0,부산,97.0,85,26.91935483870968
해운대소방서,202307,17.0,부산,96.0,84,26.503225806451614
해운대소방서,202307,18.0,부산,79.0,82,26.096774193548388
해운대소방서,202307,19.0,부산,71.0,69,25.541935483870965
해운대소방서,202307,20.0,부산,88.0,77,25.0258064516129
해운대소방서,202307,21.0,부산,72.0,87,24.88387096774193
해운대소방서,202307,22.0,부산,58.0,65,24.80967741935484
해운대소방서,202307,23.0,부산,64.0,68,24.62903225806452
해운대소방서,202308,0.0,부산,59.0,58,26.661290322580644
해운대소방서,202308,1.0,부산,53.0,54,26.49032258064516
해운대소방서,202308,2.0,부산,59.0,70,26.364516129032257
해운대소방서,202308,3.0,부산,34.0,50,26.177419354838708
해운대소방서,202308,4.0,부산,40.0,36,26.05161290322581
해운대소방서,202308,5.0,부산,56.0,45,26.01935483870968
해운대소방서,202308,6.0,부산,74.0,56,25.970967741935485
해운대소방서,202308,7.0,부산,69.0,68,26.43870967741936
해운대소방서,202308,8.0,부산,115.0,99,27.53548387096774
해운대소방서,202308,9.0,부산,121.0,102,28.490322580645163
해운대소방서,202308,10.0,부산,103.0,97,29.31935483870968
해운대소방서,202308,11.0,부산,109.0,97,29.68064516129032
해운대소방서,202308,12.0,부산,90.0,89,29.88387096774193
해운대소방서,202308,13.0,부산,115.0,101,30.08709677419355
해운대소방서,202308,14.0,부산,99.0,87,30.0258064516129
해운대소방서,202308,15.0,부산,98.0,92,29.925806451612903
해운대소방서,202308,16.0,부산,92.0,88,29.677419354838708
해운대소방서,202308,17.0,부산,95.0,94,29.248387096774195
해운대소방서,202308,18.0,부산,55.0,67,28.529032258064515
해운대소방서,202308,19.0,부산,97.0,82,27.73225806451613
해운대소방서,202308,20.0,부산,91.0,94,27.316129032258065
해운대소방서,202308,21.0,부산,98.0,89,27.08709677419355
해운대소방서,202308,22.0,부산,55.0,68,26.91935483870968
해운대소방서,202308,23.0,부산,62.0,61,26.76451612903226
해운대소방서,202309,0.0,부산,36.0,52,23.453333333333333
해운대소방서,202309,1.0,부산,40.0,53,23.336666666666662
해운대소방서,202309,2.0,부산,48.0,51,23.10333333333333
해운대소방서,202309,3.0,부산,42.0,40,22.94333333333333
해운대소방서,202309,4.0,부산,35.0,36,22.83333333333333
해운대소방서,202309,5.0,부산,35.0,43,22.683333333333334
해운대소방서,202309,6.0,부산,61.0,56,22.496666666666663
해운대소방서,202309,7.0,부산,61.0,61,22.84
해운대소방서,202309,8.0,부산,98.0,75,23.85
해운대소방서,202309,9.0,부산,75.0,73,24.82
해운대소방서,202309,10.0,부산,81.0,94,25.683333333333334
해운대소방서,202309,11.0,부산,78.0,85,26.47
해운대소방서,202309,12.0,부산,84.0,91,26.91333333333333
해운대소방서,202309,13.0,부산,103.0,93,26.933333333333334
해운대소방서,202309,14.0,부산,70.0,70,26.87333333333333
해운대소방서,202309,15.0,부산,74.0,80,26.63
해운대소방서,202309,16.0,부산,93.0,77,26.36
해운대소방서,202309,17.0,부산,86.0,82,25.863333333333333
해운대소방서,202309,18.0,부산,68.0,67,25.066666666666663
해운대소방서,202309,19.0,부산,53.0,65,24.25
해운대소방서,202309,20.0,부산,70.0,64,24.01333333333333
해운대소방서,202309,21.0,부산,62.0,72,23.756666666666668
해운대소방서,202309,22.0,부산,71.0,80,23.566666666666663
해운대소방서,202309,23.0,부산,51.0,51,23.48
해운대소방서,202310,0.0,부산,43.0,53,16.80322580645161
해운대소방서,202310,1.0,부산,35.0,45,16.64516129032258
해운대소방서,202310,2.0,부산,49.0,43,16.309677419354838
해운대소방서,202310,3.0,부산,37.0,36,16.05483870967742
해운대소방서,202310,4.0,부산,28.0,23,15.874193548387098
해운대소방서,202310,5.0,부산,49.0,38,15.69032258064516
해운대소방서,202310,6.0,부산,50.0,40,15.470967741935484
해운대소방서,202310,7.0,부산,64.0,52,15.558064516129033
해운대소방서,202310,8.0,부산,92.0,80,16.82903225806452
해운대소방서,202310,9.0,부산,79.0,85,18.30967741935484
해운대소방서,202310,10.0,부산,94.0,81,19.69032258064516
해운대소방서,202310,11.0,부산,88.0,86,20.93548387096774
해운대소방서,202310,12.0,부산,102.0,99,21.80322580645161
해운대소방서,202310,13.0,부산,94.0,81,22.335483870967742
해운대소방서,202310,14.0,부산,99.0,87,22.364516129032257
해운대소방서,202310,15.0,부산,71.0,70,21.98709677419355
해운대소방서,202310,16.0,부산,71.0,66,21.43870967741936
해운대소방서,202310,17.0,부산,75.0,71,20.490322580645163
해운대소방서,202310,18.0,부산,81.0,75,19.0
해운대소방서,202310,19.0,부산,68.0,67,18.30967741935484
해운대소방서,202310,20.0,부산,87.0,86,17.816129032258065
해운대소방서,202310,21.0,부산,38.0,42,17.387096774193548
해운대소방서,202310,22.0,부산,46.0,39,17.206451612903226
해운대소방서,202310,23.0,부산,61.0,64,16.951612903225808
해운대소방서,202311,0.0,부산,46.0,52,10.696666666666664
해운대소방서,202311,1.0,부산,36.0,37,10.37
해운대소방서,202311,2.0,부산,39.0,33,10.12
해운대소방서,202311,3.0,부산,26.0,32,9.883333333333333
해운대소방서,202311,4.0,부산,40.0,37,9.74
해운대소방서,202311,5.0,부산,33.0,35,9.61
해운대소방서,202311,6.0,부산,23.0,28,9.353333333333332
해운대소방서,202311,7.0,부산,56.0,52,9.226666666666668
해운대소방서,202311,8.0,부산,93.0,74,10.043333333333331
해운대소방서,202311,9.0,부산,84.0,82,11.433333333333334
해운대소방서,202311,10.0,부산,90.0,83,12.696666666666664
해운대소방서,202311,11.0,부산,83.0,82,13.773333333333332
해운대소방서,202311,12.0,부산,73.0,68,14.76
해운대소방서,202311,13.0,부산,87.0,87,15.403333333333332
해운대소방서,202311,14.0,부산,67.0,69,15.55
해운대소방서,202311,15.0,부산,81.0,71,15.323333333333332
해운대소방서,202311,16.0,부산,59.0,56,15.023333333333332
해운대소방서,202311,17.0,부산,69.0,67,13.57
해운대소방서,202311,18.0,부산,84.0,80,12.48
해운대소방서,202311,19.0,부산,63.0,69,11.856666666666666
해운대소방서,202311,20.0,부산,51.0,66,11.44
해운대소방서,202311,21.0,부산,69.0,57,10.946666666666664
해운대소방서,202311,22.0,부산,53.0,57,10.606666666666666
해운대소방서,202311,23.0,부산,51.0,55,10.476666666666668
해운대소방서,202312,0.0,부산,57.0,59,5.190322580645161
해운대소방서,202312,1.0,부산,43.0,39,5.016129032258065
해운대소방서,202312,2.0,부산,33.0,39,4.819354838709677
해운대소방서,202312,3.0,부산,39.0,39,4.529032258064516
해운대소방서,202312,4.0,부산,43.0,40,4.5
해운대소방서,202312,5.0,부산,29.0,31,4.325806451612903
해운대소방서,202312,6.0,부산,46.0,33,4.293548387096774
해운대소방서,202312,7.0,부산,81.0,73,4.1
해운대소방서,202312,8.0,부산,86.0,81,4.319354838709677
해운대소방서,202312,9.0,부산,101.0,93,5.774193548387097
해운대소방서,202312,10.0,부산,116.0,98,7.074193548387097
해운대소방서,202312,11.0,부산,93.0,81,8.154838709677419
해운대소방서,202312,12.0,부산,77.0,69,8.790322580645162
해운대소방서,202312,13.0,부산,97.0,94,9.59032258064516
해운대소방서,202312,14.0,부산,70.0,61,9.470967741935484
해운대소방서,202312,15.0,부산,73.0,85,9.470967741935484
해운대소방서,202312,16.0,부산,81.0,78,9.019354838709678
해운대소방서,202312,17.0,부산,89.0,92,7.796774193548388
해운대소방서,202312,18.0,부산,56.0,72,7.080645161290323
해운대소방서,202312,19.0,부산,62.0,60,6.648387096774194
해운대소방서,202312,20.0,부산,67.0,68,6.364516129032259
해운대소방서,202312,21.0,부산,76.0,70,6.048387096774194
해운대소방서,202312,22.0,부산,67.0,76,5.699999999999999
해운대소방서,202312,23.0,부산,59.0,69,5.458064516129032
해운대소방서,202401,0.0,부산,51.0,50,3.816129032258064
해운대소방서,202401,1.0,부산,26.0,33,3.56774193548387
해운대소방서,202401,2.0,부산,43.0,38,3.341935483870968
해운대소방서,202401,3.0,부산,32.0,32,3.074193548387097
해운대소방서,202401,4.0,부산,33.0,27,2.8806451612903223
해운대소방서,202401,5.0,부산,40.0,43,2.693548387096774
해운대소방서,202401,6.0,부산,59.0,57,2.470967741935484
해운대소방서,202401,7.0,부산,47.0,43,2.338709677419355
해운대소방서,202401,8.0,부산,84.0,71,2.4741935483870967
해운대소방서,202401,9.0,부산,108.0,90,3.745161290322581
해운대소방서,202401,10.0,부산,101.0,91,5.183870967741935
해운대소방서,202401,11.0,부산,75.0,82,6.490322580645161
해운대소방서,202401,12.0,부산,70.0,76,7.403225806451613
해운대소방서,202401,13.0,부산,87.0,74,8.119354838709677
해운대소방서,202401,14.0,부산,58.0,61,8.600000000000001
해운대소방서,202401,15.0,부산,65.0,79,8.661290322580646
해운대소방서,202401,16.0,부산,87.0,73,8.219354838709679
해운대소방서,202401,17.0,부산,67.0,75,7.248387096774193
해운대소방서,202401,18.0,부산,74.0,69,6.048387096774194
해운대소방서,202401,19.0,부산,54.0,53,5.5
해운대소방서,202401,20.0,부산,72.0,65,5.196774193548387
해운대소방서,202401,21.0,부산,71.0,80,4.95483870967742
해운대소방서,202401,22.0,부산,61.0,68,4.645161290322581
해운대소방서,202401,23.0,부산,37.0,39,4.293548387096774
해운대소방서,202402,0.0,부산,80.0,49,6.289655172413793
해운대소방서,202402,1.0,부산,82.0,41,5.965517241379311
해운대소방서,202402,2.0,부산,48.0,32,5.841379310344828
해운대소방서,202402,3.0,부산,61.0,38,5.710344827586207
해운대소방서,202402,4.0,부산,69.0,35,5.675862068965517
해운대소방서,202402,5.0,부산,45.0,26,5.5344827586206895
해운대소방서,202402,6.0,부산,77.0,30,5.513793103448276
해운대소방서,202402,7.0,부산,71.0,40,5.510344827586208
해운대소방서,202402,8.0,부산,132.0,59,5.986206896551724
해운대소방서,202402,9.0,부산,152.0,73,6.910344827586207
해운대소방서,202402,10.0,부산,174.0,91,8.0
해운대소방서,202402,11.0,부산,135.0,73,8.993103448275862
해운대소방서,202402,12.0,부산,120.0,65,9.724137931034482
해운대소방서,202402,13.0,부산,116.0,69,10.020689655172417
해운대소방서,202402,14.0,부산,164.0,83,10.324137931034482
해운대소방서,202402,15.0,부산,122.0,63,10.23103448275862
해운대소방서,202402,16.0,부산,81.0,51,9.713793103448277
해운대소방서,202402,17.0,부산,116.0,54,9.03448275862069
해운대소방서,202402,18.0,부산,122.0,64,8.065517241379311
해운대소방서,202402,19.0,부산,110.0,59,7.551724137931035
해운대소방서,202402,20.0,부산,131.0,77,7.224137931034483
해운대소방서,202402,21.0,부산,113.0,65,6.844827586206897
해운대소방서,202402,22.0,부산,122.0,62,6.56551724137931
해운대소방서,202402,23.0,부산,78.0,54,6.286206896551724
해운대소방서,202403,0.0,부산,55.0,54,8.038709677419355
해운대소방서,202403,1.0,부산,52.0,50,7.825806451612903
해운대소방서,202403,2.0,부산,20.0,27,7.638709677419355
해운대소방서,202403,3.0,부산,65.0,42,7.319354838709677
해운대소방서,202403,4.0,부산,45.0,34,7.093548387096774
해운대소방서,202403,5.0,부산,58.0,45,6.896774193548388
해운대소방서,202403,6.0,부산,57.0,50,6.67741935483871
해운대소방서,202403,7.0,부산,51.0,42,6.616129032258065
해운대소방서,202403,8.0,부산,88.0,77,7.687096774193549
해운대소방서,202403,9.0,부산,115.0,91,9.051612903225807
해운대소방서,202403,10.0,부산,96.0,77,10.45483870967742
해운대소방서,202403,11.0,부산,64.0,67,11.612903225806452
해운대소방서,202403,12.0,부산,71.0,74,12.332258064516129
해운대소방서,202403,13.0,부산,81.0,77,12.751612903225809
해운대소방서,202403,14.0,부산,87.0,66,12.84
해운대소방서,202403,15.0,부산,89.0,78,12.567741935483872
해운대소방서,202403,16.0,부산,76.0,76,12.358064516129032
해운대소방서,202403,17.0,부산,67.0,65,11.825806451612904
해운대소방서,202403,18.0,부산,76.0,70,10.929032258064517
해운대소방서,202403,19.0,부산,88.0,67,10.061290322580644
해운대소방서,202403,20.0,부산,83.0,74,9.680645161290323
해운대소방서,202403,21.0,부산,69.0,70,9.24516129032258
해운대소방서,202403,22.0,부산,44.0,52,8.80967741935484
해운대소방서,202403,23.0,부산,64.0,55,8.516129032258064
해운대소방서,202404,0.0,부산,59.0,56,14.15
해운대소방서,202404,1.0,부산,37.0,45,13.913333333333332
해운대소방서,202404,2.0,부산,47.0,51,13.82
해운대소방서,202404,3.0,부산,24.0,25,13.67
해운대소방서,202404,4.0,부산,32.0,35,13.506666666666666
해운대소방서,202404,5.0,부산,44.0,33,13.353333333333332
해운대소방서,202404,6.0,부산,61.0,47,13.25
해운대소방서,202404,7.0,부산,65.0,60,13.75
해운대소방서,202404,8.0,부산,99.0,59,15.236666666666666
해운대소방서,202404,9.0,부산,111.0,107,16.773333333333333
해운대소방서,202404,10.0,부산,81.0,73,17.95
해운대소방서,202404,11.0,부산,82.0,86,18.56
해운대소방서,202404,12.0,부산,74.0,79,18.956666666666667
해운대소방서,202404,13.0,부산,75.0,71,18.87333333333333
해운대소방서,202404,14.0,부산,74.0,62,18.51
해운대소방서,202404,15.0,부산,79.0,77,18.37333333333333
해운대소방서,202404,16.0,부산,83.0,76,18.10666666666667
해운대소방서,202404,17.0,부산,58.0,59,17.55
해운대소방서,202404,18.0,부산,79.0,70,16.7
해운대소방서,202404,19.0,부산,55.0,64,15.67
해운대소방서,202404,20.0,부산,58.0,59,15.126666666666669
해운대소방서,202404,21.0,부산,58.0,57,14.916666666666666
해운대소방서,202404,22.0,부산,55.0,64,14.733333333333333
해운대소방서,202404,23.0,부산,63.0,65,14.453333333333337
해운대소방서,202405,0.0,부산,69.0,72,16.52258064516129
해운대소방서,202405,1.0,부산,36.0,38,16.29032258064516
해운대소방서,202405,2.0,부산,36.0,41,16.13225806451613
해운대소방서,202405,3.0,부산,31.0,27,15.993548387096777
해운대소방서,202405,4.0,부산,44.0,41,15.725806451612904
해운대소방서,202405,5.0,부산,35.0,33,15.651612903225804
해운대소방서,202405,6.0,부산,38.0,35,15.71935483870968
해운대소방서,202405,7.0,부산,65.0,56,16.55483870967742
해운대소방서,202405,8.0,부산,80.0,74,18.335483870967742
해운대소방서,202405,9.0,부산,107.0,107,19.703225806451613
해운대소방서,202405,10.0,부산,78.0,66,20.9
해운대소방서,202405,11.0,부산,78.0,78,21.538709677419355
해운대소방서,202405,12.0,부산,92.0,83,21.72258064516129
해운대소방서,202405,13.0,부산,86.0,93,21.796774193548387
해운대소방서,202405,14.0,부산,87.0,81,21.69032258064516
해운대소방서,202405,15.0,부산,59.0,60,21.651612903225807
해운대소방서,202405,16.0,부산,63.0,68,21.05483870967742
해운대소방서,202405,17.0,부산,67.0,72,20.43870967741936
해운대소방서,202405,18.0,부산,56.0,65,19.693548387096776
해운대소방서,202405,19.0,부산,80.0,76,18.59032258064516
해운대소방서,202405,20.0,부산,69.0,73,17.858064516129033
해운대소방서,202405,21.0,부산,81.0,75,17.580645161290324
해운대소방서,202405,22.0,부산,55.0,67,17.309677419354838
해운대소방서,202405,23.0,부산,55.0,59,17.048387096774192
해운대소방서,202406,0.0,부산,35.0,47,21.05333333333333
해운대소방서,202406,1.0,부산,44.0,48,20.896666666666665
해운대소방서,202406,2.0,부산,34.0,41,20.72
해운대소방서,202406,3.0,부산,37.0,47,20.57333333333333
해운대소방서,202406,4.0,부산,26.0,34,20.47
해운대소방서,202406,5.0,부산,40.0,47,20.39333333333333
해운대소방서,202406,6.0,부산,37.0,41,20.423333333333336
해운대소방서,202406,7.0,부산,41.0,34,21.206666666666667
해운대소방서,202406,8.0,부산,54.0,60,22.666666666666668
해운대소방서,202406,9.0,부산,97.0,86,23.696666666666665
해운대소방서,202406,10.0,부산,99.0,85,24.6
해운대소방서,202406,11.0,부산,79.0,72,25.09333333333333
해운대소방서,202406,12.0,부산,70.0,65,25.040000000000003
해운대소방서,202406,13.0,부산,81.0,68,24.863333333333333
해운대소방서,202406,14.0,부산,72.0,74,24.816666666666663
해운대소방서,202406,15.0,부산,64.0,62,24.81
해운대소방서,202406,16.0,부산,65.0,61,24.47
해운대소방서,202406,17.0,부산,56.0,63,24.046666666666667
해운대소방서,202406,18.0,부산,63.0,65,23.46333333333333
해운대소방서,202406,19.0,부산,71.0,56,22.68
해운대소방서,202406,20.0,부산,66.0,69,22.03333333333333
해운대소방서,202406,21.0,부산,68.0,66,21.746666666666663
해운대소방서,202406,22.0,부산,62.0,61,21.48
해운대소방서,202406,23.0,부산,39.0,43,21.26333333333333
해운대소방서,202407,0.0,부산,63.0,64,24.896774193548385
해운대소방서,202407,1.0,부산,44.0,53,24.774193548387096
해운대소방서,202407,2.0,부산,40.0,41,24.616129032258065
해운대소방서,202407,3.0,부산,31.0,25,24.580645161290324
해운대소방서,202407,4.0,부산,43.0,45,24.503225806451614
해운대소방서,202407,5.0,부산,68.0,54,24.48709677419355
해운대소방서,202407,6.0,부산,66.0,50,24.43870967741936
해운대소방서,202407,7.0,부산,74.0,62,24.787096774193547
해운대소방서,202407,8.0,부산,108.0,94,25.561290322580643
해운대소방서,202407,9.0,부산,97.0,91,26.23225806451613
해운대소방서,202407,10.0,부산,106.0,92,26.848387096774196
해운대소방서,202407,11.0,부산,92.0,92,27.280645161290323
해운대소방서,202407,12.0,부산,73.0,73,27.46451612903226
해운대소방서,202407,13.0,부산,104.0,96,27.60967741935484
해운대소방서,202407,14.0,부산,87.0,89,27.932258064516127
해운대소방서,202407,15.0,부산,82.0,65,27.88387096774193
해운대소방서,202407,16.0,부산,92.0,79,27.796774193548387
해운대소방서,202407,17.0,부산,99.0,84,27.20967741935484
해운대소방서,202407,18.0,부산,78.0,90,26.703225806451613
해운대소방서,202407,19.0,부산,75.0,75,26.0
해운대소방서,202407,20.0,부산,64.0,80,25.45483870967742
해운대소방서,202407,21.0,부산,85.0,77,25.35483870967742
해운대소방서,202407,22.0,부산,70.0,77,25.238709677419354
해운대소방서,202407,23.0,부산,47.0,56,25.17419354838709
해운대소방서,202408,0.0,부산,60.0,60,27.567741935483877
해운대소방서,202408,1.0,부산,61.0,67,27.461290322580645
해운대소방서,202408,2.0,부산,45.0,41,27.30967741935484
해운대소방서,202408,3.0,부산,33.0,33,27.14516129032258
해운대소방서,202408,4.0,부산,44.0,47,26.861290322580647
해운대소방서,202408,5.0,부산,50.0,42,26.774193548387096
해운대소방서,202408,6.0,부산,61.0,60,26.716129032258067
해운대소방서,202408,7.0,부산,65.0,59,27.32903225806452
해운대소방서,202408,8.0,부산,107.0,95,28.82258064516129
해운대소방서,202408,9.0,부산,131.0,104,29.996774193548383
해운대소방서,202408,10.0,부산,116.0,98,31.00967741935484
해운대소방서,202408,11.0,부산,98.0,95,31.40967741935484
해운대소방서,202408,12.0,부산,89.0,87,31.83225806451613
해운대소방서,202408,13.0,부산,92.0,80,32.00967741935484
해운대소방서,202408,14.0,부산,98.0,92,32.096774193548384
해운대소방서,202408,15.0,부산,68.0,70,31.74516129032258
해운대소방서,202408,16.0,부산,77.0,80,31.396774193548385
해운대소방서,202408,17.0,부산,84.0,82,30.73548387096774
해운대소방서,202408,18.0,부산,99.0,83,29.906451612903226
해운대소방서,202408,19.0,부산,78.0,80,28.796774193548387
해운대소방서,202408,20.0,부산,93.0,94,28.241935483870968
해운대소방서,202408,21.0,부산,73.0,72,28.02258064516129
해운대소방서,202408,22.0,부산,69.0,73,27.861290322580647
해운대소방서,202408,23.0,부산,74.0,76,27.706451612903223
해운대소방서,202409,0.0,부산,46.0,56,25.216666666666665
해운대소방서,202409,1.0,부산,40.0,43,25.043333333333333
해운대소방서,202409,2.0,부산,53.0,53,24.90666666666667
해운대소방서,202409,3.0,부산,40.0,44,24.78666666666667
해운대소방서,202409,4.0,부산,34.0,31,24.696666666666665
해운대소방서,202409,5.0,부산,38.0,30,24.61
해운대소방서,202409,6.0,부산,48.0,44,24.51
해운대소방서,202409,7.0,부산,66.0,65,24.896666666666665
해운대소방서,202409,8.0,부산,110.0,86,25.953333333333333
해운대소방서,202409,9.0,부산,92.0,92,27.293333333333333
해운대소방서,202409,10.0,부산,82.0,84,28.426666666666662
해운대소방서,202409,11.0,부산,68.0,60,29.116666666666667
해운대소방서,202409,12.0,부산,77.0,71,29.53666666666667
해운대소방서,202409,13.0,부산,79.0,79,29.796666666666667
해운대소방서,202409,14.0,부산,77.0,76,29.72
해운대소방서,202409,15.0,부산,63.0,87,29.43
해운대소방서,202409,16.0,부산,76.0,78,28.81
해운대소방서,202409,17.0,부산,86.0,73,28.066666666666663
해운대소방서,202409,18.0,부산,73.0,69,27.136666666666667
해운대소방서,202409,19.0,부산,69.0,64,26.16
해운대소방서,202409,20.0,부산,74.0,76,25.813333333333333
해운대소방서,202409,21.0,부산,57.0,73,25.60666666666667
해운대소방서,202409,22.0,부산,54.0,65,25.41
해운대소방서,202409,23.0,부산,67.0,79,25.26333333333333
해운대소방서,202410,0.0,부산,39.0,53,18.19677419354839
해운대소방서,202410,1.0,부산,38.0,34,18.07741935483871
해운대소방서,202410,2.0,부산,39.0,42,17.906451612903226
해운대소방서,202410,3.0,부산,39.0,37,17.738709677419354
해운대소방서,202410,4.0,부산,44.0,39,17.6
해운대소방서,202410,5.0,부산,41.0,37,17.470967741935485
해운대소방서,202410,6.0,부산,47.0,37,17.429032258064513
해운대소방서,202410,7.0,부산,69.0,56,17.53548387096774
해운대소방서,202410,8.0,부산,93.0,76,18.52258064516129
해운대소방서,202410,9.0,부산,75.0,78,19.916129032258063
해운대소방서,202410,10.0,부산,56.0,67,21.12903225806452
해운대소방서,202410,11.0,부산,99.0,83,22.12903225806452
해운대소방서,202410,12.0,부산,87.0,77,22.54516129032258
해운대소방서,202410,13.0,부산,69.0,87,22.83870967741936
해운대소방서,202410,14.0,부산,88.0,87,22.467741935483872
해운대소방서,202410,15.0,부산,69.0,72,21.9741935483871
해운대소방서,202410,16.0,부산,60.0,57,21.561290322580643
해운대소방서,202410,17.0,부산,68.0,64,20.82258064516129
해운대소방서,202410,18.0,부산,63.0,54,19.82258064516129
해운대소방서,202410,19.0,부산,77.0,74,19.416129032258063
해운대소방서,202410,20.0,부산,81.0,87,19.09032258064516
해운대소방서,202410,21.0,부산,48.0,51,18.75483870967742
해운대소방서,202410,22.0,부산,47.0,50,18.51935483870968
해운대소방서,202410,23.0,부산,36.0,40,18.3
해운대소방서,202411,0.0,부산,52.0,45,12.376666666666669
해운대소방서,202411,1.0,부산,35.0,48,12.206666666666669
해운대소방서,202411,2.0,부산,27.0,26,12.106666666666666
해운대소방서,202411,3.0,부산,51.0,47,12.013333333333332
해운대소방서,202411,4.0,부산,30.0,30,11.793333333333331
해운대소방서,202411,5.0,부산,36.0,42,11.6
해운대소방서,202411,6.0,부산,45.0,38,11.52
해운대소방서,202411,7.0,부산,65.0,54,11.433333333333334
해운대소방서,202411,8.0,부산,82.0,82,12.2
해운대소방서,202411,9.0,부산,90.0,75,13.633333333333333
해운대소방서,202411,10.0,부산,93.0,86,14.886666666666668
해운대소방서,202411,11.0,부산,71.0,72,15.76
해운대소방서,202411,12.0,부산,74.0,77,16.543333333333333
해운대소방서,202411,13.0,부산,88.0,76,16.94
해운대소방서,202411,14.0,부산,61.0,60,17.02
해운대소방서,202411,15.0,부산,61.0,65,16.84
해운대소방서,202411,16.0,부산,71.0,70,16.08
해운대소방서,202411,17.0,부산,65.0,67,14.926666666666668
해운대소방서,202411,18.0,부산,64.0,57,13.923333333333334
해운대소방서,202411,19.0,부산,45.0,49,13.48
해운대소방서,202411,20.0,부산,71.0,68,13.14
해운대소방서,202411,21.0,부산,60.0,63,12.776666666666667
해운대소방서,202411,22.0,부산,69.0,71,12.546666666666663
해운대소방서,202411,23.0,부산,36.0,48,12.273333333333332
해운대소방서,202412,0.0,부산,46.0,56,4.361290322580645
해운대소방서,202412,1.0,부산,44.0,48,4.164516129032258
해운대소방서,202412,2.0,부산,43.0,47,3.858064516129032
해운대소방서,202412,3.0,부산,26.0,38,3.661290322580645
해운대소방서,202412,4.0,부산,16.0,24,3.56774193548387
해운대소방서,202412,5.0,부산,47.0,34,3.419354838709677
해운대소방서,202412,6.0,부산,44.0,36,3.183870967741936
해운대소방서,202412,7.0,부산,46.0,48,2.958064516129032
해운대소방서,202412,8.0,부산,120.0,94,3.3161290322580643
해운대소방서,202412,9.0,부산,89.0,82,4.851612903225806
해운대소방서,202412,10.0,부산,86.0,82,6.287096774193548
해운대소방서,202412,11.0,부산,81.0,84,7.33225806451613
해운대소방서,202412,12.0,부산,62.0,60,8.303225806451612
해운대소방서,202412,13.0,부산,101.0,85,8.896774193548387
해운대소방서,202412,14.0,부산,83.0,74,9.55483870967742
해운대소방서,202412,15.0,부산,99.0,88,9.725806451612904
해운대소방서,202412,16.0,부산,70.0,84,9.2
해운대소방서,202412,17.0,부산,88.0,82,7.674193548387097
해운대소방서,202412,18.0,부산,71.0,73,6.738709677419355
해운대소방서,202412,19.0,부산,66.0,72,6.274193548387097
해운대소방서,202412,20.0,부산,72.0,70,5.719354838709678
해운대소방서,202412,21.0,부산,78.0,78,5.245161290322581
해운대소방서,202412,22.0,부산,73.0,67,4.9
해운대소방서,202412,23.0,부산,51.0,54,4.532258064516129
해운대소방서,202501,0.0,부산,45.0,54,2.6548387096774198
해운대소방서,202501,1.0,부산,38.0,46,2.429032258064516
해운대소방서,202501,2.0,부산,43.0,51,2.135483870967742
해운대소방서,202501,3.0,부산,38.0,34,1.958064516129032
해운대소방서,202501,4.0,부산,33.0,29,1.729032258064516
해운대소방서,202501,5.0,부산,33.0,43,1.4548387096774194
해운대소방서,202501,6.0,부산,49.0,39,1.2580645161290325
해운대소방서,202501,7.0,부산,63.0,62,1.0774193548387097
해운대소방서,202501,8.0,부산,99.0,79,1.2225806451612902
해운대소방서,202501,9.0,부산,105.0,90,2.864516129032258
해운대소방서,202501,10.0,부산,111.0,89,4.503225806451613
해운대소방서,202501,11.0,부산,99.0,73,5.774193548387097
해운대소방서,202501,12.0,부산,80.0,73,6.409677419354838
해운대소방서,202501,13.0,부산,86.0,89,7.248387096774193
해운대소방서,202501,14.0,부산,80.0,79,7.729032258064516
해운대소방서,202501,15.0,부산,91.0,69,7.748387096774193
해운대소방서,202501,16.0,부산,102.0,93,7.538709677419354
해운대소방서,202501,17.0,부산,94.0,82,6.358064516129032
해운대소방서,202501,18.0,부산,76.0,80,5.151612903225806
해운대소방서,202501,19.0,부산,64.0,57,4.525806451612904
해운대소방서,202501,20.0,부산,53.0,57,4.103225806451613
해운대소방서,202501,21.0,부산,77.0,70,3.7096774193548394
해운대소방서,202501,22.0,부산,58.0,53,3.325806451612903
해운대소방서,202501,23.0,부산,44.0,57,3.109677419354839
해운대소방서,202502,0.0,부산,34.0,40,1.6964285714285714
해운대소방서,202502,1.0,부산,40.0,45,1.275
해운대소방서,202502,2.0,부산,30.0,33,1.0035714285714286
해운대소방서,202502,3.0,부산,30.0,28,0.6142857142857142
해운대소방서,202502,4.0,부산,33.0,33,0.2464285714285714
해운대소방서,202502,5.0,부산,35.0,34,-0.0321428571428572
해운대소방서,202502,6.0,부산,43.0,35,-0.2678571428571428
해운대소방서,202502,7.0,부산,70.0,55,-0.5214285714285715
해운대소방서,202502,8.0,부산,73.0,57,-0.025
해운대소방서,202502,9.0,부산,111.0,77,1.4214285714285713
해운대소방서,202502,10.0,부산,73.0,62,2.8642857142857143
해운대소방서,202502,11.0,부산,66.0,62,4.05
해운대소방서,202502,12.0,부산,93.0,73,4.825
해운대소방서,202502,13.0,부산,73.0,65,5.675
해운대소방서,202502,14.0,부산,78.0,71,6.425
해운대소방서,202502,15.0,부산,59.0,64,6.685714285714285
해운대소방서,202502,16.0,부산,61.0,56,6.642857142857143
해운대소방서,202502,17.0,부산,69.0,62,6.214285714285714
해운대소방서,202502,18.0,부산,43.0,45,4.796428571428572
해운대소방서,202502,19.0,부산,71.0,67,3.907142857142857
해운대소방서,202502,20.0,부산,53.0,54,3.396428571428572
해운대소방서,202502,21.0,부산,79.0,66,3.067857142857143
해운대소방서,202502,22.0,부산,54.0,55,2.6035714285714286
해운대소방서,202502,23.0,부산,47.0,44,2.196428571428572
해운대소방서,202503,0.0,부산,60.0,50,8.600000000000001
해운대소방서,202503,1.0,부산,40.0,45,8.36774193548387
해운대소방서,202503,2.0,부산,42.0,48,8.190322580645162
해운대소방서,202503,3.0,부산,26.0,26,7.932258064516129
해운대소방서,202503,4.0,부산,37.0,37,7.66774193548387
해운대소방서,202503,5.0,부산,26.0,22,7.287096774193548
해운대소방서,202503,6.0,부산,52.0,42,7.106451612903226
해운대소방서,202503,7.0,부산,65.0,46,7.17741935483871
해운대소방서,202503,8.0,부산,98.0,76,8.280645161290321
해운대소방서,202503,9.0,부산,90.0,84,9.641935483870968
해운대소방서,202503,10.0,부산,90.0,74,11.238709677419354
해운대소방서,202503,11.0,부산,90.0,74,12.27741935483871
해운대소방서,202503,12.0,부산,81.0,73,12.796774193548387
해운대소방서,202503,13.0,부산,57.0,57,12.86774193548387
해운대소방서,202503,14.0,부산,65.0,61,12.725806451612904
해운대소방서,202503,15.0,부산,72.0,58,12.480645161290322
해운대소방서,202503,16.0,부산,74.0,60,11.887096774193548
해운대소방서,202503,17.0,부산,102.0,80,11.30967741935484
해운대소방서,202503,18.0,부산,67.0,72,10.638709677419357
해운대소방서,202503,19.0,부산,75.0,61,9.825806451612904
해운대소방서,202503,20.0,부산,65.0,58,9.319354838709677
해운대소방서,202503,21.0,부산,54.0,47,9.141935483870968
해운대소방서,202503,22.0,부산,42.0,37,8.922580645161291
해운대소방서,202503,23.0,부산,51.0,59,8.680645161290323
해운대소방서,202504,0.0,부산,42.0,40,12.63
해운대소방서,202504,1.0,부산,49.0,41,12.406666666666666
해운대소방서,202504,2.0,부산,34.0,23,12.093333333333334
해운대소방서,202504,3.0,부산,27.0,27,11.73
해운대소방서,202504,4.0,부산,28.0,28,11.486666666666668
해운대소방서,202504,5.0,부산,34.0,34,11.266666666666667
해운대소방서,202504,6.0,부산,60.0,44,11.013333333333332
해운대소방서,202504,7.0,부산,58.0,39,11.573333333333332
해운대소방서,202504,8.0,부산,92.0,72,13.036666666666669
해운대소방서,202504,9.0,부산,102.0,82,14.42
해운대소방서,202504,10.0,부산,94.0,85,15.816666666666666
해운대소방서,202504,11.0,부산,74.0,70,16.31
해운대소방서,202504,12.0,부산,89.0,79,16.683333333333334
해운대소방서,202504,13.0,부산,90.0,74,17.08
해운대소방서,202504,14.0,부산,104.0,91,16.93
해운대소방서,202504,15.0,부산,88.0,79,16.96333333333333
해운대소방서,202504,16.0,부산,75.0,69,16.76
해운대소방서,202504,17.0,부산,50.0,52,16.083333333333332
해운대소방서,202504,18.0,부산,96.0,77,15.2
해운대소방서,202504,19.0,부산,97.0,78,14.06
해운대소방서,202504,20.0,부산,90.0,67,13.616666666666667
해운대소방서,202504,21.0,부산,70.0,75,13.386666666666668
해운대소방서,202504,22.0,부산,63.0,61,13.286666666666669
해운대소방서,202504,23.0,부산,52.0,46,13.136666666666668
해운대소방서,202505,0.0,부산,39.0,46,15.77741935483871
해운대소방서,202505,1.0,부산,42.0,40,15.716129032258063
해운대소방서,202505,2.0,부산,29.0,26,15.47741935483871
해운대소방서,202505,3.0,부산,35.0,30,15.312903225806451
해운대소방서,202505,4.0,부산,42.0,33,15.14516129032258
해운대소방서,202505,5.0,부산,61.0,43,14.941935483870967
해운대소방서,202505,6.0,부산,45.0,49,14.8
해운대소방서,202505,7.0,부산,91.0,71,15.696774193548388
해운대소방서,202505,8.0,부산,72.0,67,17.161290322580644
해운대소방서,202505,9.0,부산,112.0,86,18.35483870967742
해운대소방서,202505,10.0,부산,105.0,87,19.10322580645161
해운대소방서,202505,11.0,부산,113.0,82,19.641935483870967
해운대소방서,202505,12.0,부산,71.0,64,20.258064516129032
해운대소방서,202505,13.0,부산,76.0,82,20.26129032258065
해운대소방서,202505,14.0,부산,89.0,76,20.17096774193548
해운대소방서,202505,15.0,부산,74.0,76,20.01290322580645
해운대소방서,202505,16.0,부산,90.0,76,19.583870967741937
해운대소방서,202505,17.0,부산,87.0,83,19.070967741935487
해운대소방서,202505,18.0,부산,72.0,59,18.203225806451613
해운대소방서,202505,19.0,부산,77.0,66,17.29032258064516
해운대소방서,202505,20.0,부산,70.0,68,16.716129032258067
해운대소방서,202505,21.0,부산,67.0,52,16.40967741935484
해운대소방서,202505,22.0,부산,75.0,60,16.29032258064516
해운대소방서,202505,23.0,부산,48.0,46,16.006451612903227
해운대소방서,202506,0.0,부산,39.0,40,21.006666666666668
해운대소방서,202506,1.0,부산,39.0,38,20.916666666666668
해운대소방서,202506,2.0,부산,38.0,44,20.866666666666667
해운대소방서,202506,3.0,부산,29.0,28,20.76
해운대소방서,202506,4.0,부산,26.0,25,20.736666666666668
해운대소방서,202506,5.0,부산,28.0,32,20.72
해운대소방서,202506,6.0,부산,49.0,45,20.596666666666668
해운대소방서,202506,7.0,부산,55.0,50,21.183333333333334
해운대소방서,202506,8.0,부산,103.0,78,22.05333333333333
해운대소방서,202506,9.0,부산,96.0,82,22.956666666666667
해운대소방서,202506,10.0,부산,112.0,86,23.426666666666662
해운대소방서,202506,11.0,부산,75.0,63,23.923333333333336
해운대소방서,202506,12.0,부산,76.0,83,24.15333333333333
해운대소방서,202506,13.0,부산,95.0,87,24.22
해운대소방서,202506,14.0,부산,70.0,72,24.42
해운대소방서,202506,15.0,부산,68.0,63,24.216666666666665
해운대소방서,202506,16.0,부산,77.0,65,24.006666666666668
해운대소방서,202506,17.0,부산,68.0,63,23.75333333333333
해운대소방서,202506,18.0,부산,80.0,77,22.95
해운대소방서,202506,19.0,부산,59.0,49,22.28
해운대소방서,202506,20.0,부산,64.0,61,21.696666666666665
해운대소방서,202506,21.0,부산,70.0,68,21.48
해운대소방서,202506,22.0,부산,49.0,55,21.44333333333333
해운대소방서,202506,23.0,부산,45.0,50,21.34
해운대소방서,202507,0.0,부산,55.0,50,26.151612903225807
해운대소방서,202507,1.0,부산,53.0,57,25.93870967741936
해운대소방서,202507,2.0,부산,37.0,36,25.741935483870968
해운대소방서,202507,3.0,부산,57.0,40,25.58709677419355
해운대소방서,202507,4.0,부산,23.0,35,25.503225806451614
해운대소방서,202507,5.0,부산,57.0,52,25.40967741935484
해운대소방서,202507,6.0,부산,64.0,58,25.387096774193548
해운대소방서,202507,7.0,부산,89.0,84,26.22258064516129
해운대소방서,202507,8.0,부산,96.0,81,27.60967741935484
해운대소방서,202507,9.0,부산,105.0,88,28.741935483870968
해운대소방서,202507,10.0,부산,103.0,90,29.570967741935487
해운대소방서,202507,11.0,부산,96.0,84,29.92258064516129
해운대소방서,202507,12.0,부산,78.0,72,30.187096774193545
해운대소방서,202507,13.0,부산,111.0,108,30.22903225806452
해운대소방서,202507,14.0,부산,96.0,83,30.287096774193547
해운대소방서,202507,15.0,부산,103.0,81,30.22903225806452
해운대소방서,202507,16.0,부산,89.0,94,30.14516129032258
해운대소방서,202507,17.0,부산,90.0,75,29.493548387096773
해운대소방서,202507,18.0,부산,111.0,96,28.88064516129032
해운대소방서,202507,19.0,부산,80.0,67,27.887096774193548
해운대소방서,202507,20.0,부산,73.0,65,27.006451612903227
해운대소방서,202507,21.0,부산,91.0,85,26.68064516129032
해운대소방서,202507,22.0,부산,68.0,65,26.493548387096773
해운대소방서,202507,23.0,부산,49.0,56,26.31935483870968
해운대소방서,202508,0.0,부산,72.0,63,27.067741935483877
해운대소방서,202508,1.0,부산,42.0,46,26.89032258064516
해운대소방서,202508,2.0,부산,57.0,52,26.69032258064516
해운대소방서,202508,3.0,부산,40.0,40,26.625806451612902
해운대소방서,202508,4.0,부산,49.0,39,26.41935483870968
해운대소방서,202508,5.0,부산,49.0,37,26.27741935483871
해운대소방서,202508,6.0,부산,64.0,50,26.22903225806452
해운대소방서,202508,7.0,부산,69.0,55,26.748387096774195
해운대소방서,202508,8.0,부산,93.0,94,28.33870967741936
해운대소방서,202508,9.0,부산,112.0,86,29.296774193548387
해운대소방서,202508,10.0,부산,111.0,101,30.04516129032258
해운대소방서,202508,11.0,부산,90.0,79,30.76451612903226
해운대소방서,202508,12.0,부산,112.0,84,30.561290322580643
해운대소방서,202508,13.0,부산,80.0,81,30.64516129032258
해운대소방서,202508,14.0,부산,98.0,91,30.516129032258064
해운대소방서,202508,15.0,부산,81.0,77,30.52258064516129
해운대소방서,202508,16.0,부산,94.0,87,30.29032258064516
해운대소방서,202508,17.0,부산,87.0,72,29.845161290322583
해운대소방서,202508,18.0,부산,99.0,80,29.200000000000003
해운대소방서,202508,19.0,부산,108.0,87,28.08709677419355
해운대소방서,202508,20.0,부산,71.0,65,27.68387096774193
해운대소방서,202508,21.0,부산,88.0,82,27.40967741935484
해운대소방서,202508,22.0,부산,64.0,74,27.26774193548387
해운대소방서,202508,23.0,부산,63.0,64,27.17096774193548
해운대소방서,202509,0.0,부산,65.0,58,24.30333333333333
해운대소방서,202509,1.0,부산,51.0,51,24.21333333333333
해운대소방서,202509,2.0,부산,48.0,38,24.040000000000003
해운대소방서,202509,3.0,부산,31.0,33,23.933333333333334
해운대소방서,202509,4.0,부산,48.0,35,23.84333333333333
해운대소방서,202509,5.0,부산,43.0,42,23.776666666666664
해운대소방서,202509,6.0,부산,62.0,46,23.696666666666665
해운대소방서,202509,7.0,부산,57.0,55,23.936666666666667
해운대소방서,202509,8.0,부산,96.0,79,24.96333333333333
해운대소방서,202509,9.0,부산,99.0,81,26.08
해운대소방서,202509,10.0,부산,84.0,91,27.0
해운대소방서,202509,11.0,부산,105.0,85,27.83333333333333
해운대소방서,202509,12.0,부산,83.0,63,28.113333333333333
해운대소방서,202509,13.0,부산,87.0,76,28.386666666666667
해운대소방서,202509,14.0,부산,107.0,84,28.24
해운대소방서,202509,15.0,부산,85.0,77,28.063333333333333
해운대소방서,202509,16.0,부산,68.0,67,27.65
해운대소방서,202509,17.0,부산,73.0,67,26.996666666666663
해운대소방서,202509,18.0,부산,78.0,68,26.06
해운대소방서,202509,19.0,부산,94.0,80,25.28666666666667
해운대소방서,202509,20.0,부산,73.0,71,24.986666666666668
해운대소방서,202509,21.0,부산,59.0,61,24.636666666666667
해운대소방서,202509,22.0,부산,60.0,57,24.436666666666667
해운대소방서,202509,23.0,부산,29.0,39,24.33333333333333
해운대소방서,202510,0.0,부산,39.0,48,18.448387096774194
해운대소방서,202510,1.0,부산,45.0,37,18.30322580645161
해운대소방서,202510,2.0,부산,37.0,43,18.154838709677417
해운대소방서,202510,3.0,부산,39.0,37,18.003225806451614
해운대소방서,202510,4.0,부산,41.0,41,17.929032258064513
해운대소방서,202510,5.0,부산,50.0,48,17.925806451612903
해운대소방서,202510,6.0,부산,43.0,45,17.864516129032257
해운대소방서,202510,7.0,부산,59.0,50,17.84193548387097
해운대소방서,202510,8.0,부산,102.0,87,18.664516129032258
해운대소방서,202510,9.0,부산,87.0,80,20.016129032258064
해운대소방서,202510,10.0,부산,82.0,84,21.11935483870968
해운대소방서,202510,11.0,부산,85.0,92,21.738709677419354
해운대소방서,202510,12.0,부산,77.0,76,22.24516129032258
해운대소방서,202510,13.0,부산,88.0,87,22.26774193548387
해운대소방서,202510,14.0,부산,72.0,83,22.17419354838709
해운대소방서,202510,15.0,부산,83.0,75,21.983870967741936
해운대소방서,202510,16.0,부산,68.0,71,21.60967741935484
해운대소방서,202510,17.0,부산,74.0,64,20.77741935483871
해운대소방서,202510,18.0,부산,56.0,65,19.712903225806453
해운대소방서,202510,19.0,부산,73.0,83,19.225806451612904
해운대소방서,202510,20.0,부산,53.0,66,18.861290322580647
해운대소방서,202510,21.0,부산,72.0,73,18.654838709677417
해운대소방서,202510,22.0,부산,68.0,61,18.44516129032258
해운대소방서,202510,23.0,부산,54.0,60,18.31290322580645
해운대소방서,202511,0.0,부산,46.0,53,11.173333333333334
해운대소방서,202511,1.0,부산,38.0,43,10.946666666666664
해운대소방서,202511,2.0,부산,24.0,28,10.686666666666667
해운대소방서,202511,3.0,부산,40.0,40,10.483333333333333
해운대소방서,202511,4.0,부산,25.0,20,10.25
해운대소방서,202511,5.0,부산,31.0,33,10.093333333333334
해운대소방서,202511,6.0,부산,43.0,40,9.903333333333334
해운대소방서,202511,7.0,부산,62.0,50,9.74
해운대소방서,202511,8.0,부산,99.0,87,10.69
해운대소방서,202511,9.0,부산,82.0,74,12.44
해운대소방서,202511,10.0,부산,91.0,72,14.09
해운대소방서,202511,11.0,부산,57.0,54,15.066666666666666
해운대소방서,202511,12.0,부산,77.0,61,16.016666666666666
해운대소방서,202511,13.0,부산,77.0,77,16.62333333333333
해운대소방서,202511,14.0,부산,96.0,76,16.903333333333332
해운대소방서,202511,15.0,부산,83.0,75,17.01
해운대소방서,202511,16.0,부산,58.0,72,16.26
해운대소방서,202511,17.0,부산,54.0,55,14.726666666666668
해운대소방서,202511,18.0,부산,89.0,71,13.543333333333331
해운대소방서,202511,19.0,부산,62.0,58,13.003333333333334
해운대소방서,202511,20.0,부산,56.0,59,12.526666666666667
해운대소방서,202511,21.0,부산,60.0,59,12.15
해운대소방서,202511,22.0,부산,56.0,60,11.796666666666663
해운대소방서,202511,23.0,부산,49.0,49,11.443333333333332
해운대소방서,202512,0.0,부산,42.0,42,6.087096774193548
해운대소방서,202512,1.0,부산,46.0,52,5.9
해운대소방서,202512,2.0,부산,19.0,20,5.651612903225806
해운대소방서,202512,3.0,부산,22.0,27,5.361290322580645
해운대소방서,202512,4.0,부산,34.0,33,5.116129032258065
해운대소방서,202512,5.0,부산,37.0,30,4.880645161290323
해운대소방서,202512,6.0,부산,47.0,37,4.680645161290323
해운대소방서,202512,7.0,부산,60.0,51,4.451612903225806
해운대소방서,202512,8.0,부산,76.0,68,4.693548387096774
해운대소방서,202512,9.0,부산,112.0,98,6.077419354838709
해운대소방서,202512,10.0,부산,104.0,75,7.212903225806452
해운대소방서,202512,11.0,부산,85.0,66,8.63225806451613
해운대소방서,202512,12.0,부산,72.0,68,9.341935483870968
해운대소방서,202512,13.0,부산,90.0,74,10.106451612903228
해운대소방서,202512,14.0,부산,88.0,66,10.648387096774194
해운대소방서,202512,15.0,부산,93.0,66,10.680645161290323
해운대소방서,202512,16.0,부산,94.0,77,10.23225806451613
해운대소방서,202512,17.0,부산,78.0,62,8.63225806451613
해운대소방서,202512,18.0,부산,94.0,85,7.670967741935483
해운대소방서,202512,19.0,부산,59.0,66,7.151612903225806
해운대소방서,202512,20.0,부산,56.0,58,6.693548387096774
해운대소방서,202512,21.0,부산,80.0,74,6.403225806451613
해운대소방서,202512,22.0,부산,48.0,53,6.083870967741936
해운대소방서,202512,23.0,부산,41.0,47,5.780645161290322
