연월,시간대,지역,평균기온,최저기온,최고기온,평균습도,최저습도,최고습도,평균풍속,최저풍속,최고풍속
201701,0,원주,-3.129032258064516,-10.3,6.5,65.41935483870968,26.0,93.0,0.6451612903225806,0.0,2.6
201701,1,원주,-3.467741935483871,-10.9,5.9,66.96774193548387,28.0,93.0,0.6548387096774194,0.0,2.7
201701,2,원주,-3.796774193548387,-12.2,5.3,68.64516129032258,29.0,91.0,0.5774193548387097,0.0,3.2
201701,3,원주,-4.103225806451613,-12.9,5.1,69.51612903225806,31.0,91.0,0.6548387096774194,0.0,3.2
201701,4,원주,-4.548387096774194,-13.1,4.8,70.3225806451613,36.0,88.0,0.7096774193548387,0.0,3.6
201701,5,원주,-4.94516129032258,-14.0,4.6,71.54838709677419,38.0,87.0,0.5096774193548387,0.0,3.0
201701,6,원주,-5.312903225806451,-14.2,4.5,72.35483870967742,38.0,90.0,0.44516129032258067,0.0,2.3
201701,7,원주,-5.6,-14.7,4.3,73.3225806451613,42.0,90.0,0.46774193548387094,0.0,2.7
201701,8,원주,-5.764516129032257,-14.9,4.1,73.51612903225806,37.0,90.0,0.5225806451612903,0.0,2.9
201701,9,원주,-4.922580645161291,-13.6,4.0,69.3225806451613,31.0,92.0,0.6516129032258065,0.0,2.6
201701,10,원주,-3.6516129032258067,-11.3,5.4,63.45161290322581,24.0,93.0,0.6483870967741936,0.0,2.7
201701,11,원주,-2.3290322580645157,-8.7,6.7,55.54838709677419,19.0,83.0,0.9838709677419355,0.0,2.8
201701,12,원주,-0.8548387096774194,-7.7,9.5,50.483870967741936,22.0,78.0,1.0935483870967742,0.0,3.1
201701,13,원주,0.5064516129032258,-6.8,11.4,46.67741935483871,22.0,75.0,1.1838709677419357,0.0,3.4
201701,14,원주,1.3483870967741935,-5.7,11.9,43.12903225806452,19.0,70.0,1.4516129032258065,0.0,3.5
201701,15,원주,1.8580645161290323,-5.3,11.2,41.54838709677419,18.0,76.0,1.474193548387097,0.0,3.8
201701,16,원주,1.8838709677419356,-4.7,11.1,40.935483870967744,17.0,84.0,1.535483870967742,0.0,4.2
201701,17,원주,1.467741935483871,-5.3,10.4,42.225806451612904,20.0,87.0,1.2451612903225806,0.0,3.9
201701,18,원주,0.567741935483871,-6.0,9.9,46.70967741935484,18.0,89.0,1.0032258064516129,0.0,2.7
201701,19,원주,-0.3806451612903226,-6.4,8.7,52.193548387096776,21.0,91.0,0.9387096774193548,0.0,3.0
201701,20,원주,-1.1225806451612905,-6.8,8.2,56.354838709677416,22.0,92.0,0.6838709677419355,0.0,2.1
201701,21,원주,-1.832258064516129,-7.7,8.0,59.83870967741935,26.0,92.0,0.6161290322580646,0.0,2.6
201701,22,원주,-2.3,-9.3,8.1,61.645161290322584,25.0,93.0,0.6903225806451613,0.0,2.1
201701,23,원주,-2.835483870967742,-9.8,7.5,63.483870967741936,25.0,93.0,0.567741935483871,0.0,3.1
201702,0,원주,-1.2285714285714284,-7.3,8.7,65.75,47.0,88.0,0.6642857142857144,0.0,2.0
201702,1,원주,-1.7750000000000001,-8.0,10.1,67.57142857142857,50.0,89.0,0.6928571428571428,0.0,2.4
201702,2,원주,-2.210714285714286,-8.1,9.7,69.17857142857143,51.0,91.0,0.6785714285714286,0.0,2.8
201702,3,원주,-2.6285714285714286,-8.9,9.1,71.10714285714286,53.0,92.0,0.5785714285714285,0.0,3.5
201702,4,원주,-3.0535714285714284,-9.3,8.7,71.89285714285714,52.0,92.0,0.6321428571428571,0.0,3.1
201702,5,원주,-3.375,-9.8,8.1,72.92857142857143,53.0,92.0,0.5785714285714285,0.0,2.0
201702,6,원주,-3.7214285714285715,-10.1,7.4,74.03571428571429,54.0,89.0,0.5071428571428571,0.0,2.3
201702,7,원주,-4.060714285714286,-10.9,6.7,74.32142857142857,55.0,87.0,0.5857142857142856,0.0,2.4
201702,8,원주,-3.9035714285714285,-11.3,5.9,72.85714285714286,53.0,86.0,0.5642857142857143,0.0,2.7
201702,9,원주,-2.914285714285714,-9.6,5.0,66.60714285714286,46.0,84.0,0.9,0.0,3.7
201702,10,원주,-1.675,-7.5,4.3,59.785714285714285,39.0,78.0,0.9357142857142857,0.0,3.6
201702,11,원주,0.017857142857142856,-5.8,5.3,51.392857142857146,35.0,88.0,1.1500000000000001,0.1,3.0
201702,12,원주,1.5571428571428572,-4.1,8.7,43.642857142857146,23.0,87.0,1.457142857142857,0.1,3.5
201702,13,원주,2.707142857142857,-4.0,10.8,38.107142857142854,24.0,89.0,1.7857142857142858,0.4,3.4
201702,14,원주,3.6392857142857147,-3.9,12.4,35.285714285714285,22.0,89.0,1.9035714285714285,0.6,3.8
201702,15,원주,3.982142857142857,-2.8,12.5,34.142857142857146,18.0,90.0,2.1928571428571426,0.6,4.7
201702,16,원주,4.107142857142857,-2.5,12.4,34.42857142857143,16.0,90.0,1.9464285714285714,0.5,3.8
201702,17,원주,3.8249999999999997,-2.7,11.3,36.535714285714285,18.0,91.0,1.75,0.0,3.9
201702,18,원주,3.0749999999999997,-3.6,11.3,40.607142857142854,20.0,92.0,1.4642857142857142,0.1,3.7
201702,19,원주,2.1714285714285713,-4.4,10.9,46.25,24.0,92.0,1.3357142857142856,0.1,2.9
201702,20,원주,1.2785714285714285,-4.7,10.3,51.392857142857146,31.0,92.0,1.1714285714285713,0.0,3.1
201702,21,원주,0.5928571428571429,-5.1,10.3,55.285714285714285,39.0,92.0,0.9428571428571428,0.0,3.2
201702,22,원주,0.1821428571428571,-5.5,10.5,58.0,42.0,92.0,0.8571428571428571,0.0,2.9
201702,23,원주,-0.47142857142857153,-6.3,9.2,61.642857142857146,45.0,92.0,0.6607142857142857,0.0,2.7
201703,0,원주,4.038709677419355,-2.3,9.4,57.58064516129032,37.0,93.0,0.5451612903225806,0.0,1.9
201703,1,원주,3.4387096774193546,-2.6,9.0,60.0,40.0,93.0,0.5935483870967742,0.0,1.8
201703,2,원주,2.838709677419355,-3.0,9.3,62.516129032258064,42.0,94.0,0.6290322580645161,0.0,2.8
201703,3,원주,2.3806451612903223,-3.2,9.6,64.45161290322581,46.0,94.0,0.6322580645161291,0.0,1.9
201703,4,원주,1.8129032258064517,-3.7,9.3,66.3225806451613,48.0,94.0,0.5548387096774193,0.0,2.9
201703,5,원주,1.3580645161290323,-4.1,9.5,67.35483870967742,48.0,94.0,0.48709677419354835,0.0,2.2
201703,6,원주,0.9774193548387097,-4.3,8.9,68.41935483870968,49.0,94.0,0.4967741935483871,0.0,2.1
201703,7,원주,0.6451612903225806,-4.8,8.7,70.64516129032258,51.0,94.0,0.6193548387096774,0.0,2.5
201703,8,원주,1.4451612903225806,-3.4,9.0,67.3225806451613,36.0,93.0,0.6387096774193549,0.0,2.9
201703,9,원주,2.9129032258064513,-2.2,8.9,60.38709677419355,31.0,90.0,0.9225806451612903,0.0,3.1
201703,10,원주,4.761290322580645,-1.1,8.8,51.70967741935484,26.0,88.0,1.035483870967742,0.1,2.4
201703,11,원주,6.719354838709678,0.6,11.1,42.67741935483871,22.0,85.0,1.2451612903225806,0.4,3.2
201703,12,원주,8.329032258064515,1.7,13.7,37.096774193548384,20.0,78.0,1.3387096774193548,0.1,4.4
201703,13,원주,9.312903225806451,2.2,15.1,35.483870967741936,15.0,81.0,1.8193548387096774,0.2,3.8
201703,14,원주,9.941935483870967,2.0,16.3,33.25806451612903,14.0,82.0,1.8903225806451613,0.6,3.6
201703,15,원주,10.296774193548387,2.7,16.7,31.548387096774192,13.0,83.0,1.9387096774193548,0.9,4.5
201703,16,원주,10.480645161290322,2.6,17.4,30.161290322580644,12.0,84.0,1.974193548387097,0.7,4.2
201703,17,원주,10.23225806451613,2.2,17.3,30.29032258064516,11.0,88.0,1.8935483870967742,0.5,4.4
201703,18,원주,9.674193548387096,1.3,16.8,32.354838709677416,14.0,90.0,1.6548387096774193,0.2,4.0
201703,19,원주,8.62258064516129,0.0,15.4,36.483870967741936,18.0,90.0,1.570967741935484,0.0,3.7
201703,20,원주,7.335483870967742,-0.8,13.4,41.806451612903224,18.0,88.0,1.403225806451613,0.2,3.1
201703,21,원주,6.425806451612903,-1.3,11.9,46.12903225806452,19.0,87.0,1.1870967741935483,0.2,3.0
201703,22,원주,5.574193548387097,-1.6,10.8,50.38709677419355,23.0,88.0,0.9387096774193548,0.0,2.8
201703,23,원주,4.716129032258064,-2.0,10.1,55.67741935483871,32.0,91.0,0.7483870967741936,0.0,2.2
201704,0,원주,11.4,5.0,16.5,53.8,16.0,89.0,0.7366666666666667,0.0,3.0
201704,1,원주,10.823333333333332,4.4,15.9,56.43333333333333,23.0,91.0,0.6333333333333333,0.0,2.7
201704,2,원주,10.25,3.8,15.1,59.3,27.0,90.0,0.56,0.0,1.9
201704,3,원주,9.563333333333333,2.9,14.4,62.166666666666664,29.0,90.0,0.48333333333333334,0.0,1.8
201704,4,원주,9.06,3.0,13.9,65.3,33.0,91.0,0.44,0.0,1.2
201704,5,원주,8.48,2.4,13.6,68.36666666666666,46.0,92.0,0.5233333333333333,0.0,1.5
201704,6,원주,8.053333333333333,1.9,13.6,70.73333333333333,44.0,93.0,0.4766666666666667,0.0,1.3
201704,7,원주,8.493333333333334,1.8,14.0,69.26666666666667,46.0,94.0,0.6266666666666667,0.0,1.8
201704,8,원주,9.846666666666666,1.5,14.5,62.833333333333336,30.0,94.0,0.7233333333333333,0.0,1.6
201704,9,원주,11.7,1.9,16.6,54.96666666666667,18.0,94.0,0.9733333333333333,0.0,3.1
201704,10,원주,13.613333333333333,3.1,20.5,46.4,9.0,93.0,1.3866666666666667,0.3,3.8
201704,11,원주,15.383333333333333,6.3,22.3,40.4,7.0,81.0,1.5666666666666667,0.3,3.9
201704,12,원주,16.846666666666668,8.9,23.6,34.833333333333336,9.0,80.0,1.8133333333333332,0.5,5.7
201704,13,원주,17.873333333333335,7.7,25.7,32.166666666666664,6.0,83.0,2.19,0.1,5.1
201704,14,원주,18.493333333333332,9.3,26.0,29.7,5.0,77.0,2.503333333333333,0.8,5.3
201704,15,원주,18.803333333333335,8.3,27.3,29.566666666666666,7.0,85.0,2.7,1.2,6.0
201704,16,원주,18.663333333333334,8.0,27.3,30.2,8.0,82.0,2.65,0.6,5.4
201704,17,원주,18.323333333333334,7.5,27.0,31.866666666666667,8.0,82.0,2.43,0.9,4.6
201704,18,원주,17.67,7.1,25.9,33.63333333333333,8.0,78.0,2.4033333333333333,0.3,4.2
201704,19,원주,16.55,5.7,24.6,35.9,9.0,80.0,1.9633333333333334,0.0,3.5
201704,20,원주,15.43,5.4,23.0,39.833333333333336,11.0,81.0,1.7433333333333332,0.5,3.9
201704,21,원주,14.463333333333333,5.6,21.5,43.3,11.0,84.0,1.3133333333333332,0.0,2.8
201704,22,원주,13.556666666666667,5.2,20.1,46.2,11.0,86.0,1.0533333333333335,0.0,2.4
201704,23,원주,12.67,5.3,18.6,49.4,12.0,86.0,0.9066666666666666,0.0,2.7
201705,0,원주,16.48709677419355,12.4,21.2,58.096774193548384,28.0,89.0,0.8064516129032258,0.0,2.8
201705,1,원주,15.761290322580646,11.7,20.4,60.645161290322584,29.0,89.0,0.667741935483871,0.0,2.9
201705,2,원주,14.980645161290322,11.1,19.5,62.83870967741935,40.0,90.0,0.4645161290322581,0.0,2.3
201705,3,원주,14.364516129032259,10.2,19.3,65.03225806451613,18.0,93.0,0.5129032258064516,0.0,2.1
201705,4,원주,13.729032258064517,9.4,19.0,68.16129032258064,18.0,94.0,0.48709677419354835,0.0,2.0
201705,5,원주,13.17741935483871,8.4,18.6,71.3225806451613,26.0,94.0,0.4096774193548387,0.0,1.9
201705,6,원주,13.01290322580645,8.4,18.2,72.3225806451613,28.0,94.0,0.47096774193548385,0.0,1.7
201705,7,원주,13.961290322580645,9.4,18.5,68.19354838709677,26.0,94.0,0.5709677419354838,0.0,2.2
201705,8,원주,15.345161290322581,11.6,20.0,61.096774193548384,21.0,94.0,0.7193548387096774,0.0,2.4
201705,9,원주,17.251612903225805,13.6,22.6,52.32258064516129,17.0,90.0,0.8741935483870968,0.0,3.2
201705,10,원주,19.40967741935484,14.6,24.4,44.38709677419355,11.0,80.0,1.103225806451613,0.1,3.0
201705,11,원주,20.958064516129035,15.6,25.9,40.03225806451613,14.0,77.0,1.4451612903225806,0.3,4.3
201705,12,원주,22.27741935483871,16.5,26.3,36.0,13.0,72.0,1.7451612903225806,0.7,4.4
201705,13,원주,23.296774193548387,16.8,27.8,33.806451612903224,11.0,68.0,2.164516129032258,0.7,4.9
201705,14,원주,23.88064516129032,16.5,28.4,32.70967741935484,12.0,71.0,2.2225806451612904,0.9,4.6
201705,15,원주,24.338709677419356,18.0,29.2,31.258064516129032,13.0,61.0,2.2903225806451615,1.3,4.3
201705,16,원주,24.061290322580643,17.6,29.5,31.93548387096774,11.0,82.0,2.261290322580645,1.0,5.6
201705,17,원주,23.774193548387096,17.4,28.8,33.225806451612904,12.0,77.0,2.2483870967741937,0.6,4.2
201705,18,원주,22.864516129032257,17.0,28.5,35.32258064516129,15.0,77.0,2.1548387096774193,0.3,4.4
201705,19,원주,21.76451612903226,14.9,27.1,38.54838709677419,15.0,81.0,1.6193548387096774,0.0,3.5
201705,20,원주,20.451612903225808,14.9,25.5,43.225806451612904,20.0,78.0,1.3870967741935485,0.0,2.9
201705,21,원주,19.393548387096775,14.1,24.4,47.03225806451613,22.0,80.0,1.2580645161290323,0.0,2.9
201705,22,원주,18.38064516129032,13.4,23.3,50.96774193548387,24.0,81.0,1.0516129032258066,0.0,2.5
201705,23,원주,17.532258064516128,12.9,22.6,54.064516129032256,26.0,87.0,0.8516129032258064,0.0,2.8
201706,0,원주,19.933333333333334,14.1,25.5,61.56666666666667,41.0,90.0,1.1066666666666667,0.0,3.0
201706,1,원주,19.38,14.0,25.0,64.16666666666667,43.0,90.0,0.91,0.0,4.9
201706,2,원주,18.743333333333332,14.3,24.1,67.36666666666666,44.0,91.0,0.8333333333333334,0.0,3.3
201706,3,원주,18.246666666666666,13.7,23.9,69.13333333333334,45.0,90.0,0.62,0.0,2.6
201706,4,원주,17.883333333333333,12.9,23.3,71.7,43.0,91.0,0.6566666666666666,0.0,2.2
201706,5,원주,17.513333333333332,12.4,23.1,73.46666666666667,44.0,91.0,0.7833333333333333,0.0,2.3
201706,6,원주,17.44333333333333,12.2,22.6,74.06666666666666,52.0,91.0,0.5933333333333334,0.0,2.0
201706,7,원주,18.15,14.1,23.0,71.53333333333333,53.0,89.0,0.7966666666666667,0.0,1.8
201706,8,원주,19.383333333333333,15.7,23.6,65.2,49.0,84.0,0.7166666666666667,0.1,1.8
201706,9,원주,21.02,17.0,24.9,56.7,34.0,85.0,0.7966666666666667,0.0,1.6
201706,10,원주,22.736666666666668,17.9,26.9,49.766666666666666,26.0,81.0,1.0799999999999998,0.5,2.3
201706,11,원주,23.94,18.8,28.5,44.9,22.0,83.0,1.3166666666666667,0.6,2.0
201706,12,원주,24.886666666666667,16.7,29.3,41.7,17.0,85.0,1.4233333333333333,0.4,2.5
201706,13,원주,25.813333333333333,17.7,31.5,39.266666666666666,16.0,82.0,1.5833333333333333,0.6,2.4
201706,14,원주,26.663333333333334,18.8,32.0,36.8,18.0,87.0,1.6900000000000002,0.8,2.9
201706,15,원주,26.933333333333334,18.7,33.4,35.63333333333333,19.0,88.0,1.8766666666666665,0.7,2.8
201706,16,원주,26.94333333333333,18.6,33.3,35.53333333333333,16.0,90.0,1.88,0.6,4.1
201706,17,원주,26.413333333333334,18.4,31.9,37.833333333333336,17.0,89.0,1.98,0.3,3.1
201706,18,원주,25.723333333333336,16.1,31.9,41.63333333333333,18.0,89.0,1.8599999999999999,0.2,2.9
201706,19,원주,24.686666666666667,16.1,31.2,45.166666666666664,21.0,88.0,1.6966666666666665,0.3,3.1
201706,20,원주,23.46333333333333,14.6,29.2,49.96666666666667,28.0,88.0,1.4266666666666667,0.4,3.1
201706,21,원주,22.383333333333333,14.1,28.3,54.2,32.0,88.0,1.2166666666666666,0.0,2.5
201706,22,원주,21.44,14.2,27.4,56.93333333333333,32.0,88.0,1.1033333333333333,0.1,2.9
201706,23,원주,20.73,14.5,26.1,58.833333333333336,31.0,90.0,1.1466666666666667,0.0,3.3
201707,0,원주,24.606451612903225,22.4,27.8,80.06451612903226,60.0,91.0,0.7161290322580645,0.0,1.6
201707,1,원주,24.306451612903224,22.1,27.8,80.96774193548387,60.0,92.0,0.7419354838709677,0.0,3.5
201707,2,원주,23.980645161290322,22.2,27.2,82.7741935483871,61.0,92.0,0.6129032258064516,0.0,2.5
201707,3,원주,23.870967741935484,22.2,26.5,83.80645161290323,63.0,93.0,0.5709677419354838,0.0,3.1
201707,4,원주,23.58709677419355,21.7,26.6,85.0,70.0,92.0,0.5774193548387097,0.0,1.5
201707,5,원주,23.419354838709676,21.4,26.5,85.29032258064517,71.0,93.0,0.5903225806451613,0.0,2.4
201707,6,원주,23.383870967741935,21.3,26.4,85.64516129032258,72.0,93.0,0.43870967741935485,0.0,2.3
201707,7,원주,23.74516129032258,21.7,26.4,84.29032258064517,70.0,93.0,0.45161290322580644,0.0,2.4
201707,8,원주,24.358064516129033,22.0,27.7,80.87096774193549,65.0,91.0,0.6709677419354839,0.0,2.1
201707,9,원주,24.958064516129035,22.8,28.0,77.6774193548387,58.0,91.0,0.8032258064516129,0.2,1.9
201707,10,원주,25.741935483870968,22.7,28.2,73.87096774193549,50.0,92.0,0.8838709677419354,0.1,1.7
201707,11,원주,26.438709677419357,23.2,29.2,70.61290322580645,42.0,91.0,1.1612903225806452,0.3,2.7
201707,12,원주,27.177419354838708,23.2,30.5,66.90322580645162,41.0,91.0,1.2870967741935484,0.0,2.5
201707,13,원주,27.641935483870967,23.9,31.9,65.58064516129032,40.0,90.0,1.3419354838709678,0.1,2.4
201707,14,원주,28.051612903225806,24.4,31.6,64.35483870967742,41.0,89.0,1.4096774193548387,0.1,3.1
201707,15,원주,28.36774193548387,24.2,32.3,62.903225806451616,39.0,88.0,1.4483870967741934,0.0,2.8
201707,16,원주,28.24516129032258,24.0,32.4,63.03225806451613,38.0,89.0,1.4225806451612903,0.3,3.3
201707,17,원주,27.95483870967742,22.4,32.5,64.6774193548387,34.0,92.0,1.3193548387096774,0.3,2.5
201707,18,원주,27.48709677419355,23.3,31.5,67.48387096774194,40.0,91.0,1.2032258064516128,0.2,2.9
201707,19,원주,26.88064516129032,22.6,30.4,70.74193548387096,41.0,90.0,1.0774193548387097,0.1,2.8
201707,20,원주,26.193548387096776,22.3,29.3,74.83870967741936,51.0,90.0,1.0161290322580645,0.0,2.6
201707,21,원주,25.62258064516129,22.5,28.3,77.03225806451613,59.0,90.0,0.8419354838709678,0.0,2.5
201707,22,원주,25.135483870967743,22.7,28.5,78.96774193548387,59.0,91.0,0.8258064516129032,0.0,2.1
201707,23,원주,24.81935483870968,22.6,27.7,79.7741935483871,56.0,91.0,0.6064516129032258,0.0,2.1
201708,0,원주,23.0,16.1,27.9,78.12903225806451,64.0,92.0,0.6935483870967742,0.0,3.2
201708,1,원주,22.68064516129032,16.2,27.6,79.83870967741936,63.0,92.0,0.8,0.0,3.1
201708,2,원주,22.358064516129033,15.8,27.2,81.87096774193549,64.0,92.0,0.7612903225806452,0.0,2.2
201708,3,원주,21.96451612903226,15.6,26.5,84.06451612903226,72.0,92.0,0.6290322580645161,0.0,1.4
201708,4,원주,21.661290322580644,15.1,26.6,85.93548387096774,74.0,92.0,0.5741935483870968,0.0,2.1
201708,5,원주,21.493548387096773,14.6,26.6,86.03225806451613,74.0,92.0,0.635483870967742,0.0,2.2
201708,6,원주,21.322580645161292,14.3,26.3,87.25806451612904,77.0,93.0,0.5967741935483871,0.0,2.0
201708,7,원주,21.73225806451613,14.2,26.4,84.3225806451613,65.0,93.0,0.6838709677419355,0.0,2.3
201708,8,원주,22.393548387096775,14.6,28.7,81.51612903225806,61.0,92.0,0.8741935483870968,0.0,2.7
201708,9,원주,23.506451612903227,16.3,29.0,75.45161290322581,55.0,91.0,0.9193548387096774,0.1,2.0
201708,10,원주,24.68064516129032,17.0,30.9,69.7741935483871,51.0,91.0,0.9483870967741935,0.1,3.5
201708,11,원주,25.629032258064516,17.1,31.6,64.96774193548387,32.0,91.0,1.164516129032258,0.0,2.6
201708,12,원주,26.516129032258064,18.2,32.7,61.0,33.0,90.0,1.3387096774193548,0.3,2.5
201708,13,원주,26.758064516129032,19.1,32.8,61.903225806451616,32.0,91.0,1.3903225806451613,0.1,3.0
201708,14,원주,27.46451612903226,19.7,34.0,58.0,30.0,90.0,1.4193548387096775,0.6,3.5
201708,15,원주,27.483870967741936,19.7,34.5,57.774193548387096,26.0,90.0,1.6064516129032258,0.3,3.6
201708,16,원주,27.20967741935484,19.5,33.0,60.16129032258065,31.0,91.0,1.5032258064516129,0.1,3.1
201708,17,원주,26.919354838709676,19.9,33.2,61.96774193548387,29.0,92.0,1.3129032258064517,0.2,2.6
201708,18,원주,26.358064516129033,19.7,32.3,62.54838709677419,31.0,91.0,1.3419354838709678,0.1,4.0
201708,19,원주,25.59032258064516,18.9,31.3,66.7741935483871,36.0,90.0,1.0096774193548388,0.0,2.6
201708,20,원주,24.503225806451614,17.7,29.8,72.7741935483871,54.0,91.0,0.9838709677419355,0.1,3.6
201708,21,원주,23.90967741935484,17.1,29.4,73.74193548387096,45.0,92.0,0.9387096774193548,0.0,1.9
201708,22,원주,23.529032258064515,16.8,28.9,75.03225806451613,52.0,92.0,0.7709677419354839,0.0,1.9
201708,23,원주,23.13225806451613,16.4,28.4,76.54838709677419,63.0,91.0,0.7580645161290323,0.0,2.0
201709,0,원주,17.583333333333332,11.6,20.8,76.06666666666666,50.0,87.0,0.64,0.0,2.0
201709,1,원주,17.08,11.3,20.4,79.13333333333334,46.0,88.0,0.5533333333333333,0.0,2.1
201709,2,원주,16.64,10.5,20.6,80.73333333333333,52.0,91.0,0.39333333333333337,0.0,1.1
201709,3,원주,16.153333333333332,10.1,19.8,83.13333333333334,68.0,91.0,0.51,0.0,1.7
201709,4,원주,15.8,10.1,19.6,83.66666666666667,69.0,92.0,0.36666666666666664,0.0,1.3
201709,5,원주,15.496666666666666,9.5,19.3,84.13333333333334,60.0,93.0,0.31666666666666665,0.0,1.1
201709,6,원주,15.166666666666666,9.0,19.0,85.7,73.0,93.0,0.3266666666666667,0.0,1.0
201709,7,원주,15.253333333333334,8.5,19.1,84.33333333333333,65.0,94.0,0.46,0.0,1.8
201709,8,원주,16.33,10.7,19.5,79.2,50.0,94.0,0.3733333333333333,0.0,1.9
201709,9,원주,17.956666666666667,13.2,20.6,71.43333333333334,42.0,91.0,0.5733333333333334,0.0,1.5
201709,10,원주,19.65,15.4,23.1,63.36666666666667,40.0,88.0,0.8433333333333334,0.0,2.0
201709,11,원주,21.476666666666667,16.2,24.4,55.9,28.0,83.0,0.9666666666666667,0.0,2.9
201709,12,원주,22.646666666666665,16.8,26.0,52.1,22.0,77.0,1.1333333333333333,0.3,2.9
201709,13,원주,23.52,17.4,27.4,49.233333333333334,27.0,76.0,1.3566666666666665,0.4,3.9
201709,14,원주,24.003333333333334,19.1,27.6,47.4,24.0,75.0,1.6266666666666665,0.4,4.1
201709,15,원주,24.163333333333334,18.9,27.6,47.266666666666666,23.0,84.0,1.6233333333333335,0.5,4.7
201709,16,원주,24.19,19.3,26.9,46.03333333333333,22.0,72.0,1.5633333333333332,0.4,4.6
201709,17,원주,23.73,18.4,26.6,48.5,27.0,72.0,1.4166666666666667,0.6,3.1
201709,18,원주,22.92,17.7,25.9,51.93333333333333,31.0,78.0,1.28,0.2,3.0
201709,19,원주,21.336666666666666,15.9,24.0,59.166666666666664,37.0,80.0,1.03,0.0,3.4
201709,20,원주,20.2,14.4,23.2,63.7,42.0,83.0,1.1533333333333333,0.1,2.9
201709,21,원주,19.553333333333335,13.5,23.2,66.3,49.0,86.0,0.7733333333333333,0.0,3.0
201709,22,원주,18.82,12.8,22.5,70.0,52.0,88.0,0.6466666666666666,0.0,3.3
201709,23,원주,18.166666666666668,12.1,21.4,73.16666666666667,55.0,86.0,0.58,0.0,2.7
201710,0,원주,12.983870967741936,3.5,21.4,73.80645161290323,37.0,92.0,0.5258064516129033,0.0,2.1
201710,1,원주,12.490322580645161,2.6,21.9,75.87096774193549,41.0,92.0,0.4806451612903226,0.0,2.3
201710,2,원주,12.048387096774194,1.9,21.2,78.90322580645162,51.0,91.0,0.4645161290322581,0.0,2.1
201710,3,원주,11.687096774193549,1.4,21.9,80.35483870967742,57.0,92.0,0.3870967741935484,0.0,2.1
201710,4,원주,11.351612903225806,0.7,21.8,80.96774193548387,60.0,92.0,0.43870967741935485,0.0,2.5
201710,5,원주,11.02258064516129,0.3,20.5,82.12903225806451,61.0,92.0,0.25161290322580643,0.0,1.5
201710,6,원주,10.77741935483871,0.0,19.3,82.90322580645162,64.0,93.0,0.35161290322580646,0.0,1.5
201710,7,원주,10.603225806451613,-0.6,18.3,83.03225806451613,65.0,94.0,0.3870967741935484,0.0,1.4
201710,8,원주,11.27741935483871,0.8,18.0,79.7741935483871,63.0,94.0,0.4838709677419355,0.0,2.7
201710,9,원주,12.770967741935483,3.1,20.2,72.41935483870968,56.0,93.0,0.3548387096774194,0.0,1.4
201710,10,원주,14.670967741935485,5.7,21.7,64.12903225806451,40.0,89.0,0.6193548387096774,0.0,1.4
201710,11,원주,16.596774193548388,8.7,22.2,55.54838709677419,29.0,87.0,0.9612903225806452,0.2,3.1
201710,12,원주,17.887096774193548,10.2,23.3,49.83870967741935,21.0,84.0,1.0741935483870966,0.1,3.8
201710,13,원주,18.903225806451612,11.2,24.5,46.0,20.0,83.0,1.396774193548387,0.0,3.8
201710,14,원주,19.370967741935484,12.2,24.8,44.41935483870968,19.0,82.0,1.4064516129032258,0.0,5.7
201710,15,원주,19.551612903225806,12.3,25.3,44.16129032258065,17.0,82.0,1.3161290322580643,0.0,4.2
201710,16,원주,19.383870967741935,12.6,25.2,44.74193548387097,14.0,82.0,1.261290322580645,0.3,3.3
201710,17,원주,18.62258064516129,11.5,24.3,47.32258064516129,15.0,84.0,1.303225806451613,0.3,4.7
201710,18,원주,17.25483870967742,10.2,23.2,54.16129032258065,20.0,82.0,1.0032258064516129,0.0,3.3
201710,19,원주,15.87741935483871,8.4,22.2,60.67741935483871,28.0,85.0,0.8483870967741935,0.0,3.2
201710,20,원주,15.058064516129033,6.7,21.7,63.61290322580645,39.0,87.0,0.7419354838709677,0.0,2.6
201710,21,원주,14.341935483870968,5.8,21.6,66.54838709677419,35.0,88.0,0.6612903225806451,0.0,3.6
201710,22,원주,13.80967741935484,5.2,21.2,68.93548387096774,35.0,90.0,0.6129032258064516,0.0,2.5
201710,23,원주,13.209677419354838,4.4,20.5,71.19354838709677,35.0,91.0,0.6645161290322581,0.0,2.4
201711,0,원주,3.853333333333333,-3.3,14.7,65.7,31.0,90.0,0.63,0.0,2.6
201711,1,원주,3.31,-3.6,14.5,69.03333333333333,35.0,92.0,0.4533333333333333,0.0,2.0
201711,2,원주,2.8733333333333335,-4.5,14.4,71.5,37.0,92.0,0.23666666666666666,0.0,1.9
201711,3,원주,2.636666666666667,-4.8,14.0,71.13333333333334,35.0,92.0,0.3333333333333333,0.0,1.5
201711,4,원주,2.2633333333333336,-5.5,13.9,72.73333333333333,34.0,92.0,0.17666666666666667,0.0,0.9
201711,5,원주,1.9933333333333332,-5.8,13.5,73.86666666666666,38.0,92.0,0.25666666666666665,0.0,2.3
201711,6,원주,1.62,-6.2,12.6,75.76666666666667,42.0,92.0,0.26999999999999996,0.0,0.9
201711,7,원주,1.46,-6.1,13.2,76.2,43.0,91.0,0.22666666666666666,0.0,0.8
201711,8,원주,1.8966666666666667,-5.6,13.5,74.9,37.0,91.0,0.3333333333333333,0.0,1.3
201711,9,원주,3.1233333333333335,-4.6,14.6,68.03333333333333,34.0,91.0,0.45,0.0,1.4
201711,10,원주,4.513333333333334,-2.7,15.7,59.56666666666667,29.0,91.0,0.74,0.0,2.1
201711,11,원주,6.153333333333333,-1.4,16.5,51.96666666666667,25.0,87.0,0.8966666666666666,0.0,3.1
201711,12,원주,7.716666666666667,0.7,17.0,47.1,19.0,85.0,1.2766666666666666,0.0,3.7
201711,13,원주,8.78,1.5,17.6,41.4,16.0,80.0,1.4066666666666667,0.2,3.8
201711,14,원주,9.413333333333332,2.4,17.7,39.56666666666667,14.0,78.0,1.7366666666666668,0.2,4.0
201711,15,원주,9.6,2.5,18.0,38.733333333333334,13.0,84.0,1.7866666666666666,0.1,5.7
201711,16,원주,9.373333333333333,1.7,17.9,39.0,14.0,86.0,1.5633333333333332,0.1,3.7
201711,17,원주,8.58,1.1,17.5,41.266666666666666,13.0,89.0,1.5166666666666666,0.0,4.9
201711,18,원주,7.47,-0.1,16.3,46.36666666666667,15.0,91.0,1.0033333333333334,0.0,3.5
201711,19,원주,6.493333333333334,-0.4,15.4,51.733333333333334,20.0,91.0,0.9133333333333333,0.0,2.7
201711,20,원주,5.693333333333333,-1.0,15.3,55.13333333333333,21.0,88.0,0.7900000000000001,0.0,2.4
201711,21,원주,5.0633333333333335,-1.6,14.6,58.13333333333333,21.0,90.0,0.6533333333333334,0.0,2.6
201711,22,원주,4.7,-2.2,15.3,59.86666666666667,25.0,87.0,0.66,0.0,2.1
201711,23,원주,4.083333333333333,-2.6,14.2,61.333333333333336,21.0,87.0,0.6833333333333333,0.0,2.6
201712,0,원주,-2.8548387096774195,-9.6,2.7,59.483870967741936,22.0,93.0,0.6741935483870968,0.0,2.8
201712,1,원주,-3.2129032258064516,-10.2,2.6,60.25806451612903,23.0,93.0,0.7903225806451613,0.0,3.0
201712,2,원주,-3.606451612903226,-10.9,2.4,63.064516129032256,25.0,93.0,0.5935483870967742,0.0,2.1
201712,3,원주,-3.916129032258065,-11.5,2.2,64.61290322580645,28.0,93.0,0.6322580645161291,0.0,2.9
201712,4,원주,-4.216129032258064,-11.8,2.3,65.93548387096774,31.0,93.0,0.5419354838709678,0.0,2.4
201712,5,원주,-4.390322580645161,-12.0,2.7,67.38709677419355,31.0,93.0,0.5806451612903226,0.0,2.1
201712,6,원주,-4.699999999999999,-12.2,2.8,68.54838709677419,26.0,93.0,0.49354838709677423,0.0,2.0
201712,7,원주,-4.883870967741935,-13.0,2.9,69.16129032258064,27.0,93.0,0.6580645161290322,0.0,2.3
201712,8,원주,-4.964516129032258,-13.3,2.6,70.19354838709677,31.0,91.0,0.6451612903225806,0.0,1.7
201712,9,원주,-3.9741935483870967,-12.1,3.1,65.45161290322581,30.0,90.0,0.7290322580645161,0.0,2.0
201712,10,원주,-3.0387096774193547,-9.9,3.3,59.38709677419355,27.0,89.0,0.9903225806451613,0.0,3.5
201712,11,원주,-1.9774193548387098,-8.9,4.8,52.903225806451616,18.0,91.0,1.0225806451612902,0.0,3.7
201712,12,원주,-0.8774193548387097,-7.2,5.8,47.96774193548387,18.0,92.0,1.270967741935484,0.1,5.6
201712,13,원주,0.3258064516129033,-6.1,7.2,43.38709677419355,19.0,92.0,1.3258064516129033,0.0,3.6
201712,14,원주,0.9612903225806452,-5.1,8.1,40.516129032258064,13.0,92.0,1.5806451612903225,0.0,3.7
201712,15,원주,1.367741935483871,-4.7,8.4,39.87096774193548,14.0,92.0,1.603225806451613,0.2,3.7
201712,16,원주,1.3096774193548388,-4.7,8.3,39.54838709677419,15.0,92.0,1.6,0.0,4.3
201712,17,원주,0.7000000000000001,-5.3,6.7,41.61290322580645,16.0,91.0,1.2935483870967743,0.0,2.7
201712,18,원주,-0.04193548387096773,-6.0,5.3,44.96774193548387,18.0,89.0,1.0064516129032257,0.0,2.6
201712,19,원주,-0.5548387096774193,-6.5,4.1,46.87096774193548,20.0,90.0,0.9258064516129032,0.0,4.0
201712,20,원주,-1.1225806451612903,-7.1,3.6,49.58064516129032,20.0,91.0,0.767741935483871,0.0,2.5
201712,21,원주,-1.7096774193548387,-7.8,3.4,53.354838709677416,23.0,91.0,0.8193548387096774,0.0,2.4
201712,22,원주,-2.0064516129032257,-8.0,3.1,54.74193548387097,27.0,92.0,0.8225806451612904,0.0,4.1
201712,23,원주,-2.3677419354838714,-8.8,2.8,57.225806451612904,33.0,93.0,0.8032258064516129,0.0,3.5
201801,0,원주,-4.577419354838709,-13.8,4.6,58.70967741935484,30.0,85.0,0.4935483870967742,0.0,2.4
201801,1,원주,-5.035483870967742,-14.8,4.1,60.354838709677416,30.0,86.0,0.6096774193548387,0.0,2.2
201801,2,원주,-5.45483870967742,-15.3,3.7,61.70967741935484,34.0,87.0,0.567741935483871,0.0,2.5
201801,3,원주,-5.941935483870967,-15.5,2.9,64.12903225806451,37.0,88.0,0.45806451612903226,0.0,2.7
201801,4,원주,-6.264516129032257,-15.8,3.3,64.48387096774194,33.0,88.0,0.5709677419354838,0.0,2.7
201801,5,원주,-6.496774193548387,-16.0,4.1,65.12903225806451,32.0,88.0,0.5548387096774193,0.0,3.7
201801,6,원주,-6.67741935483871,-16.8,6.0,65.3225806451613,31.0,90.0,0.6290322580645161,0.0,3.0
201801,7,원주,-7.032258064516129,-17.4,6.4,66.38709677419355,30.0,91.0,0.6290322580645161,0.0,3.0
201801,8,원주,-7.141935483870968,-16.8,6.5,67.41935483870968,29.0,92.0,0.43548387096774194,0.0,3.1
201801,9,원주,-6.216129032258064,-15.6,6.5,64.0,26.0,92.0,0.7709677419354838,0.0,2.6
201801,10,원주,-5.058064516129033,-14.3,6.8,56.806451612903224,25.0,91.0,0.9258064516129032,0.0,3.9
201801,11,원주,-3.674193548387097,-13.8,7.2,50.16129032258065,27.0,87.0,1.0161290322580645,0.1,2.9
201801,12,원주,-2.351612903225807,-12.7,8.2,42.516129032258064,21.0,83.0,1.3258064516129033,0.2,3.7
201801,13,원주,-1.2483870967741937,-11.0,8.2,38.87096774193548,18.0,74.0,1.538709677419355,0.2,5.3
201801,14,원주,-0.49354838709677423,-10.1,8.1,36.483870967741936,17.0,76.0,1.6548387096774193,0.3,4.1
201801,15,원주,-0.14193548387096772,-10.0,8.1,36.0,16.0,77.0,1.7483870967741937,0.1,4.1
201801,16,원주,-0.09999999999999995,-9.6,7.9,36.83870967741935,19.0,77.0,1.7258064516129032,0.2,4.2
201801,17,원주,-0.5419354838709677,-10.2,7.4,38.38709677419355,21.0,73.0,1.4258064516129034,0.2,3.2
201801,18,원주,-1.364516129032258,-10.8,5.8,43.064516129032256,25.0,88.0,1.1483870967741936,0.0,2.7
201801,19,원주,-2.167741935483871,-11.0,5.5,47.29032258064516,26.0,91.0,0.9774193548387097,0.0,3.2
201801,20,원주,-2.793548387096774,-11.8,5.2,52.25806451612903,27.0,92.0,0.7967741935483871,0.0,3.6
201801,21,원주,-3.2,-12.5,5.1,54.83870967741935,28.0,88.0,0.7741935483870968,0.0,3.2
201801,22,원주,-3.6322580645161286,-13.1,5.0,55.774193548387096,31.0,82.0,0.6516129032258065,0.0,3.4
201801,23,원주,-4.180645161290323,-13.6,4.3,57.96774193548387,28.0,84.0,0.5483870967741935,0.0,2.5
201802,0,원주,-2.9214285714285713,-9.6,6.7,51.035714285714285,21.0,82.0,0.7142857142857143,0.0,3.1
201802,1,원주,-3.4071428571428575,-10.4,6.3,51.75,26.0,83.0,0.6214285714285716,0.0,3.1
201802,2,원주,-4.125,-11.5,5.9,54.035714285714285,35.0,84.0,0.46071428571428574,0.0,2.5
201802,3,원주,-4.628571428571428,-12.6,5.7,56.464285714285715,37.0,89.0,0.425,0.0,2.2
201802,4,원주,-4.960714285714286,-12.9,5.2,57.92857142857143,37.0,89.0,0.4857142857142857,0.0,2.0
201802,5,원주,-5.321428571428571,-13.1,4.2,59.892857142857146,34.0,89.0,0.33571428571428574,0.0,1.8
201802,6,원주,-5.7178571428571425,-14.5,3.6,62.142857142857146,35.0,90.0,0.3892857142857143,0.0,2.5
201802,7,원주,-6.039285714285714,-14.8,2.5,63.67857142857143,33.0,89.0,0.46071428571428574,0.0,3.6
201802,8,원주,-5.796428571428571,-15.3,3.7,62.714285714285715,32.0,90.0,0.6178571428571429,0.0,3.6
201802,9,원주,-4.378571428571428,-13.5,4.3,55.92857142857143,24.0,89.0,0.6821428571428572,0.0,2.2
201802,10,원주,-2.710714285714286,-11.6,5.8,47.107142857142854,19.0,85.0,0.9214285714285715,0.1,2.3
201802,11,원주,-0.942857142857143,-9.4,8.2,40.035714285714285,19.0,75.0,1.157142857142857,0.1,3.3
201802,12,원주,0.5821428571428571,-7.9,8.9,34.5,15.0,68.0,1.407142857142857,0.1,3.2
201802,13,원주,1.6500000000000001,-7.0,7.9,31.214285714285715,13.0,79.0,1.6535714285714285,0.4,3.5
201802,14,원주,2.4857142857142853,-6.0,8.7,27.321428571428573,11.0,76.0,1.8035714285714286,0.1,3.7
201802,15,원주,2.9785714285714286,-5.5,9.9,26.392857142857142,10.0,82.0,1.9392857142857143,0.0,4.9
201802,16,원주,2.939285714285714,-5.4,10.4,28.0,10.0,87.0,2.0535714285714284,0.0,4.4
201802,17,원주,2.560714285714286,-5.9,9.4,28.428571428571427,11.0,89.0,1.9392857142857143,0.1,4.0
201802,18,원주,1.8035714285714286,-6.5,8.4,30.464285714285715,12.0,87.0,1.592857142857143,0.0,4.4
201802,19,원주,0.8821428571428571,-7.4,8.0,34.92857142857143,14.0,87.0,1.3214285714285714,0.0,4.2
201802,20,원주,-0.11428571428571432,-8.0,8.1,39.32142857142857,15.0,87.0,1.1500000000000001,0.2,3.6
201802,21,원주,-0.7642857142857142,-8.3,7.9,42.75,10.0,88.0,1.025,0.0,3.3
201802,22,원주,-1.3892857142857142,-8.7,7.6,45.714285714285715,12.0,85.0,1.0,0.0,4.0
201802,23,원주,-2.082142857142857,-9.0,7.2,49.107142857142854,21.0,87.0,0.8142857142857143,0.0,3.5
201803,0,원주,6.158064516129032,-2.2,14.6,65.64516129032258,43.0,89.0,0.8903225806451613,0.0,3.3
201803,1,원주,5.558064516129033,-3.0,13.8,68.12903225806451,48.0,89.0,0.9096774193548387,0.0,3.8
201803,2,원주,5.199999999999999,-3.8,14.3,68.61290322580645,45.0,89.0,0.8709677419354839,0.0,3.9
201803,3,원주,4.812903225806451,-4.2,13.4,70.35483870967742,46.0,90.0,0.8419354838709677,0.0,3.4
201803,4,원주,4.54516129032258,-4.8,12.7,71.19354838709677,44.0,91.0,0.8387096774193549,0.0,3.2
201803,5,원주,4.316129032258065,-5.3,13.3,72.80645161290323,43.0,92.0,0.8225806451612904,0.0,4.1
201803,6,원주,3.9419354838709677,-5.2,13.1,73.93548387096774,39.0,92.0,0.7580645161290323,0.0,3.9
201803,7,원주,3.8096774193548386,-5.8,12.7,75.16129032258064,31.0,92.0,0.8806451612903226,0.0,4.9
201803,8,원주,4.5,-5.0,12.9,71.74193548387096,27.0,93.0,0.864516129032258,0.0,3.5
201803,9,원주,5.735483870967743,-3.4,13.8,65.41935483870968,23.0,93.0,1.0483870967741935,0.0,4.3
201803,10,원주,7.206451612903226,-2.2,15.0,58.774193548387096,23.0,93.0,1.2096774193548387,0.0,4.0
201803,11,원주,9.029032258064515,-0.4,17.0,50.58064516129032,22.0,92.0,1.2999999999999998,0.3,3.9
201803,12,원주,10.506451612903225,0.7,18.9,44.32258064516129,20.0,88.0,1.6935483870967742,0.5,4.2
201803,13,원주,11.619354838709677,1.7,19.7,40.41935483870968,15.0,90.0,1.9064516129032258,0.4,4.4
201803,14,원주,12.47741935483871,2.8,20.7,37.83870967741935,16.0,90.0,2.1193548387096777,0.6,5.5
201803,15,원주,12.958064516129031,3.5,21.2,36.87096774193548,22.0,89.0,2.264516129032258,0.9,3.8
201803,16,원주,12.970967741935485,2.7,21.5,37.096774193548384,22.0,89.0,2.425806451612903,1.0,4.5
201803,17,원주,12.706451612903225,2.4,21.3,38.483870967741936,22.0,86.0,2.2225806451612904,0.9,5.0
201803,18,원주,11.970967741935485,0.6,20.2,41.516129032258064,21.0,90.0,1.9064516129032258,0.8,4.5
201803,19,원주,10.970967741935485,-0.3,19.5,45.483870967741936,26.0,91.0,1.567741935483871,0.0,3.9
201803,20,원주,9.83548387096774,-0.8,18.3,50.74193548387097,29.0,92.0,1.4548387096774194,0.1,4.2
201803,21,원주,8.935483870967742,-1.2,17.0,54.0,35.0,91.0,1.0516129032258066,0.0,3.7
201803,22,원주,8.035483870967742,-1.6,16.0,57.806451612903224,38.0,90.0,1.1774193548387097,0.0,3.9
201803,23,원주,7.15483870967742,-1.8,14.9,61.32258064516129,38.0,90.0,0.9451612903225807,0.0,3.2
201804,0,원주,11.389999999999999,3.1,17.8,59.733333333333334,24.0,91.0,0.8733333333333333,0.0,4.0
201804,1,원주,10.683333333333334,2.7,17.5,62.333333333333336,29.0,91.0,0.86,0.0,4.0
201804,2,원주,9.986666666666668,2.5,17.0,66.03333333333333,29.0,90.0,0.7933333333333333,0.0,3.8
201804,3,원주,9.526666666666667,1.9,17.9,68.06666666666666,41.0,91.0,0.9333333333333333,0.0,3.9
201804,4,원주,8.95,1.9,16.3,71.16666666666667,47.0,91.0,0.6566666666666666,0.0,3.2
201804,5,원주,8.506666666666666,1.6,15.9,74.73333333333333,46.0,91.0,0.77,0.0,2.8
201804,6,원주,8.046666666666667,1.6,15.7,77.03333333333333,48.0,91.0,0.7933333333333333,0.0,4.0
201804,7,원주,8.383333333333333,1.9,14.6,75.2,49.0,92.0,0.8466666666666666,0.0,2.4
201804,8,원주,9.306666666666667,2.2,15.1,69.43333333333334,41.0,93.0,0.9433333333333334,0.1,2.4
201804,9,원주,11.03,2.5,17.7,60.36666666666667,35.0,93.0,0.9266666666666666,0.0,2.7
201804,10,원주,13.086666666666668,3.7,21.3,52.2,26.0,91.0,1.1900000000000002,0.3,2.7
201804,11,원주,14.953333333333335,5.2,23.6,45.63333333333333,17.0,91.0,1.5666666666666667,0.6,3.5
201804,12,원주,16.156666666666666,6.2,25.7,40.46666666666667,13.0,90.0,1.7933333333333332,0.6,4.9
201804,13,원주,17.17,6.4,27.0,36.96666666666667,12.0,90.0,2.0100000000000002,0.3,4.4
201804,14,원주,17.823333333333334,8.1,27.4,34.333333333333336,12.0,88.0,2.11,0.6,4.6
201804,15,원주,18.316666666666666,8.4,28.1,33.2,11.0,90.0,2.2766666666666664,0.3,4.9
201804,16,원주,18.41,7.9,28.1,32.7,10.0,90.0,2.5366666666666666,0.3,5.1
201804,17,원주,17.886666666666667,6.8,27.6,34.5,8.0,90.0,2.433333333333333,1.0,4.2
201804,18,원주,17.15666666666667,5.2,26.5,36.8,11.0,87.0,2.106666666666667,0.7,4.4
201804,19,원주,16.09,4.1,24.7,40.36666666666667,14.0,90.0,1.8833333333333333,0.1,4.4
201804,20,원주,14.870000000000001,4.1,22.7,45.733333333333334,16.0,91.0,1.7566666666666668,0.5,4.5
201804,21,원주,13.973333333333333,3.4,22.5,49.233333333333334,21.0,90.0,1.6,0.2,4.3
201804,22,원주,13.120000000000001,3.2,19.6,53.06666666666667,31.0,90.0,1.2633333333333332,0.0,4.4
201804,23,원주,12.216666666666667,3.0,18.5,57.0,23.0,89.0,1.1933333333333331,0.0,4.7
201805,0,원주,15.964516129032257,6.9,23.8,70.03333333333333,41.0,93.0,0.7516129032258064,0.1,2.1
201805,1,원주,15.364516129032259,6.1,23.6,72.4,50.0,93.0,0.6774193548387096,0.1,2.2
201805,2,원주,14.883870967741935,5.7,24.1,74.66666666666667,51.0,93.0,0.6645161290322581,0.0,1.8
201805,3,원주,14.153333333333334,5.1,23.8,77.16666666666667,55.0,93.0,0.6451612903225806,0.0,1.9
201805,4,원주,13.948387096774193,5.4,23.9,79.46666666666667,58.0,93.0,0.635483870967742,0.0,1.5
201805,5,원주,13.658064516129032,5.9,24.3,81.5,61.0,93.0,0.5967741935483871,0.0,1.3
201805,6,원주,13.570967741935483,5.8,22.6,82.8,61.0,93.0,0.5258064516129033,0.0,1.6
201805,7,원주,14.12258064516129,7.5,21.1,79.87096774193549,54.0,93.0,0.6709677419354839,0.0,2.2
201805,8,원주,15.248387096774193,10.3,21.1,74.0,43.0,93.0,0.8193548387096774,0.1,2.5
201805,9,원주,16.712903225806453,11.9,20.9,66.61290322580645,34.0,93.0,1.0,0.2,2.7
201805,10,원주,18.33225806451613,12.9,24.4,59.774193548387096,30.0,93.0,1.196774193548387,0.4,2.5
201805,11,원주,19.719354838709677,12.9,24.7,54.25806451612903,20.0,92.0,1.3612903225806452,0.1,3.9
201805,12,원주,20.90967741935484,13.1,26.4,50.38709677419355,17.0,92.0,1.7096774193548387,0.7,3.9
201805,13,원주,21.509677419354837,10.9,27.7,48.70967741935484,17.0,92.0,1.941935483870968,0.3,5.0
201805,14,원주,22.067741935483873,9.9,28.8,46.483870967741936,16.0,92.0,1.9903225806451614,0.6,4.5
201805,15,원주,22.24516129032258,10.4,29.2,46.61290322580645,18.0,92.0,1.9483870967741934,0.6,4.6
201805,16,원주,22.174193548387095,10.3,29.1,47.225806451612904,20.0,92.0,1.8903225806451613,0.2,4.9
201805,17,원주,21.822580645161292,9.3,28.5,48.645161290322584,19.0,93.0,2.0516129032258066,0.3,4.8
201805,18,원주,21.338709677419356,9.5,27.9,49.45161290322581,21.0,93.0,1.7774193548387098,0.1,3.6
201805,19,원주,20.40967741935484,9.8,26.7,52.70967741935484,21.0,92.0,1.5096774193548388,0.0,4.2
201805,20,원주,19.148387096774194,7.0,25.3,57.25806451612903,21.0,92.0,1.3806451612903228,0.1,3.9
201805,21,원주,18.206666666666667,7.2,24.5,60.74193548387097,21.0,93.0,1.1870967741935483,0.1,4.9
201805,22,원주,17.32,6.9,23.6,63.87096774193548,29.0,93.0,0.8709677419354839,0.0,3.1
201805,23,원주,16.68064516129032,7.0,23.5,67.16666666666667,38.0,93.0,0.8483870967741935,0.0,2.3
201806,0,원주,21.209999999999997,17.6,25.1,64.1,50.0,91.0,0.8166666666666667,0.0,2.7
201806,1,원주,20.57,17.0,24.7,66.56666666666666,48.0,91.0,0.7533333333333334,0.0,3.3
201806,2,원주,20.06,16.6,24.2,68.41379310344827,43.0,91.0,0.8466666666666666,0.1,3.5
201806,3,원주,19.473333333333336,15.0,23.7,71.41379310344827,50.0,91.0,0.7633333333333333,0.0,3.0
201806,4,원주,19.023333333333333,14.9,23.8,73.3103448275862,49.0,90.0,0.6466666666666667,0.0,2.5
201806,5,원주,18.683333333333334,14.3,23.2,75.3103448275862,56.0,91.0,0.84,0.0,2.6
201806,6,원주,18.633333333333333,14.5,22.5,75.63333333333334,56.0,91.0,0.7766666666666667,0.0,2.4
201806,7,원주,19.153333333333332,16.2,22.8,73.03333333333333,59.0,90.0,0.9,0.0,2.3
201806,8,원주,20.426666666666666,17.8,24.0,66.96666666666667,53.0,85.0,0.89,0.2,3.1
201806,9,원주,21.746666666666666,18.8,24.5,61.0,48.0,87.0,0.95,0.1,3.9
201806,10,원주,23.03103448275862,19.2,26.2,55.63333333333333,33.0,90.0,1.1033333333333333,0.2,3.0
201806,11,원주,24.266666666666666,20.1,27.3,51.4,30.0,89.0,1.3066666666666669,0.6,3.1
201806,12,원주,25.30666666666667,19.9,28.4,47.166666666666664,26.0,88.0,1.4133333333333333,0.8,3.1
201806,13,원주,26.066666666666666,20.3,29.8,45.266666666666666,22.0,89.0,1.5,0.7,3.1
201806,14,원주,26.59,20.1,30.9,44.6,18.0,91.0,1.7666666666666666,0.9,3.6
201806,15,원주,27.23,20.7,31.0,42.86666666666667,18.0,91.0,1.7466666666666666,0.5,2.7
201806,16,원주,27.256666666666668,21.0,32.4,41.96666666666667,15.0,87.0,1.8733333333333335,0.7,3.3
201806,17,원주,27.223333333333336,20.8,32.0,42.43333333333333,22.0,89.0,1.8666666666666667,0.8,3.6
201806,18,원주,26.79655172413793,20.5,31.4,44.333333333333336,20.0,81.0,1.8266666666666667,0.7,3.9
201806,19,원주,25.773333333333333,19.9,30.0,47.13333333333333,23.0,88.0,1.4866666666666668,0.2,3.3
201806,20,원주,24.636666666666667,19.9,28.7,52.5,33.0,91.0,1.4400000000000002,0.1,3.3
201806,21,원주,23.52,19.8,27.1,56.96666666666667,32.0,91.0,1.0833333333333333,0.2,2.2
201806,22,원주,22.716666666666665,18.5,26.4,59.666666666666664,41.0,90.0,0.95,0.2,2.2
201806,23,원주,21.990000000000002,17.6,25.7,61.44827586206897,42.0,91.0,0.9633333333333333,0.0,3.1
201807,0,원주,25.403333333333332,18.3,29.7,71.36666666666666,55.0,92.0,0.8806451612903226,0.0,3.0
201807,1,원주,24.89032258064516,17.9,29.2,73.96774193548387,57.0,92.0,0.6322580645161291,0.0,1.9
201807,2,원주,24.532258064516128,17.7,28.8,75.41935483870968,58.0,93.0,0.8451612903225806,0.0,3.0
201807,3,원주,24.116129032258065,16.7,28.5,77.25806451612904,61.0,93.0,0.7935483870967742,0.0,3.5
201807,4,원주,23.77741935483871,16.1,28.3,79.29032258064517,65.0,93.0,0.6548387096774194,0.0,2.1
201807,5,원주,23.48709677419355,16.0,28.3,80.16129032258064,66.0,93.0,0.6387096774193549,0.0,1.8
201807,6,원주,23.383870967741935,15.8,27.9,80.2258064516129,63.0,93.0,0.5903225806451613,0.0,2.1
201807,7,원주,24.009677419354837,16.8,28.1,77.7741935483871,61.0,93.0,0.6935483870967742,0.0,1.8
201807,8,원주,24.967741935483872,17.4,28.9,73.70967741935483,56.0,93.0,0.9032258064516129,0.0,2.9
201807,9,원주,26.393548387096775,19.9,30.3,67.3225806451613,51.0,92.0,0.9064516129032258,0.1,2.9
201807,10,원주,27.583870967741937,20.1,32.5,61.61290322580645,44.0,91.0,1.2064516129032257,0.4,2.7
201807,11,원주,28.84193548387097,20.3,33.9,56.903225806451616,38.0,90.0,1.3870967741935485,0.5,3.4
201807,12,원주,29.716129032258067,20.5,34.0,53.903225806451616,38.0,84.0,1.5,0.2,3.5
201807,13,원주,30.316129032258065,20.5,35.1,51.645161290322584,36.0,86.0,1.696774193548387,0.1,3.7
201807,14,원주,30.77741935483871,20.4,36.0,51.58064516129032,32.0,89.0,1.7419354838709677,0.5,4.3
201807,15,원주,30.629032258064516,20.7,36.4,51.96774193548387,35.0,91.0,1.7451612903225806,0.4,4.3
201807,16,원주,30.612903225806452,20.8,35.9,52.774193548387096,35.0,90.0,1.9903225806451614,0.1,4.8
201807,17,원주,30.23548387096774,20.7,35.7,54.645161290322584,32.0,91.0,1.7032258064516128,0.3,4.6
201807,18,원주,29.793548387096774,20.6,35.1,56.03225806451613,37.0,90.0,1.5838709677419356,0.5,3.2
201807,19,원주,29.048387096774192,21.0,34.3,59.0,40.0,91.0,1.270967741935484,0.1,3.2
201807,20,원주,28.0,21.0,32.8,64.41935483870968,46.0,91.0,1.196774193548387,0.2,2.5
201807,21,원주,27.05806451612903,20.7,31.5,67.35483870967742,48.0,91.0,1.0935483870967742,0.1,2.7
201807,22,원주,26.46451612903226,20.0,30.8,68.45161290322581,51.0,92.0,0.8774193548387097,0.0,2.6
201807,23,원주,25.916129032258063,18.9,30.2,69.83870967741936,52.0,92.0,0.9387096774193548,0.1,2.6
201808,0,원주,26.154838709677417,19.1,31.9,69.25806451612904,45.0,93.0,1.0225806451612902,0.0,2.3
201808,1,원주,25.809677419354838,18.8,31.2,70.6774193548387,48.0,93.0,0.8677419354838709,0.1,2.3
201808,2,원주,25.425806451612903,18.9,30.4,72.80645161290323,49.0,93.0,0.9193548387096774,0.0,2.4
201808,3,원주,24.996774193548386,18.9,29.9,75.0,49.0,93.0,0.8838709677419354,0.0,2.8
201808,4,원주,24.654838709677417,19.1,28.9,76.74193548387096,50.0,93.0,0.8741935483870968,0.0,3.3
201808,5,원주,24.416129032258063,19.1,29.0,77.83870967741936,51.0,93.0,0.7161290322580645,0.1,2.8
201808,6,원주,24.174193548387095,18.6,28.6,79.06451612903226,51.0,93.0,0.8064516129032258,0.0,2.8
201808,7,원주,24.606451612903225,19.5,28.9,76.87096774193549,51.0,93.0,0.8838709677419354,0.1,2.2
201808,8,원주,25.596774193548388,19.7,30.7,72.64516129032258,48.0,93.0,1.0419354838709676,0.0,2.3
201808,9,원주,26.925806451612903,20.0,31.6,66.54838709677419,39.0,93.0,1.1903225806451612,0.3,2.5
201808,10,원주,28.14516129032258,20.3,33.2,61.16129032258065,34.0,93.0,1.2516129032258065,0.4,2.7
201808,11,원주,29.190322580645162,20.6,34.6,56.96774193548387,34.0,93.0,1.603225806451613,0.6,2.9
201808,12,원주,29.893548387096775,21.3,35.3,54.193548387096776,33.0,93.0,1.803225806451613,0.4,3.2
201808,13,원주,30.238709677419354,22.1,36.4,53.516129032258064,31.0,93.0,1.761290322580645,0.5,3.4
201808,14,원주,30.741935483870968,21.7,37.2,52.064516129032256,27.0,93.0,1.7032258064516128,0.4,3.6
201808,15,원주,30.870967741935484,20.0,38.3,51.96774193548387,26.0,93.0,1.9806451612903226,0.7,3.9
201808,16,원주,30.76774193548387,19.6,37.8,52.70967741935484,28.0,93.0,1.832258064516129,0.2,4.6
201808,17,원주,30.40967741935484,19.5,37.2,53.935483870967744,32.0,92.0,2.009677419354839,0.6,5.6
201808,18,원주,29.44193548387097,19.3,36.6,58.354838709677416,35.0,93.0,1.9193548387096775,0.6,4.7
201808,19,원주,28.58709677419355,19.3,35.7,61.354838709677416,40.0,93.0,1.4580645161290322,0.1,4.0
201808,20,원주,27.94193548387097,19.1,34.2,63.03225806451613,42.0,93.0,1.2225806451612902,0.0,3.4
201808,21,원주,27.270967741935483,19.2,32.9,65.06451612903226,43.0,93.0,1.0516129032258066,0.1,2.1
201808,22,원주,26.919354838709676,19.4,33.7,66.2258064516129,43.0,93.0,1.035483870967742,0.0,3.0
201808,23,원주,26.38064516129032,19.2,32.7,68.0,43.0,93.0,1.1516129032258065,0.1,2.7
201809,0,원주,18.290000000000003,11.9,23.7,74.86666666666666,55.0,93.0,0.8033333333333333,0.0,2.8
201809,1,원주,17.723333333333336,11.0,23.5,77.86666666666666,63.0,93.0,0.7666666666666667,0.0,2.7
201809,2,원주,17.206666666666667,10.5,23.4,80.5,67.0,93.0,0.6533333333333334,0.0,1.9
201809,3,원주,16.86,9.9,23.5,82.06666666666666,68.0,93.0,0.5766666666666667,0.0,2.0
201809,4,원주,16.503333333333334,9.7,22.5,83.76666666666667,73.0,93.0,0.4966666666666667,0.0,1.3
201809,5,원주,16.203333333333333,9.2,22.1,85.0,75.0,93.0,0.43333333333333335,0.0,1.6
201809,6,원주,15.986666666666668,8.7,22.0,85.76666666666667,75.0,93.0,0.51,0.0,1.7
201809,7,원주,16.223333333333333,8.8,22.1,84.73333333333333,73.0,93.0,0.52,0.0,1.9
201809,8,원주,17.226666666666667,11.0,22.6,79.83333333333333,67.0,93.0,0.6966666666666667,0.1,2.1
201809,9,원주,18.483333333333334,12.7,23.3,73.56666666666666,61.0,93.0,0.81,0.0,1.6
201809,10,원주,20.35,14.8,25.5,65.23333333333333,51.0,93.0,1.09,0.4,2.3
201809,11,원주,21.783333333333335,17.0,26.9,58.93333333333333,42.0,93.0,1.1166666666666667,0.2,2.5
201809,12,원주,22.91,17.8,27.8,53.46666666666667,35.0,92.0,1.3533333333333333,0.3,2.6
201809,13,원주,23.653333333333332,18.7,27.9,50.13333333333333,28.0,89.0,1.4333333333333333,0.4,2.8
201809,14,원주,24.113333333333333,19.4,27.9,48.53333333333333,29.0,87.0,1.4566666666666668,0.6,3.0
201809,15,원주,24.103333333333335,19.6,28.0,48.4,27.0,90.0,1.4666666666666666,0.3,3.1
201809,16,원주,24.113333333333333,19.4,28.0,48.233333333333334,26.0,91.0,1.5433333333333332,0.3,3.0
201809,17,원주,23.563333333333333,19.1,27.4,51.03333333333333,27.0,92.0,1.6466666666666667,0.5,3.2
201809,18,원주,22.84333333333333,18.5,26.6,53.53333333333333,32.0,92.0,1.4466666666666665,0.6,3.1
201809,19,원주,21.59333333333333,16.4,25.3,59.56666666666667,37.0,93.0,1.15,0.0,2.7
201809,20,원주,20.52,15.0,24.6,64.1,43.0,93.0,1.0633333333333335,0.1,2.6
201809,21,원주,19.88,14.2,23.9,65.9,45.0,93.0,0.9700000000000001,0.2,2.5
201809,22,원주,19.253333333333334,13.0,23.7,68.56666666666666,49.0,92.0,0.8733333333333333,0.1,2.5
201809,23,원주,18.746666666666666,12.7,23.6,70.3,48.0,92.0,0.7766666666666667,0.0,2.9
201810,0,원주,9.835483870967742,4.1,17.6,78.6774193548387,53.0,94.0,0.3548387096774194,0.0,2.1
201810,1,원주,9.358064516129033,4.2,17.6,80.74193548387096,58.0,94.0,0.4225806451612903,0.0,2.1
201810,2,원주,8.95483870967742,3.3,17.3,81.19354838709677,57.0,94.0,0.4806451612903226,0.0,1.7
201810,3,원주,8.480645161290322,2.3,17.8,82.41935483870968,61.0,95.0,0.3548387096774194,0.0,1.7
201810,4,원주,8.135483870967741,1.6,18.7,84.12903225806451,67.0,95.0,0.4967741935483871,0.0,3.6
201810,5,원주,7.790322580645161,1.0,17.3,85.7741935483871,70.0,95.0,0.4774193548387097,0.0,3.7
201810,6,원주,7.593548387096774,0.9,17.2,86.83870967741936,65.0,95.0,0.5548387096774193,0.0,4.8
201810,7,원주,7.364516129032259,0.2,17.1,87.64516129032258,70.0,95.0,0.6935483870967742,0.0,4.7
201810,8,원주,8.17741935483871,2.0,17.3,84.93548387096774,59.0,95.0,0.5903225806451613,0.0,3.0
201810,9,원주,9.59032258064516,4.0,17.0,77.51612903225806,53.0,95.0,0.7290322580645162,0.2,2.2
201810,10,원주,11.345161290322581,5.8,17.2,68.87096774193549,40.0,95.0,0.9258064516129032,0.1,3.3
201810,11,원주,13.358064516129033,7.1,20.2,58.32258064516129,37.0,91.0,1.103225806451613,0.2,3.9
201810,12,원주,14.870967741935484,7.8,23.0,51.70967741935484,34.0,91.0,1.3483870967741935,0.3,4.4
201810,13,원주,15.770967741935483,9.1,23.7,47.74193548387097,27.0,92.0,1.567741935483871,0.7,3.1
201810,14,원주,16.370967741935484,9.4,24.6,45.67741935483871,28.0,91.0,1.525806451612903,0.5,2.9
201810,15,원주,16.56451612903226,10.5,23.8,45.03225806451613,24.0,88.0,1.6225806451612903,0.2,3.5
201810,16,원주,16.516129032258064,10.5,24.4,45.064516129032256,25.0,90.0,1.5516129032258066,0.2,3.0
201810,17,원주,15.883870967741936,10.1,24.1,48.064516129032256,28.0,88.0,1.3064516129032258,0.2,3.1
201810,18,원주,14.506451612903225,8.7,22.7,55.806451612903224,39.0,88.0,1.0290322580645161,0.3,2.1
201810,19,원주,13.093548387096776,7.5,21.3,62.774193548387096,41.0,92.0,0.8580645161290323,0.0,2.1
201810,20,원주,12.187096774193549,6.5,20.6,66.7741935483871,44.0,91.0,0.5838709677419355,0.0,2.3
201810,21,원주,11.51290322580645,5.6,19.9,69.19354838709677,49.0,92.0,0.43870967741935485,0.0,1.9
201810,22,원주,10.8,4.8,18.7,72.80645161290323,49.0,93.0,0.567741935483871,0.0,3.0
201810,23,원주,10.161290322580646,4.5,18.1,75.87096774193549,51.0,93.0,0.5483870967741935,0.0,2.8
201811,0,원주,5.263333333333334,-0.7,13.7,77.46666666666667,57.0,91.0,0.4266666666666667,0.0,3.7
201811,1,원주,4.723333333333333,-0.7,13.4,79.1,55.0,92.0,0.43,0.0,4.9
201811,2,원주,4.206666666666667,-1.2,12.4,80.3,55.0,92.0,0.32,0.0,3.1
201811,3,원주,3.753333333333333,-1.9,11.7,81.26666666666667,52.0,94.0,0.39,0.0,3.6
201811,4,원주,3.4633333333333334,-2.4,11.5,82.13333333333334,53.0,94.0,0.26666666666666666,0.0,2.7
201811,5,원주,3.1133333333333337,-2.9,11.4,83.16666666666667,55.0,94.0,0.2866666666666667,0.0,3.6
201811,6,원주,2.9433333333333334,-3.4,11.5,83.4,47.0,94.0,0.29333333333333333,0.0,2.0
201811,7,원주,2.75,-3.4,11.4,84.16666666666667,49.0,94.0,0.44666666666666666,0.0,2.4
201811,8,원주,3.2266666666666666,-3.0,11.8,83.36666666666666,60.0,95.0,0.47,0.0,2.3
201811,9,원주,4.35,-1.7,11.7,78.13333333333334,61.0,95.0,0.44333333333333336,0.0,2.8
201811,10,원주,5.993333333333334,0.2,12.4,69.73333333333333,47.0,95.0,0.69,0.1,2.1
201811,11,원주,7.706666666666666,1.1,13.7,61.1,30.0,95.0,0.7333333333333333,0.2,2.6
201811,12,원주,9.6,3.0,15.8,52.766666666666666,22.0,93.0,0.8866666666666667,0.0,3.6
201811,13,원주,10.903333333333334,3.7,16.8,46.233333333333334,21.0,92.0,1.1433333333333333,0.2,3.6
201811,14,원주,11.593333333333334,3.4,17.5,42.833333333333336,17.0,91.0,1.1433333333333333,0.3,3.1
201811,15,원주,11.903333333333334,3.3,18.2,41.4,15.0,82.0,1.3433333333333333,0.1,4.4
201811,16,원주,11.886666666666667,3.5,18.1,41.96666666666667,16.0,83.0,1.0933333333333333,0.1,2.2
201811,17,원주,11.073333333333332,3.6,16.4,45.56666666666667,22.0,85.0,1.1333333333333333,0.5,3.2
201811,18,원주,9.703333333333335,2.9,16.0,53.5,33.0,86.0,0.7366666666666667,0.0,2.5
201811,19,원주,8.503333333333334,1.4,16.3,59.53333333333333,39.0,87.0,0.5633333333333332,0.0,2.3
201811,20,원주,7.716666666666667,1.1,16.0,64.46666666666667,43.0,87.0,0.5033333333333333,0.0,2.4
201811,21,원주,6.876666666666667,0.9,16.3,69.0,46.0,89.0,0.4166666666666667,0.0,3.4
201811,22,원주,6.343333333333334,-0.1,16.1,71.5,49.0,90.0,0.4166666666666667,0.0,3.1
201811,23,원주,5.733333333333333,-0.4,15.9,74.6,55.0,90.0,0.4233333333333334,0.0,4.3
201812,0,원주,-1.9774193548387096,-10.3,11.1,60.516129032258064,22.0,94.0,0.4903225806451613,0.0,3.6
201812,1,원주,-2.3677419354838714,-10.6,11.1,63.12903225806452,22.0,94.0,0.5516129032258065,0.0,2.4
201812,2,원주,-2.8129032258064517,-11.1,11.2,64.41935483870968,21.0,94.0,0.5225806451612903,0.0,4.2
201812,3,원주,-3.1806451612903226,-11.3,10.9,66.51612903225806,23.0,94.0,0.5096774193548387,0.0,4.1
201812,4,원주,-3.596774193548387,-11.8,11.2,68.3225806451613,23.0,95.0,0.4612903225806452,0.0,3.9
201812,5,원주,-3.858064516129032,-12.2,11.4,68.6774193548387,24.0,95.0,0.47096774193548385,0.0,4.0
201812,6,원주,-4.064516129032258,-12.3,11.3,69.90322580645162,24.0,95.0,0.529032258064516,0.0,3.5
201812,7,원주,-4.290322580645161,-12.5,11.2,70.87096774193549,24.0,95.0,0.4580645161290323,0.0,3.0
201812,8,원주,-4.393548387096774,-13.0,11.6,72.16129032258064,23.0,95.0,0.5612903225806452,0.0,1.9
201812,9,원주,-3.393548387096774,-11.8,12.0,67.41935483870968,17.0,95.0,0.6290322580645161,0.0,3.2
201812,10,원주,-2.167741935483871,-11.4,11.8,59.61290322580645,17.0,94.0,0.7903225806451613,0.0,3.0
201812,11,원주,-0.6193548387096774,-10.2,12.6,51.03225806451613,13.0,93.0,0.9548387096774194,0.0,2.9
201812,12,원주,0.5741935483870968,-9.6,10.9,45.0,13.0,93.0,0.996774193548387,0.0,3.4
201812,13,원주,1.7838709677419353,-8.3,12.2,41.41935483870968,11.0,92.0,1.229032258064516,0.1,3.2
201812,14,원주,2.703225806451613,-7.7,11.4,38.0,12.0,93.0,1.2741935483870968,0.1,3.1
201812,15,원주,3.064516129032258,-6.7,11.7,37.29032258064516,13.0,93.0,1.2129032258064516,0.0,3.8
201812,16,원주,3.02258064516129,-6.6,11.9,37.483870967741936,13.0,93.0,1.3225806451612903,0.2,3.4
201812,17,원주,2.370967741935484,-7.1,10.7,39.70967741935484,15.0,94.0,1.064516129032258,0.0,2.9
201812,18,원주,1.3387096774193548,-7.7,11.0,45.096774193548384,15.0,94.0,0.9483870967741935,0.1,3.3
201812,19,원주,0.4322580645161291,-7.9,11.3,49.54838709677419,14.0,94.0,0.8935483870967742,0.0,2.7
201812,20,원주,-0.1870967741935484,-8.8,11.2,51.516129032258064,16.0,94.0,0.5483870967741935,0.0,2.2
201812,21,원주,-0.7129032258064515,-9.1,10.9,55.0,20.0,94.0,0.6419354838709677,0.0,2.4
201812,22,원주,-1.135483870967742,-9.5,11.1,56.774193548387096,20.0,94.0,0.667741935483871,0.0,2.1
201812,23,원주,-1.664516129032258,-9.5,11.1,58.16129032258065,22.0,94.0,0.6000000000000001,0.0,3.7
201901,0,원주,-2.954838709677419,-7.4,2.5,55.96774193548387,30.0,77.0,0.4225806451612903,0.0,2.1
201901,1,원주,-3.4838709677419355,-8.0,2.5,58.0,33.0,77.0,0.33548387096774196,0.0,1.3
201901,2,원주,-3.954838709677419,-8.8,2.4,60.25806451612903,37.0,79.0,0.4290322580645161,0.0,1.2
201901,3,원주,-4.393548387096774,-9.4,2.3,62.193548387096776,39.0,81.0,0.27419354838709675,0.0,1.1
201901,4,원주,-4.809677419354839,-9.6,1.5,64.29032258064517,43.0,83.0,0.24516129032258063,0.0,1.4
201901,5,원주,-5.129032258064516,-10.5,1.8,65.87096774193549,43.0,86.0,0.3096774193548387,0.0,0.8
201901,6,원주,-5.52258064516129,-10.9,2.0,67.29032258064517,44.0,85.0,0.3225806451612903,0.0,1.5
201901,7,원주,-5.774193548387097,-11.0,2.2,68.58064516129032,44.0,86.0,0.2516129032258065,0.0,0.9
201901,8,원주,-5.919354838709677,-11.2,1.8,69.48387096774194,51.0,85.0,0.4225806451612903,0.0,1.8
201901,9,원주,-4.741935483870968,-10.3,2.6,64.51612903225806,48.0,82.0,0.6032258064516128,0.0,1.9
201901,10,원주,-3.106451612903226,-8.0,3.2,56.41935483870968,36.0,73.0,0.667741935483871,0.0,2.4
201901,11,원주,-0.9354838709677419,-6.2,4.0,45.935483870967744,27.0,65.0,0.8419354838709678,0.1,3.0
201901,12,원주,0.8838709677419355,-4.2,6.1,37.645161290322584,23.0,64.0,1.2225806451612902,0.3,3.6
201901,13,원주,2.106451612903226,-3.1,6.6,32.83870967741935,16.0,56.0,1.532258064516129,0.4,3.3
201901,14,원주,2.8741935483870966,-2.2,7.4,30.0,15.0,56.0,1.7064516129032257,0.4,4.1
201901,15,원주,3.364516129032258,-1.7,7.8,27.967741935483872,13.0,52.0,1.7806451612903227,0.2,3.6
201901,16,원주,3.3483870967741933,-1.1,7.3,28.032258064516128,12.0,56.0,1.7870967741935484,0.4,3.9
201901,17,원주,2.7419354838709675,-1.8,6.7,29.516129032258064,14.0,57.0,1.3903225806451613,0.0,3.2
201901,18,원주,1.6,-2.7,5.7,33.0,17.0,61.0,1.1838709677419357,0.0,2.7
201901,19,원주,0.5451612903225806,-3.6,4.5,37.483870967741936,21.0,66.0,0.9516129032258065,0.0,3.3
201901,20,원주,-0.4870967741935483,-4.6,3.6,42.41935483870968,20.0,70.0,0.7967741935483871,0.0,2.7
201901,21,원주,-1.3419354838709678,-5.6,3.0,46.12903225806452,18.0,72.0,0.6774193548387096,0.0,3.5
201901,22,원주,-1.8903225806451613,-6.6,2.7,49.225806451612904,21.0,75.0,0.6129032258064516,0.0,1.9
201901,23,원주,-2.4064516129032256,-6.9,2.3,52.354838709677416,26.0,75.0,0.532258064516129,0.0,1.6
201902,0,원주,-0.01071428571428574,-4.9,5.9,57.357142857142854,29.0,84.0,0.6714285714285715,0.0,2.8
201902,1,원주,-0.47857142857142854,-5.5,5.3,59.07142857142857,29.0,86.0,0.5178571428571429,0.0,2.9
201902,2,원주,-0.9000000000000001,-6.0,5.2,60.75,31.0,88.0,0.5535714285714286,0.0,2.2
201902,3,원주,-1.2392857142857143,-6.3,6.9,62.82142857142857,31.0,88.0,0.525,0.0,1.7
201902,4,원주,-1.842857142857143,-7.3,6.7,66.5,35.0,89.0,0.5750000000000001,0.0,1.8
201902,5,원주,-2.242857142857143,-8.0,6.0,68.82142857142857,39.0,90.0,0.5357142857142857,0.0,1.9
201902,6,원주,-2.457142857142857,-8.2,5.7,68.78571428571429,41.0,90.0,0.6285714285714287,0.0,2.7
201902,7,원주,-2.7607142857142857,-8.5,4.4,70.14285714285714,39.0,92.0,0.5642857142857143,0.0,2.3
201902,8,원주,-2.692857142857143,-8.5,3.3,69.42857142857143,34.0,92.0,0.6107142857142858,0.0,3.7
201902,9,원주,-1.5964285714285713,-7.6,4.9,63.67857142857143,28.0,93.0,0.7214285714285714,0.0,2.8
201902,10,원주,-0.16071428571428573,-6.3,8.2,55.57142857142857,23.0,93.0,0.7928571428571428,0.1,1.9
201902,11,원주,1.6285714285714283,-4.4,10.2,47.714285714285715,21.0,93.0,0.9785714285714285,0.1,2.0
201902,12,원주,3.0142857142857147,-3.6,11.6,41.714285714285715,19.0,93.0,1.1821428571428572,0.3,2.9
201902,13,원주,4.2178571428571425,-1.9,12.1,37.214285714285715,18.0,93.0,1.3607142857142858,0.2,3.4
201902,14,원주,5.05,-0.8,12.9,35.785714285714285,16.0,93.0,1.5178571428571428,0.2,3.3
201902,15,원주,5.585714285714286,-0.5,12.4,34.5,15.0,94.0,1.6714285714285713,0.0,3.1
201902,16,원주,5.6571428571428575,-0.5,12.7,34.67857142857143,16.0,94.0,1.6714285714285713,0.2,4.3
201902,17,원주,5.310714285714285,-0.6,12.4,35.035714285714285,15.0,94.0,1.7142857142857142,0.1,3.5
201902,18,원주,4.507142857142857,-1.4,11.2,38.392857142857146,18.0,94.0,1.2571428571428573,0.1,2.6
201902,19,원주,3.6107142857142853,-2.0,9.5,42.892857142857146,20.0,94.0,0.9249999999999999,0.0,2.1
201902,20,원주,2.757142857142857,-2.7,9.0,46.92857142857143,22.0,91.0,0.975,0.0,2.1
201902,21,원주,2.0714285714285716,-3.5,8.5,50.5,25.0,89.0,0.7892857142857143,0.0,1.8
201902,22,원주,1.4714285714285715,-3.9,8.1,53.5,28.0,86.0,0.7107142857142856,0.0,2.2
201902,23,원주,0.9178571428571429,-4.5,7.5,56.142857142857146,28.0,85.0,0.6,0.0,1.7
201903,0,원주,5.364516129032259,0.5,11.4,58.25806451612903,31.0,93.0,0.7741935483870968,0.0,2.3
201903,1,원주,4.683870967741935,0.2,11.1,61.83870967741935,31.0,93.0,0.664516129032258,0.0,2.3
201903,2,원주,4.003225806451613,-0.7,10.5,65.0,33.0,93.0,0.6709677419354839,0.0,2.7
201903,3,원주,3.480645161290323,-0.8,9.9,67.29032258064517,34.0,94.0,0.5870967741935483,0.0,1.8
201903,4,원주,3.064516129032258,-1.5,9.8,69.7741935483871,41.0,94.0,0.6000000000000001,0.0,1.8
201903,5,원주,2.7870967741935484,-2.1,10.7,71.3225806451613,41.0,95.0,0.5774193548387097,0.0,2.1
201903,6,원주,2.4064516129032256,-2.0,10.7,72.83870967741936,41.0,93.0,0.5129032258064516,0.0,1.8
201903,7,원주,2.2129032258064516,-2.7,9.9,73.87096774193549,44.0,91.0,0.5129032258064516,0.0,1.8
201903,8,원주,3.064516129032258,-1.2,9.6,70.51612903225806,40.0,90.0,0.5741935483870968,0.0,2.4
201903,9,원주,4.516129032258065,0.9,10.0,63.806451612903224,37.0,91.0,0.932258064516129,0.0,2.8
201903,10,원주,6.361290322580645,2.9,14.9,55.29032258064516,31.0,90.0,1.0483870967741935,0.2,2.7
201903,11,원주,8.112903225806452,3.7,15.9,47.58064516129032,26.0,86.0,1.1903225806451612,0.2,3.0
201903,12,원주,9.603225806451613,4.2,16.8,40.03225806451613,21.0,86.0,1.6838709677419357,0.4,3.8
201903,13,원주,10.790322580645162,4.2,18.0,35.096774193548384,12.0,79.0,1.8838709677419354,0.6,4.9
201903,14,원주,11.3,1.3,18.6,34.58064516129032,11.0,89.0,2.0,0.3,4.8
201903,15,원주,11.609677419354838,3.5,18.6,33.516129032258064,10.0,83.0,2.1870967741935483,0.6,4.6
201903,16,원주,11.506451612903225,4.0,17.4,34.12903225806452,10.0,82.0,2.148387096774193,0.3,5.2
201903,17,원주,11.245161290322581,3.9,17.2,34.225806451612904,12.0,70.0,2.1838709677419357,0.9,3.5
201903,18,원주,10.406451612903227,4.8,16.6,37.58064516129032,16.0,72.0,1.9258064516129034,0.3,5.0
201903,19,원주,9.17741935483871,1.2,15.1,43.806451612903224,19.0,90.0,1.6516129032258065,0.2,3.3
201903,20,원주,8.30967741935484,1.8,13.0,45.645161290322584,25.0,91.0,1.5903225806451613,0.1,3.9
201903,21,원주,7.554838709677419,2.0,12.4,47.54838709677419,28.0,91.0,1.2903225806451613,0.2,4.2
201903,22,원주,6.709677419354839,1.9,11.9,52.225806451612904,30.0,90.0,1.064516129032258,0.0,3.2
201903,23,원주,6.009677419354838,1.4,11.4,54.70967741935484,31.0,92.0,0.8129032258064516,0.0,2.3
201904,0,원주,9.823333333333332,2.4,19.9,58.3,32.0,92.0,0.7200000000000001,0.0,3.3
201904,1,원주,9.173333333333334,0.5,19.2,61.63333333333333,23.0,94.0,0.67,0.0,2.8
201904,2,원주,8.54,-0.1,18.0,64.5,13.0,94.0,0.5333333333333333,0.0,1.9
201904,3,원주,8.143333333333334,-0.5,17.5,66.6,18.0,94.0,0.5399999999999999,0.0,1.8
201904,4,원주,7.63,-1.0,16.2,68.56666666666666,26.0,94.0,0.62,0.0,3.3
201904,5,원주,7.12,-1.2,15.3,71.06666666666666,32.0,95.0,0.73,0.0,2.9
201904,6,원주,6.706666666666666,-1.7,15.2,72.23333333333333,34.0,95.0,0.5733333333333334,0.0,2.3
201904,7,원주,7.073333333333333,-1.5,15.2,71.33333333333333,38.0,95.0,0.6566666666666666,0.0,2.3
201904,8,원주,8.096666666666668,0.4,16.6,67.03333333333333,34.0,95.0,0.6966666666666667,0.0,2.1
201904,9,원주,9.92,3.3,19.4,59.56666666666667,25.0,94.0,0.7366666666666667,0.1,2.0
201904,10,원주,12.023333333333333,6.0,21.9,50.166666666666664,16.0,89.0,0.9366666666666668,0.2,2.7
201904,11,원주,13.786666666666667,7.1,23.3,42.2,13.0,77.0,1.1966666666666665,0.4,2.9
201904,12,원주,14.863333333333333,7.5,24.6,38.1,12.0,69.0,1.6133333333333333,0.6,3.1
201904,13,원주,15.793333333333333,8.0,25.7,35.36666666666667,10.0,66.0,1.7133333333333334,0.6,3.6
201904,14,원주,16.44,8.2,26.9,34.4,6.0,74.0,1.9133333333333333,0.6,3.7
201904,15,원주,16.926666666666666,9.0,27.8,32.6,8.0,69.0,1.84,0.4,3.4
201904,16,원주,17.096666666666668,9.1,27.9,31.533333333333335,10.0,67.0,2.2233333333333336,0.8,3.9
201904,17,원주,16.553333333333335,9.1,27.6,33.233333333333334,8.0,88.0,2.2,0.9,3.8
201904,18,원주,15.743333333333334,8.1,26.9,37.3,8.0,90.0,2.11,0.9,3.6
201904,19,원주,14.693333333333333,6.4,25.3,41.166666666666664,11.0,92.0,1.7533333333333334,0.2,3.3
201904,20,원주,13.766666666666667,5.5,23.1,43.96666666666667,14.0,86.0,1.43,0.1,2.9
201904,21,원주,12.936666666666667,5.4,22.4,47.166666666666664,20.0,89.0,1.27,0.0,2.9
201904,22,원주,11.993333333333334,5.0,21.0,50.266666666666666,21.0,89.0,0.95,0.1,2.4
201904,23,원주,11.053333333333335,4.8,21.0,54.63333333333333,27.0,90.0,0.7799999999999999,0.0,2.0
201905,0,원주,16.87741935483871,10.5,23.0,50.096774193548384,26.0,76.0,0.8129032258064516,0.0,2.4
201905,1,원주,15.980645161290322,10.0,22.5,55.903225806451616,37.0,82.0,0.7064516129032258,0.0,2.9
201905,2,원주,15.219354838709679,8.6,22.0,59.58064516129032,41.0,84.0,0.6580645161290322,0.0,3.3
201905,3,원주,14.583870967741936,7.9,21.8,62.74193548387097,42.0,85.0,0.5774193548387097,0.0,2.5
201905,4,원주,13.932258064516128,7.0,21.3,65.87096774193549,46.0,85.0,0.6870967741935484,0.0,1.9
201905,5,원주,13.251612903225807,6.4,21.1,69.16129032258064,47.0,84.0,0.5580645161290323,0.0,2.2
201905,6,원주,13.025806451612903,6.0,20.2,70.35483870967742,53.0,84.0,0.6741935483870969,0.1,3.2
201905,7,원주,13.890322580645162,7.7,20.0,66.35483870967742,54.0,80.0,0.6838709677419355,0.0,2.7
201905,8,원주,15.53225806451613,9.7,20.4,57.774193548387096,46.0,79.0,0.8548387096774194,0.2,2.8
201905,9,원주,17.635483870967743,12.3,22.5,49.58064516129032,35.0,77.0,0.967741935483871,0.3,3.4
201905,10,원주,19.793548387096774,14.9,25.4,41.67741935483871,23.0,75.0,1.1451612903225807,0.3,3.0
201905,11,원주,21.52258064516129,16.6,28.3,37.38709677419355,20.0,84.0,1.4096774193548387,0.4,2.7
201905,12,원주,22.864516129032257,17.9,29.8,34.38709677419355,17.0,84.0,1.9064516129032258,0.9,3.7
201905,13,원주,23.87741935483871,18.2,30.9,31.06451612903226,8.0,80.0,1.9129032258064516,0.7,4.0
201905,14,원주,24.59032258064516,19.2,31.3,29.193548387096776,10.0,73.0,2.232258064516129,0.7,4.2
201905,15,원주,25.067741935483873,19.2,32.2,27.322580645161292,14.0,86.0,2.267741935483871,1.0,5.1
201905,16,원주,25.11935483870968,19.1,31.6,26.161290322580644,11.0,86.0,2.306451612903226,1.0,3.9
201905,17,원주,24.72258064516129,17.7,31.4,26.387096774193548,9.0,84.0,2.2419354838709675,0.3,3.8
201905,18,원주,23.87741935483871,17.4,31.0,27.806451612903224,8.0,85.0,2.1870967741935483,1.0,4.0
201905,19,원주,22.74516129032258,16.0,29.9,30.29032258064516,9.0,85.0,1.8064516129032258,0.5,3.8
201905,20,원주,21.206451612903226,15.0,28.0,35.29032258064516,11.0,81.0,1.5838709677419356,0.3,3.7
201905,21,원주,19.787096774193547,13.7,25.3,39.83870967741935,16.0,85.0,1.3258064516129033,0.1,3.1
201905,22,원주,18.870967741935484,13.1,24.2,42.38709677419355,19.0,76.0,1.1387096774193548,0.3,2.3
201905,23,원주,17.858064516129033,11.7,23.4,46.354838709677416,22.0,79.0,0.8903225806451613,0.3,2.3
201906,0,원주,20.06,15.9,24.5,66.6,48.0,88.0,0.7533333333333334,0.0,2.4
201906,1,원주,19.44,15.3,24.0,69.36666666666666,51.0,89.0,0.5733333333333334,0.0,1.7
201906,2,원주,18.846666666666668,14.2,24.0,72.13333333333334,50.0,90.0,0.5766666666666667,0.0,3.0
201906,3,원주,18.4,13.5,24.0,74.2,56.0,91.0,0.4166666666666667,0.0,1.2
201906,4,원주,17.96333333333333,12.6,23.3,77.06666666666666,65.0,91.0,0.41000000000000003,0.0,1.5
201906,5,원주,17.613333333333333,12.6,22.8,78.56666666666666,67.0,91.0,0.5033333333333333,0.0,1.5
201906,6,원주,17.636666666666667,12.4,22.7,79.2,66.0,91.0,0.44333333333333336,0.0,1.4
201906,7,원주,18.313333333333333,13.6,23.0,75.56666666666666,60.0,90.0,0.58,0.0,1.5
201906,8,원주,19.34,15.2,24.3,71.1,55.0,89.0,0.8166666666666667,0.0,3.4
201906,9,원주,20.866666666666667,17.1,26.0,63.96666666666667,45.0,85.0,0.77,0.1,1.8
201906,10,원주,22.566666666666666,18.2,27.0,56.46666666666667,27.0,82.0,1.0266666666666666,0.3,1.9
201906,11,원주,23.923333333333336,19.1,28.0,51.733333333333334,28.0,78.0,1.0833333333333333,0.2,2.5
201906,12,원주,24.853333333333335,19.1,29.2,48.1,24.0,79.0,1.27,0.4,2.6
201906,13,원주,25.763333333333332,19.4,29.5,44.9,21.0,80.0,1.47,0.3,2.7
201906,14,원주,26.396666666666665,20.4,31.6,43.03333333333333,18.0,73.0,1.72,1.0,2.7
201906,15,원주,26.506666666666668,20.6,31.4,42.333333333333336,14.0,67.0,1.7266666666666666,0.8,3.5
201906,16,원주,26.48,21.9,31.4,42.233333333333334,18.0,74.0,1.7100000000000002,0.3,3.2
201906,17,원주,26.163333333333334,21.3,31.6,43.96666666666667,23.0,75.0,1.6966666666666665,0.8,2.9
201906,18,원주,25.9,21.8,30.8,45.4,23.0,72.0,1.6033333333333333,0.4,2.8
201906,19,원주,24.673333333333336,17.5,29.6,50.766666666666666,29.0,82.0,1.5366666666666666,0.4,3.4
201906,20,원주,23.586666666666666,17.9,28.9,55.36666666666667,32.0,84.0,1.3433333333333333,0.6,2.7
201906,21,원주,22.423333333333336,16.7,26.1,59.833333333333336,37.0,87.0,1.1166666666666667,0.3,2.8
201906,22,원주,21.613333333333333,16.1,25.3,62.6,36.0,86.0,1.03,0.0,2.8
201906,23,원주,20.91,16.1,24.6,65.4,46.0,88.0,0.7899999999999999,0.0,2.4
201907,0,원주,23.74516129032258,19.1,28.3,73.38709677419355,48.0,90.0,0.7451612903225807,0.0,2.2
201907,1,원주,23.348387096774193,19.0,28.3,75.29032258064517,54.0,91.0,0.7225806451612903,0.0,1.7
201907,2,원주,22.925806451612903,18.6,27.1,77.51612903225806,56.0,91.0,0.6322580645161291,0.0,1.6
201907,3,원주,22.664516129032258,18.1,27.3,78.16129032258064,57.0,92.0,0.5580645161290323,0.0,1.7
201907,4,원주,22.44193548387097,17.1,27.6,79.48387096774194,60.0,92.0,0.4419354838709677,0.0,0.9
201907,5,원주,22.270967741935483,17.0,27.7,80.29032258064517,61.0,92.0,0.6032258064516128,0.0,1.7
201907,6,원주,22.225806451612904,16.8,27.0,80.41935483870968,60.0,91.0,0.5806451612903226,0.0,1.5
201907,7,원주,22.641935483870967,19.0,26.9,79.0,62.0,91.0,0.6870967741935484,0.0,1.7
201907,8,원주,23.46451612903226,19.6,27.4,74.70967741935483,51.0,91.0,0.8032258064516129,0.0,1.8
201907,9,원주,24.53548387096774,20.7,27.6,69.06451612903226,46.0,91.0,1.1161290322580646,0.4,3.4
201907,10,원주,25.583870967741937,21.1,28.7,64.70967741935483,39.0,90.0,1.3193548387096774,0.2,3.4
201907,11,원주,26.39032258064516,22.2,30.9,61.87096774193548,35.0,89.0,1.5516129032258066,0.2,4.2
201907,12,원주,27.048387096774192,22.9,32.0,59.096774193548384,29.0,90.0,1.5806451612903225,0.5,5.5
201907,13,원주,27.72258064516129,24.0,32.8,56.61290322580645,27.0,88.0,1.7483870967741937,0.4,5.7
201907,14,원주,28.1,24.7,34.0,55.61290322580645,25.0,88.0,1.7838709677419353,0.5,4.7
201907,15,원주,28.529032258064515,24.1,35.2,54.29032258064516,22.0,89.0,1.864516129032258,0.4,5.8
201907,16,원주,28.606451612903225,22.3,34.8,54.45161290322581,22.0,89.0,1.864516129032258,0.0,4.5
201907,17,원주,28.10967741935484,21.3,33.4,56.774193548387096,26.0,89.0,1.738709677419355,0.0,3.2
201907,18,원주,27.31935483870968,20.7,31.8,60.16129032258065,32.0,89.0,1.941935483870968,0.0,4.0
201907,19,원주,26.683870967741935,20.2,30.6,62.38709677419355,34.0,89.0,1.3903225806451613,0.0,3.3
201907,20,원주,25.948387096774194,19.7,30.0,64.7741935483871,34.0,88.0,1.164516129032258,0.2,3.0
201907,21,원주,25.29032258064516,19.8,29.6,67.09677419354838,36.0,90.0,1.0935483870967742,0.0,3.2
201907,22,원주,24.770967741935483,19.6,28.7,69.38709677419355,39.0,90.0,0.8129032258064516,0.0,2.6
201907,23,원주,24.229032258064517,19.1,28.3,71.70967741935483,48.0,90.0,0.8129032258064516,0.0,2.5
201908,0,원주,24.538709677419355,20.2,29.1,75.12903225806451,53.0,91.0,0.7709677419354838,0.0,2.4
201908,1,원주,24.125806451612902,19.4,28.8,77.16129032258064,57.0,91.0,0.8838709677419354,0.0,2.3
201908,2,원주,23.780645161290323,19.1,28.6,78.87096774193549,59.0,91.0,0.635483870967742,0.0,2.5
201908,3,원주,23.44516129032258,18.5,28.5,80.25806451612904,60.0,91.0,0.6225806451612903,0.0,1.6
201908,4,원주,23.103225806451615,18.1,28.5,81.64516129032258,61.0,91.0,0.5967741935483871,0.0,2.2
201908,5,원주,22.919354838709676,18.1,28.7,82.70967741935483,61.0,91.0,0.6193548387096774,0.0,2.9
201908,6,원주,22.648387096774194,17.6,28.7,83.80645161290323,61.0,91.0,0.6774193548387096,0.0,2.6
201908,7,원주,23.15806451612903,18.8,27.7,81.58064516129032,61.0,91.0,0.6129032258064516,0.0,1.7
201908,8,원주,24.154838709677417,20.4,28.5,76.61290322580645,57.0,91.0,0.767741935483871,0.0,3.3
201908,9,원주,25.438709677419357,20.6,30.5,70.41935483870968,49.0,90.0,0.9580645161290322,0.0,2.6
201908,10,원주,26.677419354838708,21.1,31.6,65.03225806451613,47.0,89.0,1.1258064516129032,0.0,2.6
201908,11,원주,27.806451612903224,22.2,32.7,60.193548387096776,46.0,86.0,1.3193548387096774,0.4,4.0
201908,12,원주,28.861290322580647,22.9,33.9,56.225806451612904,42.0,86.0,1.5451612903225806,0.4,3.4
201908,13,원주,29.316129032258065,23.6,34.8,54.25806451612903,41.0,82.0,1.6903225806451612,0.5,3.7
201908,14,원주,29.69677419354839,20.3,34.6,51.87096774193548,37.0,75.0,1.7870967741935484,0.6,3.5
201908,15,원주,29.87741935483871,20.0,35.4,51.54838709677419,37.0,82.0,1.6161290322580646,0.5,2.8
201908,16,원주,29.767741935483873,21.7,35.1,52.483870967741936,36.0,86.0,1.6774193548387097,0.6,4.4
201908,17,원주,29.616129032258065,22.3,35.0,53.03225806451613,36.0,86.0,1.6516129032258065,0.6,3.5
201908,18,원주,28.967741935483872,22.6,33.8,55.74193548387097,37.0,89.0,1.3548387096774193,0.1,2.6
201908,19,원주,27.896774193548385,21.9,33.1,60.58064516129032,43.0,89.0,1.3193548387096774,0.4,3.6
201908,20,원주,26.470967741935485,21.8,30.9,67.0,46.0,88.0,1.2870967741935484,0.1,3.1
201908,21,원주,25.703225806451613,20.9,29.9,68.90322580645162,48.0,89.0,1.0096774193548388,0.1,2.6
201908,22,원주,25.299999999999997,20.7,29.3,70.16129032258064,51.0,89.0,0.8096774193548387,0.0,2.8
201908,23,원주,24.758064516129032,20.7,29.1,72.90322580645162,53.0,90.0,0.8838709677419354,0.0,3.1
201909,0,원주,19.740000000000002,13.5,26.0,78.43333333333334,63.0,91.0,0.6266666666666667,0.0,2.9
201909,1,원주,19.346666666666668,13.0,25.6,79.93333333333334,61.0,91.0,0.5433333333333333,0.0,4.3
201909,2,원주,19.073333333333334,12.7,25.8,81.06666666666666,62.0,92.0,0.56,0.0,2.0
201909,3,원주,18.779999999999998,12.2,26.6,82.16666666666667,61.0,92.0,0.5399999999999999,0.0,2.1
201909,4,원주,18.626666666666665,12.1,28.1,82.53333333333333,56.0,92.0,0.6833333333333333,0.0,3.2
201909,5,원주,18.403333333333332,11.7,28.4,83.36666666666666,55.0,93.0,0.7166666666666667,0.0,2.9
201909,6,원주,18.240000000000002,11.5,28.4,83.86666666666666,56.0,93.0,0.59,0.0,2.8
201909,7,원주,18.459999999999997,11.6,29.0,83.13333333333334,54.0,94.0,0.6199999999999999,0.0,4.5
201909,8,원주,18.926666666666666,11.5,29.3,80.76666666666667,54.0,94.0,0.58,0.0,4.8
201909,9,원주,20.066666666666666,13.1,29.1,75.43333333333334,56.0,93.0,0.9966666666666666,0.0,4.6
201909,10,원주,21.543333333333333,15.7,29.8,68.06666666666666,45.0,87.0,1.0666666666666667,0.2,4.8
201909,11,원주,23.103333333333335,16.9,29.6,61.53333333333333,35.0,82.0,1.1266666666666665,0.2,5.2
201909,12,원주,24.083333333333332,17.0,29.2,57.166666666666664,36.0,81.0,1.1666666666666667,0.3,4.5
201909,13,원주,24.87,17.0,29.7,54.63333333333333,34.0,82.0,1.3233333333333335,0.1,5.3
201909,14,원주,25.276666666666664,17.4,30.5,53.0,30.0,83.0,1.4166666666666667,0.1,5.1
201909,15,원주,25.38,17.6,30.8,53.166666666666664,26.0,87.0,1.3933333333333333,0.0,4.0
201909,16,원주,25.196666666666665,18.0,29.8,53.766666666666666,27.0,84.0,1.4533333333333334,0.1,5.4
201909,17,원주,24.696666666666665,17.3,29.1,55.8,29.0,79.0,1.2933333333333334,0.6,3.7
201909,18,원주,23.763333333333332,16.8,28.0,60.4,32.0,88.0,1.4733333333333334,0.2,7.3
201909,19,원주,22.58,16.2,27.7,66.93333333333334,37.0,89.0,0.9066666666666666,0.0,4.0
201909,20,원주,21.753333333333334,15.6,27.7,70.53333333333333,48.0,90.0,0.7966666666666666,0.0,4.1
201909,21,원주,21.11,14.7,28.2,72.46666666666667,51.0,90.0,0.85,0.0,2.7
201909,22,원주,20.613333333333333,14.2,27.8,74.36666666666666,59.0,90.0,0.8166666666666667,0.0,3.2
201909,23,원주,20.21333333333333,13.6,27.4,75.9,58.0,91.0,0.8,0.0,4.9
201910,0,원주,13.399999999999999,6.9,21.4,77.6774193548387,58.0,89.0,0.7096774193548387,0.0,2.2
201910,1,원주,12.938709677419356,6.1,21.1,78.80645161290323,59.0,91.0,0.7483870967741936,0.0,2.9
201910,2,원주,12.396774193548387,5.6,21.2,80.93548387096774,65.0,92.0,0.5161290322580645,0.0,2.7
201910,3,원주,11.961290322580645,5.2,20.9,82.29032258064517,63.0,93.0,0.49354838709677423,0.0,2.2
201910,4,원주,11.538709677419355,4.5,20.8,83.35483870967742,60.0,93.0,0.4838709677419355,0.0,1.9
201910,5,원주,11.209677419354838,4.3,20.4,84.29032258064517,67.0,93.0,0.4096774193548387,0.0,1.5
201910,6,원주,11.061290322580644,3.5,20.8,83.96774193548387,53.0,94.0,0.45483870967741935,0.0,2.4
201910,7,원주,10.85483870967742,3.2,20.6,85.06451612903226,54.0,93.0,0.42903225806451617,0.0,2.9
201910,8,원주,11.758064516129032,3.4,20.8,81.09677419354838,47.0,93.0,0.5967741935483871,0.0,4.0
201910,9,원주,13.193548387096774,4.4,21.3,74.41935483870968,44.0,93.0,0.7225806451612903,0.0,3.8
201910,10,원주,14.806451612903226,5.5,22.0,66.6774193548387,42.0,88.0,0.8612903225806451,0.1,4.3
201910,11,원주,16.45483870967742,9.3,22.6,59.29032258064516,40.0,85.0,0.970967741935484,0.1,5.0
201910,12,원주,17.87741935483871,12.2,24.5,54.16129032258065,35.0,86.0,1.0903225806451613,0.0,3.8
201910,13,원주,18.76774193548387,12.7,25.3,50.064516129032256,27.0,86.0,1.2741935483870968,0.3,5.0
201910,14,원주,19.483870967741936,13.8,25.7,47.903225806451616,32.0,88.0,1.4806451612903226,0.3,4.5
201910,15,원주,19.53548387096774,13.1,26.3,47.87096774193548,33.0,89.0,1.5612903225806452,0.2,4.3
201910,16,원주,19.36774193548387,13.7,26.5,48.354838709677416,23.0,89.0,1.435483870967742,0.0,3.5
201910,17,원주,18.712903225806453,13.0,25.9,49.806451612903224,30.0,90.0,1.396774193548387,0.1,3.3
201910,18,원주,17.519354838709678,12.0,25.1,55.774193548387096,29.0,89.0,0.9064516129032258,0.0,2.6
201910,19,원주,16.193548387096776,10.5,24.4,62.54838709677419,37.0,90.0,0.9741935483870967,0.1,2.9
201910,20,원주,15.261290322580646,9.4,23.2,67.2258064516129,49.0,89.0,0.7451612903225807,0.0,2.7
201910,21,원주,14.696774193548388,8.6,22.6,70.06451612903226,52.0,90.0,0.5838709677419355,0.0,2.0
201910,22,원주,14.248387096774193,8.1,22.2,72.61290322580645,51.0,91.0,0.7161290322580645,0.0,1.9
201910,23,원주,13.703225806451613,7.5,22.0,75.38709677419355,53.0,89.0,0.7516129032258064,0.0,3.0
201911,0,원주,5.61,-1.0,13.2,74.56666666666666,50.0,93.0,0.4966666666666667,0.0,2.9
201911,1,원주,5.3100000000000005,-1.4,14.2,75.8,54.0,92.0,0.51,0.0,2.9
201911,2,원주,4.8533333333333335,-2.0,13.6,77.96666666666667,54.0,93.0,0.5133333333333333,0.0,3.6
201911,3,원주,4.406666666666666,-2.3,12.7,78.46666666666667,43.0,93.0,0.36000000000000004,0.0,2.1
201911,4,원주,4.136666666666667,-2.4,12.0,78.6,30.0,93.0,0.59,0.0,3.0
201911,5,원주,3.75,-3.0,11.5,79.76666666666667,36.0,93.0,0.43,0.0,2.4
201911,6,원주,3.4099999999999997,-3.5,11.2,80.06666666666666,28.0,93.0,0.5633333333333332,0.0,3.3
201911,7,원주,3.243333333333333,-4.0,11.4,79.33333333333333,24.0,94.0,0.61,0.0,3.3
201911,8,원주,3.716666666666667,-3.5,12.2,77.16666666666667,23.0,94.0,0.53,0.0,2.6
201911,9,원주,4.856666666666667,-1.8,12.3,72.3,21.0,94.0,0.65,0.0,2.6
201911,10,원주,6.366666666666666,-0.5,13.9,65.6,20.0,94.0,0.91,0.0,3.3
201911,11,원주,8.21,1.7,15.7,56.766666666666666,16.0,92.0,0.89,0.2,2.9
201911,12,원주,9.663333333333332,3.1,17.5,49.766666666666666,14.0,83.0,1.04,0.2,3.6
201911,13,원주,10.916666666666666,3.9,18.7,46.233333333333334,18.0,85.0,1.2,0.1,2.9
201911,14,원주,11.703333333333335,4.3,19.0,43.2,18.0,89.0,1.3566666666666667,0.1,3.5
201911,15,원주,12.163333333333332,4.5,18.8,40.96666666666667,15.0,90.0,1.45,0.1,3.6
201911,16,원주,11.913333333333332,4.3,18.8,42.333333333333336,17.0,90.0,1.4666666666666666,0.3,4.1
201911,17,원주,11.110000000000001,3.6,17.8,44.86666666666667,18.0,90.0,1.2833333333333334,0.2,3.4
201911,18,원주,9.873333333333333,2.8,16.0,51.86666666666667,26.0,91.0,0.9966666666666667,0.0,3.5
201911,19,원주,8.75,2.0,15.1,57.96666666666667,34.0,91.0,0.92,0.0,3.1
201911,20,원주,7.956666666666666,1.1,14.5,61.06666666666667,32.0,91.0,0.7466666666666667,0.0,4.5
201911,21,원주,7.2,1.0,14.0,64.4,39.0,91.0,0.6133333333333333,0.0,2.9
201911,22,원주,6.3533333333333335,-0.1,13.6,69.16666666666667,45.0,92.0,0.5833333333333334,0.0,2.4
201911,23,원주,5.673333333333333,-0.7,13.1,71.43333333333334,46.0,92.0,0.5066666666666666,0.0,2.7
201912,0,원주,0.15161290322580642,-6.6,6.5,68.2258064516129,40.0,90.0,0.6096774193548387,0.0,2.6
201912,1,원주,-0.37741935483870964,-7.0,6.2,69.93548387096774,43.0,91.0,0.5580645161290323,0.0,3.7
201912,2,원주,-0.7806451612903226,-7.1,5.9,71.54838709677419,41.0,91.0,0.4838709677419355,0.0,3.3
201912,3,원주,-1.1774193548387097,-7.8,5.1,73.45161290322581,47.0,92.0,0.45666666666666667,0.0,2.9
201912,4,원주,-1.432258064516129,-8.1,5.5,74.54838709677419,47.0,93.0,0.45,0.0,1.8
201912,5,원주,-1.6774193548387097,-8.7,5.4,75.61290322580645,49.0,93.0,0.44333333333333336,0.0,2.9
201912,6,원주,-1.7741935483870968,-9.1,5.1,76.83870967741936,52.0,92.0,0.43,0.0,1.8
201912,7,원주,-1.7193548387096773,-9.3,8.8,77.16129032258064,52.0,92.0,0.5966666666666666,0.0,2.0
201912,8,원주,-1.7774193548387094,-9.7,7.0,77.41935483870968,53.0,92.0,0.5700000000000001,0.0,2.5
201912,9,원주,-0.8870967741935484,-8.5,10.3,73.12903225806451,32.0,92.0,0.6433333333333333,0.0,2.2
201912,10,원주,0.13548387096774192,-7.7,9.6,67.3225806451613,27.0,92.0,0.7833333333333333,0.1,2.5
201912,11,원주,1.2741935483870968,-6.8,10.3,61.03225806451613,17.0,92.0,0.83,0.3,2.3
201912,12,원주,2.4000000000000004,-6.1,9.0,56.29032258064516,17.0,92.0,1.0166666666666666,0.1,3.0
201912,13,원주,3.4838709677419355,-5.4,10.2,53.38709677419355,18.0,91.0,1.132258064516129,0.0,3.9
201912,14,원주,4.264516129032257,-4.5,11.7,50.29032258064516,17.0,90.0,1.2935483870967743,0.2,4.1
201912,15,원주,4.693548387096774,-4.0,13.0,47.83870967741935,9.0,89.0,1.2935483870967743,0.1,4.0
201912,16,원주,4.709677419354839,-3.9,12.8,47.41935483870968,15.0,89.0,1.3258064516129033,0.1,3.8
201912,17,원주,3.967741935483871,-4.1,11.0,50.225806451612904,18.0,89.0,0.9516129032258065,0.0,3.0
201912,18,원주,3.07741935483871,-4.5,9.3,55.225806451612904,24.0,88.0,0.8741935483870968,0.0,3.3
201912,19,원주,2.238709677419355,-4.9,8.7,59.61290322580645,27.0,89.0,0.8064516129032258,0.0,3.2
201912,20,원주,1.5516129032258066,-5.4,8.6,62.67741935483871,28.0,90.0,0.7967741935483871,0.0,4.3
201912,21,원주,1.035483870967742,-5.9,7.9,63.61290322580645,31.0,90.0,0.7548387096774193,0.0,3.8
201912,22,원주,0.44516129032258067,-6.4,7.2,66.48387096774194,33.0,91.0,0.7483870967741936,0.0,3.8
201912,23,원주,0.06451612903225806,-7.0,6.7,67.41935483870968,37.0,90.0,0.6161290322580646,0.0,4.1
202001,0,원주,-0.2032258064516129,-6.9,7.9,70.3225806451613,45.0,93.0,0.3741935483870968,0.0,2.1
202001,1,원주,-0.42580645161290326,-6.6,8.2,70.83870967741936,43.0,93.0,0.5161290322580645,0.0,1.7
202001,2,원주,-0.5741935483870968,-6.1,9.5,71.51612903225806,40.0,94.0,0.6516129032258065,0.0,2.6
202001,3,원주,-0.9838709677419355,-6.7,7.1,72.51612903225806,44.0,91.0,0.5774193548387097,0.0,5.5
202001,4,원주,-1.3709677419354838,-6.4,6.4,74.6774193548387,49.0,91.0,0.5419354838709678,0.0,3.7
202001,5,원주,-1.635483870967742,-6.6,5.9,75.58064516129032,47.0,92.0,0.4967741935483871,0.0,2.6
202001,6,원주,-1.8193548387096774,-6.5,5.8,76.03225806451613,48.0,93.0,0.4161290322580645,0.0,3.0
202001,7,원주,-1.9838709677419355,-6.9,6.0,76.90322580645162,46.0,93.0,0.5806451612903226,0.0,3.3
202001,8,원주,-2.0548387096774197,-7.4,5.8,77.25806451612904,47.0,93.0,0.35161290322580646,0.0,1.8
202001,9,원주,-1.2516129032258063,-6.3,6.2,73.93548387096774,48.0,93.0,0.6161290322580646,0.0,2.5
202001,10,원주,-0.03870967741935485,-5.8,7.7,68.16129032258064,45.0,93.0,0.7870967741935483,0.2,2.8
202001,11,원주,1.4967741935483871,-5.1,9.0,60.516129032258064,44.0,93.0,0.8290322580645161,0.1,3.7
202001,12,원주,2.9967741935483874,-3.6,9.5,53.25806451612903,35.0,93.0,1.0290322580645161,0.1,3.6
202001,13,원주,4.358064516129032,-1.8,10.5,46.83870967741935,28.0,93.0,1.167741935483871,0.2,3.5
202001,14,원주,5.012903225806451,-0.8,11.4,43.87096774193548,25.0,93.0,1.3419354838709678,0.3,3.2
202001,15,원주,5.396774193548388,-0.3,11.6,43.354838709677416,22.0,93.0,1.4064516129032258,0.1,4.0
202001,16,원주,5.354838709677419,0.3,10.9,44.38709677419355,24.0,92.0,1.3548387096774193,0.3,3.8
202001,17,원주,4.754838709677419,-0.4,10.0,47.61290322580645,25.0,93.0,1.3870967741935485,0.0,3.2
202001,18,원주,3.774193548387097,-0.4,8.6,52.38709677419355,28.0,93.0,1.0,0.0,5.1
202001,19,원주,2.8161290322580643,-0.4,8.3,58.096774193548384,32.0,93.0,1.0064516129032257,0.0,3.3
202001,20,원주,2.1580645161290324,-2.0,8.6,62.064516129032256,33.0,93.0,0.8516129032258064,0.0,2.3
202001,21,원주,1.6064516129032258,-2.5,8.6,64.7741935483871,36.0,93.0,0.7741935483870968,0.0,2.5
202001,22,원주,1.0516129032258066,-3.0,8.3,66.16129032258064,37.0,93.0,0.6645161290322581,0.0,3.0
202001,23,원주,0.40645161290322573,-3.8,8.2,69.83870967741936,42.0,93.0,0.5129032258064516,0.0,2.1
202002,0,원주,1.4000000000000001,-7.6,8.5,66.03448275862068,43.0,93.0,0.5413793103448277,0.0,2.3
202002,1,원주,0.993103448275862,-8.0,8.3,67.93103448275862,42.0,93.0,0.506896551724138,0.0,2.5
202002,2,원주,0.7275862068965517,-8.5,8.0,68.86206896551724,43.0,93.0,0.6172413793103447,0.0,2.8
202002,3,원주,0.306896551724138,-9.1,7.6,70.65517241379311,43.0,93.0,0.7655172413793103,0.0,2.7
202002,4,원주,-0.044827586206896544,-9.7,7.6,73.41379310344827,45.0,93.0,0.6517241379310345,0.0,2.8
202002,5,원주,-0.4241379310344828,-10.2,7.5,75.27586206896552,45.0,92.0,0.7068965517241379,0.0,3.4
202002,6,원주,-0.7172413793103449,-10.4,7.4,76.06896551724138,45.0,92.0,0.7275862068965516,0.0,4.0
202002,7,원주,-0.8793103448275862,-11.2,7.5,75.96551724137932,42.0,92.0,0.6448275862068965,0.0,2.6
202002,8,원주,-0.806896551724138,-11.1,7.5,74.89655172413794,44.0,92.0,0.6758620689655173,0.0,2.6
202002,9,원주,0.13448275862068965,-9.8,7.6,70.27586206896552,42.0,92.0,0.7655172413793103,0.0,2.9
202002,10,원주,1.3448275862068966,-8.6,8.4,63.0,37.0,92.0,0.9275862068965517,0.1,3.4
202002,11,원주,2.782758620689655,-6.0,11.1,56.793103448275865,29.0,93.0,1.1379310344827587,0.2,2.6
202002,12,원주,4.155172413793103,-5.1,14.2,50.310344827586206,23.0,90.0,1.3310344827586207,0.3,4.3
202002,13,원주,5.072413793103448,-4.5,15.8,45.724137931034484,24.0,90.0,1.5310344827586206,0.5,4.7
202002,14,원주,5.975862068965517,-3.7,15.5,43.03448275862069,20.0,89.0,1.7379310344827585,0.3,5.0
202002,15,원주,6.520689655172413,-3.5,15.8,40.6551724137931,16.0,90.0,1.7206896551724138,0.4,6.1
202002,16,원주,6.603448275862069,-3.6,15.5,40.724137931034484,15.0,91.0,1.7793103448275862,0.4,5.4
202002,17,원주,6.206896551724138,-4.6,14.9,42.86206896551724,17.0,91.0,1.7034482758620688,0.4,5.3
202002,18,원주,5.5344827586206895,-4.9,14.5,46.48275862068966,19.0,92.0,1.2655172413793105,0.0,3.8
202002,19,원주,4.555172413793104,-5.1,14.0,51.206896551724135,28.0,92.0,0.996551724137931,0.1,3.5
202002,20,원주,3.682758620689655,-5.0,13.6,55.44827586206897,32.0,93.0,0.9586206896551723,0.0,3.9
202002,21,원주,2.9068965517241376,-5.6,13.4,59.62068965517241,36.0,93.0,0.7655172413793103,0.0,2.3
202002,22,원주,2.4896551724137934,-6.1,12.4,62.275862068965516,38.0,93.0,0.8482758620689655,0.0,2.5
202002,23,원주,1.9448275862068964,-6.8,9.8,65.34482758620689,42.0,93.0,0.6379310344827587,0.0,2.3
202003,0,원주,5.825806451612903,0.0,13.6,56.25806451612903,35.0,91.0,0.6548387096774194,0.0,2.2
202003,1,원주,5.096774193548387,-0.7,13.6,60.03225806451613,38.0,92.0,0.7774193548387097,0.1,2.6
202003,2,원주,4.606451612903226,-0.9,13.5,61.903225806451616,39.0,93.0,0.6548387096774194,0.0,2.4
202003,3,원주,4.12258064516129,-1.4,13.5,64.29032258064517,39.0,93.0,0.5935483870967742,0.0,2.9
202003,4,원주,3.703225806451613,-2.0,13.6,66.64516129032258,42.0,93.0,0.5741935483870968,0.0,2.2
202003,5,원주,3.232258064516129,-2.6,13.5,69.41935483870968,42.0,93.0,0.4419354838709677,0.0,1.7
202003,6,원주,2.8870967741935485,-2.9,13.6,71.2258064516129,51.0,93.0,0.5225806451612903,0.0,1.4
202003,7,원주,3.041935483870968,-3.5,14.1,72.09677419354838,44.0,94.0,0.6290322580645161,0.0,3.5
202003,8,원주,3.870967741935484,-2.3,14.9,67.58064516129032,41.0,93.0,0.832258064516129,0.1,4.1
202003,9,원주,5.383870967741935,0.2,14.0,60.41935483870968,35.0,94.0,1.035483870967742,0.1,4.3
202003,10,원주,7.070967741935483,0.5,14.4,51.83870967741935,28.0,94.0,1.1870967741935483,0.3,3.4
202003,11,원주,9.038709677419355,2.1,18.2,43.32258064516129,26.0,89.0,1.441935483870968,0.1,5.4
202003,12,원주,10.541935483870969,3.1,19.3,37.45161290322581,23.0,89.0,1.5483870967741935,0.4,3.8
202003,13,원주,11.764516129032257,3.0,20.8,32.03225806451613,16.0,90.0,2.003225806451613,0.6,6.3
202003,14,원주,12.5,4.2,21.6,29.516129032258064,11.0,89.0,2.1193548387096777,0.2,6.1
202003,15,원주,12.774193548387096,4.2,22.0,29.129032258064516,11.0,88.0,2.361290322580645,0.4,6.6
202003,16,원주,12.893548387096773,4.6,20.8,28.35483870967742,10.0,85.0,2.203225806451613,0.4,5.4
202003,17,원주,12.529032258064515,3.5,19.9,29.29032258064516,10.0,84.0,2.1451612903225805,0.5,4.0
202003,18,원주,11.761290322580646,2.7,19.2,32.064516129032256,13.0,86.0,2.0580645161290323,0.3,5.2
202003,19,원주,10.683870967741935,2.1,17.6,36.03225806451613,13.0,86.0,1.735483870967742,0.1,5.2
202003,20,원주,9.46774193548387,1.5,16.7,41.516129032258064,17.0,88.0,1.4967741935483871,0.1,3.5
202003,21,원주,8.51290322580645,1.2,17.1,45.58064516129032,19.0,88.0,1.2580645161290323,0.0,3.2
202003,22,원주,7.506451612903225,0.8,15.6,49.483870967741936,19.0,89.0,1.1709677419354838,0.0,2.5
202003,23,원주,6.706451612903226,0.4,14.3,52.70967741935484,26.0,90.0,0.9129032258064517,0.0,2.8
202004,0,원주,8.716666666666667,4.4,15.3,49.166666666666664,29.0,92.0,0.8366666666666667,0.0,2.1
202004,1,원주,7.983333333333333,3.9,14.7,51.4,31.0,93.0,0.6966666666666667,0.0,2.9
202004,2,원주,7.4366666666666665,3.1,14.0,54.0,32.0,93.0,0.6366666666666667,0.0,4.3
202004,3,원주,6.8966666666666665,2.2,13.3,56.46666666666667,35.0,93.0,0.58,0.0,2.9
202004,4,원주,6.2266666666666675,1.4,13.3,61.1,38.0,93.0,0.5533333333333333,0.0,2.9
202004,5,원주,5.6899999999999995,0.5,12.7,63.733333333333334,41.0,93.0,0.5633333333333332,0.0,3.2
202004,6,원주,5.319999999999999,0.2,12.9,66.0,48.0,92.0,0.5033333333333333,0.0,1.4
202004,7,원주,6.1866666666666665,0.9,13.7,61.93333333333333,30.0,91.0,0.6366666666666667,0.0,2.6
202004,8,원주,7.573333333333333,1.7,14.2,56.333333333333336,26.0,92.0,0.9333333333333333,0.0,3.0
202004,9,원주,9.5,4.3,16.0,48.5,26.0,81.0,1.2533333333333334,0.1,3.0
202004,10,원주,11.436666666666667,6.4,17.4,40.7,14.0,70.0,1.6633333333333333,0.4,4.1
202004,11,원주,12.943333333333333,8.5,18.2,35.166666666666664,11.0,68.0,1.9933333333333334,0.5,4.4
202004,12,원주,14.256666666666666,8.4,20.5,30.0,10.0,63.0,2.1633333333333336,0.6,5.7
202004,13,원주,15.173333333333334,8.6,22.8,27.366666666666667,7.0,59.0,2.533333333333333,0.6,5.4
202004,14,원주,15.886666666666667,8.1,23.2,25.666666666666668,6.0,59.0,2.7066666666666666,0.7,5.3
202004,15,원주,16.303333333333335,8.8,23.5,25.2,6.0,76.0,2.5900000000000003,0.9,5.1
202004,16,원주,16.013333333333332,8.0,23.6,27.466666666666665,7.0,82.0,2.6666666666666665,0.9,5.1
202004,17,원주,15.723333333333333,8.2,23.6,28.266666666666666,8.0,82.0,2.6266666666666665,0.2,5.4
202004,18,원주,14.923333333333334,7.1,22.9,30.266666666666666,10.0,85.0,2.533333333333333,0.2,4.1
202004,19,원주,13.786666666666667,6.3,21.9,33.13333333333333,10.0,81.0,2.15,0.4,4.0
202004,20,원주,12.479999999999999,5.9,20.5,37.06666666666667,10.0,81.0,1.91,0.2,4.1
202004,21,원주,11.54,5.8,19.7,41.13333333333333,12.0,89.0,1.62,0.1,3.8
202004,22,원주,10.603333333333333,5.4,18.0,43.63333333333333,16.0,90.0,1.29,0.0,3.7
202004,23,원주,9.76,5.0,17.7,46.43333333333333,11.0,89.0,1.1366666666666667,0.0,3.5
202005,0,원주,16.116129032258062,9.6,20.0,67.74193548387096,24.0,89.0,0.6161290322580646,0.0,3.0
202005,1,원주,15.529032258064515,8.8,19.5,70.54838709677419,26.0,88.0,0.7387096774193548,0.0,2.4
202005,2,원주,15.100000000000001,8.4,19.5,72.58064516129032,26.0,89.0,0.6903225806451613,0.0,2.2
202005,3,원주,14.73225806451613,8.0,19.3,74.45161290322581,26.0,89.0,0.5838709677419355,0.0,1.8
202005,4,원주,14.325806451612904,7.5,19.2,76.64516129032258,26.0,89.0,0.5064516129032258,0.0,1.7
202005,5,원주,14.041935483870969,7.3,19.6,77.16129032258064,28.0,90.0,0.5806451612903226,0.0,1.4
202005,6,원주,14.129032258064516,8.0,19.9,77.0,31.0,90.0,0.5419354838709678,0.0,1.8
202005,7,원주,14.825806451612904,8.9,20.1,74.12903225806451,37.0,90.0,0.8032258064516129,0.1,2.6
202005,8,원주,15.845161290322581,10.2,19.8,68.38709677419355,36.0,88.0,0.9516129032258065,0.0,3.5
202005,9,원주,17.22258064516129,11.4,21.9,63.67741935483871,22.0,88.0,1.0258064516129033,0.1,2.9
202005,10,원주,18.74516129032258,12.3,23.4,57.38709677419355,16.0,85.0,1.2999999999999998,0.4,2.8
202005,11,원주,19.82903225806452,12.4,25.2,53.74193548387097,14.0,88.0,1.5225806451612904,0.2,3.4
202005,12,원주,20.864516129032257,13.0,26.9,49.29032258064516,13.0,90.0,1.7129032258064516,0.5,3.1
202005,13,원주,21.68064516129032,13.6,27.5,46.67741935483871,11.0,89.0,1.9129032258064516,0.7,3.3
202005,14,원주,22.261290322580646,13.4,28.1,44.67741935483871,10.0,87.0,1.8258064516129033,0.6,3.8
202005,15,원주,22.551612903225806,14.2,28.4,43.064516129032256,11.0,89.0,2.07741935483871,0.7,3.6
202005,16,원주,22.5,13.4,28.8,43.45161290322581,13.0,88.0,2.1516129032258067,1.0,4.3
202005,17,원주,22.225806451612904,13.4,28.5,42.96774193548387,13.0,79.0,1.9225806451612903,0.4,3.9
202005,18,원주,21.419354838709676,12.5,27.5,45.45161290322581,12.0,84.0,1.7516129032258065,0.4,4.2
202005,19,원주,20.629032258064516,12.0,26.9,49.41935483870968,17.0,89.0,1.441935483870968,0.3,3.9
202005,20,원주,19.503225806451614,11.3,24.5,54.225806451612904,18.0,87.0,1.270967741935484,0.3,2.7
202005,21,원주,18.358064516129033,10.6,22.9,58.61290322580645,20.0,87.0,1.1064516129032258,0.0,3.1
202005,22,원주,17.61935483870968,10.2,21.5,61.096774193548384,20.0,89.0,0.9193548387096774,0.0,2.8
202005,23,원주,16.84193548387097,9.9,20.8,64.58064516129032,23.0,89.0,0.8032258064516129,0.0,2.8
202006,0,원주,22.36,16.2,26.2,65.23333333333333,40.0,89.0,0.9333333333333333,0.0,3.1
202006,1,원주,21.69333333333333,15.9,27.3,69.1,40.0,89.0,0.91,0.0,3.5
202006,2,원주,21.17,15.2,26.8,71.9,46.0,90.0,0.8433333333333334,0.0,2.9
202006,3,원주,20.773333333333333,14.7,26.6,73.3,44.0,91.0,0.7066666666666668,0.0,2.2
202006,4,원주,20.44333333333333,14.0,26.3,75.2,44.0,91.0,0.5533333333333333,0.0,1.9
202006,5,원주,20.23,13.7,26.0,76.23333333333333,43.0,91.0,0.6033333333333334,0.0,1.7
202006,6,원주,20.17,13.8,25.3,76.5,49.0,91.0,0.6633333333333333,0.0,2.4
202006,7,원주,20.633333333333333,14.2,25.2,74.16666666666667,42.0,91.0,0.8066666666666666,0.0,2.2
202006,8,원주,21.60666666666667,15.1,25.1,69.5,45.0,88.0,0.8933333333333333,0.1,3.2
202006,9,원주,22.89,16.4,26.8,63.43333333333333,47.0,87.0,1.06,0.0,3.4
202006,10,원주,24.4,18.4,29.1,57.0,40.0,84.0,1.1433333333333335,0.2,2.7
202006,11,원주,25.62,19.2,30.4,51.93333333333333,34.0,82.0,1.4533333333333334,0.4,3.4
202006,12,원주,26.39,19.7,32.3,48.733333333333334,29.0,79.0,1.53,0.3,2.9
202006,13,원주,27.296666666666667,20.2,32.7,46.166666666666664,29.0,71.0,1.6533333333333333,0.6,3.8
202006,14,원주,27.866666666666667,21.2,34.0,44.03333333333333,25.0,80.0,1.9133333333333333,0.9,3.7
202006,15,원주,28.226666666666667,20.7,33.7,41.733333333333334,20.0,79.0,1.9633333333333334,1.1,3.8
202006,16,원주,28.096666666666668,20.8,33.4,41.166666666666664,20.0,77.0,2.0566666666666666,1.1,3.4
202006,17,원주,27.836666666666666,20.2,33.0,41.766666666666666,26.0,80.0,2.1766666666666667,1.3,3.5
202006,18,원주,27.216666666666665,20.4,33.1,44.7,29.0,80.0,1.96,0.8,3.6
202006,19,원주,26.516666666666666,20.2,31.9,47.4,30.0,81.0,1.6066666666666667,0.7,3.0
202006,20,원주,25.52,20.2,30.6,51.53333333333333,32.0,79.0,1.3833333333333333,0.6,2.7
202006,21,원주,24.40666666666667,19.4,28.9,56.233333333333334,31.0,78.0,1.2833333333333334,0.1,3.7
202006,22,원주,23.65666666666667,18.3,27.9,59.733333333333334,37.0,87.0,1.15,0.0,3.5
202006,23,원주,22.9,17.8,26.6,63.56666666666667,38.0,87.0,1.0366666666666666,0.1,3.1
202007,0,원주,22.287096774193547,17.5,27.1,75.54838709677419,57.0,89.0,0.7774193548387097,0.0,2.5
202007,1,원주,21.89032258064516,17.4,27.4,77.03225806451613,59.0,90.0,0.7129032258064517,0.0,2.8
202007,2,원주,21.567741935483873,17.2,27.8,79.09677419354838,63.0,90.0,0.6838709677419355,0.1,1.9
202007,3,원주,21.296774193548387,17.2,28.2,79.83870967741936,61.0,91.0,0.6419354838709677,0.0,1.9
202007,4,원주,21.07741935483871,17.1,28.5,80.74193548387096,60.0,91.0,0.6322580645161291,0.0,1.7
202007,5,원주,20.961290322580645,17.2,28.8,81.51612903225806,59.0,92.0,0.7258064516129032,0.0,2.8
202007,6,원주,20.793548387096774,16.8,24.8,82.19354838709677,64.0,92.0,0.7064516129032258,0.0,2.4
202007,7,원주,21.14516129032258,16.9,25.2,80.48387096774194,61.0,92.0,0.7838709677419355,0.0,3.9
202007,8,원주,21.88064516129032,17.6,25.8,77.54838709677419,60.0,92.0,0.7516129032258064,0.0,2.0
202007,9,원주,22.883870967741935,18.0,26.4,71.93548387096774,58.0,91.0,1.0483870967741935,0.2,3.3
202007,10,원주,23.838709677419356,19.0,27.9,67.74193548387096,49.0,87.0,1.0935483870967742,0.1,3.2
202007,11,원주,24.864516129032257,19.7,28.2,63.25806451612903,41.0,84.0,1.2451612903225806,0.2,3.0
202007,12,원주,25.570967741935487,19.6,29.4,60.38709677419355,40.0,82.0,1.5096774193548386,0.4,3.8
202007,13,원주,26.1,19.6,31.6,58.67741935483871,34.0,85.0,1.5419354838709676,0.8,2.8
202007,14,원주,26.467741935483872,19.6,32.3,57.12903225806452,32.0,87.0,1.6548387096774193,0.6,2.8
202007,15,원주,26.70967741935484,19.5,32.4,56.67741935483871,27.0,84.0,1.5935483870967742,0.4,3.2
202007,16,원주,26.706451612903226,19.5,32.4,56.45161290322581,25.0,85.0,1.9064516129032258,0.3,3.7
202007,17,원주,26.47741935483871,19.3,31.9,58.193548387096776,30.0,85.0,1.8548387096774193,0.5,3.9
202007,18,원주,25.887096774193548,18.7,31.2,60.903225806451616,35.0,87.0,1.696774193548387,0.4,3.6
202007,19,원주,25.19677419354839,18.6,30.2,63.903225806451616,38.0,88.0,1.4967741935483871,0.0,3.5
202007,20,원주,24.41290322580645,19.1,29.1,67.48387096774194,43.0,89.0,1.2645161290322582,0.2,3.9
202007,21,원주,23.748387096774195,18.3,28.0,70.12903225806451,48.0,89.0,1.0548387096774194,0.2,3.7
202007,22,원주,23.15806451612903,18.3,27.0,72.38709677419355,50.0,88.0,0.964516129032258,0.2,3.3
202007,23,원주,22.748387096774195,18.4,26.8,74.29032258064517,55.0,89.0,0.8451612903225806,0.0,3.2
202008,0,원주,24.896774193548385,21.2,28.4,85.48387096774194,63.0,95.0,0.5645161290322581,0.0,2.1
202008,1,원주,24.567741935483873,20.9,28.1,87.51612903225806,70.0,95.0,0.5451612903225806,0.0,1.9
202008,2,원주,24.41290322580645,20.8,27.8,87.93548387096774,71.0,96.0,0.5903225806451613,0.0,2.8
202008,3,원주,24.219354838709677,20.8,27.4,88.35483870967742,71.0,96.0,0.6258064516129032,0.0,2.7
202008,4,원주,24.251612903225805,20.9,27.0,87.61290322580645,70.0,95.0,0.7838709677419355,0.0,3.0
202008,5,원주,24.161290322580644,20.6,27.1,87.80645161290323,70.0,95.0,0.7516129032258064,0.0,4.7
202008,6,원주,24.19,20.6,27.6,86.90322580645162,72.0,96.0,0.7806451612903226,0.0,5.2
202008,7,원주,24.26451612903226,20.6,27.8,87.0,72.0,95.0,0.7258064516129032,0.0,3.0
202008,8,원주,25.05806451612903,21.4,28.6,83.74193548387096,68.0,94.0,0.7612903225806452,0.0,2.6
202008,9,원주,25.883870967741935,22.4,30.4,79.74193548387096,60.0,94.0,0.8354838709677419,0.0,2.9
202008,10,원주,26.816129032258065,23.3,31.2,74.54838709677419,56.0,94.0,1.1483870967741936,0.0,3.2
202008,11,원주,27.33225806451613,22.9,31.7,72.51612903225806,53.0,93.0,1.2096774193548387,0.1,3.1
202008,12,원주,28.02258064516129,23.2,32.2,69.93548387096774,48.0,94.0,1.2129032258064516,0.1,3.5
202008,13,원주,28.5258064516129,23.0,33.4,68.16129032258064,43.0,94.0,1.2999999999999998,0.2,2.7
202008,14,원주,28.809677419354838,22.4,34.0,67.38709677419355,42.0,95.0,1.4161290322580644,0.2,2.8
202008,15,원주,28.39333333333333,22.4,34.0,68.93548387096774,45.0,94.0,1.4064516129032258,0.1,3.0
202008,16,원주,28.42258064516129,22.9,33.5,69.83870967741936,47.0,93.0,1.4516129032258065,0.1,3.2
202008,17,원주,27.97741935483871,23.2,32.2,71.96774193548387,51.0,93.0,1.238709677419355,0.2,2.7
202008,18,원주,27.596774193548388,23.5,32.3,73.90322580645162,51.0,94.0,1.0290322580645161,0.0,2.3
202008,19,원주,26.883870967741935,23.5,31.1,77.12903225806451,54.0,94.0,1.0193548387096774,0.0,2.0
202008,20,원주,26.287096774193547,23.3,30.2,80.06451612903226,55.0,95.0,0.8258064516129032,0.0,2.7
202008,21,원주,25.651612903225807,21.8,29.1,82.19354838709677,69.0,95.0,0.7838709677419355,0.0,1.9
202008,22,원주,25.31935483870968,21.3,28.9,83.45161290322581,67.0,95.0,0.6000000000000001,0.0,1.6
202008,23,원주,24.996774193548386,20.9,28.6,84.64516129032258,67.0,95.0,0.6967741935483871,0.0,2.5
202009,0,원주,18.346666666666668,13.9,24.5,80.96666666666667,62.0,94.0,0.8766666666666667,0.1,3.2
202009,1,원주,18.006666666666668,13.6,24.2,83.0,64.0,95.0,0.9166666666666666,0.0,4.4
202009,2,원주,17.67,12.6,24.2,84.2,68.0,95.0,0.7833333333333333,0.1,4.2
202009,3,원주,17.41,11.9,23.8,84.83333333333333,68.0,94.0,0.8633333333333334,0.0,3.7
202009,4,원주,17.13,11.8,23.5,86.36666666666666,72.0,94.0,0.7699999999999999,0.0,3.9
202009,5,원주,16.926666666666666,11.0,23.5,87.6,71.0,95.0,0.6833333333333333,0.0,3.7
202009,6,원주,16.646666666666665,10.8,23.3,88.8,75.0,96.0,0.7100000000000001,0.0,3.2
202009,7,원주,16.779999999999998,10.8,23.4,87.96666666666667,76.0,97.0,0.66,0.0,3.1
202009,8,원주,17.683333333333334,13.2,24.2,82.43333333333334,68.0,97.0,0.89,0.1,3.8
202009,9,원주,18.93,14.6,25.1,76.96666666666667,64.0,93.0,0.8366666666666667,0.1,3.4
202009,10,원주,20.553333333333335,16.7,27.3,69.2,49.0,94.0,1.1833333333333333,0.3,3.5
202009,11,원주,21.71333333333333,18.5,27.3,63.733333333333334,47.0,94.0,1.2,0.2,3.1
202009,12,원주,22.683333333333334,19.5,27.7,59.733333333333334,44.0,93.0,1.5133333333333332,0.5,3.6
202009,13,원주,23.433333333333334,19.9,28.2,56.36666666666667,39.0,93.0,1.6466666666666667,0.3,3.3
202009,14,원주,23.696666666666665,20.3,28.3,55.06666666666667,35.0,90.0,1.8900000000000001,0.5,5.0
202009,15,원주,23.69,19.6,28.6,55.06666666666667,30.0,91.0,1.9033333333333333,0.6,4.7
202009,16,원주,23.633333333333333,19.3,29.1,55.46666666666667,29.0,91.0,1.7,0.0,3.3
202009,17,원주,23.029999999999998,19.4,28.6,57.333333333333336,32.0,92.0,1.6433333333333333,0.4,3.0
202009,18,원주,22.146666666666665,18.8,28.3,62.666666666666664,34.0,91.0,1.4566666666666666,0.6,2.9
202009,19,원주,21.046666666666667,18.6,27.6,68.7,47.0,92.0,1.0666666666666667,0.1,2.5
202009,20,원주,20.076666666666664,17.0,26.5,72.26666666666667,50.0,93.0,1.0266666666666666,0.0,2.6
202009,21,원주,19.490000000000002,16.0,26.2,74.06666666666666,53.0,93.0,1.1133333333333333,0.1,4.4
202009,22,원주,18.98,15.3,25.3,76.56666666666666,57.0,93.0,1.0466666666666666,0.0,5.2
202009,23,원주,18.616666666666667,14.3,25.5,78.63333333333334,60.0,94.0,0.9966666666666667,0.1,3.7
202010,0,원주,10.693548387096774,4.7,18.9,76.35483870967742,55.0,93.0,0.432258064516129,0.0,1.7
202010,1,원주,10.106451612903227,4.1,18.8,78.96774193548387,57.0,93.0,0.3838709677419355,0.0,1.4
202010,2,원주,9.574193548387097,3.4,18.8,81.70967741935483,64.0,91.0,0.4225806451612903,0.0,1.6
202010,3,원주,8.97741935483871,2.7,18.2,84.70967741935483,73.0,92.0,0.3064516129032258,0.0,0.9
202010,4,원주,8.567741935483872,2.2,17.6,86.2258064516129,76.0,93.0,0.3967741935483871,0.0,1.5
202010,5,원주,8.190322580645162,1.5,17.3,87.51612903225806,78.0,93.0,0.30000000000000004,0.0,1.4
202010,6,원주,7.919354838709677,1.6,17.0,87.70967741935483,80.0,94.0,0.3774193548387097,0.0,1.0
202010,7,원주,7.838709677419355,1.0,17.2,87.83870967741936,81.0,94.0,0.3548387096774194,0.0,0.9
202010,8,원주,8.896774193548387,2.7,17.4,83.03225806451613,71.0,94.0,0.31935483870967746,0.0,1.3
202010,9,원주,10.69032258064516,5.2,20.1,73.38709677419355,51.0,94.0,0.5838709677419355,0.0,2.4
202010,10,원주,12.825806451612904,7.2,21.1,63.806451612903224,40.0,94.0,0.9032258064516129,0.1,2.3
202010,11,원주,14.851612903225806,8.5,21.3,55.74193548387097,38.0,94.0,0.9419354838709677,0.2,2.0
202010,12,원주,16.493548387096773,9.9,21.8,48.935483870967744,30.0,90.0,1.0806451612903225,0.0,2.2
202010,13,원주,17.651612903225807,11.9,23.0,44.774193548387096,27.0,77.0,1.3838709677419354,0.0,2.5
202010,14,원주,18.200000000000003,12.3,23.2,41.96774193548387,24.0,67.0,1.429032258064516,0.5,2.6
202010,15,원주,18.42258064516129,13.1,23.3,41.54838709677419,22.0,68.0,1.7451612903225806,0.8,3.6
202010,16,원주,18.154838709677417,12.3,23.1,42.12903225806452,19.0,65.0,1.5193548387096774,0.6,2.9
202010,17,원주,17.419354838709676,12.0,22.7,43.774193548387096,20.0,64.0,1.4,0.2,4.0
202010,18,원주,15.983870967741936,10.1,21.4,50.935483870967744,25.0,69.0,0.9741935483870967,0.0,3.0
202010,19,원주,14.596774193548388,9.3,20.6,58.354838709677416,28.0,79.0,0.9129032258064517,0.0,2.5
202010,20,원주,13.412903225806453,7.8,20.2,62.87096774193548,42.0,82.0,0.7838709677419355,0.0,3.5
202010,21,원주,12.577419354838709,7.1,19.8,66.74193548387096,51.0,83.0,0.6612903225806451,0.0,2.3
202010,22,원주,11.870967741935484,6.1,19.4,69.96774193548387,51.0,87.0,0.6322580645161291,0.0,2.4
202010,23,원주,11.183870967741935,5.6,18.9,72.7741935483871,52.0,88.0,0.5258064516129033,0.0,2.6
202011,0,원주,6.173333333333333,-0.6,19.6,68.13333333333334,41.0,86.0,0.6233333333333333,0.0,3.0
202011,1,원주,5.626666666666667,-0.9,19.8,71.63333333333334,45.0,90.0,0.6133333333333333,0.0,3.8
202011,2,원주,5.116666666666666,-1.2,20.2,73.9,51.0,92.0,0.43333333333333335,0.0,2.2
202011,3,원주,4.79,-2.1,20.2,75.96666666666667,55.0,93.0,0.5066666666666666,0.0,3.0
202011,4,원주,4.3966666666666665,-3.1,20.4,78.36666666666666,58.0,95.0,0.46,0.0,1.6
202011,5,원주,4.08,-3.7,21.9,78.86666666666666,60.0,95.0,0.6066666666666667,0.0,4.3
202011,6,원주,3.8,-3.8,20.9,79.46666666666667,54.0,96.0,0.43,0.0,4.2
202011,7,원주,3.6866666666666665,-4.1,21.1,79.56666666666666,43.0,96.0,0.6066666666666667,0.0,4.0
202011,8,원주,4.093333333333333,-4.5,21.3,77.6,35.0,96.0,0.75,0.0,4.9
202011,9,원주,5.406666666666666,-2.7,21.9,70.5,29.0,96.0,0.7166666666666667,0.0,3.7
202011,10,원주,7.033333333333333,-0.7,19.7,62.03333333333333,26.0,86.0,0.9466666666666668,0.0,3.3
202011,11,원주,8.526666666666667,0.6,18.4,53.93333333333333,16.0,92.0,1.0333333333333334,0.2,3.5
202011,12,원주,10.003333333333334,1.9,19.0,47.9,17.0,87.0,1.3900000000000001,0.1,4.0
202011,13,원주,11.206666666666667,2.5,19.7,43.1,11.0,83.0,1.5633333333333332,0.4,4.9
202011,14,원주,11.78,3.7,19.5,40.5,11.0,88.0,1.6633333333333333,0.3,4.6
202011,15,원주,11.94,3.2,19.7,39.6,10.0,79.0,1.7566666666666668,0.5,3.2
202011,16,원주,11.629999999999999,3.1,19.6,40.56666666666667,10.0,84.0,1.5933333333333333,0.3,3.4
202011,17,원주,10.76,2.5,19.3,44.13333333333333,14.0,78.0,1.24,0.1,2.6
202011,18,원주,9.703333333333335,1.8,19.0,48.53333333333333,15.0,77.0,1.07,0.0,2.8
202011,19,원주,8.620000000000001,0.9,19.0,53.833333333333336,17.0,79.0,0.9333333333333333,0.0,3.1
202011,20,원주,7.79,-0.1,19.5,57.96666666666667,20.0,81.0,0.6966666666666667,0.0,3.6
202011,21,원주,7.153333333333333,-0.8,19.7,60.93333333333333,22.0,83.0,0.7166666666666667,0.0,2.2
202011,22,원주,6.663333333333333,-0.9,19.8,63.96666666666667,29.0,85.0,0.6933333333333334,0.0,2.5
202011,23,원주,6.239999999999999,-1.9,19.5,65.56666666666666,36.0,86.0,0.6733333333333333,0.0,2.6
202012,0,원주,-2.774193548387097,-11.8,3.8,65.83870967741936,50.0,87.0,0.49354838709677423,0.0,2.1
202012,1,원주,-3.1225806451612903,-12.3,3.6,66.70967741935483,48.0,88.0,0.535483870967742,0.0,1.8
202012,2,원주,-3.5258064516129033,-12.5,3.2,68.7741935483871,49.0,91.0,0.5032258064516129,0.0,2.4
202012,3,원주,-3.796774193548387,-12.7,3.0,69.41935483870968,45.0,91.0,0.5193548387096775,0.0,2.7
202012,4,원주,-4.025806451612903,-13.0,5.3,70.64516129032258,51.0,90.0,0.529032258064516,0.0,3.9
202012,5,원주,-4.354838709677419,-13.6,5.8,72.3225806451613,53.0,91.0,0.4967741935483871,0.0,3.1
202012,6,원주,-4.570967741935483,-14.0,5.5,73.2258064516129,53.0,91.0,0.5935483870967742,0.0,2.6
202012,7,원주,-4.77741935483871,-14.1,5.3,74.09677419354838,54.0,89.0,0.5225806451612903,0.0,2.1
202012,8,원주,-4.887096774193548,-14.4,4.0,74.96774193548387,52.0,89.0,0.4774193548387097,0.0,1.9
202012,9,원주,-3.706451612903226,-12.6,4.3,69.3225806451613,38.0,85.0,0.6741935483870968,0.0,2.3
202012,10,원주,-2.2838709677419353,-10.8,5.3,60.58064516129032,30.0,90.0,0.7225806451612903,0.1,3.0
202012,11,원주,-0.7387096774193548,-9.1,5.8,52.41935483870968,27.0,91.0,0.967741935483871,0.1,3.1
202012,12,원주,0.867741935483871,-8.5,7.9,46.25806451612903,27.0,91.0,0.99,0.1,3.1
202012,13,원주,2.032258064516129,-7.7,9.5,42.74193548387097,24.0,92.0,1.1451612903225807,0.2,2.5
202012,14,원주,2.7096774193548385,-7.1,10.1,40.83870967741935,20.0,90.0,1.4064516129032258,0.3,2.8
202012,15,원주,3.0,-7.6,10.7,40.064516129032256,20.0,90.0,1.6,0.2,3.4
202012,16,원주,2.8548387096774195,-7.7,10.8,40.774193548387096,21.0,88.0,1.474193548387097,0.2,3.5
202012,17,원주,2.0903225806451613,-8.4,9.4,44.25806451612903,23.0,92.0,1.1935483870967742,0.0,2.8
202012,18,원주,1.0096774193548388,-8.7,7.0,48.774193548387096,27.0,91.0,0.9225806451612903,0.0,3.2
202012,19,원주,0.17096774193548378,-9.0,7.0,52.54838709677419,33.0,86.0,0.8096774193548387,0.1,2.7
202012,20,원주,-0.6612903225806451,-9.5,6.4,56.41935483870968,35.0,88.0,0.6032258064516128,0.0,2.2
202012,21,원주,-1.3451612903225805,-10.0,5.7,59.70967741935484,35.0,89.0,0.6322580645161291,0.0,2.4
202012,22,원주,-1.9709677419354839,-10.5,4.4,62.516129032258064,33.0,84.0,0.5903225806451613,0.0,3.1
202012,23,원주,-2.4838709677419355,-11.2,4.0,64.41935483870968,44.0,84.0,0.6645161290322581,0.0,2.8
202101,0,원주,-3.916129032258065,-14.0,4.6,67.54838709677419,35.0,96.0,0.6741935483870969,0.0,2.9
202101,1,원주,-4.432258064516129,-15.2,4.1,69.64516129032258,41.0,97.0,0.6903225806451613,0.0,4.2
202101,2,원주,-5.074193548387097,-15.1,4.2,71.0,39.0,97.0,0.5903225806451613,0.0,4.0
202101,3,원주,-5.538709677419354,-15.8,3.7,72.3225806451613,37.0,97.0,0.5903225806451613,0.0,4.4
202101,4,원주,-6.003225806451613,-16.2,3.6,72.83870967741936,38.0,97.0,0.6580645161290322,0.0,4.1
202101,5,원주,-6.461290322580645,-16.9,3.6,73.70967741935483,35.0,97.0,0.6451612903225806,0.0,2.9
202101,6,원주,-6.670967741935484,-17.3,3.8,73.80645161290323,36.0,97.0,0.6419354838709677,0.0,3.4
202101,7,원주,-7.058064516129033,-18.3,3.6,75.3225806451613,37.0,97.0,0.5548387096774193,0.0,3.0
202101,8,원주,-7.17741935483871,-17.8,3.8,75.7741935483871,42.0,98.0,0.5161290322580645,0.0,3.0
202101,9,원주,-6.077419354838709,-17.3,4.2,70.90322580645162,36.0,98.0,0.7161290322580645,0.0,2.6
202101,10,원주,-4.712903225806452,-16.2,5.0,63.806451612903224,30.0,97.0,0.932258064516129,0.0,3.2
202101,11,원주,-2.8225806451612905,-14.1,8.2,54.096774193548384,25.0,95.0,1.0612903225806452,0.1,2.7
202101,12,원주,-1.270967741935484,-13.3,11.1,49.70967741935484,22.0,89.0,1.1548387096774193,0.2,2.7
202101,13,원주,0.14838709677419362,-12.3,11.3,45.806451612903224,22.0,90.0,1.3580645161290323,0.1,3.0
202101,14,원주,1.135483870967742,-11.3,12.0,42.74193548387097,18.0,91.0,1.5483870967741935,0.4,3.8
202101,15,원주,1.6516129032258065,-11.3,12.6,40.903225806451616,18.0,84.0,1.596774193548387,0.2,4.6
202101,16,원주,1.7225806451612902,-10.8,13.6,40.87096774193548,18.0,85.0,1.5548387096774194,0.0,6.9
202101,17,원주,1.196774193548387,-11.7,12.7,43.61290322580645,20.0,86.0,1.332258064516129,0.0,6.4
202101,18,원주,0.07419354838709677,-12.2,9.2,48.935483870967744,25.0,92.0,1.238709677419355,0.0,6.8
202101,19,원주,-0.8322580645161292,-12.8,7.5,54.064516129032256,28.0,95.0,1.1129032258064515,0.0,4.6
202101,20,원주,-1.4548387096774194,-13.3,7.2,56.61290322580645,29.0,95.0,0.7838709677419355,0.0,3.8
202101,21,원주,-1.9935483870967743,-14.2,7.0,60.83870967741935,34.0,95.0,0.8903225806451613,0.0,5.2
202101,22,원주,-2.593548387096774,-14.9,6.3,64.03225806451613,35.0,96.0,0.7903225806451613,0.1,3.2
202101,23,원주,-3.0870967741935487,-14.3,5.7,65.61290322580645,35.0,96.0,0.7612903225806452,0.0,2.9
202102,0,원주,0.675,-9.0,8.9,58.82142857142857,34.0,89.0,0.7857142857142857,0.0,3.0
202102,1,원주,0.26071428571428573,-9.2,8.2,58.82142857142857,31.0,81.0,0.9214285714285715,0.0,3.6
202102,2,원주,-0.19285714285714287,-9.2,7.6,60.92857142857143,32.0,90.0,0.8678571428571429,0.0,3.5
202102,3,원주,-0.4892857142857143,-9.3,7.2,61.57142857142857,33.0,84.0,0.7071428571428572,0.0,3.1
202102,4,원주,-0.807142857142857,-9.4,7.8,62.392857142857146,33.0,85.0,0.7892857142857144,0.0,2.9
202102,5,원주,-1.2,-9.8,8.0,62.67857142857143,27.0,91.0,0.625,0.0,2.6
202102,6,원주,-1.6035714285714284,-9.7,7.5,63.285714285714285,27.0,94.0,0.6571428571428573,0.0,2.8
202102,7,원주,-1.9214285714285713,-9.9,7.1,66.42857142857143,28.0,95.0,0.6,0.0,2.5
202102,8,원주,-1.675,-9.7,7.6,66.14285714285714,29.0,95.0,0.6535714285714286,0.0,2.9
202102,9,원주,-0.4,-8.9,8.2,60.75,28.0,95.0,0.8071428571428572,0.0,2.6
202102,10,원주,1.1714285714285713,-8.3,8.8,53.857142857142854,27.0,93.0,1.1035714285714286,0.1,3.8
202102,11,원주,2.935714285714286,-7.4,12.1,47.214285714285715,24.0,89.0,1.3857142857142857,0.3,3.3
202102,12,원주,4.707142857142857,-6.2,14.6,42.857142857142854,20.0,87.0,1.2964285714285713,0.3,3.2
202102,13,원주,5.985714285714286,-5.9,17.4,39.892857142857146,20.0,83.0,1.6642857142857144,0.5,3.6
202102,14,원주,6.921428571428572,-5.8,19.0,36.892857142857146,18.0,79.0,1.9285714285714286,0.7,6.1
202102,15,원주,7.314285714285715,-5.0,19.7,35.67857142857143,14.0,85.0,1.925,0.3,4.6
202102,16,원주,7.507142857142857,-4.5,20.1,34.285714285714285,11.0,79.0,1.9142857142857144,0.3,4.3
202102,17,원주,7.125,-5.1,19.4,35.035714285714285,14.0,74.0,1.9821428571428572,0.2,3.9
202102,18,원주,6.128571428571428,-5.9,17.7,37.57142857142857,15.0,68.0,1.5357142857142858,0.0,3.9
202102,19,원주,4.989285714285714,-6.3,16.8,41.964285714285715,19.0,75.0,1.3107142857142857,0.0,3.9
202102,20,원주,3.9964285714285714,-6.7,16.7,46.535714285714285,21.0,76.0,1.3535714285714284,0.0,3.8
202102,21,원주,3.0500000000000003,-7.8,14.5,49.892857142857146,24.0,78.0,1.2,0.0,3.3
202102,22,원주,2.2785714285714285,-8.5,13.2,52.57142857142857,35.0,77.0,1.0035714285714286,0.0,3.3
202102,23,원주,1.5642857142857143,-8.8,11.5,55.785714285714285,33.0,83.0,0.8821428571428571,0.0,3.0
202103,0,원주,7.187096774193549,-0.3,14.5,65.16129032258064,40.0,94.0,0.932258064516129,0.0,3.2
202103,1,원주,6.558064516129033,-0.8,13.5,68.16129032258064,40.0,94.0,0.8451612903225806,0.0,4.5
202103,2,원주,6.083870967741936,-1.2,13.1,70.41935483870968,42.0,94.0,0.6451612903225806,0.0,2.7
202103,3,원주,5.52258064516129,-1.5,13.2,72.96774193548387,40.0,96.0,0.6967741935483871,0.0,3.0
202103,4,원주,5.038709677419354,-1.9,15.0,74.48387096774194,39.0,93.0,0.7483870967741936,0.0,4.2
202103,5,원주,4.651612903225806,-2.4,13.9,75.6774193548387,41.0,94.0,0.6903225806451613,0.0,2.8
202103,6,원주,4.245161290322581,-2.7,12.1,76.6774193548387,41.0,94.0,0.7709677419354838,0.0,2.3
202103,7,원주,4.1,-2.7,11.7,76.2258064516129,38.0,95.0,0.7193548387096774,0.0,2.2
202103,8,원주,4.809677419354839,-2.1,11.5,72.90322580645162,41.0,94.0,0.8612903225806451,0.1,3.8
202103,9,원주,6.412903225806452,-0.7,13.0,65.2258064516129,36.0,95.0,0.9935483870967742,0.1,3.2
202103,10,원주,8.241935483870968,0.7,16.5,56.38709677419355,25.0,94.0,1.164516129032258,0.3,3.9
202103,11,원주,10.070967741935483,2.3,17.2,50.45161290322581,25.0,89.0,1.2451612903225806,0.4,3.7
202103,12,원주,11.47741935483871,3.1,17.7,46.29032258064516,23.0,91.0,1.4064516129032258,0.3,4.2
202103,13,원주,12.52258064516129,3.3,19.9,42.70967741935484,19.0,93.0,1.6451612903225807,0.7,4.3
202103,14,원주,13.096774193548388,4.1,20.9,40.83870967741935,15.0,93.0,1.8258064516129033,0.5,4.3
202103,15,원주,13.54516129032258,4.6,21.9,39.54838709677419,12.0,92.0,1.993548387096774,0.7,5.1
202103,16,원주,13.638709677419355,5.4,22.8,39.45161290322581,9.0,91.0,2.083870967741935,0.6,5.8
202103,17,원주,13.341935483870968,4.8,22.1,39.54838709677419,11.0,90.0,2.0161290322580645,0.8,5.1
202103,18,원주,12.651612903225805,4.0,21.2,41.806451612903224,15.0,89.0,1.7935483870967743,0.4,4.2
202103,19,원주,11.616129032258065,2.9,19.1,44.61290322580645,19.0,89.0,1.4774193548387098,0.0,4.2
202103,20,원주,10.406451612903227,1.5,16.5,49.38709677419355,25.0,88.0,1.3645161290322583,0.1,4.2
202103,21,원주,9.535483870967743,1.1,14.8,52.903225806451616,31.0,90.0,1.1516129032258065,0.0,4.0
202103,22,원주,9.009677419354839,0.5,14.6,55.96774193548387,33.0,93.0,1.132258064516129,0.0,4.3
202103,23,원주,8.193548387096774,0.1,14.7,60.193548387096776,38.0,94.0,0.9741935483870967,0.1,3.1
202104,0,원주,11.946666666666665,6.3,21.2,55.266666666666666,21.0,92.0,0.8,0.0,2.5
202104,1,원주,11.313333333333333,5.6,20.7,58.666666666666664,21.0,89.0,1.04,0.1,2.9
202104,2,원주,10.723333333333333,4.7,19.8,61.5,27.0,91.0,0.8733333333333333,0.0,3.3
202104,3,원주,10.18,4.6,18.9,64.36666666666666,30.0,93.0,0.8933333333333333,0.0,2.8
202104,4,원주,9.51,3.5,18.6,66.96666666666667,29.0,91.0,0.7200000000000001,0.0,2.6
202104,5,원주,8.906666666666666,2.9,17.3,69.73333333333333,37.0,91.0,0.5933333333333334,0.0,2.6
202104,6,원주,8.576666666666666,2.6,17.2,70.76666666666667,39.0,92.0,0.83,0.0,3.7
202104,7,원주,8.993333333333334,3.0,16.8,69.6,40.0,91.0,0.85,0.1,3.0
202104,8,원주,10.466666666666667,4.6,17.2,62.5,36.0,91.0,0.9666666666666667,0.2,3.1
202104,9,원주,12.283333333333333,7.2,18.4,53.36666666666667,33.0,89.0,1.0,0.3,2.9
202104,10,원주,14.086666666666668,8.3,20.1,46.2,21.0,87.0,1.3166666666666667,0.2,3.5
202104,11,원주,15.703333333333335,9.2,22.5,39.36666666666667,15.0,83.0,1.4233333333333333,0.6,3.9
202104,12,원주,16.856666666666666,10.2,24.8,36.56666666666667,16.0,83.0,1.85,0.3,3.9
202104,13,원주,17.563333333333333,11.0,27.9,35.1,14.0,90.0,1.9733333333333334,0.4,3.7
202104,14,원주,18.209999999999997,12.2,28.6,34.56666666666667,15.0,92.0,2.11,0.5,4.6
202104,15,원주,18.48,10.1,28.0,33.53333333333333,13.0,94.0,2.3233333333333333,0.9,3.8
202104,16,원주,18.52,10.7,27.8,32.766666666666666,13.0,95.0,2.24,0.4,4.0
202104,17,원주,18.18,9.1,27.4,34.3,15.0,95.0,2.15,0.8,3.6
202104,18,원주,17.529999999999998,10.0,26.7,36.63333333333333,16.0,95.0,1.98,0.1,4.1
202104,19,원주,16.493333333333332,7.7,24.8,39.833333333333336,18.0,95.0,1.6333333333333333,0.3,3.9
202104,20,원주,15.296666666666665,8.1,23.6,44.0,21.0,94.0,1.6366666666666667,0.5,3.8
202104,21,원주,14.139999999999999,7.3,23.0,47.93333333333333,21.0,94.0,1.2466666666666666,0.1,3.5
202104,22,원주,13.356666666666666,7.0,22.5,49.766666666666666,20.0,92.0,1.2733333333333334,0.1,2.9
202104,23,원주,12.53,6.7,21.9,53.46666666666667,20.0,93.0,1.07,0.0,2.9
202105,0,원주,14.422580645161291,8.3,22.6,76.09677419354838,38.0,95.0,0.6193548387096774,0.0,2.6
202105,1,원주,13.880645161290323,7.7,21.9,78.2258064516129,45.0,95.0,0.6225806451612903,0.1,2.1
202105,2,원주,13.403225806451612,7.4,22.0,79.38709677419355,49.0,95.0,0.6225806451612903,0.1,2.6
202105,3,원주,12.98709677419355,7.1,22.7,80.58064516129032,52.0,95.0,0.6548387096774194,0.0,2.1
202105,4,원주,12.538709677419355,6.4,21.3,83.03225806451613,55.0,95.0,0.5838709677419355,0.0,1.7
202105,5,원주,12.380645161290323,5.8,22.3,83.19354838709677,54.0,95.0,0.7548387096774193,0.0,2.9
202105,6,원주,12.380645161290323,5.7,21.6,82.70967741935483,52.0,96.0,0.529032258064516,0.0,2.8
202105,7,원주,12.90967741935484,7.2,21.2,81.41935483870968,48.0,95.0,0.7129032258064517,0.0,2.1
202105,8,원주,13.751612903225807,8.9,21.2,76.35483870967742,40.0,95.0,0.8548387096774194,0.1,2.3
202105,9,원주,15.209677419354838,9.9,21.2,70.06451612903226,32.0,94.0,0.864516129032258,0.2,2.5
202105,10,원주,16.561290322580643,10.4,23.7,64.0,26.0,94.0,1.064516129032258,0.0,3.3
202105,11,원주,17.980645161290322,10.8,25.1,59.58064516129032,23.0,93.0,1.2161290322580647,0.4,3.4
202105,12,원주,18.970967741935485,10.1,27.1,55.225806451612904,22.0,93.0,1.7161290322580645,0.3,5.3
202105,13,원주,19.683870967741935,9.7,27.7,52.54838709677419,22.0,94.0,1.7580645161290323,0.2,4.7
202105,14,원주,20.396774193548385,10.0,28.5,50.935483870967744,20.0,94.0,1.696774193548387,0.1,4.2
202105,15,원주,20.874193548387098,10.6,28.7,49.225806451612904,22.0,94.0,1.7645161290322582,0.0,4.4
202105,16,원주,20.883870967741935,10.0,28.9,48.12903225806452,20.0,94.0,2.0,0.5,4.4
202105,17,원주,20.693548387096776,8.0,28.8,49.064516129032256,21.0,94.0,1.7129032258064516,0.2,3.1
202105,18,원주,20.10967741935484,8.4,28.1,50.645161290322584,22.0,94.0,1.7193548387096773,0.2,3.3
202105,19,원주,19.261290322580646,8.5,26.9,54.0,23.0,94.0,1.4806451612903226,0.3,3.5
202105,20,원주,18.0258064516129,8.9,25.1,59.54838709677419,23.0,94.0,1.196774193548387,0.1,3.1
202105,21,원주,16.990322580645163,9.0,23.3,63.67741935483871,26.0,94.0,1.1612903225806452,0.1,4.0
202105,22,원주,16.225806451612904,8.8,23.0,67.3225806451613,32.0,95.0,0.7193548387096774,0.0,1.9
202105,23,원주,15.399999999999999,8.4,24.2,71.3225806451613,35.0,95.0,0.6870967741935484,0.0,2.3
202106,0,원주,20.31,15.3,24.4,76.33333333333333,61.0,93.0,0.8766666666666667,0.0,2.6
202106,1,원주,19.90666666666667,14.7,24.3,77.83333333333333,58.0,94.0,0.6733333333333333,0.0,1.8
202106,2,원주,19.303333333333335,14.7,23.9,81.56666666666666,66.0,95.0,0.7033333333333334,0.0,2.2
202106,3,원주,18.94333333333333,14.1,23.4,82.86666666666666,68.0,95.0,0.69,0.0,2.0
202106,4,원주,18.68,14.0,23.2,83.86666666666666,68.0,96.0,0.6066666666666667,0.0,2.7
202106,5,원주,18.366666666666667,13.6,22.8,85.26666666666667,69.0,96.0,0.6233333333333333,0.1,1.8
202106,6,원주,18.3,13.3,22.5,85.36666666666666,70.0,97.0,0.6466666666666666,0.0,2.1
202106,7,원주,18.913333333333334,14.1,22.6,82.8,69.0,97.0,0.6566666666666666,0.1,1.3
202106,8,원주,20.029999999999998,14.2,22.7,77.1,63.0,92.0,0.83,0.1,2.2
202106,9,원주,21.68,15.1,24.4,69.33333333333333,58.0,88.0,0.8733333333333333,0.2,2.2
202106,10,원주,23.183333333333334,16.6,27.0,63.03333333333333,51.0,87.0,1.1233333333333335,0.2,3.3
202106,11,원주,24.31,18.5,28.9,57.13333333333333,32.0,88.0,1.3299999999999998,0.5,3.2
202106,12,원주,25.07,19.8,29.5,55.36666666666667,31.0,86.0,1.6400000000000001,0.3,4.5
202106,13,원주,25.64333333333333,19.6,30.1,53.53333333333333,32.0,82.0,1.5733333333333335,0.5,3.4
202106,14,원주,25.8,18.8,30.8,53.2,30.0,87.0,1.5566666666666669,0.3,4.6
202106,15,원주,26.176666666666666,19.0,31.8,53.333333333333336,28.0,89.0,1.7766666666666666,0.3,4.2
202106,16,원주,26.153333333333332,18.8,30.9,52.36666666666667,28.0,90.0,1.7466666666666666,0.6,3.0
202106,17,원주,26.083333333333332,18.5,30.7,51.93333333333333,32.0,93.0,1.5799999999999998,0.7,2.6
202106,18,원주,25.373333333333335,18.1,30.4,54.8,25.0,93.0,1.57,0.5,2.9
202106,19,원주,24.653333333333332,18.0,29.4,57.63333333333333,36.0,94.0,1.29,0.4,3.4
202106,20,원주,23.363333333333333,18.0,27.8,64.33333333333333,43.0,94.0,1.2466666666666666,0.0,3.3
202106,21,원주,22.43,17.9,26.6,68.33333333333333,46.0,94.0,1.15,0.0,3.2
202106,22,원주,21.583333333333332,17.6,24.9,71.93333333333334,47.0,94.0,0.8266666666666667,0.2,2.3
202106,23,원주,20.916666666666668,16.3,24.7,75.1,59.0,93.0,0.8033333333333332,0.1,2.3
202107,0,원주,24.641935483870967,20.2,28.1,80.35483870967742,65.0,95.0,0.6903225806451614,0.1,1.5
202107,1,원주,24.14516129032258,19.9,27.5,81.87096774193549,68.0,94.0,0.6129032258064516,0.0,1.6
202107,2,원주,23.79032258064516,20.0,27.0,84.0,70.0,95.0,0.6387096774193549,0.0,2.2
202107,3,원주,23.44193548387097,19.7,27.2,85.6774193548387,71.0,95.0,0.5258064516129033,0.0,2.3
202107,4,원주,23.164516129032258,19.5,26.5,87.54838709677419,76.0,95.0,0.6290322580645161,0.1,1.9
202107,5,원주,22.85483870967742,19.2,25.8,88.61290322580645,78.0,96.0,0.4258064516129032,0.0,1.0
202107,6,원주,22.883870967741935,19.1,25.9,88.03225806451613,77.0,96.0,0.45161290322580644,0.0,1.2
202107,7,원주,23.67096774193548,19.5,26.4,84.25806451612904,73.0,96.0,0.6935483870967742,0.1,1.8
202107,8,원주,24.63225806451613,21.1,27.0,79.19354838709677,66.0,94.0,0.6741935483870968,0.1,1.4
202107,9,원주,26.187096774193545,21.5,29.1,72.16129032258064,56.0,93.0,0.7193548387096774,0.1,1.3
202107,10,원주,27.56451612903226,21.9,30.4,65.48387096774194,49.0,92.0,0.8709677419354839,0.1,2.2
202107,11,원주,28.66774193548387,22.6,32.4,60.70967741935484,41.0,88.0,1.2000000000000002,0.3,2.6
202107,12,원주,29.68064516129032,22.9,33.4,56.903225806451616,41.0,90.0,1.364516129032258,0.2,2.8
202107,13,원주,30.13225806451613,22.7,33.9,55.67741935483871,36.0,89.0,1.367741935483871,0.7,3.0
202107,14,원주,30.538709677419355,22.9,34.9,54.16129032258065,32.0,90.0,1.5225806451612904,0.2,2.5
202107,15,원주,30.496774193548386,22.6,34.9,54.74193548387097,30.0,87.0,1.4580645161290324,0.3,3.4
202107,16,원주,30.46451612903226,23.3,34.8,54.83870967741935,33.0,94.0,1.4967741935483871,0.6,2.6
202107,17,원주,30.05806451612903,21.3,34.5,56.74193548387097,35.0,89.0,1.6774193548387097,0.8,3.0
202107,18,원주,29.470967741935485,20.8,33.7,59.96774193548387,39.0,92.0,1.5516129032258066,0.1,2.3
202107,19,원주,28.4741935483871,20.8,32.5,64.25806451612904,44.0,91.0,1.3548387096774193,0.2,3.0
202107,20,원주,27.419354838709676,20.8,31.1,70.2258064516129,52.0,91.0,1.1161290322580646,0.2,2.2
202107,21,원주,26.345161290322583,20.2,29.9,73.90322580645162,58.0,92.0,0.8935483870967742,0.2,2.5
202107,22,원주,25.712903225806453,20.2,29.2,76.16129032258064,60.0,93.0,0.7838709677419355,0.1,2.2
202107,23,원주,25.30322580645161,20.2,28.7,77.58064516129032,62.0,95.0,0.7580645161290323,0.0,2.6
202108,0,원주,23.438709677419357,18.9,28.1,78.06451612903226,62.0,94.0,0.9225806451612903,0.0,2.1
202108,1,원주,23.125806451612902,18.9,27.5,79.38709677419355,63.0,94.0,0.7483870967741936,0.0,2.3
202108,2,원주,22.835483870967742,18.9,26.5,81.09677419354838,67.0,95.0,0.7064516129032258,0.0,1.9
202108,3,원주,22.59032258064516,18.9,26.3,82.12903225806451,65.0,95.0,0.7903225806451613,0.0,2.9
202108,4,원주,22.248387096774195,18.4,25.5,84.06451612903226,67.0,95.0,0.535483870967742,0.0,1.8
202108,5,원주,22.05483870967742,18.6,25.1,85.35483870967742,66.0,95.0,0.6612903225806451,0.0,1.8
202108,6,원주,21.870967741935484,18.5,25.2,86.29032258064517,67.0,95.0,0.5838709677419355,0.0,1.3
202108,7,원주,22.151612903225807,18.4,26.2,84.96774193548387,68.0,95.0,0.5483870967741935,0.0,1.2
202108,8,원주,22.967741935483872,19.5,27.2,81.06451612903226,69.0,93.0,0.6774193548387096,0.0,1.9
202108,9,원주,24.006451612903227,19.8,28.3,76.70967741935483,61.0,91.0,0.6225806451612903,0.1,1.8
202108,10,원주,25.080645161290324,20.9,30.0,72.64516129032258,57.0,88.0,0.9290322580645162,0.2,2.5
202108,11,원주,25.996774193548386,20.8,30.8,67.61290322580645,53.0,85.0,0.970967741935484,0.1,2.7
202108,12,원주,26.729032258064517,20.0,32.4,65.35483870967742,49.0,90.0,1.3129032258064517,0.2,3.4
202108,13,원주,27.293548387096774,20.3,33.6,63.41935483870968,48.0,90.0,1.3967741935483873,0.6,3.2
202108,14,원주,27.629032258064516,20.8,33.4,61.96774193548387,48.0,85.0,1.4967741935483871,0.2,3.0
202108,15,원주,27.73548387096774,20.2,33.7,61.32258064516129,45.0,87.0,1.6290322580645162,0.6,3.9
202108,16,원주,27.59032258064516,19.0,33.0,61.45161290322581,43.0,91.0,1.5870967741935484,0.3,3.6
202108,17,원주,26.980645161290322,18.6,33.1,63.483870967741936,46.0,92.0,1.664516129032258,0.5,3.5
202108,18,원주,26.429032258064513,17.7,32.3,65.58064516129032,48.0,94.0,1.3516129032258064,0.5,3.1
202108,19,원주,25.67096774193548,17.7,31.5,69.25806451612904,53.0,94.0,1.1935483870967742,0.1,2.7
202108,20,원주,24.738709677419354,17.7,29.6,73.51612903225806,58.0,94.0,1.103225806451613,0.1,2.5
202108,21,원주,24.13225806451613,18.1,28.2,75.16129032258064,56.0,93.0,1.0419354838709676,0.1,2.7
202108,22,원주,23.925806451612903,18.7,28.1,75.38709677419355,57.0,93.0,0.9225806451612903,0.1,3.4
202108,23,원주,23.57741935483871,19.9,27.6,76.90322580645162,59.0,93.0,0.9129032258064517,0.1,2.8
202109,0,원주,19.53666666666667,16.5,22.7,79.66666666666667,65.0,95.0,0.7100000000000001,0.0,2.2
202109,1,원주,19.026666666666664,16.7,22.9,82.73333333333333,65.0,95.0,0.7033333333333334,0.0,3.3
202109,2,원주,18.55,16.6,23.1,84.83333333333333,66.0,95.0,0.6933333333333334,0.0,2.6
202109,3,원주,18.196666666666665,16.0,22.4,85.73333333333333,72.0,96.0,0.7066666666666667,0.0,3.5
202109,4,원주,17.970000000000002,15.5,22.8,86.53333333333333,71.0,97.0,0.4533333333333333,0.0,2.1
202109,5,원주,17.636666666666667,15.3,20.3,88.1,77.0,97.0,0.39666666666666667,0.0,1.1
202109,6,원주,17.426666666666666,14.8,20.3,88.53333333333333,77.0,97.0,0.6133333333333333,0.0,3.0
202109,7,원주,17.696666666666665,14.9,20.0,87.7,76.0,97.0,0.7133333333333333,0.0,4.4
202109,8,원주,18.62,15.9,20.6,83.33333333333333,74.0,96.0,0.7466666666666666,0.1,3.2
202109,9,원주,19.990000000000002,18.1,21.4,76.83333333333333,62.0,96.0,0.8766666666666667,0.0,2.8
202109,10,원주,21.4,19.3,24.4,70.66666666666667,52.0,95.0,1.03,0.2,1.9
202109,11,원주,22.716666666666665,19.6,26.7,65.13333333333334,47.0,93.0,1.06,0.3,2.8
202109,12,원주,23.886666666666667,20.2,27.3,60.3,42.0,90.0,1.3133333333333332,0.2,2.8
202109,13,원주,24.496666666666666,20.2,27.6,58.266666666666666,41.0,91.0,1.43,0.5,3.4
202109,14,원주,24.866666666666667,20.8,28.0,56.6,36.0,90.0,1.46,0.1,3.0
202109,15,원주,25.166666666666668,20.8,28.6,55.2,41.0,90.0,1.5766666666666667,0.2,3.4
202109,16,원주,25.126666666666665,20.9,28.2,55.3,42.0,93.0,1.5066666666666668,0.2,2.7
202109,17,원주,24.546666666666667,20.4,27.8,58.43333333333333,45.0,94.0,1.5666666666666667,0.2,3.2
202109,18,원주,23.81,20.4,26.8,61.46666666666667,47.0,94.0,1.26,0.0,2.4
202109,19,원주,22.58,19.6,25.6,67.0,48.0,95.0,0.9933333333333334,0.1,2.5
202109,20,원주,21.763333333333332,19.2,23.9,69.7,49.0,95.0,0.8833333333333333,0.0,2.6
202109,21,원주,21.16,19.1,23.3,72.56666666666666,58.0,95.0,0.84,0.2,2.2
202109,22,원주,20.546666666666667,17.6,22.6,74.96666666666667,58.0,96.0,0.8,0.0,1.9
202109,23,원주,20.006666666666668,16.8,22.4,77.2,64.0,95.0,0.81,0.1,1.7
202110,0,원주,12.832258064516129,3.3,24.1,82.61290322580645,55.0,93.0,0.6064516129032258,0.0,3.8
202110,1,원주,12.30967741935484,2.7,23.7,84.83870967741936,59.0,94.0,0.49032258064516127,0.0,1.8
202110,2,원주,12.061290322580644,1.9,23.4,85.51612903225806,67.0,94.0,0.4806451612903226,0.0,1.4
202110,3,원주,11.629032258064516,1.5,22.9,87.51612903225806,69.0,96.0,0.3870967741935484,0.0,1.3
202110,4,원주,11.26774193548387,1.2,22.5,88.45161290322581,72.0,95.0,0.3774193548387097,0.0,2.1
202110,5,원주,11.03225806451613,1.3,22.4,88.83870967741936,73.0,96.0,0.45483870967741935,0.0,1.1
202110,6,원주,10.829032258064515,0.9,22.4,89.70967741935483,75.0,96.0,0.42580645161290326,0.0,1.3
202110,7,원주,10.83548387096774,0.9,22.5,89.61290322580645,75.0,97.0,0.41935483870967744,0.0,1.9
202110,8,원주,11.480645161290322,2.3,22.9,87.29032258064517,72.0,97.0,0.41935483870967744,0.0,2.4
202110,9,원주,12.7,3.7,23.7,80.45161290322581,57.0,96.0,0.6000000000000001,0.0,2.1
202110,10,원주,14.529032258064515,5.3,25.0,71.70967741935483,42.0,91.0,0.7806451612903226,0.0,2.5
202110,11,원주,16.2,6.3,24.8,63.03225806451613,27.0,86.0,0.9903225806451613,0.2,2.5
202110,12,원주,17.5,7.3,25.7,58.25806451612903,32.0,87.0,1.067741935483871,0.3,2.5
202110,13,원주,18.393548387096775,8.1,27.1,54.38709677419355,32.0,86.0,1.3483870967741935,0.3,3.2
202110,14,원주,18.97741935483871,9.2,28.1,51.516129032258064,31.0,82.0,1.3741935483870968,0.4,2.7
202110,15,원주,19.11935483870968,10.0,28.5,50.96774193548387,27.0,87.0,1.461290322580645,0.7,2.9
202110,16,원주,18.9,9.9,27.9,51.806451612903224,29.0,86.0,1.2193548387096773,0.0,2.3
202110,17,원주,18.306451612903224,9.6,26.4,54.096774193548384,31.0,89.0,1.1096774193548387,0.1,3.5
202110,18,원주,16.845161290322583,8.7,25.1,61.483870967741936,33.0,91.0,0.7516129032258064,0.0,1.9
202110,19,원주,15.53225806451613,6.7,24.9,68.38709677419355,33.0,93.0,0.7903225806451613,0.1,3.0
202110,20,원주,14.712903225806452,5.7,24.9,71.64516129032258,37.0,93.0,0.6709677419354839,0.0,1.8
202110,21,원주,14.035483870967743,4.9,24.6,74.90322580645162,39.0,93.0,0.5806451612903226,0.0,2.2
202110,22,원주,13.577419354838709,4.5,24.4,77.2258064516129,41.0,93.0,0.6064516129032258,0.0,1.8
202110,23,원주,13.058064516129033,4.0,24.1,80.25806451612904,47.0,93.0,0.432258064516129,0.0,1.7
202111,0,원주,5.88,-0.5,12.6,75.4,55.0,90.0,0.64,0.0,2.0
202111,1,원주,5.35,-0.9,12.9,77.86666666666666,57.0,93.0,0.73,0.0,3.7
202111,2,원주,4.943333333333333,-1.4,12.4,78.6,56.0,92.0,0.51,0.0,2.7
202111,3,원주,4.6866666666666665,-1.8,16.1,78.56666666666666,55.0,93.0,0.5133333333333333,0.0,2.6
202111,4,원주,4.383333333333334,-2.2,16.2,79.33333333333333,55.0,95.0,0.62,0.0,3.0
202111,5,원주,4.153333333333333,-2.7,16.5,79.9,54.0,95.0,0.61,0.0,2.2
202111,6,원주,4.033333333333333,-2.9,16.6,79.53333333333333,48.0,94.0,0.6033333333333334,0.0,3.1
202111,7,원주,3.836666666666667,-3.1,17.1,80.26666666666667,47.0,94.0,0.51,0.0,2.6
202111,8,원주,4.163333333333333,-3.0,16.2,79.16666666666667,46.0,95.0,0.5966666666666666,0.0,2.3
202111,9,원주,5.196666666666667,-1.7,15.5,74.43333333333334,43.0,96.0,0.7033333333333334,0.1,2.1
202111,10,원주,6.6433333333333335,-0.5,13.7,67.8,38.0,94.0,0.86,0.1,3.8
202111,11,원주,8.29,0.4,15.0,61.1,35.0,94.0,0.9233333333333333,0.0,2.7
202111,12,원주,9.85,0.8,19.1,54.733333333333334,32.0,95.0,1.2966666666666666,0.3,4.8
202111,13,원주,10.806666666666667,0.7,20.0,50.766666666666666,30.0,95.0,1.35,0.3,4.6
202111,14,원주,11.476666666666667,1.4,20.3,49.233333333333334,28.0,88.0,1.6166666666666667,0.5,3.7
202111,15,원주,11.8,1.8,20.6,48.3,26.0,85.0,1.62,0.2,4.3
202111,16,원주,11.693333333333333,1.8,20.1,47.43333333333333,27.0,86.0,1.6366666666666667,0.1,3.4
202111,17,원주,10.936666666666667,1.2,19.2,50.733333333333334,30.0,85.0,1.23,0.0,3.5
202111,18,원주,9.753333333333334,1.8,17.7,56.1,33.0,86.0,1.1233333333333335,0.1,3.8
202111,19,원주,8.79,1.8,16.9,60.3,34.0,86.0,1.06,0.0,5.0
202111,20,원주,7.9,1.4,14.8,64.2,47.0,86.0,0.7799999999999999,0.0,4.9
202111,21,원주,7.066666666666666,1.2,13.5,67.83333333333333,46.0,83.0,0.6866666666666668,0.0,3.0
202111,22,원주,6.413333333333333,1.0,12.9,70.73333333333333,48.0,86.0,0.61,0.0,4.2
202111,23,원주,5.926666666666667,0.3,12.6,73.16666666666667,52.0,88.0,0.6466666666666666,0.0,4.6
202112,0,원주,-0.4870967741935483,-12.2,7.6,67.51612903225806,34.0,96.0,0.8838709677419354,0.1,4.6
202112,1,원주,-1.0451612903225806,-13.1,6.6,69.90322580645162,34.0,97.0,0.8193548387096774,0.0,3.3
202112,2,원주,-1.4451612903225806,-13.6,6.3,70.7741935483871,31.0,97.0,0.7451612903225807,0.0,5.4
202112,3,원주,-1.7000000000000002,-13.8,6.2,71.06451612903226,32.0,97.0,0.835483870967742,0.0,4.9
202112,4,원주,-2.070967741935484,-13.9,5.8,71.58064516129032,31.0,97.0,0.6741935483870968,0.0,3.6
202112,5,원주,-2.416129032258065,-13.9,5.1,72.2258064516129,33.0,97.0,0.7612903225806452,0.0,3.1
202112,6,원주,-2.5870967741935487,-14.2,5.1,72.7741935483871,35.0,97.0,0.7419354838709677,0.1,2.9
202112,7,원주,-2.829032258064516,-14.3,4.8,74.54838709677419,37.0,97.0,0.7967741935483871,0.0,4.0
202112,8,원주,-2.9709677419354836,-14.4,4.5,75.3225806451613,40.0,97.0,0.7193548387096774,0.1,3.8
202112,9,원주,-1.967741935483871,-13.4,5.2,70.16129032258064,36.0,97.0,0.7483870967741936,0.0,3.4
202112,10,원주,-0.8387096774193549,-13.0,6.2,63.03225806451613,32.0,97.0,0.8741935483870968,0.0,3.2
202112,11,원주,0.6225806451612904,-12.2,8.9,54.645161290322584,30.0,97.0,1.070967741935484,0.1,4.2
202112,12,원주,1.993548387096774,-11.0,8.9,49.483870967741936,26.0,97.0,1.2516129032258063,0.1,4.2
202112,13,원주,3.1258064516129034,-9.2,10.1,45.25806451612903,22.0,96.0,1.3451612903225807,0.0,4.5
202112,14,원주,3.858064516129032,-8.1,10.7,43.41935483870968,21.0,88.0,1.5612903225806452,0.2,3.9
202112,15,원주,4.216129032258064,-7.4,11.6,43.67741935483871,20.0,87.0,1.6870967741935483,0.3,4.9
202112,16,원주,4.109677419354839,-6.7,11.1,44.70967741935484,20.0,81.0,1.532258064516129,0.1,5.8
202112,17,원주,3.4516129032258065,-7.3,10.4,48.45161290322581,21.0,84.0,1.367741935483871,0.1,3.6
202112,18,원주,2.6838709677419357,-7.8,9.7,52.87096774193548,23.0,92.0,1.096774193548387,0.0,3.7
202112,19,원주,1.9225806451612901,-8.4,7.9,56.03225806451613,25.0,92.0,0.9483870967741935,0.0,3.4
202112,20,원주,1.1645161290322579,-9.1,7.7,59.774193548387096,28.0,91.0,0.9903225806451613,0.0,3.0
202112,21,원주,0.5483870967741935,-9.7,7.5,62.12903225806452,35.0,94.0,1.0193548387096774,0.0,3.9
202112,22,원주,0.12580645161290324,-10.4,8.4,63.87096774193548,36.0,94.0,0.9225806451612903,0.0,3.3
202112,23,원주,-0.37741935483870975,-11.3,8.2,65.58064516129032,34.0,95.0,0.9322580645161291,0.1,2.9
202201,0,원주,-3.512903225806452,-8.5,3.2,63.225806451612904,46.0,90.0,0.5838709677419355,0.0,2.0
202201,1,원주,-4.051612903225807,-9.2,3.0,66.25806451612904,50.0,86.0,0.4483870967741936,0.0,1.8
202201,2,원주,-4.5,-9.6,2.7,68.51612903225806,52.0,86.0,0.5,0.0,1.4
202201,3,원주,-4.83225806451613,-10.5,3.2,69.58064516129032,48.0,87.0,0.5,0.0,1.6
202201,4,원주,-5.325806451612903,-11.1,2.9,71.96774193548387,51.0,88.0,0.5774193548387097,0.1,3.8
202201,5,원주,-5.783870967741936,-11.7,2.6,73.09677419354838,53.0,89.0,0.529032258064516,0.0,2.9
202201,6,원주,-6.129032258064516,-11.9,2.5,74.90322580645162,59.0,88.0,0.4967741935483871,0.0,2.1
202201,7,원주,-6.412903225806452,-12.2,2.1,75.51612903225806,61.0,90.0,0.5548387096774193,0.0,1.9
202201,8,원주,-6.619354838709677,-12.5,2.1,76.09677419354838,61.0,90.0,0.6419354838709678,0.0,2.1
202201,9,원주,-5.529032258064516,-11.3,2.6,71.51612903225806,57.0,87.0,0.6806451612903226,0.1,1.7
202201,10,원주,-3.9741935483870967,-9.6,4.9,63.16129032258065,41.0,86.0,0.6645161290322581,0.1,1.9
202201,11,원주,-2.2580645161290325,-7.6,6.2,53.38709677419355,34.0,85.0,0.8548387096774194,0.3,3.3
202201,12,원주,-0.7516129032258064,-6.5,6.6,45.41935483870968,28.0,87.0,0.9516129032258065,0.2,2.7
202201,13,원주,0.6548387096774194,-5.0,7.9,40.41935483870968,26.0,87.0,1.3516129032258064,0.5,3.6
202201,14,원주,1.5419354838709676,-4.1,8.3,37.74193548387097,22.0,88.0,1.435483870967742,0.1,3.2
202201,15,원주,1.974193548387097,-3.7,9.2,37.225806451612904,21.0,90.0,1.632258064516129,0.1,3.8
202201,16,원주,2.135483870967742,-3.4,8.9,37.935483870967744,23.0,90.0,1.506451612903226,0.2,3.2
202201,17,원주,1.738709677419355,-4.2,8.5,39.0,22.0,89.0,1.3258064516129033,0.1,3.9
202201,18,원주,0.8967741935483872,-4.7,6.9,42.41935483870968,25.0,90.0,0.8516129032258065,0.0,3.2
202201,19,원주,-0.18064516129032257,-5.2,4.6,48.193548387096776,27.0,92.0,0.8580645161290323,0.0,2.2
202201,20,원주,-1.0193548387096774,-5.8,4.0,51.61290322580645,32.0,91.0,0.7645161290322581,0.0,2.2
202201,21,원주,-1.6580645161290322,-6.3,4.0,55.29032258064516,40.0,93.0,0.7161290322580645,0.0,1.9
202201,22,원주,-2.2451612903225806,-6.9,3.7,58.87096774193548,41.0,87.0,0.7193548387096774,0.0,2.4
202201,23,원주,-2.8129032258064517,-7.7,3.6,61.54838709677419,45.0,90.0,0.732258064516129,0.1,2.4
202202,0,원주,-2.310714285714286,-8.1,5.3,52.92857142857143,37.0,74.0,1.0714285714285714,0.0,3.6
202202,1,원주,-3.060714285714286,-8.5,5.4,55.07142857142857,33.0,85.0,0.9357142857142857,0.0,3.7
202202,2,원주,-3.5107142857142857,-8.8,5.4,56.892857142857146,34.0,87.0,0.8714285714285713,0.0,2.6
202202,3,원주,-3.85,-8.9,5.2,58.92857142857143,37.0,86.0,0.6714285714285715,0.0,2.2
202202,4,원주,-4.371428571428571,-9.4,4.6,61.25,39.0,82.0,0.5607142857142857,0.1,1.4
202202,5,원주,-4.917857142857143,-9.7,2.7,64.35714285714286,42.0,86.0,0.5678571428571428,0.0,1.6
202202,6,원주,-5.135714285714286,-10.2,2.9,64.96428571428571,46.0,91.0,0.6785714285714286,0.0,2.0
202202,7,원주,-5.5928571428571425,-10.9,3.5,66.78571428571429,45.0,84.0,0.6321428571428571,0.1,2.2
202202,8,원주,-5.567857142857143,-10.7,3.3,67.5,47.0,86.0,0.6964285714285714,0.0,2.4
202202,9,원주,-4.0928571428571425,-9.0,5.2,58.25,33.0,77.0,0.9464285714285714,0.2,3.0
202202,10,원주,-2.4,-7.8,6.8,50.107142857142854,26.0,71.0,0.9714285714285714,0.1,2.8
202202,11,원주,-0.6392857142857142,-6.9,7.7,42.857142857142854,25.0,80.0,1.3357142857142856,0.2,3.4
202202,12,원주,0.9714285714285715,-5.6,9.1,38.714285714285715,24.0,66.0,1.6178571428571427,0.3,3.3
202202,13,원주,2.085714285714286,-4.7,9.8,35.0,21.0,64.0,1.967857142857143,0.4,3.7
202202,14,원주,3.0142857142857147,-4.0,10.4,31.607142857142858,18.0,55.0,2.117857142857143,0.5,4.5
202202,15,원주,3.460714285714286,-3.6,10.2,29.5,15.0,56.0,2.189285714285714,0.7,4.0
202202,16,원주,3.6714285714285713,-3.7,10.7,27.642857142857142,15.0,56.0,2.4285714285714284,0.4,5.6
202202,17,원주,3.267857142857143,-4.1,10.5,29.321428571428573,15.0,55.0,2.2857142857142856,0.5,4.8
202202,18,원주,2.3857142857142857,-4.9,9.9,32.892857142857146,19.0,55.0,1.9964285714285714,0.2,3.7
202202,19,원주,1.3035714285714286,-5.5,9.0,38.357142857142854,21.0,69.0,1.6535714285714285,0.1,3.7
202202,20,원주,0.23214285714285718,-5.8,8.0,44.32142857142857,25.0,85.0,1.4642857142857142,0.1,4.2
202202,21,원주,-0.5035714285714287,-6.2,5.8,48.25,32.0,82.0,1.375,0.1,3.8
202202,22,원주,-1.0,-6.9,5.6,50.035714285714285,34.0,79.0,1.1857142857142857,0.0,3.5
202202,23,원주,-1.5857142857142856,-7.5,5.3,50.535714285714285,36.0,71.0,1.1785714285714286,0.0,4.2
202203,0,원주,5.941935483870967,-0.6,16.7,64.09677419354838,34.0,95.0,0.8064516129032258,0.1,3.6
202203,1,원주,5.412903225806452,-1.0,16.9,65.83870967741936,35.0,95.0,0.7064516129032258,0.1,2.4
202203,2,원주,4.970967741935484,-1.5,16.7,66.90322580645162,36.0,95.0,0.7258064516129032,0.0,3.4
202203,3,원주,4.341935483870968,-2.0,13.4,70.16129032258064,43.0,94.0,0.8451612903225806,0.1,3.9
202203,4,원주,3.774193548387097,-2.6,13.5,73.16129032258064,51.0,93.0,0.7161290322580645,0.0,4.0
202203,5,원주,3.3870967741935485,-3.0,13.7,75.0,36.0,94.0,0.7838709677419355,0.0,3.1
202203,6,원주,3.0806451612903225,-3.5,13.8,76.6774193548387,44.0,93.0,0.7064516129032258,0.0,3.1
202203,7,원주,2.916129032258065,-4.0,13.6,77.19354838709677,48.0,94.0,0.6290322580645161,0.0,3.2
202203,8,원주,3.5548387096774197,-3.1,13.4,74.64516129032258,43.0,94.0,0.6870967741935484,0.0,3.0
202203,9,원주,5.012903225806451,-1.2,14.4,67.0,28.0,94.0,0.8161290322580645,0.1,3.6
202203,10,원주,6.54516129032258,0.6,13.7,59.16129032258065,19.0,95.0,1.0903225806451615,0.1,3.7
202203,11,원주,8.448387096774193,2.0,14.4,52.83870967741935,17.0,94.0,1.3451612903225807,0.0,3.9
202203,12,원주,9.932258064516128,2.2,15.0,49.03225806451613,16.0,94.0,1.5741935483870966,0.0,4.5
202203,13,원주,10.893548387096773,2.7,18.9,45.54838709677419,16.0,95.0,1.664516129032258,0.1,4.8
202203,14,원주,11.496774193548386,3.4,19.4,44.32258064516129,15.0,94.0,2.0193548387096776,0.4,4.9
202203,15,원주,11.864516129032259,4.4,19.4,43.516129032258064,14.0,93.0,2.270967741935484,0.2,5.2
202203,16,원주,11.870967741935484,4.8,19.8,42.193548387096776,13.0,94.0,2.2129032258064516,0.5,5.3
202203,17,원주,11.561290322580644,4.9,19.4,42.096774193548384,14.0,92.0,2.0548387096774197,0.3,4.8
202203,18,원주,10.95483870967742,4.7,18.8,43.96774193548387,15.0,91.0,1.703225806451613,0.4,5.4
202203,19,원주,10.154838709677419,3.2,18.1,47.0,17.0,92.0,1.5419354838709676,0.1,5.0
202203,20,원주,8.990322580645161,2.5,17.7,52.96774193548387,24.0,93.0,1.3709677419354838,0.4,4.5
202203,21,원주,8.041935483870969,2.1,17.5,56.67741935483871,28.0,94.0,1.0612903225806452,0.0,2.2
202203,22,원주,7.370967741935484,1.7,17.3,59.03225806451613,28.0,94.0,0.9354838709677419,0.0,2.5
202203,23,원주,6.641935483870968,0.5,17.2,62.03225806451613,32.0,95.0,0.9387096774193547,0.0,3.3
202204,0,원주,11.956666666666667,5.3,18.5,56.166666666666664,28.0,82.0,0.7266666666666667,0.0,2.0
202204,1,원주,11.270000000000001,4.6,17.5,59.266666666666666,35.0,85.0,0.6799999999999999,0.0,2.6
202204,2,원주,10.646666666666667,4.0,17.5,61.56666666666667,37.0,91.0,0.59,0.0,2.1
202204,3,원주,10.04,3.4,16.2,65.0,39.0,92.0,0.65,0.0,2.7
202204,4,원주,9.453333333333335,2.5,16.3,67.06666666666666,43.0,91.0,0.65,0.0,2.2
202204,5,원주,8.836666666666668,1.6,16.6,69.8,41.0,93.0,0.49,0.0,1.6
202204,6,원주,8.31,1.4,15.8,71.6,43.0,93.0,0.6533333333333332,0.0,2.6
202204,7,원주,8.693333333333333,1.6,15.9,69.73333333333333,42.0,94.0,0.67,0.1,1.6
202204,8,원주,9.853333333333333,3.2,16.7,64.8,40.0,93.0,0.7366666666666667,0.0,2.4
202204,9,원주,11.683333333333334,5.3,19.6,58.03333333333333,38.0,90.0,0.84,0.1,2.6
202204,10,원주,13.68,8.1,21.1,50.3,27.0,89.0,0.9666666666666667,0.2,2.9
202204,11,원주,15.646666666666667,9.3,22.7,43.9,24.0,89.0,1.2033333333333334,0.5,3.1
202204,12,원주,17.046666666666667,9.3,23.4,38.8,18.0,86.0,1.6066666666666667,0.3,3.8
202204,13,원주,18.253333333333334,8.8,24.8,34.63333333333333,16.0,84.0,2.0233333333333334,0.6,3.1
202204,14,원주,18.9,8.4,25.7,33.4,16.0,82.0,2.0933333333333333,0.8,3.6
202204,15,원주,19.446666666666665,8.8,25.5,32.166666666666664,16.0,81.0,2.2233333333333336,0.9,3.6
202204,16,원주,19.709999999999997,9.7,26.2,30.7,16.0,74.0,2.2633333333333336,1.3,3.9
202204,17,원주,19.37,10.2,25.6,30.966666666666665,17.0,68.0,2.31,0.7,3.5
202204,18,원주,18.740000000000002,10.8,25.6,32.3,16.0,69.0,1.9266666666666665,0.5,3.3
202204,19,원주,17.6,10.3,24.6,35.333333333333336,17.0,70.0,1.75,0.0,3.2
202204,20,원주,16.279999999999998,9.9,23.0,39.93333333333333,19.0,73.0,1.5166666666666666,0.5,4.7
202204,21,원주,15.08,9.3,21.0,43.666666666666664,23.0,75.0,1.46,0.2,2.9
202204,22,원주,14.146666666666667,8.3,20.7,47.266666666666666,25.0,77.0,1.02,0.1,2.5
202204,23,원주,12.870000000000001,6.6,19.1,52.63333333333333,24.0,77.0,0.9433333333333334,0.0,2.1
202205,0,원주,16.216129032258063,10.0,21.1,55.54838709677419,34.0,89.0,0.8,0.1,2.6
202205,1,원주,15.238709677419354,9.1,19.8,60.483870967741936,37.0,89.0,0.5580645161290323,0.0,1.7
202205,2,원주,14.474193548387097,8.4,18.6,64.41935483870968,43.0,86.0,0.5451612903225806,0.0,1.5
202205,3,원주,13.80967741935484,7.4,18.2,68.09677419354838,43.0,87.0,0.5516129032258065,0.0,2.0
202205,4,원주,13.14516129032258,6.8,17.9,71.3225806451613,46.0,91.0,0.5516129032258065,0.0,2.4
202205,5,원주,12.674193548387096,6.2,17.5,73.64516129032258,44.0,89.0,0.5354838709677419,0.0,2.3
202205,6,원주,12.493548387096775,5.8,17.0,75.03225806451613,45.0,94.0,0.5483870967741935,0.0,2.1
202205,7,원주,13.43225806451613,7.0,18.1,71.19354838709677,47.0,95.0,0.7516129032258064,0.1,2.1
202205,8,원주,14.903225806451612,8.9,20.1,64.45161290322581,32.0,82.0,0.8,0.2,2.3
202205,9,원주,16.799999999999997,11.1,21.5,56.12903225806452,29.0,82.0,0.9774193548387097,0.3,2.4
202205,10,원주,18.674193548387095,12.8,23.8,48.935483870967744,27.0,80.0,1.2870967741935484,0.3,2.9
202205,11,원주,20.27741935483871,15.0,25.1,42.58064516129032,25.0,76.0,1.5096774193548386,0.4,2.6
202205,12,원주,21.296774193548387,16.0,26.4,39.096774193548384,19.0,69.0,1.8548387096774193,0.6,3.7
202205,13,원주,22.374193548387098,16.4,27.2,35.516129032258064,12.0,57.0,2.083870967741935,0.8,3.2
202205,14,원주,22.983870967741936,15.9,27.8,33.774193548387096,15.0,65.0,2.2193548387096773,1.1,3.5
202205,15,원주,23.448387096774194,16.3,28.9,32.806451612903224,15.0,74.0,2.206451612903226,0.8,3.8
202205,16,원주,23.5258064516129,16.3,29.3,32.03225806451613,12.0,74.0,2.3161290322580643,0.4,4.9
202205,17,원주,23.29032258064516,15.9,28.7,32.225806451612904,13.0,78.0,2.232258064516129,0.6,3.6
202205,18,원주,22.79032258064516,15.9,28.3,33.806451612903224,15.0,79.0,1.9516129032258065,1.0,3.6
202205,19,원주,21.796774193548387,15.5,27.4,35.67741935483871,18.0,82.0,1.8161290322580643,0.8,3.4
202205,20,원주,20.483870967741936,14.3,25.9,39.61290322580645,24.0,78.0,1.4258064516129034,0.1,2.3
202205,21,원주,19.24516129032258,13.5,24.1,43.54838709677419,27.0,77.0,1.3225806451612903,0.4,3.4
202205,22,원주,18.1,11.6,23.0,48.03225806451613,25.0,76.0,1.1451612903225807,0.1,2.7
202205,23,원주,17.287096774193547,10.6,22.1,51.96774193548387,32.0,86.0,0.9193548387096774,0.0,1.9
202206,0,원주,21.503333333333334,14.2,28.3,68.9,42.0,93.0,0.98,0.0,2.6
202206,1,원주,21.0,13.2,28.3,70.5,45.0,92.0,1.0166666666666666,0.1,3.7
202206,2,원주,20.533333333333335,12.5,28.0,71.93333333333334,49.0,91.0,0.9333333333333333,0.0,3.3
202206,3,원주,20.123333333333335,12.1,28.0,73.63333333333334,52.0,93.0,0.9966666666666666,0.1,4.0
202206,4,원주,19.790000000000003,11.9,27.7,75.06666666666666,52.0,95.0,1.0733333333333335,0.0,3.8
202206,5,원주,19.46333333333333,12.1,27.6,76.16666666666667,53.0,96.0,0.9266666666666666,0.0,4.6
202206,6,원주,19.413333333333334,12.4,27.6,77.46666666666667,55.0,97.0,0.9133333333333334,0.0,3.5
202206,7,원주,19.833333333333332,14.0,27.7,75.9,49.0,97.0,0.9966666666666666,0.2,3.6
202206,8,원주,20.783333333333335,14.6,27.5,71.96666666666667,47.0,96.0,0.98,0.1,3.4
202206,9,원주,22.246666666666666,15.4,27.7,65.6,38.0,93.0,1.1666666666666667,0.2,3.0
202206,10,원주,23.436666666666667,15.7,28.5,61.233333333333334,29.0,94.0,1.2233333333333334,0.2,4.2
202206,11,원주,24.386666666666667,16.2,30.0,57.56666666666667,23.0,92.0,1.4066666666666667,0.4,3.6
202206,12,원주,25.42,16.7,30.7,54.3,20.0,89.0,1.8133333333333332,0.5,4.1
202206,13,원주,26.053333333333335,17.8,31.6,51.93333333333333,18.0,84.0,1.8633333333333333,0.2,3.3
202206,14,원주,26.333333333333332,18.3,33.5,51.53333333333333,19.0,90.0,1.8133333333333332,0.4,3.3
202206,15,원주,26.35666666666667,18.6,33.2,52.1,17.0,90.0,1.8866666666666667,0.5,3.1
202206,16,원주,26.290000000000003,20.6,33.4,52.333333333333336,16.0,90.0,2.0,0.6,4.2
202206,17,원주,25.996666666666666,19.9,33.4,53.4,19.0,86.0,1.7033333333333334,0.2,3.8
202206,18,원주,25.523333333333333,18.8,32.5,55.7,21.0,90.0,1.82,0.2,4.0
202206,19,원주,24.803333333333335,17.9,31.6,58.166666666666664,20.0,91.0,1.6033333333333333,0.2,3.7
202206,20,원주,23.953333333333333,17.2,29.7,61.53333333333333,22.0,92.0,1.4066666666666667,0.3,3.4
202206,21,원주,23.293333333333333,16.3,29.0,64.83333333333333,28.0,92.0,1.1633333333333333,0.0,2.7
202206,22,원주,22.543333333333333,15.6,28.7,66.96666666666667,36.0,92.0,1.0233333333333332,0.1,2.8
202206,23,원주,22.076666666666664,14.7,28.5,69.06666666666666,38.0,92.0,1.0766666666666667,0.0,3.5
202207,0,원주,24.729032258064517,21.5,29.0,81.0,65.0,94.0,0.7387096774193548,0.0,2.2
202207,1,원주,24.35483870967742,21.4,28.8,82.61290322580645,68.0,94.0,0.8677419354838709,0.0,2.8
202207,2,원주,24.032258064516128,21.3,28.5,83.80645161290323,70.0,95.0,0.7354838709677419,0.0,1.9
202207,3,원주,23.700000000000003,21.0,28.0,84.90322580645162,72.0,95.0,0.7129032258064517,0.0,2.3
202207,4,원주,23.403225806451612,20.9,27.8,86.09677419354838,72.0,96.0,0.6290322580645161,0.0,2.4
202207,5,원주,23.23225806451613,20.8,27.6,87.16129032258064,72.0,96.0,0.5870967741935483,0.0,2.2
202207,6,원주,23.112903225806452,20.6,27.5,87.09677419354838,69.0,95.0,0.7193548387096774,0.0,2.6
202207,7,원주,23.616129032258065,20.7,27.7,84.90322580645162,70.0,94.0,0.7580645161290323,0.0,3.2
202207,8,원주,24.438709677419357,20.8,28.8,81.35483870967742,65.0,92.0,0.8258064516129032,0.1,1.9
202207,9,원주,25.593548387096774,20.9,29.5,76.03225806451613,59.0,92.0,0.8774193548387097,0.1,2.8
202207,10,원주,26.63225806451613,21.3,31.6,70.51612903225806,53.0,92.0,1.0774193548387097,0.1,2.8
202207,11,원주,27.593548387096774,21.4,32.6,67.19354838709677,53.0,92.0,1.2483870967741937,0.4,2.6
202207,12,원주,28.351612903225806,22.1,33.5,64.45161290322581,48.0,92.0,1.332258064516129,0.4,2.6
202207,13,원주,28.961290322580645,22.4,32.7,61.87096774193548,49.0,92.0,1.3870967741935485,0.5,2.8
202207,14,원주,29.203225806451613,22.6,33.9,61.54838709677419,47.0,91.0,1.5129032258064516,0.5,3.2
202207,15,원주,29.40967741935484,22.7,33.4,59.935483870967744,47.0,91.0,1.6741935483870967,0.6,3.3
202207,16,원주,29.448387096774194,22.8,34.5,60.41935483870968,44.0,92.0,1.770967741935484,0.6,3.6
202207,17,원주,28.887096774193548,22.2,34.0,62.58064516129032,46.0,90.0,1.7258064516129032,0.4,4.1
202207,18,원주,28.296774193548387,22.0,33.5,65.38709677419355,47.0,91.0,1.5129032258064516,0.3,2.9
202207,19,원주,27.883870967741935,22.5,33.0,67.54838709677419,49.0,90.0,1.0838709677419356,0.0,2.4
202207,20,원주,26.838709677419356,22.2,30.9,73.03225806451613,59.0,93.0,1.058064516129032,0.0,3.0
202207,21,원주,26.203225806451613,21.9,29.9,76.0,62.0,94.0,0.8096774193548387,0.0,2.3
202207,22,원주,25.64516129032258,21.8,29.8,77.38709677419355,61.0,94.0,0.7806451612903226,0.0,3.0
202207,23,원주,25.322580645161292,22.0,29.0,78.19354838709677,66.0,94.0,0.7967741935483871,0.0,2.4
202208,0,원주,24.1,17.1,28.8,81.87096774193549,61.0,95.0,0.8193548387096774,0.0,2.4
202208,1,원주,23.770967741935483,16.6,27.9,83.38709677419355,62.0,95.0,0.7709677419354838,0.0,2.2
202208,2,원주,23.58709677419355,15.8,27.4,84.58064516129032,58.0,95.0,0.7387096774193548,0.0,2.0
202208,3,원주,23.293548387096774,15.3,27.5,85.3225806451613,63.0,95.0,0.7548387096774193,0.0,1.8
202208,4,원주,23.154838709677417,15.1,27.6,85.54838709677419,63.0,95.0,0.7419354838709677,0.0,2.0
202208,5,원주,22.896774193548385,14.5,27.5,86.7741935483871,71.0,95.0,0.7419354838709677,0.0,2.8
202208,6,원주,22.770967741935483,14.3,27.3,87.90322580645162,78.0,95.0,0.7064516129032258,0.0,2.3
202208,7,원주,22.938709677419357,14.6,27.7,87.2258064516129,74.0,95.0,0.6096774193548388,0.0,2.7
202208,8,원주,23.570967741935487,16.9,27.9,83.19354838709677,56.0,94.0,0.7580645161290323,0.0,2.8
202208,9,원주,24.306451612903224,17.1,28.5,78.80645161290323,42.0,94.0,0.9870967741935485,0.1,2.4
202208,10,원주,25.161290322580644,17.9,29.8,74.70967741935483,38.0,94.0,1.196774193548387,0.0,2.8
202208,11,원주,25.94193548387097,18.2,30.9,70.96774193548387,38.0,92.0,1.1935483870967742,0.0,3.0
202208,12,원주,26.57741935483871,18.5,30.8,68.0,32.0,93.0,1.2838709677419355,0.0,2.9
202208,13,원주,27.016129032258064,19.2,31.5,66.58064516129032,40.0,92.0,1.3903225806451613,0.3,2.6
202208,14,원주,27.187096774193545,19.2,31.4,66.09677419354838,36.0,92.0,1.4709677419354839,0.0,3.4
202208,15,원주,27.351612903225806,19.3,31.7,65.7741935483871,35.0,93.0,1.4,0.2,2.7
202208,16,원주,27.09032258064516,19.5,32.1,67.3225806451613,36.0,92.0,1.4806451612903226,0.3,2.8
202208,17,원주,26.94193548387097,19.5,31.3,68.09677419354838,37.0,92.0,1.3709677419354838,0.1,2.9
202208,18,원주,26.69677419354839,19.5,31.2,69.54838709677419,39.0,93.0,1.2903225806451613,0.3,2.5
202208,19,원주,25.990322580645163,19.4,30.5,72.6774193548387,43.0,94.0,1.1935483870967742,0.0,2.8
202208,20,원주,25.135483870967743,19.2,29.4,77.09677419354838,57.0,94.0,1.038709677419355,0.1,2.9
202208,21,원주,24.574193548387097,19.0,29.1,79.45161290322581,65.0,94.0,0.7935483870967742,0.1,1.9
202208,22,원주,24.293548387096774,18.5,28.8,80.06451612903226,67.0,94.0,0.7838709677419355,0.0,1.9
202208,23,원주,24.038709677419355,17.6,29.0,81.3225806451613,62.0,94.0,0.7903225806451613,0.0,2.8
202209,0,원주,18.96333333333333,13.2,25.8,76.53333333333333,57.0,91.0,0.8200000000000001,0.0,3.8
202209,1,원주,18.523333333333333,12.5,25.0,78.9,53.0,93.0,0.8566666666666667,0.0,4.2
202209,2,원주,18.1,11.8,24.7,80.96666666666667,51.0,93.0,0.76,0.0,3.6
202209,3,원주,17.8,11.9,24.3,81.7,54.0,93.0,0.7100000000000001,0.0,3.7
202209,4,원주,17.426666666666666,11.0,24.3,83.03333333333333,51.0,94.0,0.6266666666666667,0.0,2.8
202209,5,원주,17.073333333333334,10.5,23.9,84.0,51.0,95.0,0.6133333333333333,0.0,2.0
202209,6,원주,16.91,9.8,23.9,84.83333333333333,58.0,96.0,0.5933333333333334,0.0,2.6
202209,7,원주,17.073333333333334,9.9,24.2,84.73333333333333,62.0,96.0,0.6066666666666667,0.0,2.0
202209,8,원주,17.906896551724138,11.7,24.8,80.55172413793103,58.0,96.0,0.789655172413793,0.0,3.7
202209,9,원주,19.444827586206895,13.3,26.7,74.13793103448276,54.0,95.0,0.906896551724138,0.1,3.4
202209,10,원주,21.07586206896552,16.0,27.6,66.37931034482759,53.0,94.0,1.1586206896551725,0.1,5.4
202209,11,원주,22.676666666666666,17.4,29.1,59.96666666666667,43.0,93.0,1.1241379310344828,0.2,3.7
202209,12,원주,24.10666666666667,19.2,29.1,54.666666666666664,39.0,93.0,1.4433333333333336,0.7,3.4
202209,13,원주,24.84333333333333,19.8,29.8,51.7,38.0,93.0,1.5333333333333334,0.3,3.5
202209,14,원주,25.34333333333333,19.4,30.8,49.3,32.0,93.0,1.62,0.4,4.1
202209,15,원주,25.456666666666667,20.3,30.7,48.93333333333333,27.0,92.0,1.6766666666666665,0.4,3.2
202209,16,원주,25.413333333333334,19.6,30.2,48.7,30.0,92.0,1.6033333333333333,0.6,4.5
202209,17,원주,24.976666666666667,18.8,30.2,50.63333333333333,35.0,92.0,1.5666666666666667,0.2,3.7
202209,18,원주,23.90666666666667,17.9,29.1,54.666666666666664,39.0,92.0,1.4366666666666668,0.5,4.0
202209,19,원주,22.266666666666666,16.6,27.9,63.06666666666667,45.0,93.0,1.1733333333333333,0.5,3.3
202209,20,원주,21.116666666666667,16.0,26.9,67.36666666666666,49.0,92.0,1.0533333333333335,0.1,3.7
202209,21,원주,20.533333333333335,15.7,26.4,69.5,57.0,93.0,0.77,0.0,2.3
202209,22,원주,19.983333333333334,15.2,25.9,71.23333333333333,57.0,92.0,0.8466666666666666,0.0,2.9
202209,23,원주,19.44,15.0,25.9,73.43333333333334,56.0,92.0,0.7833333333333333,0.0,3.4
202210,0,원주,11.745161290322581,5.1,23.2,79.19354838709677,60.0,91.0,0.7903225806451613,0.0,3.7
202210,1,원주,11.19032258064516,4.1,23.5,81.58064516129032,59.0,92.0,0.6645161290322581,0.0,3.9
202210,2,원주,10.67741935483871,3.5,22.2,83.7741935483871,67.0,93.0,0.44193548387096776,0.0,1.6
202210,3,원주,10.229032258064517,3.2,21.7,85.74193548387096,63.0,94.0,0.5903225806451613,0.0,2.1
202210,4,원주,9.803225806451612,2.8,22.1,87.25806451612904,68.0,95.0,0.4806451612903226,0.0,1.4
202210,5,원주,9.59032258064516,2.8,21.8,87.51612903225806,69.0,95.0,0.5612903225806452,0.0,1.7
202210,6,원주,9.319354838709677,1.9,21.5,88.2258064516129,69.0,96.0,0.5064516129032258,0.0,2.5
202210,7,원주,9.22258064516129,1.8,21.5,88.12903225806451,69.0,97.0,0.5258064516129033,0.0,2.4
202210,8,원주,9.787096774193548,2.9,21.2,86.54838709677419,69.0,97.0,0.6548387096774194,0.0,2.4
202210,9,원주,11.006451612903225,4.8,20.7,79.74193548387096,59.0,97.0,0.7096774193548387,0.1,2.1
202210,10,원주,13.041935483870969,7.6,22.0,70.0,46.0,96.0,0.8870967741935484,0.1,2.8
202210,11,원주,14.90967741935484,9.4,22.8,60.83870967741935,36.0,91.0,0.9838709677419355,0.5,2.5
202210,12,원주,16.35483870967742,10.2,23.1,54.74193548387097,33.0,92.0,1.0838709677419356,0.4,3.2
202210,13,원주,17.312903225806455,10.3,26.0,49.935483870967744,22.0,92.0,1.2193548387096773,0.3,3.0
202210,14,원주,17.97741935483871,10.5,26.9,48.225806451612904,21.0,92.0,1.2935483870967743,0.7,2.6
202210,15,원주,18.103225806451615,9.5,26.2,48.38709677419355,24.0,93.0,1.3870967741935485,0.3,3.1
202210,16,원주,17.76774193548387,9.0,25.3,50.32258064516129,23.0,93.0,1.4709677419354839,0.3,2.8
202210,17,원주,17.22258064516129,9.2,24.3,52.45161290322581,25.0,93.0,1.2258064516129032,0.4,2.5
202210,18,원주,15.783870967741937,8.8,24.0,60.29032258064516,28.0,94.0,0.9451612903225807,0.1,2.1
202210,19,원주,14.506451612903225,8.5,23.8,67.2258064516129,33.0,94.0,0.7741935483870968,0.0,2.2
202210,20,원주,13.64516129032258,7.5,22.9,70.6774193548387,49.0,93.0,0.6806451612903226,0.1,1.9
202210,21,원주,13.093548387096773,7.1,23.9,72.48387096774194,56.0,93.0,0.7,0.0,1.9
202210,22,원주,12.603225806451613,6.3,23.1,74.06451612903226,57.0,92.0,0.8999999999999999,0.0,4.1
202210,23,원주,12.09032258064516,5.9,23.3,77.29032258064517,59.0,92.0,0.8677419354838709,0.0,4.1
202211,0,원주,7.12,0.8,16.9,75.36666666666666,34.0,96.0,0.43333333333333335,0.0,2.2
202211,1,원주,6.626666666666667,0.3,17.2,77.76666666666667,34.0,96.0,0.5233333333333333,0.0,2.8
202211,2,원주,6.096666666666667,-0.5,17.7,79.76666666666667,34.0,96.0,0.4633333333333333,0.0,3.4
202211,3,원주,5.636666666666667,-1.2,17.2,80.46666666666667,32.0,96.0,0.5233333333333333,0.0,3.6
202211,4,원주,5.19,-2.1,15.6,82.13333333333334,39.0,97.0,0.5,0.0,2.7
202211,5,원주,4.846666666666667,-3.0,13.5,83.03333333333333,43.0,97.0,0.6233333333333333,0.0,3.8
202211,6,원주,4.54,-3.9,12.4,83.8,41.0,97.0,0.5766666666666667,0.0,2.7
202211,7,원주,4.28,-4.6,12.2,83.96666666666667,44.0,97.0,0.52,0.0,3.4
202211,8,원주,4.636666666666667,-5.1,12.4,82.66666666666667,41.0,97.0,0.59,0.0,2.8
202211,9,원주,5.9366666666666665,-4.6,12.4,76.56666666666666,37.0,97.0,0.5266666666666667,0.0,2.0
202211,10,원주,7.846666666666667,-4.7,12.4,67.46666666666667,35.0,97.0,0.7,0.1,2.0
202211,11,원주,9.913333333333332,-3.6,15.6,59.1,30.0,97.0,0.8933333333333333,0.2,2.3
202211,12,원주,11.666666666666666,-3.1,17.8,51.63333333333333,24.0,96.0,0.9266666666666666,0.3,2.5
202211,13,원주,12.883333333333333,-2.6,20.0,46.166666666666664,19.0,85.0,1.12,0.2,3.2
202211,14,원주,13.65,-2.2,22.2,42.5,16.0,88.0,1.3666666666666667,0.5,3.0
202211,15,원주,13.786666666666667,-2.1,21.8,40.63333333333333,18.0,90.0,1.4333333333333333,0.4,3.6
202211,16,원주,13.6,-2.1,21.2,41.06666666666667,19.0,91.0,1.37,0.1,2.7
202211,17,원주,12.676666666666668,-2.5,19.6,45.63333333333333,22.0,91.0,1.0933333333333333,0.0,2.5
202211,18,원주,11.270000000000001,-3.1,20.2,51.93333333333333,24.0,90.0,0.8966666666666666,0.1,2.3
202211,19,원주,9.979999999999999,-3.4,19.1,56.96666666666667,24.0,93.0,0.69,0.0,2.8
202211,20,원주,9.16,-3.8,20.7,61.233333333333334,31.0,94.0,0.5733333333333334,0.0,2.6
202211,21,원주,8.31,-4.4,18.6,65.4,34.0,94.0,0.6033333333333334,0.0,2.9
202211,22,원주,7.72,-4.8,17.5,68.63333333333334,31.0,95.0,0.45,0.0,3.4
202211,23,원주,7.1899999999999995,-5.3,16.9,71.63333333333334,36.0,96.0,0.47000000000000003,0.0,3.2
202212,0,원주,-4.774193548387097,-12.3,2.0,69.41935483870968,45.0,92.0,0.6322580645161291,0.0,2.9
202212,1,원주,-5.267741935483872,-13.1,2.2,69.87096774193549,43.0,91.0,0.732258064516129,0.0,3.6
202212,2,원주,-5.693548387096774,-13.5,2.6,70.80645161290323,45.0,90.0,0.6870967741935484,0.0,2.6
202212,3,원주,-6.04516129032258,-13.6,2.7,71.6774193548387,40.0,90.0,0.7709677419354838,0.0,4.0
202212,4,원주,-6.422580645161291,-14.2,2.9,73.06451612903226,38.0,91.0,0.6903225806451613,0.0,3.1
202212,5,원주,-6.745161290322581,-14.2,2.9,74.7741935483871,37.0,91.0,0.7064516129032258,0.0,2.3
202212,6,원주,-6.838709677419355,-14.5,2.7,75.06451612903226,38.0,91.0,0.6516129032258065,0.0,2.4
202212,7,원주,-7.025806451612904,-15.1,2.5,75.45161290322581,38.0,91.0,0.635483870967742,0.1,2.1
202212,8,원주,-7.122580645161291,-15.1,1.9,76.3225806451613,41.0,92.0,0.635483870967742,0.1,1.4
202212,9,원주,-6.229032258064516,-14.1,2.1,73.0,38.0,92.0,0.6903225806451613,0.1,2.1
202212,10,원주,-4.922580645161291,-12.4,2.2,66.96774193548387,35.0,89.0,0.7387096774193548,0.1,2.1
202212,11,원주,-3.325806451612903,-11.4,4.2,57.74193548387097,28.0,87.0,0.8419354838709678,0.0,3.3
202212,12,원주,-1.9548387096774194,-10.1,5.6,50.45161290322581,28.0,88.0,0.9548387096774194,0.1,3.4
202212,13,원주,-0.7483870967741937,-9.3,7.3,46.354838709677416,23.0,88.0,1.2645161290322582,0.2,3.4
202212,14,원주,-0.0903225806451613,-8.6,8.0,45.645161290322584,24.0,89.0,1.4193548387096775,0.0,3.7
202212,15,원주,0.1903225806451613,-8.0,8.1,45.83870967741935,24.0,90.0,1.5096774193548386,0.0,4.6
202212,16,원주,0.2129032258064516,-8.3,8.0,46.70967741935484,24.0,90.0,1.3870967741935485,0.0,3.3
202212,17,원주,-0.3129032258064516,-8.5,6.7,49.774193548387096,27.0,90.0,1.1096774193548387,0.0,3.1
202212,18,원주,-1.096774193548387,-9.4,5.7,53.70967741935484,25.0,90.0,0.8548387096774194,0.0,2.0
202212,19,원주,-1.8129032258064517,-9.9,5.3,57.54838709677419,26.0,92.0,0.9161290322580646,0.0,2.6
202212,20,원주,-2.4935483870967743,-10.6,5.2,60.903225806451616,27.0,93.0,0.8129032258064516,0.0,3.7
202212,21,원주,-3.0870967741935487,-10.9,3.1,64.25806451612904,33.0,93.0,0.732258064516129,0.0,2.8
202212,22,원주,-3.583870967741935,-11.4,2.0,67.16129032258064,36.0,94.0,0.7129032258064517,0.1,2.8
202212,23,원주,-4.199999999999999,-11.8,2.2,69.12903225806451,39.0,90.0,0.5967741935483871,0.1,2.9
202301,0,원주,-3.393548387096774,-15.8,6.9,69.35483870967742,36.0,97.0,0.5258064516129033,0.0,2.6
202301,1,원주,-3.8483870967741933,-16.1,6.9,71.03225806451613,33.0,97.0,0.5451612903225806,0.0,3.4
202301,2,원주,-4.335483870967742,-16.4,6.6,74.48387096774194,46.0,97.0,0.4774193548387097,0.0,2.4
202301,3,원주,-4.712903225806452,-16.5,6.7,75.64516129032258,37.0,97.0,0.5419354838709678,0.0,3.6
202301,4,원주,-5.083870967741936,-16.6,6.4,77.3225806451613,49.0,97.0,0.45806451612903226,0.0,3.4
202301,5,원주,-5.387096774193548,-16.6,6.4,77.35483870967742,43.0,97.0,0.5129032258064516,0.0,3.2
202301,6,원주,-5.596774193548387,-17.1,6.5,78.12903225806451,46.0,97.0,0.6322580645161291,0.0,3.1
202301,7,원주,-5.741935483870968,-17.2,6.1,78.70967741935483,47.0,97.0,0.5870967741935483,0.0,3.1
202301,8,원주,-5.893548387096774,-17.6,6.3,79.3225806451613,41.0,97.0,0.7612903225806452,0.0,4.7
202301,9,원주,-5.112903225806452,-16.4,6.6,76.51612903225806,40.0,97.0,0.7064516129032258,0.0,4.2
202301,10,원주,-3.8677419354838714,-14.7,7.0,70.25806451612904,37.0,97.0,0.7645161290322581,0.0,4.6
202301,11,원주,-2.3161290322580643,-14.2,7.1,61.193548387096776,28.0,97.0,0.8161290322580645,0.0,4.2
202301,12,원주,-0.7419354838709677,-11.9,7.8,53.903225806451616,25.0,97.0,0.9387096774193548,0.0,3.2
202301,13,원주,0.5612903225806453,-12.4,8.3,48.193548387096776,26.0,96.0,1.2645161290322582,0.0,3.7
202301,14,원주,1.435483870967742,-12.2,10.2,46.0,19.0,95.0,1.4709677419354839,0.1,4.0
202301,15,원주,1.835483870967742,-11.5,11.7,43.483870967741936,21.0,95.0,1.5903225806451613,0.1,3.7
202301,16,원주,1.9516129032258065,-11.6,11.8,43.774193548387096,21.0,96.0,1.4064516129032258,0.0,3.2
202301,17,원주,1.3838709677419354,-11.7,9.9,45.645161290322584,25.0,96.0,1.2258064516129032,0.0,3.9
202301,18,원주,0.3161290322580645,-12.1,7.8,51.0,28.0,96.0,0.867741935483871,0.0,3.7
202301,19,원주,-0.49677419354838703,-12.4,7.8,56.483870967741936,29.0,96.0,0.8838709677419354,0.0,3.6
202301,20,원주,-1.0838709677419356,-13.1,7.6,60.193548387096776,31.0,97.0,0.8516129032258064,0.0,3.2
202301,21,원주,-1.6161290322580646,-13.8,7.4,62.45161290322581,32.0,97.0,0.7419354838709677,0.0,3.6
202301,22,원주,-2.0935483870967744,-14.7,7.4,64.54838709677419,35.0,97.0,0.7161290322580645,0.0,3.6
202301,23,원주,-2.641935483870968,-15.2,7.1,67.38709677419355,34.0,97.0,0.6129032258064516,0.0,2.3
202302,0,원주,0.41071428571428564,-3.8,6.6,61.92857142857143,40.0,89.0,0.6857142857142857,0.0,2.8
202302,1,원주,-0.07857142857142858,-4.2,6.8,64.89285714285714,42.0,90.0,0.6035714285714286,0.0,1.7
202302,2,원주,-0.6071428571428571,-4.7,6.4,66.67857142857143,45.0,90.0,0.46785714285714286,0.0,1.8
202302,3,원주,-1.1142857142857143,-5.5,6.1,69.10714285714286,47.0,91.0,0.4857142857142857,0.0,2.5
202302,4,원주,-1.475,-5.5,5.6,70.85714285714286,50.0,91.0,0.3392857142857143,0.0,1.1
202302,5,원주,-1.825,-6.2,5.2,72.57142857142857,51.0,92.0,0.3964285714285714,0.0,1.3
202302,6,원주,-2.1392857142857142,-6.9,5.1,74.07142857142857,53.0,91.0,0.4535714285714286,0.0,1.8
202302,7,원주,-2.4714285714285715,-7.0,4.4,75.67857142857143,57.0,91.0,0.49642857142857144,0.0,2.4
202302,8,원주,-2.242857142857143,-7.3,4.5,75.39285714285714,59.0,93.0,0.42142857142857143,0.0,2.0
202302,9,원주,-1.0214285714285716,-5.8,4.2,70.75,54.0,92.0,0.5321428571428571,0.0,1.6
202302,10,원주,0.7857142857142857,-3.9,6.2,61.464285714285715,35.0,87.0,0.65,0.1,2.4
202302,11,원주,2.4785714285714286,-2.0,7.1,52.785714285714285,26.0,85.0,0.7642857142857142,0.2,3.0
202302,12,원주,4.203571428571428,-0.2,8.9,44.607142857142854,17.0,80.0,1.157142857142857,0.2,3.5
202302,13,원주,5.492857142857143,0.6,9.9,39.642857142857146,16.0,68.0,1.4642857142857142,0.3,3.7
202302,14,원주,6.417857142857143,1.2,11.2,35.25,14.0,68.0,1.7857142857142858,0.4,4.1
202302,15,원주,6.685714285714285,1.6,12.3,32.857142857142854,15.0,67.0,1.832142857142857,0.2,4.5
202302,16,원주,6.839285714285714,1.6,12.1,32.285714285714285,15.0,67.0,1.6464285714285716,0.3,4.1
202302,17,원주,6.371428571428572,1.2,11.5,33.67857142857143,17.0,66.0,1.707142857142857,0.0,3.8
202302,18,원주,5.482142857142857,0.6,10.3,37.714285714285715,19.0,64.0,1.3285714285714287,0.1,3.5
202302,19,원주,4.360714285714286,-0.2,9.1,42.464285714285715,22.0,72.0,1.1607142857142858,0.1,3.2
202302,20,원주,3.117857142857143,-0.9,7.8,47.892857142857146,27.0,80.0,0.8785714285714287,0.0,2.5
202302,21,원주,2.2964285714285713,-1.8,7.5,51.92857142857143,31.0,82.0,0.8464285714285714,0.0,1.8
202302,22,원주,1.6071428571428572,-2.6,7.1,55.25,31.0,86.0,0.7642857142857142,0.0,2.2
202302,23,원주,0.9892857142857142,-3.0,7.0,57.642857142857146,35.0,87.0,0.65,0.0,1.6
202303,0,원주,7.52258064516129,0.4,19.0,50.806451612903224,27.0,81.0,0.7935483870967742,0.0,3.4
202303,1,원주,6.825806451612903,0.1,17.7,52.193548387096776,32.0,73.0,0.7129032258064515,0.0,3.3
202303,2,원주,6.035483870967742,-0.5,17.5,54.61290322580645,29.0,76.0,0.6387096774193549,0.0,2.6
202303,3,원주,5.348387096774194,-1.2,16.9,57.25806451612903,32.0,76.0,0.5741935483870968,0.0,2.8
202303,4,원주,4.780645161290322,-1.7,16.8,58.54838709677419,32.0,79.0,0.5129032258064516,0.0,2.1
202303,5,원주,4.193548387096774,-2.8,15.3,61.67741935483871,35.0,84.0,0.5387096774193548,0.0,2.6
202303,6,원주,3.7,-2.9,14.0,64.51612903225806,33.0,89.0,0.4774193548387097,0.0,2.0
202303,7,원주,3.5806451612903225,-2.7,13.3,65.41935483870968,34.0,87.0,0.42903225806451617,0.0,1.0
202303,8,원주,4.603225806451612,-3.0,13.2,60.806451612903224,28.0,88.0,0.5225806451612903,0.0,1.7
202303,9,원주,6.558064516129033,-0.6,13.6,53.74193548387097,26.0,89.0,0.6193548387096774,0.1,1.5
202303,10,원주,8.893548387096773,1.2,15.6,46.67741935483871,23.0,87.0,1.0064516129032257,0.1,4.3
202303,11,원주,11.174193548387096,2.6,18.7,39.38709677419355,16.0,87.0,1.0451612903225806,0.3,2.4
202303,12,원주,12.832258064516129,4.0,21.0,34.806451612903224,14.0,87.0,1.3774193548387097,0.5,3.6
202303,13,원주,14.125806451612902,5.3,23.3,30.548387096774192,13.0,86.0,1.6225806451612903,0.8,3.1
202303,14,원주,14.848387096774195,5.5,24.3,29.06451612903226,12.0,87.0,1.9483870967741934,0.5,3.2
202303,15,원주,15.380645161290323,6.1,24.2,27.806451612903224,12.0,85.0,1.993548387096774,0.6,3.7
202303,16,원주,15.600000000000001,6.6,24.4,27.225806451612904,11.0,83.0,2.061290322580645,1.0,3.5
202303,17,원주,15.293548387096775,5.9,24.3,27.225806451612904,10.0,73.0,2.061290322580645,0.6,4.3
202303,18,원주,14.461290322580645,5.2,23.2,29.741935483870968,12.0,71.0,1.738709677419355,0.3,3.2
202303,19,원주,13.254838709677419,4.3,21.5,32.96774193548387,13.0,71.0,1.3709677419354838,0.1,3.3
202303,20,원주,11.806451612903226,3.0,20.9,36.774193548387096,18.0,73.0,1.2741935483870968,0.1,3.8
202303,21,원주,10.461290322580645,2.0,20.4,41.16129032258065,21.0,75.0,1.1225806451612903,0.0,3.6
202303,22,원주,9.393548387096773,1.5,20.3,44.67741935483871,25.0,77.0,1.035483870967742,0.0,4.0
202303,23,원주,8.435483870967742,0.7,19.8,48.12903225806452,26.0,82.0,0.8225806451612904,0.1,3.9
202304,0,원주,11.586666666666666,5.4,18.4,59.1,23.0,88.0,0.8233333333333334,0.0,2.7
202304,1,원주,10.973333333333333,4.4,18.9,61.56666666666667,24.0,90.0,0.6266666666666667,0.0,1.7
202304,2,원주,10.43,3.3,18.4,63.1,27.0,91.0,0.6666666666666666,0.0,3.5
202304,3,원주,9.770000000000001,3.6,19.8,66.56666666666666,30.0,92.0,0.7133333333333333,0.1,3.0
202304,4,원주,9.270000000000001,2.4,19.2,69.06666666666666,34.0,92.0,0.6166666666666667,0.0,2.3
202304,5,원주,9.158620689655173,2.0,18.0,68.89655172413794,37.0,92.0,0.789655172413793,0.0,3.7
202304,6,원주,8.848275862068967,1.5,17.1,70.65517241379311,35.0,93.0,0.6862068965517241,0.0,1.9
202304,7,원주,9.26551724137931,2.2,17.3,69.62068965517241,40.0,94.0,0.7413793103448276,0.0,2.3
202304,8,원주,10.293103448275861,3.8,16.8,65.82758620689656,28.0,95.0,1.0344827586206897,0.0,3.2
202304,9,원주,11.986206896551725,6.2,17.0,57.55172413793103,24.0,91.0,1.0999999999999999,0.0,3.3
202304,10,원주,13.803333333333335,7.5,18.8,50.13333333333333,16.0,91.0,1.3566666666666667,0.0,3.8
202304,11,원주,15.313333333333333,9.8,20.5,44.46666666666667,13.0,93.0,1.5666666666666667,0.4,4.3
202304,12,원주,16.503333333333334,9.7,22.2,41.1,12.0,92.0,1.9533333333333334,0.5,4.4
202304,13,원주,17.163333333333334,9.4,25.6,39.333333333333336,11.0,92.0,2.03,0.6,4.1
202304,14,원주,17.783333333333335,9.6,26.8,38.8,11.0,92.0,1.9,0.1,3.8
202304,15,원주,18.016666666666666,9.0,28.0,38.13333333333333,12.0,88.0,1.9466666666666665,0.1,3.8
202304,16,원주,17.86,9.1,27.9,38.766666666666666,11.0,86.0,2.3400000000000003,0.8,4.6
202304,17,원주,17.673333333333336,9.3,27.1,38.833333333333336,12.0,86.0,2.0,0.1,4.5
202304,18,원주,17.06,9.2,25.8,40.46666666666667,13.0,87.0,1.8966666666666667,0.3,3.0
202304,19,원주,16.09,9.4,23.8,43.5,17.0,89.0,1.3866666666666667,0.0,2.8
202304,20,원주,14.92,9.1,21.4,47.2,18.0,88.0,1.1733333333333333,0.1,3.9
202304,21,원주,13.860000000000001,7.5,20.0,51.4,17.0,90.0,1.27,0.2,3.6
202304,22,원주,13.023333333333333,6.0,19.7,54.96666666666667,20.0,88.0,1.1,0.0,3.3
202304,23,원주,12.223333333333333,5.5,19.4,57.96666666666667,21.0,89.0,0.8766666666666667,0.1,2.5
202305,0,원주,16.27741935483871,6.9,21.0,66.06451612903226,40.0,94.0,0.7129032258064517,0.0,2.9
202305,1,원주,15.667741935483871,6.7,20.0,68.83870967741936,40.0,95.0,0.7032258064516129,0.0,2.8
202305,2,원주,15.058064516129033,6.1,19.7,71.58064516129032,52.0,95.0,0.6741935483870969,0.1,3.2
202305,3,원주,14.383870967741935,5.5,19.5,76.12903225806451,60.0,96.0,0.7129032258064517,0.0,2.1
202305,4,원주,13.841935483870968,5.0,19.1,77.7741935483871,62.0,96.0,0.7129032258064517,0.0,3.4
202305,5,원주,13.393548387096773,4.5,19.3,79.41935483870968,63.0,97.0,0.6645161290322581,0.0,3.2
202305,6,원주,13.251612903225807,4.4,19.5,79.93548387096774,67.0,97.0,0.7387096774193549,0.0,3.7
202305,7,원주,14.14516129032258,6.2,20.1,76.09677419354838,66.0,96.0,0.7806451612903226,0.0,3.7
202305,8,원주,15.509677419354839,8.1,21.3,69.70967741935483,56.0,96.0,0.8709677419354839,0.0,3.9
202305,9,원주,17.27741935483871,10.5,22.9,62.096774193548384,44.0,95.0,0.8290322580645161,0.0,3.1
202305,10,원주,19.17096774193548,11.9,25.8,54.29032258064516,32.0,94.0,1.0064516129032257,0.1,3.5
202305,11,원주,20.65806451612903,12.0,26.7,49.25806451612903,27.0,93.0,1.3451612903225807,0.1,3.7
202305,12,원주,21.9,12.2,27.8,45.38709677419355,23.0,91.0,1.3741935483870968,0.1,3.0
202305,13,원주,22.567741935483873,12.4,29.3,42.516129032258064,18.0,91.0,1.7451612903225806,0.3,3.6
202305,14,원주,23.219354838709677,12.4,29.7,40.54838709677419,16.0,92.0,1.964516129032258,0.8,3.1
202305,15,원주,23.55806451612903,11.8,30.0,39.83870967741935,17.0,92.0,1.929032258064516,0.5,3.2
202305,16,원주,23.483870967741936,11.7,30.4,39.774193548387096,19.0,92.0,1.8741935483870968,0.0,3.4
202305,17,원주,23.219354838709677,11.2,30.5,40.41935483870968,19.0,93.0,1.8806451612903226,0.1,3.5
202305,18,원주,22.570967741935487,11.7,29.4,41.67741935483871,19.0,93.0,1.6483870967741936,0.0,3.4
202305,19,원주,21.606451612903225,11.4,28.2,45.41935483870968,22.0,94.0,1.4483870967741934,0.3,2.9
202305,20,원주,20.129032258064516,11.5,26.2,51.354838709677416,33.0,94.0,1.2645161290322582,0.1,2.9
202305,21,원주,19.05806451612903,11.2,23.4,54.516129032258064,32.0,94.0,0.9967741935483871,0.1,4.0
202305,22,원주,18.216129032258067,9.4,22.3,58.774193548387096,34.0,93.0,0.7451612903225807,0.1,2.7
202305,23,원주,17.370967741935484,8.1,22.2,62.225806451612904,39.0,94.0,0.7967741935483871,0.1,2.9
202306,0,원주,21.473333333333336,17.8,26.1,71.63333333333334,44.0,91.0,0.8366666666666667,0.1,2.2
202306,1,원주,21.003333333333334,18.0,25.8,73.3,50.0,89.0,0.76,0.0,3.5
202306,2,원주,20.43,16.7,25.2,76.03333333333333,56.0,92.0,0.6633333333333333,0.0,1.7
202306,3,원주,19.903333333333332,16.0,25.2,78.26666666666667,54.0,93.0,0.7733333333333333,0.1,2.7
202306,4,원주,19.636666666666667,15.4,24.9,79.63333333333334,58.0,94.0,0.7566666666666666,0.1,2.4
202306,5,원주,19.2,14.7,23.9,81.6,58.0,95.0,0.7033333333333334,0.0,2.5
202306,6,원주,19.176666666666666,15.1,24.1,81.63333333333334,55.0,94.0,0.7133333333333333,0.0,2.5
202306,7,원주,19.743333333333332,16.4,24.5,79.16666666666667,66.0,93.0,0.7200000000000001,0.0,2.1
202306,8,원주,20.75,18.2,24.8,74.3,60.0,93.0,0.7566666666666666,0.0,2.1
202306,9,원주,22.279999999999998,19.3,26.0,66.56666666666666,40.0,92.0,0.9466666666666668,0.1,1.8
202306,10,원주,23.433333333333334,19.8,28.1,61.766666666666666,40.0,91.0,0.9566666666666667,0.1,2.6
202306,11,원주,24.686666666666667,21.0,29.8,57.266666666666666,37.0,90.0,1.2066666666666668,0.2,2.2
202306,12,원주,25.46333333333333,21.2,30.5,55.03333333333333,35.0,90.0,1.32,0.3,2.4
202306,13,원주,26.11,21.5,32.1,52.7,34.0,87.0,1.6166666666666667,0.0,3.2
202306,14,원주,26.543333333333333,21.0,32.5,52.13333333333333,27.0,89.0,1.6633333333333333,0.5,3.0
202306,15,원주,26.68,20.2,32.6,50.666666666666664,27.0,87.0,1.7233333333333334,0.4,3.3
202306,16,원주,26.863333333333333,21.0,33.0,49.53333333333333,24.0,90.0,1.5799999999999998,0.5,3.3
202306,17,원주,26.703333333333333,21.2,32.4,50.233333333333334,25.0,90.0,1.7466666666666666,0.0,3.4
202306,18,원주,26.203333333333333,21.7,31.8,52.3,29.0,92.0,1.4966666666666666,0.1,3.3
202306,19,원주,25.366666666666667,20.6,30.6,56.06666666666667,30.0,92.0,1.3099999999999998,0.0,2.7
202306,20,원주,24.366666666666667,19.2,29.6,60.7,33.0,93.0,1.0066666666666666,0.0,2.3
202306,21,원주,23.25,19.1,28.8,65.46666666666667,39.0,92.0,0.8766666666666667,0.3,2.1
202306,22,원주,22.676666666666666,18.8,27.8,67.53333333333333,39.0,93.0,0.8133333333333332,0.0,2.7
202306,23,원주,22.15666666666667,18.2,27.1,69.76666666666667,41.0,92.0,0.88,0.0,2.9
202307,0,원주,24.432258064516127,21.4,26.8,82.93548387096774,62.0,94.0,0.635483870967742,0.0,2.2
202307,1,원주,24.225806451612904,21.2,26.4,83.83870967741936,58.0,95.0,0.5903225806451613,0.0,2.4
202307,2,원주,23.896774193548385,21.0,25.9,85.80645161290323,67.0,94.0,0.3645161290322581,0.0,1.8
202307,3,원주,23.75483870967742,20.6,25.5,86.2258064516129,73.0,95.0,0.5709677419354838,0.0,2.6
202307,4,원주,23.516129032258064,20.4,25.7,87.6774193548387,73.0,95.0,0.48709677419354835,0.0,2.5
202307,5,원주,23.36774193548387,20.1,25.7,88.2258064516129,71.0,95.0,0.5451612903225808,0.0,2.7
202307,6,원주,23.26451612903226,19.7,25.8,89.03225806451613,72.0,95.0,0.7161290322580645,0.0,3.0
202307,7,원주,23.674193548387095,20.1,26.2,87.29032258064517,71.0,95.0,0.535483870967742,0.0,2.6
202307,8,원주,24.52258064516129,20.8,26.6,83.2258064516129,68.0,95.0,0.7838709677419355,0.0,2.1
202307,9,원주,25.538709677419355,22.0,28.1,77.7741935483871,54.0,91.0,0.864516129032258,0.0,2.3
202307,10,원주,26.532258064516128,21.0,29.9,72.38709677419355,48.0,92.0,1.1548387096774193,0.3,3.9
202307,11,원주,27.5258064516129,21.3,31.7,68.41935483870968,43.0,93.0,1.2483870967741937,0.2,2.8
202307,12,원주,28.10967741935484,23.0,33.1,66.38709677419355,45.0,93.0,1.4516129032258065,0.1,3.3
202307,13,원주,28.712903225806453,22.7,33.4,63.87096774193548,43.0,93.0,1.4451612903225806,0.4,3.6
202307,14,원주,28.712903225806453,20.4,34.1,64.0,42.0,91.0,1.5,0.3,2.8
202307,15,원주,28.719354838709677,21.2,33.6,64.38709677419355,45.0,92.0,1.5548387096774194,0.1,3.4
202307,16,원주,28.4741935483871,22.7,33.8,65.2258064516129,43.0,90.0,1.5870967741935484,0.3,3.9
202307,17,원주,28.280645161290323,22.0,33.7,66.58064516129032,43.0,92.0,1.4516129032258065,0.0,2.9
202307,18,원주,27.729032258064517,21.0,32.4,68.58064516129032,48.0,93.0,1.429032258064516,0.1,3.0
202307,19,원주,26.874193548387098,21.2,31.7,72.74193548387096,50.0,93.0,1.167741935483871,0.2,3.8
202307,20,원주,26.22258064516129,21.2,30.8,76.41935483870968,57.0,93.0,0.8967741935483872,0.1,2.8
202307,21,원주,25.641935483870967,21.5,29.5,78.90322580645162,65.0,93.0,0.9806451612903225,0.1,3.5
202307,22,원주,25.16774193548387,21.5,28.8,80.48387096774194,64.0,94.0,0.7774193548387097,0.0,2.5
202307,23,원주,24.76774193548387,21.4,28.2,81.38709677419355,62.0,94.0,0.6548387096774194,0.0,1.9
202308,0,원주,25.1,19.9,27.6,80.96774193548387,67.0,92.0,0.6451612903225806,0.0,2.0
202308,1,원주,24.72258064516129,19.8,26.9,82.45161290322581,68.0,93.0,0.767741935483871,0.1,1.7
202308,2,원주,24.451612903225808,20.0,26.8,83.80645161290323,67.0,93.0,0.6225806451612903,0.0,2.3
202308,3,원주,24.164516129032258,19.8,26.5,84.74193548387096,67.0,94.0,0.635483870967742,0.1,2.4
202308,4,원주,24.02258064516129,20.1,26.8,85.48387096774194,65.0,93.0,0.6516129032258065,0.0,3.1
202308,5,원주,23.812903225806455,19.9,26.4,86.12903225806451,68.0,93.0,0.6774193548387096,0.0,2.9
202308,6,원주,23.73548387096774,19.9,26.2,86.74193548387096,70.0,94.0,0.6096774193548387,0.0,4.0
202308,7,원주,24.05806451612903,20.3,26.8,85.51612903225806,71.0,94.0,0.7645161290322581,0.0,3.9
202308,8,원주,24.993548387096773,20.8,28.5,80.87096774193549,66.0,93.0,0.7096774193548387,0.0,2.7
202308,9,원주,26.148387096774194,21.7,29.9,75.35483870967742,60.0,92.0,0.8838709677419354,0.1,2.1
202308,10,원주,27.33225806451613,21.9,31.0,70.25806451612904,55.0,91.0,1.038709677419355,0.2,2.4
202308,11,원주,28.316129032258065,22.2,32.2,66.29032258064517,52.0,90.0,1.1064516129032258,0.4,2.5
202308,12,원주,28.993548387096773,22.2,33.1,63.516129032258064,53.0,88.0,1.2999999999999998,0.2,2.3
202308,13,원주,29.574193548387097,21.9,33.4,61.67741935483871,50.0,90.0,1.403225806451613,0.3,2.3
202308,14,원주,29.996774193548386,21.8,33.2,59.774193548387096,49.0,93.0,1.4774193548387096,0.2,3.4
202308,15,원주,30.07741935483871,21.9,33.6,60.38709677419355,47.0,87.0,1.4806451612903226,0.2,2.7
202308,16,원주,30.051612903225806,21.7,33.5,60.16129032258065,49.0,89.0,1.525806451612903,0.1,2.8
202308,17,원주,29.593548387096774,21.6,33.0,62.483870967741936,47.0,91.0,1.4967741935483871,0.4,3.8
202308,18,원주,28.82903225806452,21.0,32.8,66.0,53.0,92.0,1.1548387096774193,0.3,2.2
202308,19,원주,27.76451612903226,20.7,32.0,70.80645161290323,57.0,91.0,1.1290322580645162,0.2,2.2
202308,20,원주,26.858064516129033,20.2,30.1,75.41935483870968,58.0,93.0,1.0258064516129033,0.2,2.9
202308,21,원주,26.238709677419354,20.1,29.5,76.90322580645162,58.0,93.0,0.9064516129032258,0.0,2.8
202308,22,원주,25.712903225806453,20.1,28.8,78.6774193548387,63.0,93.0,0.8612903225806451,0.1,2.4
202308,23,원주,25.32903225806452,19.9,28.4,79.19354838709677,65.0,92.0,0.8225806451612904,0.0,2.3
202309,0,원주,21.323333333333334,16.3,25.8,81.63333333333334,62.0,94.0,0.74,0.0,3.1
202309,1,원주,20.873333333333335,15.5,25.2,83.66666666666667,65.0,94.0,0.65,0.0,3.2
202309,2,원주,20.663333333333334,15.3,24.8,84.2,64.0,94.0,0.69,0.0,2.2
202309,3,원주,20.31,15.1,24.3,85.9,67.0,94.0,0.56,0.1,2.0
202309,4,원주,19.98,14.6,24.1,87.5,69.0,95.0,0.3766666666666667,0.0,2.1
202309,5,원주,19.736666666666668,14.3,23.9,88.43333333333334,68.0,95.0,0.4966666666666667,0.0,3.4
202309,6,원주,19.506666666666668,14.0,23.4,88.93333333333334,65.0,95.0,0.6733333333333333,0.0,3.5
202309,7,원주,19.626666666666665,14.1,23.7,88.76666666666667,67.0,95.0,0.5633333333333332,0.0,3.5
202309,8,원주,20.35,14.4,24.1,85.1,66.0,95.0,0.66,0.0,2.4
202309,9,원주,21.483333333333334,14.8,25.6,79.13333333333334,60.0,94.0,0.8200000000000001,0.0,2.2
202309,10,원주,22.766666666666666,15.7,27.2,73.2,50.0,94.0,0.87,0.1,1.8
202309,11,원주,24.0,18.9,28.9,67.03333333333333,39.0,94.0,0.9566666666666667,0.1,2.2
202309,12,원주,24.993333333333332,20.3,29.3,63.53333333333333,35.0,94.0,0.9833333333333333,0.0,2.0
202309,13,원주,25.696666666666665,20.3,29.9,59.56666666666667,32.0,94.0,1.09,0.1,2.5
202309,14,원주,26.246666666666666,20.7,30.7,58.53333333333333,36.0,92.0,1.2133333333333334,0.2,2.6
202309,15,원주,26.316666666666666,20.2,30.8,57.766666666666666,39.0,91.0,1.0766666666666667,0.0,2.8
202309,16,원주,26.3,19.5,31.0,58.46666666666667,32.0,92.0,1.3733333333333335,0.4,2.5
202309,17,원주,25.9,19.0,30.5,60.166666666666664,31.0,92.0,1.1166666666666667,0.3,2.1
202309,18,원주,25.12,18.7,29.8,64.6,42.0,93.0,1.12,0.0,2.7
202309,19,원주,23.946666666666665,18.7,28.2,71.33333333333333,49.0,93.0,0.95,0.1,1.9
202309,20,원주,22.953333333333333,18.8,27.3,75.1,53.0,93.0,0.7933333333333333,0.1,2.4
202309,21,원주,22.413333333333334,18.0,26.4,76.73333333333333,53.0,94.0,0.6733333333333333,0.1,1.7
202309,22,원주,21.953333333333333,17.4,26.1,78.26666666666667,59.0,94.0,0.7333333333333333,0.0,2.8
202309,23,원주,21.59,16.8,25.5,80.3,61.0,94.0,0.83,0.0,3.3
202310,0,원주,12.025806451612903,6.5,18.7,84.6774193548387,59.0,95.0,0.4064516129032258,0.0,1.3
202310,1,원주,11.525806451612903,5.1,18.3,86.54838709677419,75.0,94.0,0.4419354838709677,0.0,1.3
202310,2,원주,11.087096774193547,4.6,17.4,87.58064516129032,63.0,94.0,0.45161290322580644,0.0,2.6
202310,3,원주,10.683870967741935,4.2,16.2,88.09677419354838,54.0,94.0,0.39354838709677425,0.0,2.2
202310,4,원주,10.364516129032259,3.5,15.8,87.80645161290323,50.0,94.0,0.42903225806451617,0.0,2.5
202310,5,원주,10.058064516129033,3.2,15.1,89.19354838709677,67.0,95.0,0.3032258064516129,0.0,1.3
202310,6,원주,9.925806451612903,3.0,13.9,88.93548387096774,63.0,95.0,0.4225806451612903,0.0,2.7
202310,7,원주,9.748387096774193,2.9,14.1,89.09677419354838,62.0,96.0,0.3870967741935484,0.0,1.6
202310,8,원주,10.654838709677419,3.8,15.2,85.74193548387096,52.0,96.0,0.5612903225806453,0.0,2.5
202310,9,원주,12.154838709677419,4.7,17.1,77.70967741935483,44.0,96.0,0.6064516129032258,0.0,2.4
202310,10,원주,13.85483870967742,7.2,18.1,68.87096774193549,36.0,96.0,0.7225806451612903,0.1,2.9
202310,11,원주,15.651612903225805,10.1,19.8,61.87096774193548,31.0,87.0,0.9161290322580645,0.4,4.0
202310,12,원주,17.07741935483871,12.4,20.4,55.61290322580645,28.0,91.0,1.0612903225806452,0.1,3.7
202310,13,원주,18.10967741935484,13.4,21.5,51.87096774193548,30.0,92.0,1.1258064516129032,0.2,3.3
202310,14,원주,18.883870967741935,13.9,22.1,47.193548387096776,27.0,93.0,1.2774193548387098,0.5,4.3
202310,15,원주,19.206451612903226,14.3,22.8,45.45161290322581,27.0,93.0,1.3548387096774193,0.2,2.9
202310,16,원주,19.212903225806453,14.5,22.9,46.38709677419355,27.0,93.0,1.3516129032258064,0.1,3.5
202310,17,원주,18.293548387096774,13.5,22.0,50.41935483870968,30.0,93.0,1.1774193548387097,0.0,3.8
202310,18,원주,16.641935483870967,12.4,20.3,60.29032258064516,33.0,93.0,0.8612903225806451,0.1,3.1
202310,19,원주,15.061290322580644,10.7,18.6,68.64516129032258,34.0,94.0,0.6580645161290322,0.0,1.9
202310,20,원주,14.067741935483872,9.5,17.5,73.03225806451613,37.0,94.0,0.5870967741935483,0.0,3.9
202310,21,원주,13.5,8.4,16.7,75.09677419354838,39.0,95.0,0.48709677419354835,0.0,3.0
202310,22,원주,12.916129032258064,7.9,16.1,78.45161290322581,43.0,95.0,0.3903225806451613,0.0,2.5
202310,23,원주,12.364516129032259,6.9,16.1,82.06451612903226,52.0,95.0,0.3741935483870968,0.0,1.0
202311,0,원주,5.933333333333334,-2.2,19.8,67.66666666666667,38.0,88.0,0.7833333333333333,0.0,3.1
202311,1,원주,5.443333333333333,-3.0,19.3,68.93333333333334,43.0,90.0,0.7933333333333333,0.0,3.2
202311,2,원주,5.0600000000000005,-3.4,19.8,70.06666666666666,44.0,88.0,0.89,0.0,2.8
202311,3,원주,4.683333333333334,-3.7,20.3,71.76666666666667,45.0,89.0,0.8,0.0,3.0
202311,4,원주,4.503333333333333,-4.3,21.9,71.6,46.0,93.0,0.9133333333333334,0.0,4.3
202311,5,원주,4.156666666666667,-4.8,21.1,72.7,48.0,90.0,0.9466666666666667,0.0,4.3
202311,6,원주,3.8699999999999997,-5.2,19.5,74.43333333333334,45.0,90.0,0.8699999999999999,0.0,3.1
202311,7,원주,3.756666666666667,-5.7,19.5,75.06666666666666,48.0,90.0,0.8833333333333333,0.1,3.0
202311,8,원주,3.9833333333333334,-5.8,19.9,74.73333333333333,44.0,91.0,0.8233333333333334,0.0,2.8
202311,9,원주,5.1433333333333335,-5.1,20.0,67.83333333333333,39.0,93.0,1.0433333333333334,0.0,2.6
202311,10,원주,6.25,-4.9,20.9,60.333333333333336,37.0,92.0,1.27,0.3,3.3
202311,11,원주,7.61,-3.6,22.5,53.7,27.0,93.0,1.3966666666666667,0.5,2.8
202311,12,원주,8.876666666666667,-2.8,23.5,48.03333333333333,26.0,94.0,1.43,0.3,3.2
202311,13,원주,9.979999999999999,-2.0,24.4,46.06666666666667,25.0,94.0,1.5666666666666667,0.1,5.5
202311,14,원주,10.696666666666665,-1.2,24.8,45.06666666666667,21.0,93.0,1.7566666666666668,0.4,4.2
202311,15,원주,11.15,-0.1,25.3,44.266666666666666,19.0,94.0,1.6066666666666665,0.3,4.1
202311,16,원주,10.886666666666667,0.1,25.4,45.666666666666664,21.0,92.0,1.66,0.1,3.0
202311,17,원주,10.326666666666666,-0.2,24.0,47.93333333333333,24.0,91.0,1.4633333333333334,0.1,3.2
202311,18,원주,9.33,-0.7,22.0,52.43333333333333,27.0,93.0,1.15,0.1,3.4
202311,19,원주,8.296666666666667,-1.5,20.8,58.3,29.0,92.0,1.1466666666666667,0.0,3.8
202311,20,원주,7.6466666666666665,-1.9,19.8,60.9,32.0,90.0,1.15,0.1,4.4
202311,21,원주,6.993333333333334,-2.4,19.2,62.5,34.0,87.0,1.0633333333333335,0.0,4.7
202311,22,원주,6.41,-2.9,19.4,64.4,34.0,87.0,0.9466666666666667,0.0,4.3
202311,23,원주,5.993333333333334,-3.6,19.4,64.86666666666666,35.0,88.0,1.0799999999999998,0.0,3.7
202312,0,원주,0.06451612903225809,-10.3,14.4,72.29032258064517,45.0,94.0,0.8935483870967742,0.0,4.1
202312,1,원주,-0.2935483870967742,-11.0,14.3,73.35483870967742,43.0,95.0,0.7387096774193548,0.0,2.9
202312,2,원주,-0.567741935483871,-11.1,14.0,73.74193548387096,43.0,95.0,0.7225806451612903,0.0,2.5
202312,3,원주,-0.8935483870967743,-11.9,14.0,75.09677419354838,42.0,95.0,0.7806451612903226,0.0,2.8
202312,4,원주,-1.2516129032258063,-12.4,12.6,75.58064516129032,41.0,95.0,0.7967741935483871,0.0,2.9
202312,5,원주,-1.5129032258064516,-12.7,13.3,76.35483870967742,41.0,96.0,0.7483870967741936,0.0,2.4
202312,6,원주,-1.664516129032258,-12.9,13.3,76.96774193548387,40.0,96.0,0.6806451612903226,0.0,2.0
202312,7,원주,-1.8225806451612903,-13.2,13.1,77.29032258064517,41.0,96.0,0.767741935483871,0.0,2.7
202312,8,원주,-1.7903225806451613,-13.6,13.0,77.35483870967742,42.0,96.0,0.6322580645161291,0.0,2.8
202312,9,원주,-0.9451612903225806,-12.4,13.7,73.64516129032258,39.0,96.0,0.8806451612903226,0.0,3.3
202312,10,원주,0.08064516129032255,-12.0,14.9,68.29032258064517,39.0,96.0,0.8419354838709678,0.1,3.2
202312,11,원주,1.3548387096774193,-10.8,15.6,62.32258064516129,29.0,95.0,1.1129032258064515,0.3,2.8
202312,12,원주,2.603225806451613,-9.9,16.6,58.354838709677416,34.0,94.0,1.164516129032258,0.2,4.3
202312,13,원주,3.448387096774194,-8.8,16.8,55.064516129032256,32.0,93.0,1.3870967741935485,0.0,4.8
202312,14,원주,4.032258064516129,-8.2,17.0,53.87096774193548,28.0,93.0,1.4064516129032258,0.2,4.7
202312,15,원주,4.432258064516129,-7.8,17.4,52.29032258064516,26.0,92.0,1.3483870967741935,0.0,3.8
202312,16,원주,4.464516129032258,-7.2,17.0,52.83870967741935,24.0,93.0,1.3387096774193548,0.1,5.7
202312,17,원주,3.9225806451612906,-7.6,16.0,55.96774193548387,31.0,93.0,1.1161290322580646,0.0,4.2
202312,18,원주,3.019354838709677,-7.9,13.7,61.064516129032256,32.0,93.0,0.9193548387096774,0.0,2.8
202312,19,원주,2.2483870967741937,-8.3,13.1,64.83870967741936,35.0,94.0,0.8516129032258064,0.0,3.9
202312,20,원주,1.9258064516129034,-8.6,14.9,67.54838709677419,39.0,94.0,0.8966666666666666,0.0,2.9
202312,21,원주,1.4225806451612903,-9.1,15.5,68.96774193548387,40.0,95.0,0.9466666666666667,0.0,4.5
202312,22,원주,0.8633333333333334,-9.4,14.5,70.36666666666666,42.0,94.0,0.8,0.0,4.7
202312,23,원주,0.6032258064516127,-9.9,14.1,72.45161290322581,44.0,95.0,0.74,0.0,5.0
202401,0,원주,-1.0548387096774192,-11.4,5.7,72.83870967741936,45.0,95.0,0.65,0.0,2.5
202401,1,원주,-1.364516129032258,-11.3,5.6,73.96774193548387,49.0,95.0,0.6709677419354839,0.0,3.0
202401,2,원주,-1.538709677419355,-11.4,5.3,74.7741935483871,49.0,95.0,0.5612903225806453,0.0,2.7
202401,3,원주,-1.8225806451612903,-11.5,5.4,75.61290322580645,50.0,95.0,0.6366666666666667,0.0,3.0
202401,4,원주,-2.0258064516129033,-11.4,5.4,75.70967741935483,52.0,95.0,0.6666666666666666,0.0,2.8
202401,5,원주,-2.325806451612903,-11.5,5.3,76.25806451612904,52.0,96.0,0.6166666666666667,0.0,2.6
202401,6,원주,-2.664516129032258,-11.7,5.1,77.6774193548387,54.0,96.0,0.6233333333333333,0.0,3.1
202401,7,원주,-2.787096774193548,-12.0,4.9,76.74193548387096,50.0,96.0,0.6166666666666667,0.0,3.1
202401,8,원주,-2.8451612903225807,-12.2,4.9,76.25806451612904,49.0,95.0,0.6033333333333334,0.0,2.6
202401,9,원주,-2.083870967741935,-11.6,5.4,72.64516129032258,48.0,95.0,0.7200000000000001,0.0,3.1
202401,10,원주,-1.1516129032258065,-11.0,6.0,67.7741935483871,44.0,95.0,0.7806451612903226,0.1,2.4
202401,11,원주,0.10645161290322581,-10.7,6.6,60.096774193548384,34.0,95.0,0.9774193548387097,0.1,3.5
202401,12,원주,1.2193548387096773,-8.5,7.8,54.87096774193548,30.0,91.0,1.0774193548387097,0.2,3.0
202401,13,원주,1.9903225806451614,-8.1,9.6,51.38709677419355,24.0,86.0,1.2870967741935484,0.2,4.6
202401,14,원주,2.6064516129032262,-7.3,10.1,50.16129032258065,23.0,86.0,1.4161290322580644,0.0,3.7
202401,15,원주,2.925806451612903,-7.3,11.2,49.483870967741936,23.0,88.0,1.464516129032258,0.1,3.4
202401,16,원주,3.009677419354839,-7.4,10.9,50.064516129032256,22.0,92.0,1.335483870967742,0.0,3.6
202401,17,원주,2.5870967741935487,-7.9,10.0,51.903225806451616,21.0,94.0,1.2741935483870968,0.0,3.0
202401,18,원주,1.8483870967741935,-8.4,8.7,56.61290322580645,23.0,94.0,1.0032258064516129,0.0,3.1
202401,19,원주,1.1451612903225807,-8.7,6.8,61.0,27.0,94.0,0.932258064516129,0.0,3.4
202401,20,원주,0.6290322580645161,-9.4,6.3,63.774193548387096,32.0,94.0,0.8838709677419354,0.0,2.5
202401,21,원주,0.11290322580645157,-10.0,5.9,65.93548387096774,35.0,94.0,0.8193548387096774,0.0,3.0
202401,22,원주,-0.35483870967741943,-10.8,5.8,68.12903225806451,37.0,94.0,0.8516129032258064,0.1,3.3
202401,23,원주,-0.7935483870967742,-11.1,5.8,70.74193548387096,42.0,95.0,0.6967741935483871,0.0,2.7
202402,0,원주,2.6758620689655173,-0.6,12.5,75.79310344827586,49.0,93.0,0.8068965517241379,0.0,3.1
202402,1,원주,2.317241379310345,-1.4,13.2,77.27586206896552,53.0,93.0,0.6689655172413793,0.0,1.8
202402,2,원주,2.1214285714285714,-1.7,13.9,78.42857142857143,59.0,94.0,0.7107142857142856,0.0,3.0
202402,3,원주,1.7000000000000002,-2.1,11.8,80.24137931034483,61.0,93.0,0.7275862068965517,0.0,2.5
202402,4,원주,1.486206896551724,-2.8,11.3,80.51724137931035,60.0,94.0,0.7344827586206897,0.0,3.0
202402,5,원주,1.3103448275862069,-3.1,11.3,81.48275862068965,60.0,95.0,0.6793103448275862,0.0,2.3
202402,6,원주,1.2379310344827585,-3.5,12.5,81.79310344827586,63.0,95.0,0.5413793103448276,0.0,1.7
202402,7,원주,1.110344827586207,-4.1,11.5,82.0,63.0,95.0,0.6689655172413793,0.0,2.6
202402,8,원주,1.1896551724137931,-3.9,11.2,81.89655172413794,63.0,96.0,0.7655172413793103,0.0,2.5
202402,9,원주,2.1862068965517243,-2.2,11.3,77.89655172413794,56.0,96.0,0.8206896551724138,0.0,2.6
202402,10,원주,3.3344827586206898,-0.8,11.3,72.48275862068965,48.0,96.0,0.9172413793103449,0.0,2.6
202402,11,원주,4.855172413793104,1.1,11.6,65.75862068965517,37.0,96.0,1.0551724137931036,0.0,3.0
202402,12,원주,5.986206896551724,1.8,12.5,60.06896551724138,36.0,96.0,1.2206896551724138,0.0,2.9
202402,13,원주,6.927586206896552,2.2,16.9,55.89655172413793,35.0,96.0,1.4482758620689655,0.0,2.8
202402,14,원주,7.272413793103448,2.6,16.4,53.689655172413794,35.0,95.0,1.4172413793103449,0.1,3.3
202402,15,원주,7.548275862068966,3.0,17.4,52.44827586206897,28.0,95.0,1.3206896551724137,0.2,3.1
202402,16,원주,7.658620689655172,3.2,17.1,53.172413793103445,24.0,94.0,1.317241379310345,0.3,2.8
202402,17,원주,7.341379310344828,2.7,17.2,54.10344827586207,25.0,92.0,1.3448275862068966,0.0,2.9
202402,18,원주,6.655172413793103,2.3,15.8,57.10344827586207,29.0,92.0,1.3793103448275863,0.4,3.2
202402,19,원주,5.679310344827586,1.2,13.8,62.0,33.0,91.0,1.0551724137931036,0.2,3.3
202402,20,원주,4.834482758620689,0.9,12.7,65.93103448275862,34.0,90.0,1.0344827586206897,0.0,2.7
202402,21,원주,4.255172413793104,0.8,12.0,68.79310344827586,39.0,91.0,0.8896551724137931,0.0,2.3
202402,22,원주,3.706896551724138,0.5,11.5,71.48275862068965,45.0,90.0,0.9275862068965518,0.0,2.2
202402,23,원주,3.13448275862069,-0.2,10.6,73.44827586206897,47.0,93.0,0.8275862068965517,0.0,2.2
202403,0,원주,5.690322580645161,-5.5,14.4,58.32258064516129,17.0,86.0,0.964516129032258,0.0,3.3
202403,1,원주,5.003225806451613,-5.9,12.2,61.54838709677419,24.0,87.0,0.8387096774193549,0.1,2.2
202403,2,원주,4.364516129032259,-6.2,11.7,63.806451612903224,26.0,90.0,0.7258064516129032,0.0,2.1
202403,3,원주,3.9000000000000004,-6.5,11.2,65.83870967741936,17.0,93.0,0.7967741935483871,0.1,2.7
202403,4,원주,3.429032258064516,-6.9,12.2,67.87096774193549,30.0,92.0,0.8161290322580645,0.0,2.4
202403,5,원주,3.106451612903226,-6.9,12.1,69.0,16.0,93.0,0.667741935483871,0.0,2.9
202403,6,원주,2.7580645161290325,-7.3,11.7,70.7741935483871,20.0,93.0,0.5645161290322581,0.0,2.7
202403,7,원주,2.609677419354839,-7.5,11.3,72.06451612903226,25.0,93.0,0.6645161290322581,0.0,2.8
202403,8,원주,3.503225806451613,-7.2,11.5,68.80645161290323,19.0,92.0,0.8806451612903226,0.0,3.5
202403,9,원주,4.95483870967742,-5.2,13.0,61.935483870967744,23.0,94.0,1.0935483870967742,0.1,5.0
202403,10,원주,6.529032258064516,-3.4,15.4,54.903225806451616,25.0,92.0,1.2483870967741937,0.3,5.6
202403,11,원주,8.283870967741937,-1.5,18.4,48.225806451612904,21.0,87.0,1.364516129032258,0.2,4.0
202403,12,원주,9.364516129032259,-0.7,20.3,43.74193548387097,18.0,79.0,1.7967741935483872,0.4,4.0
202403,13,원주,10.270967741935483,0.0,20.9,41.645161290322584,16.0,86.0,1.8483870967741935,0.2,4.2
202403,14,원주,10.899999999999999,-0.1,21.7,40.225806451612904,15.0,89.0,1.993548387096774,0.2,5.0
202403,15,원주,11.399999999999999,-0.4,22.3,38.74193548387097,14.0,88.0,2.0870967741935487,0.0,4.4
202403,16,원주,11.564516129032258,-0.9,22.4,37.12903225806452,15.0,89.0,2.2451612903225806,0.6,4.5
202403,17,원주,11.296774193548387,-1.3,22.2,37.45161290322581,14.0,91.0,2.2774193548387096,0.7,3.8
202403,18,원주,10.55483870967742,-2.0,21.3,40.12903225806452,12.0,91.0,1.9258064516129034,0.1,3.3
202403,19,원주,9.53225806451613,-2.7,19.7,44.354838709677416,12.0,91.0,1.6774193548387097,0.1,3.2
202403,20,원주,8.55483870967742,-3.2,17.8,48.87096774193548,13.0,90.0,1.435483870967742,0.0,3.4
202403,21,원주,7.82258064516129,-3.8,17.7,51.70967741935484,14.0,91.0,1.2935483870967743,0.1,2.5
202403,22,원주,7.158064516129032,-4.5,16.2,52.83870967741935,14.0,91.0,1.2903225806451613,0.0,2.5
202403,23,원주,6.474193548387096,-5.1,14.9,55.03225806451613,15.0,89.0,1.135483870967742,0.0,2.6
202404,0,원주,14.21,9.8,21.3,61.3,35.0,91.0,0.66,0.0,3.8
202404,1,원주,13.616666666666667,8.9,21.2,63.7,33.0,92.0,0.8333333333333334,0.0,3.2
202404,2,원주,13.0,7.7,20.2,66.16666666666667,35.0,91.0,0.8466666666666666,0.0,4.0
202404,3,원주,12.526666666666667,6.8,20.1,67.53333333333333,33.0,87.0,0.81,0.0,3.2
202404,4,원주,11.979999999999999,6.5,20.0,69.36666666666666,31.0,89.0,0.7100000000000001,0.0,3.2
202404,5,원주,11.646666666666668,5.5,20.2,70.76666666666667,34.0,91.0,0.7899999999999999,0.0,2.6
202404,6,원주,11.379999999999999,5.2,19.9,71.76666666666667,35.0,92.0,0.6133333333333333,0.0,2.3
202404,7,원주,11.713333333333333,5.5,20.3,71.36666666666666,40.0,94.0,0.6533333333333334,0.0,2.6
202404,8,원주,12.82,7.5,21.0,67.4,34.0,95.0,0.85,0.0,3.4
202404,9,원주,14.483333333333333,10.6,20.9,61.03333333333333,32.0,92.0,0.8699999999999999,0.1,1.9
202404,10,원주,16.176666666666666,11.4,20.4,54.3,23.0,92.0,0.91,0.4,2.6
202404,11,원주,17.736666666666668,12.3,23.2,49.7,21.0,91.0,1.0466666666666666,0.1,2.8
202404,12,원주,19.14,14.1,25.9,43.86666666666667,19.0,89.0,1.16,0.2,2.2
202404,13,원주,20.136666666666667,14.6,28.3,41.03333333333333,15.0,88.0,1.47,0.0,2.7
202404,14,원주,20.973333333333336,14.3,29.4,39.4,11.0,83.0,1.75,0.5,3.1
202404,15,원주,21.290000000000003,15.3,29.2,37.9,12.0,87.0,1.7933333333333332,0.9,3.5
202404,16,원주,21.543333333333333,15.7,28.9,37.166666666666664,14.0,85.0,1.77,0.7,3.6
202404,17,원주,21.253333333333334,14.6,28.5,37.56666666666667,15.0,81.0,1.7066666666666668,0.2,2.7
202404,18,원주,20.703333333333333,14.2,27.3,39.2,16.0,85.0,1.52,0.1,2.4
202404,19,원주,19.526666666666664,13.5,25.4,43.3,21.0,88.0,1.1533333333333333,0.3,2.7
202404,20,원주,18.273333333333333,13.4,25.0,47.8,22.0,90.0,1.1866666666666668,0.3,2.7
202404,21,원주,16.970000000000002,13.4,22.5,51.4,29.0,88.0,1.0066666666666666,0.1,2.8
202404,22,원주,16.076666666666668,11.9,22.5,54.13333333333333,31.0,90.0,1.0766666666666669,0.0,2.7
202404,23,원주,15.176666666666668,10.4,22.3,58.43333333333333,30.0,88.0,0.9433333333333334,0.0,2.8
202405,0,원주,16.361290322580643,8.6,21.0,67.45161290322581,45.0,92.0,0.8741935483870968,0.0,2.6
202405,1,원주,15.719354838709679,8.2,20.4,69.83870967741936,46.0,92.0,0.6580645161290323,0.0,2.6
202405,2,원주,15.05483870967742,8.1,20.4,73.70967741935483,44.0,92.0,0.6548387096774194,0.0,1.8
202405,3,원주,14.45483870967742,8.1,20.1,75.54838709677419,48.0,90.0,0.5806451612903226,0.0,1.9
202405,4,원주,13.932258064516128,8.3,19.4,77.51612903225806,46.0,90.0,0.7064516129032258,0.0,2.2
202405,5,원주,13.5,8.1,19.2,78.93548387096774,36.0,91.0,0.5806451612903226,0.0,2.2
202405,6,원주,13.403225806451612,7.9,19.3,79.7741935483871,39.0,91.0,0.5806451612903226,0.0,1.9
202405,7,원주,14.235483870967743,8.8,19.7,75.35483870967742,35.0,92.0,0.767741935483871,0.0,2.4
202405,8,원주,15.667741935483871,10.1,19.8,68.90322580645162,30.0,91.0,0.7580645161290323,0.1,2.3
202405,9,원주,17.683870967741935,10.5,22.6,60.193548387096776,30.0,91.0,1.1193548387096774,0.1,3.7
202405,10,원주,19.32903225806452,11.8,23.6,53.354838709677416,30.0,92.0,1.3193548387096774,0.4,4.4
202405,11,원주,20.76451612903226,13.8,24.8,47.87096774193548,28.0,91.0,1.5290322580645161,0.6,4.2
202405,12,원주,21.996774193548386,15.0,26.5,44.064516129032256,27.0,91.0,1.8387096774193548,0.7,3.7
202405,13,원주,22.654838709677417,15.0,26.9,42.41935483870968,25.0,91.0,2.138709677419355,0.9,3.9
202405,14,원주,23.419354838709676,14.8,27.5,40.774193548387096,25.0,89.0,2.096774193548387,0.7,4.5
202405,15,원주,23.406451612903226,14.5,28.1,40.96774193548387,26.0,89.0,2.167741935483871,0.9,3.9
202405,16,원주,23.251612903225805,14.9,28.4,42.29032258064516,23.0,86.0,1.964516129032258,0.9,3.9
202405,17,원주,22.816129032258065,14.5,27.7,43.096774193548384,24.0,88.0,1.864516129032258,0.6,3.0
202405,18,원주,22.38064516129032,12.6,27.1,44.70967741935484,23.0,89.0,1.7806451612903227,0.6,3.2
202405,19,원주,21.47741935483871,12.0,26.1,48.645161290322584,28.0,89.0,1.5903225806451613,0.5,4.0
202405,20,원주,20.154838709677417,11.5,24.2,53.193548387096776,27.0,91.0,1.4064516129032258,0.3,2.9
202405,21,원주,18.98709677419355,10.7,23.3,57.38709677419355,35.0,92.0,1.1129032258064515,0.2,3.2
202405,22,원주,18.04516129032258,9.6,21.9,60.935483870967744,39.0,92.0,0.9225806451612903,0.2,2.2
202405,23,원주,17.31935483870968,9.0,21.2,63.225806451612904,44.0,93.0,0.8838709677419354,0.0,2.5
202406,0,원주,21.73,16.8,25.8,66.03333333333333,43.0,93.0,0.77,0.0,2.2
202406,1,원주,21.183333333333334,16.3,25.5,68.1,43.0,94.0,0.6666666666666666,0.1,1.6
202406,2,원주,20.57,14.7,25.4,71.7,52.0,94.0,0.56,0.0,2.7
202406,3,원주,20.13,14.0,25.6,72.66666666666667,56.0,94.0,0.56,0.0,2.7
202406,4,원주,19.603333333333335,13.2,25.0,75.63333333333334,57.0,94.0,0.6133333333333333,0.0,1.9
202406,5,원주,19.206666666666667,12.8,25.2,78.03333333333333,59.0,94.0,0.5566666666666666,0.0,2.0
202406,6,원주,19.19,12.9,25.2,78.43333333333334,62.0,94.0,0.61,0.0,1.6
202406,7,원주,20.053333333333335,15.1,24.8,74.83333333333333,60.0,94.0,0.64,0.1,1.4
202406,8,원주,21.453333333333333,16.7,24.8,68.7,53.0,94.0,0.7133333333333333,0.2,2.0
202406,9,원주,23.016666666666666,18.2,27.2,62.13333333333333,40.0,92.0,0.8566666666666667,0.1,2.3
202406,10,원주,24.60666666666667,19.4,29.1,55.1,34.0,90.0,1.1099999999999999,0.4,3.4
202406,11,원주,25.913333333333334,19.8,31.9,51.266666666666666,29.0,88.0,1.2466666666666666,0.3,3.2
202406,12,원주,26.903333333333332,21.0,33.0,48.266666666666666,28.0,88.0,1.4833333333333334,0.3,3.4
202406,13,원주,27.653333333333332,20.7,33.4,46.166666666666664,24.0,89.0,1.6633333333333333,0.9,2.5
202406,14,원주,28.176666666666666,21.0,33.9,44.5,27.0,92.0,1.9,1.0,3.0
202406,15,원주,28.55,21.1,34.9,43.3,22.0,91.0,1.8099999999999998,0.7,3.1
202406,16,원주,28.7,22.9,35.3,42.233333333333334,24.0,90.0,1.98,0.3,2.9
202406,17,원주,28.436666666666667,22.7,34.4,42.53333333333333,25.0,91.0,2.013333333333333,0.9,3.3
202406,18,원주,27.726666666666667,21.5,33.7,45.43333333333333,25.0,91.0,1.8,1.1,2.7
202406,19,원주,26.816666666666666,19.2,33.3,48.96666666666667,23.0,91.0,1.5566666666666669,0.7,3.2
202406,20,원주,25.516666666666666,19.2,30.1,53.8,32.0,91.0,1.1966666666666665,0.1,2.7
202406,21,원주,24.166666666666668,18.1,28.2,58.43333333333333,36.0,92.0,1.1266666666666665,0.0,3.3
202406,22,원주,23.383333333333333,17.8,27.4,61.0,38.0,93.0,0.8833333333333333,0.0,2.3
202406,23,원주,22.506666666666668,16.9,26.5,64.56666666666666,39.0,93.0,0.89,0.1,2.6
202407,0,원주,25.574193548387097,22.4,29.3,81.7741935483871,64.0,93.0,1.0516129032258066,0.1,4.2
202407,1,원주,25.251612903225805,22.4,29.1,82.41935483870968,64.0,93.0,1.0870967741935484,0.0,4.1
202407,2,원주,24.864516129032257,22.0,28.7,83.90322580645162,68.0,94.0,0.9870967741935485,0.0,3.6
202407,3,원주,24.72258064516129,21.6,28.1,83.93548387096774,66.0,94.0,0.9580645161290322,0.0,3.4
202407,4,원주,24.51290322580645,21.4,28.2,84.41935483870968,68.0,95.0,0.9774193548387097,0.0,3.3
202407,5,원주,24.39032258064516,21.3,27.7,84.06451612903226,64.0,95.0,0.9774193548387097,0.0,3.8
202407,6,원주,24.258064516129032,21.3,27.3,84.51612903225806,67.0,95.0,0.8580645161290323,0.0,3.9
202407,7,원주,24.61935483870968,21.5,28.1,83.54838709677419,65.0,94.0,0.9096774193548387,0.0,3.5
202407,8,원주,25.148387096774194,21.9,28.6,80.3225806451613,67.0,93.0,1.0870967741935484,0.0,4.0
202407,9,원주,26.03548387096774,22.2,31.0,75.74193548387096,60.0,92.0,1.1838709677419357,0.3,2.4
202407,10,원주,26.616129032258065,22.3,31.2,73.16129032258064,57.0,92.0,1.1903225806451612,0.2,2.9
202407,11,원주,27.358064516129033,22.3,31.9,70.61290322580645,57.0,93.0,1.3806451612903226,0.0,2.8
202407,12,원주,28.05483870967742,21.7,32.6,68.25806451612904,52.0,94.0,1.4064516129032258,0.2,3.2
202407,13,원주,28.358064516129033,21.9,32.7,66.61290322580645,36.0,93.0,1.5516129032258066,0.0,2.8
202407,14,원주,28.677419354838708,21.7,32.9,65.87096774193549,32.0,93.0,1.5419354838709676,0.4,4.4
202407,15,원주,28.92258064516129,21.9,32.8,65.64516129032258,35.0,93.0,1.5870967741935484,0.2,3.6
202407,16,원주,28.76451612903226,22.2,33.3,66.48387096774194,34.0,91.0,1.4870967741935484,0.2,2.8
202407,17,원주,28.374193548387098,23.0,33.1,69.12903225806451,32.0,91.0,1.474193548387097,0.0,3.1
202407,18,원주,27.970967741935485,23.2,32.2,71.80645161290323,31.0,91.0,1.2677419354838708,0.0,3.0
202407,19,원주,27.570967741935487,23.7,31.2,73.41935483870968,42.0,92.0,1.035483870967742,0.1,2.3
202407,20,원주,26.932258064516127,23.3,30.6,76.2258064516129,56.0,92.0,1.0451612903225806,0.1,2.9
202407,21,원주,26.66774193548387,22.9,30.0,77.83870967741936,59.0,93.0,0.9806451612903225,0.0,3.1
202407,22,원주,26.283870967741933,22.6,29.9,79.61290322580645,60.0,93.0,1.0838709677419356,0.0,4.6
202407,23,원주,25.990322580645163,22.4,29.8,80.93548387096774,64.0,93.0,0.9516129032258065,0.0,4.0
202408,0,원주,26.606451612903225,22.9,30.0,79.58064516129032,68.0,90.0,0.6258064516129032,0.0,2.6
202408,1,원주,26.325806451612905,22.8,29.9,81.35483870967742,67.0,92.0,0.6870967741935484,0.0,2.3
202408,2,원주,25.94193548387097,22.3,29.2,83.12903225806451,71.0,93.0,0.635483870967742,0.0,2.1
202408,3,원주,25.687096774193545,21.7,28.5,83.80645161290323,76.0,93.0,0.5451612903225806,0.1,2.1
202408,4,원주,25.44193548387097,21.4,29.0,84.25806451612904,71.0,93.0,0.6870967741935484,0.0,2.9
202408,5,원주,25.206451612903226,21.1,28.0,85.06451612903226,73.0,92.0,0.6290322580645161,0.0,2.0
202408,6,원주,25.129032258064516,20.6,27.9,84.90322580645162,66.0,93.0,0.5129032258064516,0.0,2.8
202408,7,원주,25.496774193548386,21.8,28.1,83.38709677419355,71.0,93.0,0.6161290322580646,0.0,2.6
202408,8,원주,26.53548387096774,22.9,29.2,78.09677419354838,65.0,89.0,0.8161290322580645,0.1,2.8
202408,9,원주,27.83225806451613,24.2,31.2,72.61290322580645,61.0,88.0,0.8774193548387097,0.2,2.2
202408,10,원주,29.154838709677417,25.6,31.5,66.96774193548387,54.0,82.0,1.032258064516129,0.3,2.1
202408,11,원주,30.219354838709677,25.9,32.6,62.903225806451616,50.0,81.0,1.0774193548387097,0.5,2.4
202408,12,원주,30.838709677419356,25.6,33.0,60.483870967741936,48.0,83.0,1.4258064516129034,0.5,2.9
202408,13,원주,31.316129032258065,26.1,34.3,58.96774193548387,46.0,86.0,1.429032258064516,0.7,2.8
202408,14,원주,31.700000000000003,25.7,34.7,57.41935483870968,46.0,83.0,1.474193548387097,0.4,4.4
202408,15,원주,32.061290322580646,25.3,35.0,56.45161290322581,43.0,85.0,1.506451612903226,0.5,2.4
202408,16,원주,31.887096774193548,26.1,34.3,57.16129032258065,46.0,82.0,1.4548387096774194,0.4,3.0
202408,17,원주,31.651612903225807,27.7,34.2,58.70967741935484,45.0,84.0,1.5870967741935484,0.4,3.1
202408,18,원주,30.82903225806452,27.5,34.0,61.354838709677416,48.0,85.0,1.3258064516129033,0.2,2.3
202408,19,원주,29.74516129032258,26.3,33.0,67.0,53.0,85.0,1.1,0.1,3.3
202408,20,원주,28.56451612903226,25.4,31.5,72.58064516129032,59.0,91.0,1.058064516129032,0.2,3.8
202408,21,원주,27.82903225806452,24.0,31.3,74.80645161290323,62.0,92.0,0.7483870967741936,0.0,1.6
202408,22,원주,27.364516129032257,23.6,30.9,76.29032258064517,64.0,92.0,0.667741935483871,0.1,1.7
202408,23,원주,26.929032258064513,23.1,30.7,77.83870967741936,64.0,91.0,0.6935483870967742,0.0,2.4
202409,0,원주,22.916666666666668,16.8,26.8,79.2,64.0,93.0,0.9666666666666667,0.0,2.7
202409,1,원주,22.540000000000003,15.7,26.8,81.63333333333334,66.0,94.0,0.7933333333333333,0.0,2.9
202409,2,원주,22.236666666666668,15.2,26.6,82.66666666666667,64.0,94.0,0.6433333333333333,0.0,2.0
202409,3,원주,21.95,14.6,26.2,84.03333333333333,63.0,94.0,0.6433333333333333,0.0,2.6
202409,4,원주,21.706666666666667,14.2,25.8,84.96666666666667,61.0,94.0,0.56,0.0,2.1
202409,5,원주,21.483333333333334,13.8,25.7,85.86666666666666,64.0,94.0,0.66,0.0,3.0
202409,6,원주,21.41,13.6,25.6,86.53333333333333,66.0,94.0,0.5333333333333333,0.0,2.8
202409,7,원주,21.509999999999998,13.7,25.6,85.93333333333334,65.0,94.0,0.6166666666666667,0.0,2.4
202409,8,원주,22.28666666666667,15.0,26.3,82.03333333333333,63.0,94.0,0.76,0.1,1.8
202409,9,원주,23.59,17.0,27.9,76.23333333333333,56.0,93.0,0.7966666666666666,0.1,1.9
202409,10,원주,24.996666666666666,18.1,30.6,70.36666666666666,47.0,94.0,0.9866666666666667,0.0,2.9
202409,11,원주,26.18,17.8,31.5,65.56666666666666,45.0,94.0,1.04,0.3,2.2
202409,12,원주,27.186666666666667,18.1,32.9,61.3,41.0,93.0,1.2366666666666668,0.4,2.1
202409,13,원주,27.873333333333335,18.3,32.8,59.166666666666664,39.0,93.0,1.26,0.6,2.3
202409,14,원주,28.36,18.8,33.3,57.06666666666667,39.0,93.0,1.3666666666666667,0.4,2.4
202409,15,원주,28.43,19.2,33.9,57.13333333333333,36.0,93.0,1.34,0.6,2.2
202409,16,원주,28.096666666666668,20.1,33.7,58.166666666666664,34.0,93.0,1.3099999999999998,0.5,2.5
202409,17,원주,27.663333333333334,20.5,32.9,60.43333333333333,40.0,93.0,1.2433333333333332,0.2,2.3
202409,18,원주,26.90666666666667,20.9,32.4,63.86666666666667,43.0,93.0,1.1700000000000002,0.2,3.3
202409,19,원주,25.863333333333333,20.4,30.7,69.13333333333334,50.0,93.0,0.9833333333333333,0.2,2.7
202409,20,원주,24.896666666666665,20.0,30.2,71.56666666666666,56.0,93.0,0.9666666666666667,0.3,2.5
202409,21,원주,24.06,18.5,28.3,73.53333333333333,56.0,93.0,0.87,0.0,3.0
202409,22,원주,23.633333333333333,18.1,27.9,74.9,62.0,93.0,0.8133333333333334,0.0,2.4
202409,23,원주,23.16,17.8,27.4,76.8,61.0,93.0,0.8266666666666667,0.1,2.3
202410,0,원주,14.183870967741935,9.1,18.4,84.35483870967742,60.0,94.0,0.43870967741935485,0.0,2.2
202410,1,원주,13.86774193548387,9.0,18.4,85.61290322580645,61.0,95.0,0.5806451612903226,0.0,2.6
202410,2,원주,13.364516129032259,8.1,17.6,87.6774193548387,64.0,95.0,0.4129032258064516,0.0,2.7
202410,3,원주,13.077419354838709,7.6,17.6,87.96774193548387,68.0,95.0,0.33225806451612905,0.0,4.0
202410,4,원주,12.832258064516129,7.6,17.8,88.48387096774194,66.0,95.0,0.4225806451612903,0.0,3.3
202410,5,원주,12.580645161290322,7.0,17.6,88.87096774193549,65.0,95.0,0.3741935483870968,0.0,2.9
202410,6,원주,12.387096774193548,6.9,17.7,88.74193548387096,68.0,94.0,0.3548387096774194,0.0,2.9
202410,7,원주,12.241935483870968,6.7,17.4,89.3225806451613,72.0,95.0,0.39354838709677414,0.0,3.5
202410,8,원주,12.858064516129033,7.8,17.9,87.25806451612904,62.0,95.0,0.5516129032258065,0.0,3.7
202410,9,원주,13.96774193548387,8.6,18.3,81.54838709677419,46.0,95.0,0.5741935483870968,0.1,2.6
202410,10,원주,15.574193548387097,9.3,19.9,72.7741935483871,46.0,94.0,0.7193548387096774,0.1,2.3
202410,11,원주,17.116129032258065,11.2,20.1,65.96774193548387,40.0,94.0,0.8225806451612904,0.1,3.0
202410,12,원주,18.54516129032258,13.5,21.4,59.58064516129032,37.0,93.0,1.0161290322580645,0.1,3.3
202410,13,원주,19.335483870967742,15.0,22.9,57.483870967741936,34.0,93.0,1.06,0.0,2.5
202410,14,원주,19.89032258064516,15.7,23.3,55.645161290322584,26.0,92.0,1.1266666666666665,0.0,2.9
202410,15,원주,20.074193548387097,15.9,23.6,54.87096774193548,27.0,93.0,1.0419354838709676,0.0,2.6
202410,16,원주,19.883870967741935,15.2,23.7,56.25806451612903,29.0,94.0,1.0870967741935484,0.1,3.6
202410,17,원주,19.15806451612903,14.2,23.2,59.67741935483871,32.0,94.0,0.9483870967741935,0.3,2.3
202410,18,원주,17.88064516129032,13.4,20.6,67.0,37.0,94.0,0.7354838709677419,0.0,2.5
202410,19,원주,16.822580645161292,12.6,19.4,72.06451612903226,53.0,94.0,0.7483870967741936,0.0,2.1
202410,20,원주,16.190322580645162,11.5,19.4,74.48387096774194,53.0,94.0,0.6645161290322581,0.0,2.0
202410,21,원주,15.638709677419355,11.1,19.2,77.03225806451613,58.0,94.0,0.4838709677419355,0.0,2.4
202410,22,원주,15.196774193548388,10.6,18.1,78.64516129032258,58.0,95.0,0.5645161290322581,0.0,2.7
202410,23,원주,14.577419354838709,9.9,18.0,81.61290322580645,60.0,95.0,0.46774193548387094,0.0,2.0
202411,0,원주,7.776666666666667,-1.0,16.0,77.36666666666666,41.0,90.0,0.48000000000000004,0.0,3.0
202411,1,원주,7.206666666666666,-1.3,15.9,79.83333333333333,48.0,91.0,0.3266666666666667,0.0,2.4
202411,2,원주,6.956666666666666,-2.1,15.6,80.96666666666667,60.0,91.0,0.38999999999999996,0.0,3.3
202411,3,원주,6.5233333333333325,-1.9,15.6,82.76666666666667,56.0,92.0,0.38333333333333336,0.0,2.4
202411,4,원주,6.21,-2.7,14.8,82.6,60.0,93.0,0.38,0.0,2.3
202411,5,원주,5.913333333333333,-3.2,15.1,84.0,62.0,93.0,0.22333333333333333,0.0,2.4
202411,6,원주,5.696666666666667,-3.6,15.2,84.86666666666666,62.0,93.0,0.26666666666666666,0.0,2.8
202411,7,원주,5.510000000000001,-3.6,15.2,85.33333333333333,62.0,94.0,0.2733333333333333,0.0,2.3
202411,8,원주,5.86,-3.4,15.3,85.16666666666667,65.0,94.0,0.42,0.0,2.5
202411,9,원주,7.37,-2.0,15.9,76.9,46.0,94.0,0.42666666666666664,0.0,2.0
202411,10,원주,8.986666666666668,0.0,18.2,67.5,30.0,89.0,0.6833333333333333,0.0,2.5
202411,11,원주,10.573333333333332,0.4,19.7,59.56666666666667,29.0,87.0,0.7533333333333334,0.1,2.8
202411,12,원주,11.979999999999999,-0.3,21.4,54.4,28.0,88.0,0.9566666666666667,0.1,3.5
202411,13,원주,13.193333333333333,-0.1,21.9,50.36666666666667,24.0,87.0,1.1633333333333333,0.1,3.5
202411,14,원주,13.716666666666667,0.5,22.2,47.36666666666667,21.0,82.0,1.2033333333333334,0.1,2.9
202411,15,원주,13.79,0.4,22.7,46.93333333333333,22.0,78.0,1.2766666666666666,0.2,3.2
202411,16,원주,13.629999999999999,0.5,22.2,47.9,23.0,80.0,1.27,0.1,3.8
202411,17,원주,12.66,-0.1,20.9,52.36666666666667,23.0,86.0,0.9933333333333334,0.1,2.6
202411,18,원주,11.286666666666667,0.1,20.3,59.86666666666667,32.0,86.0,0.6866666666666668,0.0,2.0
202411,19,원주,10.186666666666667,-0.1,18.2,65.16666666666667,42.0,90.0,0.64,0.0,3.6
202411,20,원주,9.41,-0.1,16.8,69.53333333333333,45.0,92.0,0.5,0.0,2.9
202411,21,원주,8.92,-0.3,17.8,72.13333333333334,47.0,91.0,0.5666666666666667,0.0,4.1
202411,22,원주,8.386666666666667,-0.4,17.2,74.1,49.0,92.0,0.45,0.0,2.9
202411,23,원주,7.866666666666666,-0.2,16.7,76.0,40.0,92.0,0.4266666666666667,0.0,2.1
202412,0,원주,-0.5,-6.8,5.7,65.6774193548387,40.0,93.0,0.7064516129032258,0.0,2.6
202412,1,원주,-0.8548387096774194,-7.4,5.0,66.09677419354838,42.0,93.0,0.5903225806451613,0.0,1.8
202412,2,원주,-1.2451612903225806,-7.8,5.1,67.64516129032258,43.0,93.0,0.5967741935483871,0.0,1.6
202412,3,원주,-1.6677419354838707,-8.1,4.5,69.80645161290323,44.0,94.0,0.6225806451612903,0.0,2.2
202412,4,원주,-2.0870967741935487,-8.8,3.4,70.09677419354838,46.0,94.0,0.5612903225806452,0.0,2.2
202412,5,원주,-2.5548387096774197,-9.2,2.8,71.45161290322581,45.0,94.0,0.45483870967741935,0.0,1.7
202412,6,원주,-2.829032258064516,-9.6,3.5,73.03225806451613,45.0,95.0,0.5064516129032258,0.0,2.6
202412,7,원주,-2.9612903225806453,-9.5,2.6,73.7741935483871,43.0,95.0,0.5064516129032258,0.0,1.9
202412,8,원주,-3.1322580645161286,-9.4,3.1,74.51612903225806,43.0,95.0,0.5612903225806452,0.0,1.9
202412,9,원주,-1.8129032258064515,-8.2,3.6,68.3225806451613,40.0,96.0,0.5709677419354838,0.1,1.3
202412,10,원주,-0.45483870967741935,-6.2,4.7,59.74193548387097,33.0,96.0,0.8129032258064516,0.2,2.4
202412,11,원주,0.8806451612903226,-4.3,7.0,50.70967741935484,29.0,96.0,0.9548387096774194,0.1,2.4
202412,12,원주,2.2161290322580647,-3.5,11.1,44.225806451612904,26.0,95.0,1.2806451612903227,0.1,3.3
202412,13,원주,3.1225806451612903,-2.4,13.1,40.645161290322584,26.0,90.0,1.5129032258064516,0.1,3.1
202412,14,원주,3.929032258064516,-1.3,13.9,38.774193548387096,20.0,79.0,1.596774193548387,0.3,3.8
202412,15,원주,4.17741935483871,-0.9,13.8,38.29032258064516,23.0,72.0,1.8161290322580643,0.4,3.3
202412,16,원주,4.012903225806451,-0.6,13.1,39.87096774193548,22.0,77.0,1.632258064516129,0.3,3.0
202412,17,원주,3.3774193548387097,-1.1,11.8,42.96774193548387,25.0,80.0,1.2451612903225806,0.1,2.5
202412,18,원주,2.564516129032258,-2.0,10.9,46.96774193548387,25.0,84.0,0.9161290322580645,0.0,1.9
202412,19,원주,1.7451612903225806,-3.0,9.6,52.03225806451613,30.0,88.0,0.9129032258064517,0.0,2.4
202412,20,원주,1.1419354838709677,-4.2,8.3,56.096774193548384,32.0,91.0,0.7838709677419355,0.0,2.3
202412,21,원주,0.6096774193548387,-5.1,7.5,59.25806451612903,33.0,93.0,0.732258064516129,0.0,2.0
202412,22,원주,0.13870967741935486,-5.2,6.8,61.67741935483871,32.0,93.0,0.6548387096774194,0.0,2.0
202412,23,원주,-0.3387096774193548,-6.0,6.6,63.354838709677416,36.0,93.0,0.7806451612903226,0.0,3.2
202501,0,원주,-2.4935483870967743,-11.7,3.5,68.09677419354838,44.0,91.0,0.6483870967741936,0.0,2.4
202501,1,원주,-3.0064516129032257,-12.1,2.9,71.03225806451613,39.0,91.0,0.5451612903225806,0.0,2.5
202501,2,원주,-3.338709677419355,-12.1,1.7,71.96774193548387,35.0,91.0,0.5258064516129033,0.0,2.2
202501,3,원주,-3.635483870967742,-12.3,1.4,73.3225806451613,41.0,92.0,0.529032258064516,0.0,2.5
202501,4,원주,-3.92258064516129,-13.2,1.4,74.09677419354838,44.0,93.0,0.5774193548387097,0.0,2.6
202501,5,원주,-4.203225806451614,-13.6,1.5,74.2258064516129,34.0,94.0,0.5645161290322581,0.0,3.3
202501,6,원주,-4.364516129032259,-14.0,1.6,75.09677419354838,32.0,94.0,0.5870967741935483,0.0,2.9
202501,7,원주,-4.535483870967742,-14.0,1.5,75.45161290322581,27.0,94.0,0.4129032258064516,0.0,1.9
202501,8,원주,-4.587096774193548,-14.1,1.8,76.06451612903226,28.0,94.0,0.5064516129032258,0.0,2.3
202501,9,원주,-3.629032258064516,-13.0,2.0,73.19354838709677,28.0,94.0,0.5903225806451613,0.0,2.1
202501,10,원주,-2.509677419354839,-11.2,2.7,67.41935483870968,28.0,94.0,0.8580645161290323,0.1,4.0
202501,11,원주,-1.0483870967741935,-8.9,4.9,59.25806451612903,27.0,88.0,0.9225806451612903,0.0,4.5
202501,12,원주,0.40645161290322585,-7.7,7.7,53.83870967741935,26.0,86.0,1.0612903225806452,0.0,3.9
202501,13,원주,1.3806451612903226,-7.0,8.7,49.903225806451616,22.0,85.0,1.167741935483871,0.0,3.8
202501,14,원주,2.3225806451612905,-6.3,10.5,46.29032258064516,22.0,89.0,1.4451612903225806,0.1,4.6
202501,15,원주,2.5935483870967744,-7.3,9.1,45.41935483870968,21.0,88.0,1.5129032258064516,0.3,4.8
202501,16,원주,2.648387096774193,-7.4,9.2,45.70967741935484,18.0,87.0,1.506451612903226,0.3,3.5
202501,17,원주,2.2161290322580647,-8.4,8.5,47.54838709677419,21.0,89.0,1.2451612903225806,0.0,2.9
202501,18,원주,1.3774193548387097,-9.0,6.5,50.354838709677416,23.0,89.0,1.1580645161290322,0.0,4.2
202501,19,원주,0.5225806451612903,-9.2,5.6,54.54838709677419,25.0,89.0,0.9483870967741935,0.0,2.7
202501,20,원주,-0.3129032258064516,-10.0,4.5,58.87096774193548,27.0,91.0,0.6483870967741936,0.0,2.6
202501,21,원주,-0.8516129032258065,-10.6,5.1,61.61290322580645,36.0,92.0,0.8,0.0,3.0
202501,22,원주,-1.4387096774193548,-10.7,4.2,64.7741935483871,38.0,93.0,0.6322580645161291,0.0,2.5
202501,23,원주,-1.9225806451612903,-11.4,4.5,67.3225806451613,42.0,93.0,0.5935483870967742,0.0,2.4
202502,0,원주,-2.539285714285714,-10.2,4.2,60.142857142857146,31.0,93.0,0.9321428571428572,0.0,2.3
202502,1,원주,-3.017857142857143,-11.1,4.1,62.17857142857143,33.0,93.0,0.8785714285714287,0.0,2.5
202502,2,원주,-3.642857142857143,-12.1,3.8,64.10714285714286,36.0,94.0,0.6571428571428571,0.0,2.3
202502,3,원주,-4.2,-12.4,3.8,65.32142857142857,41.0,94.0,0.6107142857142858,0.0,3.0
202502,4,원주,-4.671428571428572,-13.2,3.6,67.25,38.0,94.0,0.6321428571428571,0.0,2.2
202502,5,원주,-4.892857142857143,-13.3,3.7,67.14285714285714,33.0,94.0,0.6464285714285715,0.0,2.4
202502,6,원주,-5.375,-13.2,3.3,69.32142857142857,30.0,94.0,0.45357142857142857,0.0,2.2
202502,7,원주,-5.660714285714286,-13.6,3.0,70.32142857142857,28.0,95.0,0.5107142857142858,0.0,2.7
202502,8,원주,-5.514285714285714,-13.9,3.2,70.35714285714286,27.0,95.0,0.5607142857142857,0.0,3.3
202502,9,원주,-4.082142857142857,-12.4,4.2,63.25,25.0,95.0,0.8178571428571428,0.0,2.9
202502,10,원주,-2.4464285714285716,-9.7,5.5,54.714285714285715,27.0,95.0,0.9714285714285714,0.1,2.3
202502,11,원주,-0.8857142857142859,-8.4,7.4,47.357142857142854,23.0,94.0,1.2607142857142857,0.3,3.4
202502,12,원주,0.5464285714285715,-7.9,10.0,42.0,18.0,88.0,1.532142857142857,0.1,4.2
202502,13,원주,1.614285714285714,-6.9,10.4,37.25,16.0,88.0,1.7392857142857143,0.1,4.4
202502,14,원주,2.539285714285714,-6.0,12.2,34.67857142857143,11.0,89.0,2.042857142857143,0.2,3.7
202502,15,원주,3.085714285714286,-5.8,12.7,33.07142857142857,11.0,89.0,2.117857142857143,0.3,4.5
202502,16,원주,3.15,-6.4,13.0,32.785714285714285,11.0,89.0,2.282142857142857,0.2,4.1
202502,17,원주,2.767857142857143,-7.2,12.4,35.32142857142857,13.0,91.0,2.2035714285714287,0.1,4.1
202502,18,원주,1.9285714285714286,-8.0,11.4,41.07142857142857,15.0,91.0,1.592857142857143,0.0,3.6
202502,19,원주,1.0285714285714285,-8.4,8.8,46.25,18.0,90.0,1.5821428571428573,0.2,2.8
202502,20,원주,0.16071428571428573,-8.8,6.9,50.0,18.0,89.0,1.467857142857143,0.1,3.6
202502,21,원주,-0.4821428571428571,-9.2,5.7,52.785714285714285,17.0,91.0,1.2607142857142857,0.0,3.2
202502,22,원주,-1.1607142857142858,-9.5,5.2,55.607142857142854,27.0,92.0,1.0785714285714285,0.0,3.1
202502,23,원주,-1.8,-10.0,4.4,57.607142857142854,30.0,93.0,1.1107142857142858,0.0,3.3
202503,0,원주,6.512903225806451,0.9,16.8,56.32258064516129,28.0,90.0,0.8064516129032258,0.0,2.6
202503,1,원주,5.935483870967742,0.4,17.4,59.0,30.0,92.0,0.7967741935483871,0.0,2.8
202503,2,원주,5.387096774193548,-0.2,17.5,62.16129032258065,33.0,89.0,0.7064516129032258,0.0,3.9
202503,3,원주,4.754838709677419,-0.1,15.3,65.48387096774194,38.0,89.0,0.6741935483870968,0.0,2.7
202503,4,원주,4.374193548387097,-0.6,16.0,66.96774193548387,41.0,91.0,0.6645161290322581,0.0,2.7
202503,5,원주,4.116129032258065,-1.1,19.6,68.64516129032258,44.0,91.0,0.5516129032258065,0.0,2.5
202503,6,원주,3.732258064516129,-1.5,19.7,71.19354838709677,44.0,93.0,0.535483870967742,0.0,3.1
202503,7,원주,3.609677419354839,-1.5,19.5,72.58064516129032,38.0,94.0,0.5451612903225806,0.0,2.9
202503,8,원주,4.480645161290322,-0.1,18.3,68.48387096774194,28.0,95.0,0.7709677419354839,0.0,2.7
202503,9,원주,5.783870967741936,1.2,16.9,62.45161290322581,28.0,95.0,0.8451612903225806,0.0,3.1
202503,10,원주,7.451612903225806,1.7,18.0,55.806451612903224,20.0,90.0,0.9354838709677419,0.0,2.0
202503,11,원주,8.963333333333333,1.0,19.1,49.53333333333333,23.0,91.0,1.3099999999999998,0.0,3.0
202503,12,원주,10.341935483870968,1.3,20.0,45.87096774193548,19.0,89.0,1.403225806451613,0.0,2.9
202503,13,원주,11.351612903225806,1.6,21.5,42.58064516129032,18.0,88.0,1.7419354838709677,0.1,3.8
202503,14,원주,12.254838709677419,1.5,23.3,39.70967741935484,16.0,89.0,2.035483870967742,0.2,3.5
202503,15,원주,12.725806451612904,1.6,24.7,38.96774193548387,12.0,90.0,2.009677419354839,0.8,3.9
202503,16,원주,12.896774193548387,1.8,24.6,36.96774193548387,15.0,90.0,2.232258064516129,0.8,4.9
202503,17,원주,12.425806451612903,2.9,24.8,37.45161290322581,15.0,87.0,2.164516129032258,1.1,4.0
202503,18,원주,11.62258064516129,2.8,24.2,37.483870967741936,12.0,85.0,1.9580645161290324,0.0,3.9
202503,19,원주,10.587096774193547,2.2,23.2,40.12903225806452,9.0,85.0,1.635483870967742,0.0,4.0
202503,20,원주,9.36774193548387,2.3,21.5,43.87096774193548,10.0,87.0,1.441935483870968,0.2,3.3
202503,21,원주,8.63225806451613,2.1,21.4,46.0,14.0,88.0,1.2354838709677418,0.0,3.0
202503,22,원주,7.951612903225806,1.9,21.6,49.483870967741936,20.0,90.0,1.2064516129032257,0.0,2.7
202503,23,원주,7.193548387096774,1.4,17.5,53.12903225806452,24.0,91.0,0.8903225806451613,0.0,2.6
202504,0,원주,10.453333333333335,3.0,19.1,62.333333333333336,30.0,94.0,1.1066666666666667,0.0,3.1
202504,1,원주,9.6,2.2,18.1,66.23333333333333,30.0,93.0,0.9766666666666667,0.0,2.8
202504,2,원주,8.823333333333332,1.3,17.7,70.73333333333333,32.0,93.0,0.7533333333333334,0.0,2.9
202504,3,원주,8.353333333333333,1.1,17.7,72.73333333333333,38.0,94.0,0.7766666666666667,0.0,2.9
202504,4,원주,7.88,0.9,17.3,74.9,43.0,93.0,0.6733333333333333,0.0,3.6
202504,5,원주,7.303333333333333,0.5,17.1,78.1,49.0,93.0,0.75,0.0,3.2
202504,6,원주,6.983333333333333,-0.3,17.2,79.43333333333334,52.0,94.0,0.8300000000000001,0.0,3.7
202504,7,원주,7.85,0.4,18.3,77.33333333333333,46.0,95.0,0.7533333333333334,0.0,2.9
202504,8,원주,9.946666666666665,2.1,19.3,70.2,48.0,92.0,1.13,0.0,3.3
202504,9,원주,12.086666666666668,3.1,20.6,61.766666666666666,34.0,88.0,1.5,0.6,3.7
202504,10,원주,14.446666666666665,5.3,22.7,53.03333333333333,29.0,86.0,1.7333333333333334,0.6,3.7
202504,11,원주,16.216666666666665,6.5,23.9,45.733333333333334,22.0,85.0,2.296666666666667,1.1,6.0
202504,12,원주,17.413333333333334,3.1,25.4,43.166666666666664,20.0,87.0,2.4466666666666668,1.1,5.0
202504,13,원주,18.506666666666668,5.8,26.3,39.6,12.0,85.0,2.5300000000000002,0.7,4.7
202504,14,원주,19.08,3.2,26.9,38.53333333333333,12.0,87.0,3.103333333333333,0.2,5.4
202504,15,원주,19.35,4.2,27.6,37.4,16.0,90.0,3.21,1.1,5.2
202504,16,원주,19.33,4.8,27.7,36.93333333333333,18.0,88.0,3.103333333333333,1.2,4.5
202504,17,원주,18.86,5.5,27.1,36.7,18.0,89.0,3.08,0.3,6.2
202504,18,원주,17.773333333333333,5.1,26.1,38.8,18.0,91.0,2.5733333333333333,1.5,4.2
202504,19,원주,16.116666666666667,4.5,24.9,43.56666666666667,18.0,92.0,1.9166666666666667,0.2,4.8
202504,20,원주,14.520000000000001,3.8,24.2,49.56666666666667,20.0,92.0,1.6833333333333333,0.4,3.7
202504,21,원주,13.236666666666668,3.6,22.2,53.96666666666667,23.0,92.0,1.3066666666666664,0.0,2.7
202504,22,원주,12.53,3.5,22.3,57.3,24.0,93.0,1.4,0.0,3.2
202504,23,원주,11.673333333333334,3.2,20.2,59.266666666666666,28.0,93.0,1.32,0.2,4.0
202505,0,원주,15.12258064516129,9.5,24.5,73.2258064516129,49.0,91.0,0.9451612903225807,0.1,2.8
202505,1,원주,14.480645161290322,8.4,23.8,76.58064516129032,47.0,92.0,0.9741935483870967,0.0,2.5
202505,2,원주,13.899999999999999,7.2,23.4,79.54838709677419,46.0,92.0,0.8612903225806451,0.1,2.6
202505,3,원주,13.435483870967742,6.6,23.0,81.03225806451613,51.0,92.0,0.8935483870967742,0.0,3.1
202505,4,원주,12.741935483870968,6.0,22.4,83.74193548387096,69.0,93.0,0.6806451612903226,0.0,2.4
202505,5,원주,12.3,5.3,22.0,85.61290322580645,68.0,94.0,0.8709677419354839,0.0,2.9
202505,6,원주,12.2,5.6,22.0,86.06451612903226,71.0,95.0,0.8903225806451613,0.0,3.6
202505,7,원주,13.3,7.3,22.9,82.25806451612904,63.0,92.0,0.9741935483870967,0.1,2.6
202505,8,원주,14.687096774193549,8.3,24.3,76.6774193548387,55.0,91.0,1.2419354838709677,0.1,2.5
202505,9,원주,16.374193548387098,8.6,25.7,69.58064516129032,24.0,89.0,1.4709677419354839,0.5,4.1
202505,10,원주,18.151612903225807,8.8,28.4,62.70967741935484,27.0,91.0,1.596774193548387,0.7,4.0
202505,11,원주,19.77741935483871,9.4,29.1,57.193548387096776,29.0,89.0,1.6451612903225807,0.1,4.3
202505,12,원주,20.60967741935484,9.9,30.5,53.83870967741935,32.0,89.0,2.0483870967741935,0.7,4.6
202505,13,원주,21.280645161290323,10.8,31.4,52.41935483870968,31.0,88.0,2.267741935483871,0.7,3.9
202505,14,원주,21.90967741935484,10.8,31.9,49.806451612903224,19.0,90.0,2.509677419354839,1.4,4.6
202505,15,원주,22.174193548387095,11.0,31.0,48.354838709677416,17.0,90.0,2.3774193548387097,0.4,5.7
202505,16,원주,22.31935483870968,11.4,31.4,47.41935483870968,16.0,88.0,2.4709677419354836,0.5,4.5
202505,17,원주,21.845161290322583,11.5,30.8,48.83870967741935,18.0,89.0,2.3451612903225807,0.6,4.1
202505,18,원주,21.193548387096776,11.6,29.9,50.61290322580645,17.0,90.0,2.306451612903226,0.7,5.8
202505,19,원주,19.92258064516129,11.4,28.9,54.61290322580645,23.0,91.0,1.5516129032258066,0.2,4.4
202505,20,원주,18.53548387096774,11.1,27.6,60.83870967741935,32.0,92.0,1.8096774193548388,0.4,4.5
202505,21,원주,17.46451612903226,10.4,26.9,64.35483870967742,37.0,92.0,1.535483870967742,0.1,4.8
202505,22,원주,16.635483870967743,9.7,26.3,66.80645161290323,43.0,91.0,1.2096774193548387,0.2,3.4
202505,23,원주,15.83548387096774,9.3,25.5,70.54838709677419,44.0,92.0,1.0612903225806452,0.1,3.2
202506,0,원주,21.683333333333334,16.8,27.4,75.26666666666667,48.0,95.0,0.95,0.0,2.3
202506,1,원주,21.23,15.7,27.4,77.73333333333333,55.0,96.0,0.8366666666666667,0.0,3.0
202506,2,원주,20.646666666666665,14.7,25.5,81.4,61.0,96.0,1.0033333333333334,0.0,2.3
202506,3,원주,20.10666666666667,14.0,24.8,83.8,64.0,97.0,0.63,0.0,1.9
202506,4,원주,19.78666666666667,13.6,24.8,84.73333333333333,67.0,98.0,0.7266666666666667,0.0,1.8
202506,5,원주,19.526666666666664,12.6,24.7,85.93333333333334,72.0,98.0,0.7200000000000001,0.0,2.9
202506,6,원주,19.646666666666665,12.9,25.7,85.26666666666667,73.0,97.0,0.6133333333333334,0.0,2.2
202506,7,원주,20.459999999999997,16.0,26.2,82.6,63.0,95.0,0.85,0.1,2.4
202506,8,원주,21.666666666666668,17.8,27.9,77.93333333333334,53.0,96.0,1.0466666666666666,0.1,2.4
202506,9,원주,22.93,19.5,28.3,73.3,46.0,95.0,1.5,0.4,3.3
202506,10,원주,24.337931034482757,20.7,29.1,68.0,42.0,93.0,1.5866666666666667,0.5,3.6
202506,11,원주,25.70689655172414,21.5,30.6,61.13793103448276,32.0,92.0,1.8862068965517242,0.6,4.1
202506,12,원주,26.470000000000002,20.8,30.7,59.1,31.0,92.0,2.07,0.5,3.5
202506,13,원주,27.290000000000003,20.6,31.8,55.733333333333334,28.0,91.0,2.3466666666666667,0.6,4.0
202506,14,원주,27.793333333333333,21.2,32.9,53.6,24.0,90.0,2.4733333333333336,0.8,4.5
202506,15,원주,28.013333333333332,21.3,33.1,52.766666666666666,23.0,89.0,2.5366666666666666,0.7,5.1
202506,16,원주,28.1,21.0,33.0,52.833333333333336,26.0,88.0,2.4566666666666666,0.5,4.5
202506,17,원주,27.85,21.3,32.9,53.03333333333333,28.0,94.0,2.3733333333333335,0.3,4.3
202506,18,원주,27.240000000000002,21.3,32.1,54.0,27.0,90.0,2.493333333333333,0.4,5.4
202506,19,원주,26.283333333333335,20.6,31.2,58.03333333333333,30.0,89.0,1.9433333333333331,0.3,4.2
202506,20,원주,25.13,20.3,29.8,62.8,35.0,90.0,1.72,0.3,3.5
202506,21,원주,24.05,19.2,29.1,67.6,38.0,94.0,1.4,0.3,3.2
202506,22,원주,23.09333333333333,18.8,28.4,71.03333333333333,40.0,93.0,1.2833333333333334,0.0,2.7
202506,23,원주,22.5,17.4,27.7,73.8,44.0,94.0,1.1566666666666667,0.0,2.5
202507,0,원주,26.0258064516129,20.7,30.1,80.12903225806451,49.0,96.0,1.0548387096774194,0.0,3.5
202507,1,원주,25.64516129032258,20.7,29.5,81.6774193548387,52.0,97.0,0.9193548387096774,0.0,3.7
202507,2,원주,25.177419354838708,20.5,28.9,83.41935483870968,58.0,97.0,0.8612903225806451,0.1,2.2
202507,3,원주,24.903225806451612,20.5,28.0,84.7741935483871,61.0,97.0,0.8612903225806451,0.0,3.0
202507,4,원주,24.532258064516128,20.5,27.6,86.0,65.0,97.0,0.6870967741935484,0.0,2.5
202507,5,원주,24.177419354838708,20.5,26.8,87.19354838709677,65.0,98.0,0.6419354838709677,0.0,1.6
202507,6,원주,24.096774193548388,20.3,26.9,87.12903225806451,68.0,97.0,0.6290322580645161,0.0,1.9
202507,7,원주,24.858064516129033,20.6,27.5,83.83870967741936,63.0,96.0,0.8741935483870968,0.0,2.4
202507,8,원주,25.88064516129032,20.9,28.6,80.19354838709677,56.0,96.0,1.0,0.0,2.4
202507,9,원주,27.12258064516129,21.4,30.6,75.7741935483871,49.0,97.0,1.2129032258064516,0.0,2.6
202507,10,원주,28.55483870967742,21.3,32.7,70.25806451612904,44.0,96.0,1.4225806451612903,0.2,2.9
202507,11,원주,29.461290322580645,20.8,34.4,65.80645161290323,39.0,97.0,1.5935483870967742,0.6,3.2
202507,12,원주,30.190322580645162,20.4,34.9,63.0,35.0,95.0,1.8612903225806452,0.8,3.3
202507,13,원주,30.861290322580647,21.1,35.9,61.25806451612903,32.0,91.0,1.9903225806451614,0.8,4.4
202507,14,원주,31.02258064516129,21.9,35.4,60.193548387096776,30.0,92.0,2.170967741935484,1.0,3.3
202507,15,원주,31.161290322580644,22.0,36.0,59.70967741935484,30.0,90.0,2.0161290322580645,0.9,3.6
202507,16,원주,31.261290322580646,22.7,36.7,60.25806451612903,31.0,92.0,2.0580645161290323,0.5,4.2
202507,17,원주,31.070967741935487,22.0,35.9,60.67741935483871,32.0,92.0,2.1322580645161286,0.8,4.0
202507,18,원주,30.590322580645164,22.1,35.7,62.903225806451616,34.0,90.0,2.032258064516129,0.6,4.0
202507,19,원주,29.519354838709678,21.0,34.1,67.29032258064517,40.0,95.0,1.738709677419355,0.3,4.2
202507,20,원주,28.322580645161292,20.9,32.4,72.87096774193549,40.0,94.0,1.467741935483871,0.0,4.4
202507,21,원주,27.429032258064513,20.8,30.7,75.64516129032258,42.0,95.0,1.3387096774193548,0.0,3.0
202507,22,원주,26.91290322580645,21.0,30.3,76.7741935483871,42.0,94.0,1.0806451612903225,0.0,2.8
202507,23,원주,26.51290322580645,21.0,30.1,77.64516129032258,44.0,95.0,1.1096774193548387,0.1,3.5
202508,0,원주,25.893548387096775,20.5,28.9,81.16129032258064,70.0,96.0,0.8612903225806451,0.0,2.7
202508,1,원주,25.61935483870968,19.9,28.6,82.25806451612904,71.0,96.0,0.7870967741935485,0.0,2.3
202508,2,원주,25.24516129032258,19.5,27.6,84.3225806451613,71.0,96.0,0.8290322580645161,0.0,2.3
202508,3,원주,24.906451612903226,19.1,27.6,86.03225806451613,69.0,95.0,0.767741935483871,0.0,3.0
202508,4,원주,24.63225806451613,18.7,26.9,87.64516129032258,73.0,96.0,0.8129032258064516,0.0,2.4
202508,5,원주,24.48709677419355,18.8,27.0,88.0,71.0,97.0,0.7096774193548387,0.0,2.6
202508,6,원주,24.370967741935484,18.6,27.1,88.58064516129032,77.0,97.0,0.8258064516129032,0.0,2.4
202508,7,원주,24.729032258064517,19.6,27.3,87.06451612903226,73.0,96.0,0.8838709677419354,0.0,2.3
202508,8,원주,25.677419354838708,21.3,28.1,83.90322580645162,71.0,95.0,0.970967741935484,0.1,2.3
202508,9,원주,26.719354838709677,22.8,29.8,79.87096774193549,63.0,95.0,1.3225806451612903,0.0,2.8
202508,10,원주,27.958064516129035,23.6,31.7,75.35483870967742,61.0,95.0,1.4193548387096775,0.4,3.8
202508,11,원주,28.958064516129035,23.7,32.1,71.12903225806451,58.0,94.0,1.6,0.1,2.8
202508,12,원주,29.751612903225805,25.0,33.1,67.80645161290323,54.0,95.0,1.7193548387096773,0.6,3.2
202508,13,원주,30.5258064516129,26.3,34.2,64.74193548387096,46.0,89.0,1.9548387096774194,0.3,3.1
202508,14,원주,30.825806451612905,25.7,35.3,63.45161290322581,43.0,93.0,2.161290322580645,0.3,4.0
202508,15,원주,30.932258064516127,26.3,35.1,62.67741935483871,43.0,90.0,2.229032258064516,0.6,3.6
202508,16,원주,31.225806451612904,26.1,35.5,61.516129032258064,43.0,91.0,2.109677419354839,0.5,3.1
202508,17,원주,30.670967741935485,25.3,34.6,63.354838709677416,47.0,91.0,2.3193548387096774,1.3,3.9
202508,18,원주,30.15806451612903,25.3,33.7,65.19354838709677,50.0,91.0,1.867741935483871,0.3,3.5
202508,19,원주,29.08709677419355,24.5,32.6,70.09677419354838,55.0,94.0,1.6419354838709677,0.5,2.9
202508,20,원주,27.799999999999997,23.4,30.9,74.93548387096774,62.0,92.0,1.5612903225806452,0.0,4.9
202508,21,원주,26.9741935483871,22.2,30.1,78.0,67.0,93.0,1.1451612903225807,0.1,2.4
202508,22,원주,26.56451612903226,21.3,29.3,79.06451612903226,68.0,94.0,1.035483870967742,0.0,3.0
202508,23,원주,26.183870967741935,20.7,28.8,80.38709677419355,69.0,95.0,0.6935483870967742,0.0,2.0
202509,0,원주,20.903333333333332,16.5,27.1,85.23333333333333,64.0,97.0,0.9033333333333334,0.0,2.4
202509,1,원주,20.576666666666664,15.8,26.9,86.7,70.0,97.0,0.7666666666666667,0.1,2.0
202509,2,원주,20.290000000000003,15.3,26.8,87.36666666666666,71.0,98.0,1.0833333333333333,0.0,3.0
202509,3,원주,19.973333333333336,15.1,26.5,88.9,74.0,98.0,0.7300000000000001,0.0,2.5
202509,4,원주,19.84,14.9,26.1,89.16666666666667,74.0,98.0,0.73,0.0,3.2
202509,5,원주,19.663333333333334,14.7,26.4,90.13333333333334,77.0,98.0,0.6799999999999999,0.0,2.2
202509,6,원주,19.62,14.6,26.4,90.26666666666667,77.0,99.0,1.0133333333333334,0.0,2.2
202509,7,원주,19.586666666666666,14.6,26.6,89.9,76.0,99.0,0.9299999999999999,0.0,2.7
202509,8,원주,20.3,15.2,26.4,86.7,72.0,98.0,1.1333333333333333,0.0,2.6
202509,9,원주,21.396666666666665,17.3,27.9,82.36666666666666,64.0,96.0,1.2466666666666666,0.3,4.1
202509,10,원주,22.80666666666667,17.5,29.5,77.6,49.0,95.0,1.2833333333333334,0.0,3.2
202509,11,원주,23.959999999999997,18.0,30.3,72.63333333333334,44.0,95.0,1.6700000000000002,0.1,4.6
202509,12,원주,24.91,18.5,31.2,68.33333333333333,39.0,96.0,1.6566666666666667,0.0,4.9
202509,13,원주,25.720000000000002,18.7,31.9,65.66666666666667,37.0,94.0,1.65,0.4,4.1
202509,14,원주,26.17,19.8,32.1,63.766666666666666,40.0,87.0,1.7166666666666666,0.2,3.4
202509,15,원주,26.33,19.4,32.4,64.36666666666666,40.0,89.0,1.85,0.5,3.8
202509,16,원주,25.93,19.7,33.0,65.96666666666667,32.0,94.0,1.8,0.6,3.4
202509,17,원주,25.646666666666665,19.6,32.4,66.33333333333333,31.0,91.0,1.6866666666666668,0.0,2.8
202509,18,원주,24.67,19.4,31.4,70.86666666666666,34.0,93.0,1.3566666666666667,0.1,2.9
202509,19,원주,23.546666666666667,19.1,30.1,75.8,43.0,94.0,1.3599999999999999,0.0,2.8
202509,20,원주,22.540000000000003,18.4,29.0,79.7,50.0,94.0,0.9700000000000001,0.1,2.6
202509,21,원주,22.053333333333335,17.7,28.4,80.73333333333333,48.0,93.0,0.9466666666666667,0.0,2.3
202509,22,원주,21.446666666666665,16.7,27.6,82.73333333333333,48.0,96.0,1.0133333333333334,0.0,2.6
202509,23,원주,20.89,16.0,26.8,84.33333333333333,54.0,95.0,0.7733333333333333,0.0,2.4
202510,0,원주,14.48709677419355,3.4,21.1,86.74193548387096,70.0,96.0,0.9096774193548387,0.0,2.6
202510,1,원주,14.12258064516129,2.8,20.9,87.96774193548387,71.0,95.0,0.8709677419354839,0.0,2.6
202510,2,원주,13.851612903225806,2.3,21.2,88.03225806451613,62.0,95.0,1.0516129032258066,0.0,4.0
202510,3,원주,13.5,1.5,21.1,89.0,64.0,97.0,0.7451612903225807,0.0,2.6
202510,4,원주,13.306451612903226,1.0,20.9,89.61290322580645,62.0,97.0,0.8387096774193549,0.0,2.3
202510,5,원주,13.100000000000001,0.7,20.9,89.48387096774194,54.0,96.0,0.8709677419354839,0.0,2.9
202510,6,원주,12.961290322580645,-0.1,20.3,89.93548387096774,59.0,97.0,0.5806451612903226,0.0,1.9
202510,7,원주,12.903225806451612,-0.4,20.0,90.25806451612904,57.0,98.0,0.6548387096774194,0.0,2.9
202510,8,원주,13.509677419354839,0.8,20.1,87.41935483870968,49.0,98.0,0.8193548387096774,0.0,2.4
202510,9,원주,14.59032258064516,3.2,20.6,83.0,43.0,95.0,0.9064516129032258,0.0,2.7
202510,10,원주,16.087096774193547,6.0,22.3,76.80645161290323,36.0,93.0,0.9903225806451613,0.1,2.3
202510,11,원주,17.603225806451615,9.0,23.4,69.96774193548387,22.0,93.0,1.3548387096774193,0.1,2.3
202510,12,원주,18.700000000000003,9.6,24.4,65.90322580645162,19.0,94.0,1.5161290322580645,0.5,3.3
202510,13,원주,19.483870967741936,10.2,26.2,61.54838709677419,22.0,93.0,1.7096774193548387,0.5,5.4
202510,14,원주,19.719354838709677,10.8,25.7,60.25806451612903,24.0,93.0,1.7451612903225806,0.3,3.6
202510,15,원주,19.687096774193545,10.2,26.4,60.225806451612904,24.0,94.0,1.9387096774193548,0.5,3.7
202510,16,원주,19.24516129032258,9.8,26.0,62.87096774193548,27.0,94.0,1.8838709677419354,0.4,3.4
202510,17,원주,18.55806451612903,9.2,25.9,66.41935483870968,31.0,95.0,1.5516129032258066,0.4,3.7
202510,18,원주,17.51290322580645,8.3,23.7,72.6774193548387,37.0,95.0,1.303225806451613,0.2,2.7
202510,19,원주,16.593548387096774,7.6,22.8,77.38709677419355,46.0,96.0,1.070967741935484,0.0,2.6
202510,20,원주,15.980645161290322,6.4,21.7,79.74193548387096,51.0,95.0,0.9419354838709677,0.0,2.6
202510,21,원주,15.574193548387097,6.0,21.2,81.6774193548387,54.0,95.0,1.0193548387096774,0.0,2.7
202510,22,원주,15.135483870967741,5.3,21.2,83.64516129032258,66.0,95.0,1.038709677419355,0.0,3.0
202510,23,원주,14.729032258064517,4.3,21.7,85.64516129032258,68.0,96.0,0.9387096774193548,0.0,2.5
202511,0,원주,5.366666666666666,-1.7,12.7,76.66666666666667,48.0,91.0,0.8233333333333334,0.0,4.2
202511,1,원주,4.77,-2.4,12.3,78.3,44.0,92.0,0.7533333333333334,0.0,2.9
202511,2,원주,4.203333333333334,-2.8,12.1,79.86666666666666,48.0,93.0,0.69,0.0,2.5
202511,3,원주,3.75,-3.0,11.3,80.56666666666666,52.0,94.0,0.64,0.0,2.8
202511,4,원주,3.44,-3.5,11.3,81.0,41.0,95.0,0.5966666666666666,0.0,2.1
202511,5,원주,3.0533333333333332,-3.8,11.3,81.0,35.0,94.0,0.49,0.0,2.4
202511,6,원주,2.86,-4.3,11.2,81.1,26.0,95.0,0.5566666666666666,0.0,3.4
202511,7,원주,2.5533333333333332,-4.4,11.0,82.7,32.0,95.0,0.63,0.0,3.4
202511,8,원주,3.08,-4.3,11.0,80.33333333333333,25.0,94.0,0.7799999999999999,0.0,2.8
202511,9,원주,4.760000000000001,-2.1,12.1,72.73333333333333,21.0,94.0,0.8766666666666667,0.0,3.6
202511,10,원주,6.656666666666666,-0.1,13.1,64.2,20.0,92.0,1.0633333333333332,0.0,3.3
202511,11,원주,8.66,1.7,14.9,56.266666666666666,20.0,88.0,1.2966666666666666,0.2,3.9
202511,12,원주,10.616666666666667,3.1,15.8,49.333333333333336,19.0,82.0,1.8066666666666669,0.5,4.1
202511,13,원주,12.120000000000001,3.8,17.8,45.03333333333333,17.0,85.0,1.8366666666666667,0.6,4.0
202511,14,원주,12.693333333333333,5.1,18.6,42.43333333333333,18.0,83.0,2.1866666666666665,0.8,4.2
202511,15,원주,12.853333333333333,5.3,19.5,41.06666666666667,17.0,87.0,2.2366666666666664,0.4,3.8
202511,16,원주,12.35,4.8,18.8,43.13333333333333,18.0,87.0,2.2766666666666664,0.4,4.8
202511,17,원주,11.063333333333333,3.6,16.1,48.666666666666664,19.0,84.0,1.4333333333333333,0.0,3.2
202511,18,원주,9.35,2.8,14.6,57.06666666666667,24.0,81.0,1.3166666666666667,0.1,3.2
202511,19,원주,8.34,1.7,13.7,61.93333333333333,28.0,77.0,1.2433333333333332,0.0,3.8
202511,20,원주,7.513333333333334,0.8,13.2,65.0,37.0,80.0,1.1166666666666667,0.0,3.2
202511,21,원주,6.886666666666667,0.2,12.3,68.8,43.0,85.0,1.0466666666666666,0.0,3.5
202511,22,원주,6.296666666666667,-0.3,12.0,72.6,47.0,86.0,0.7166666666666667,0.0,2.6
202511,23,원주,5.86,-1.2,12.0,74.83333333333333,50.0,89.0,0.7433333333333334,0.0,3.8
202512,0,원주,-0.6580645161290322,-9.3,12.3,76.25806451612904,42.0,96.0,1.1193548387096774,0.0,3.8
202512,1,원주,-1.1290322580645162,-9.7,12.0,77.0,45.0,96.0,0.9419354838709677,0.0,3.8
202512,2,원주,-1.2903225806451613,-9.9,11.8,75.90322580645162,44.0,96.0,1.0483870967741935,0.0,4.0
202512,3,원주,-1.5612903225806452,-10.1,10.9,77.12903225806451,47.0,96.0,1.1387096774193548,0.0,4.5
202512,4,원주,-1.8451612903225807,-10.4,10.4,77.41935483870968,37.0,96.0,0.9806451612903225,0.0,3.5
202512,5,원주,-2.2225806451612904,-11.0,8.5,77.70967741935483,47.0,96.0,0.8612903225806451,0.0,2.2
202512,6,원주,-2.351612903225807,-11.3,6.8,77.06451612903226,31.0,96.0,0.9193548387096774,0.0,2.9
202512,7,원주,-2.5999999999999996,-11.8,5.7,77.54838709677419,34.0,96.0,0.8161290322580645,0.0,2.7
202512,8,원주,-2.7838709677419353,-11.9,5.4,77.83870967741936,38.0,96.0,0.8096774193548387,0.0,2.6
202512,9,원주,-1.5774193548387097,-10.5,6.9,73.45161290322581,33.0,96.0,0.9838709677419355,0.0,2.3
202512,10,원주,-0.5096774193548387,-9.8,7.1,66.80645161290323,28.0,96.0,1.1451612903225807,0.0,2.8
202512,11,원주,0.635483870967742,-8.9,9.4,62.41935483870968,28.0,96.0,1.4064516129032258,0.0,3.4
202512,12,원주,1.7225806451612902,-8.2,10.9,57.29032258064516,23.0,92.0,1.4838709677419355,0.0,4.2
202512,13,원주,2.564516129032258,-6.8,12.0,54.96774193548387,23.0,94.0,1.6451612903225807,0.1,4.1
202512,14,원주,3.203225806451613,-5.4,12.4,52.96774193548387,20.0,95.0,1.7548387096774194,0.1,4.5
202512,15,원주,3.5387096774193547,-5.3,12.4,51.645161290322584,20.0,95.0,1.7032258064516128,0.1,3.8
202512,16,원주,3.47741935483871,-5.0,12.0,51.54838709677419,20.0,95.0,1.8483870967741935,0.1,3.9
202512,17,원주,2.6870967741935483,-5.5,11.2,54.58064516129032,20.0,96.0,1.6612903225806452,0.0,4.8
202512,18,원주,1.7483870967741937,-6.2,10.7,59.354838709677416,25.0,96.0,1.3193548387096774,0.0,3.6
202512,19,원주,1.0387096774193547,-6.5,9.9,63.16129032258065,27.0,94.0,1.3161290322580643,0.0,5.1
202512,20,원주,0.36129032258064514,-6.9,10.2,67.3225806451613,25.0,95.0,1.0838709677419356,0.0,5.8
202512,21,원주,-0.16774193548387095,-7.8,10.6,70.6774193548387,25.0,95.0,1.0451612903225806,0.0,3.4
202512,22,원주,-0.7387096774193549,-8.3,10.5,72.83870967741936,27.0,95.0,1.0483870967741935,0.0,4.1
202512,23,원주,-1.0032258064516129,-8.9,9.6,74.7741935483871,36.0,95.0,1.0,0.0,3.3
