연월,시간대,지역,평균기온,최저기온,최고기온,평균습도,최저습도,최고습도,평균풍속,최저풍속,최고풍속
201701,0,부산,2.738709677419355,-6.0,9.3,50.25806451612903,22.0,94.0,3.2193548387096773,0.2,6.5
201701,1,부산,2.4612903225806453,-6.3,8.7,51.45161290322581,19.0,92.0,3.325806451612903,0.0,7.8
201701,2,부산,2.2096774193548385,-6.7,8.5,51.58064516129032,17.0,92.0,3.541935483870968,0.3,7.5
201701,3,부산,1.9838709677419355,-7.0,8.0,51.096774193548384,20.0,91.0,3.732258064516129,0.0,9.2
201701,4,부산,1.7258064516129032,-7.2,8.0,51.483870967741936,17.0,87.0,3.4709677419354836,0.3,7.0
201701,5,부산,1.4580645161290324,-7.4,7.7,52.16129032258065,22.0,87.0,3.3451612903225807,0.2,8.6
201701,6,부산,1.2903225806451613,-7.5,7.7,51.903225806451616,21.0,87.0,3.264516129032258,0.2,8.8
201701,7,부산,1.064516129032258,-7.7,7.5,52.58064516129032,26.0,88.0,3.1258064516129034,0.0,8.0
201701,8,부산,1.2548387096774194,-7.3,7.7,51.806451612903224,24.0,85.0,3.6516129032258067,0.1,8.3
201701,9,부산,2.5580645161290323,-5.7,8.3,49.03225806451613,22.0,85.0,3.6225806451612903,0.5,9.4
201701,10,부산,4.141935483870968,-3.9,10.0,45.45161290322581,17.0,91.0,3.5290322580645164,0.7,8.0
201701,11,부산,5.438709677419355,-2.2,11.8,42.645161290322584,16.0,93.0,3.338709677419355,1.2,6.9
201701,12,부산,6.867741935483871,-0.8,13.3,40.064516129032256,16.0,95.0,3.338709677419355,1.2,6.9
201701,13,부산,7.609677419354839,0.6,13.7,38.25806451612903,19.0,94.0,3.351612903225807,1.3,7.9
201701,14,부산,8.12258064516129,1.6,14.8,37.935483870967744,17.0,94.0,3.467741935483871,1.3,7.1
201701,15,부산,8.209677419354838,2.0,14.1,38.483870967741936,14.0,94.0,3.512903225806452,1.1,6.4
201701,16,부산,7.580645161290323,1.4,13.5,38.806451612903224,16.0,93.0,3.3741935483870966,1.2,10.0
201701,17,부산,6.767741935483872,0.5,11.9,40.516129032258064,16.0,91.0,3.2193548387096773,1.1,6.5
201701,18,부산,5.306451612903226,-1.5,10.8,43.0,18.0,91.0,2.7838709677419353,0.4,5.7
201701,19,부산,4.574193548387097,-2.5,10.3,44.0,18.0,93.0,3.0354838709677416,0.0,7.9
201701,20,부산,4.067741935483871,-3.2,10.2,44.064516129032256,18.0,94.0,3.0258064516129033,0.7,6.9
201701,21,부산,3.6967741935483875,-4.1,10.0,46.225806451612904,20.0,92.0,3.032258064516129,0.0,7.2
201701,22,부산,3.4096774193548387,-4.9,9.4,46.516129032258064,22.0,92.0,3.3838709677419354,0.0,7.6
201701,23,부산,3.083870967741935,-5.6,9.5,47.83870967741935,23.0,91.0,3.467741935483871,0.6,6.3
201702,0,부산,3.8535714285714286,-3.4,13.5,47.75,20.0,95.0,3.6464285714285714,0.9,8.4
201702,1,부산,3.4642857142857144,-3.8,13.5,49.107142857142854,22.0,95.0,3.2714285714285714,0.1,7.5
201702,2,부산,3.1785714285714284,-4.1,13.8,50.142857142857146,23.0,90.0,3.117857142857143,0.0,8.3
201702,3,부산,2.892857142857143,-4.5,13.9,50.642857142857146,26.0,91.0,3.2392857142857143,0.0,7.4
201702,4,부산,2.8214285714285716,-4.8,14.2,50.42857142857143,24.0,90.0,2.992857142857143,0.0,8.0
201702,5,부산,2.6999999999999997,-5.1,14.2,51.214285714285715,25.0,92.0,3.4499999999999997,0.0,7.5
201702,6,부산,2.567857142857143,-5.6,13.9,51.285714285714285,23.0,94.0,3.3428571428571425,0.0,6.7
201702,7,부산,2.414285714285714,-5.7,13.4,52.535714285714285,25.0,94.0,3.310714285714286,0.6,7.1
201702,8,부산,2.8392857142857144,-4.9,12.5,52.32142857142857,26.0,95.0,3.121428571428571,0.0,7.0
201702,9,부산,4.178571428571429,-3.2,13.0,49.607142857142854,24.0,95.0,3.167857142857143,0.0,6.9
201702,10,부산,5.789285714285714,-1.6,14.5,46.0,24.0,94.0,3.0892857142857144,0.4,7.4
201702,11,부산,7.114285714285714,-0.6,16.0,42.464285714285715,22.0,83.0,3.2214285714285715,1.0,6.2
201702,12,부산,8.246428571428572,1.0,15.9,39.107142857142854,19.0,87.0,3.65,1.2,7.8
201702,13,부산,9.089285714285714,1.7,16.8,36.32142857142857,17.0,89.0,4.025,1.4,9.0
201702,14,부산,9.735714285714286,2.0,17.2,35.07142857142857,17.0,91.0,3.960714285714286,1.4,7.0
201702,15,부산,9.728571428571428,3.1,16.7,35.857142857142854,16.0,92.0,4.067857142857143,1.3,8.5
201702,16,부산,9.335714285714285,2.4,16.0,36.285714285714285,15.0,93.0,4.1,1.7,10.1
201702,17,부산,8.47857142857143,1.6,15.2,38.32142857142857,15.0,94.0,3.667857142857143,1.6,6.5
201702,18,부산,7.164285714285714,0.3,13.4,38.92857142857143,17.0,94.0,3.4035714285714285,0.3,6.5
201702,19,부산,6.328571428571428,-0.3,13.2,40.357142857142854,17.0,95.0,3.1785714285714284,0.8,6.8
201702,20,부산,5.796428571428572,-0.8,13.4,42.25,17.0,95.0,3.357142857142857,0.1,6.2
201702,21,부산,5.3500000000000005,-1.5,12.8,43.785714285714285,18.0,95.0,3.664285714285714,0.0,8.2
201702,22,부산,4.8999999999999995,-2.2,12.7,45.357142857142854,16.0,95.0,3.5107142857142857,0.0,11.4
201702,23,부산,4.414285714285714,-3.1,12.7,46.57142857142857,18.0,95.0,3.632142857142857,0.3,11.3
201703,0,부산,7.193548387096774,-0.6,11.3,58.70967741935484,27.0,92.0,2.864516129032258,0.0,6.7
201703,1,부산,6.912903225806452,-1.0,11.3,60.193548387096776,30.0,93.0,2.735483870967742,0.0,6.3
201703,2,부산,6.819354838709677,-1.4,11.4,59.12903225806452,28.0,93.0,2.583870967741935,0.1,7.8
201703,3,부산,6.693548387096774,-1.5,11.3,58.903225806451616,29.0,94.0,3.1258064516129034,0.0,7.0
201703,4,부산,6.4,-2.1,11.0,59.29032258064516,30.0,91.0,2.764516129032258,0.2,7.2
201703,5,부산,6.116129032258065,-2.2,10.5,59.25806451612903,27.0,91.0,2.8225806451612905,0.1,6.5
201703,6,부산,5.925806451612903,-2.2,10.0,59.54838709677419,26.0,89.0,2.729032258064516,0.4,6.1
201703,7,부산,5.861290322580645,-2.1,10.1,59.354838709677416,27.0,84.0,2.383870967741936,0.1,5.1
201703,8,부산,6.929032258064517,-0.7,11.3,56.193548387096776,21.0,84.0,2.1774193548387095,0.2,5.3
201703,9,부산,8.538709677419355,1.0,13.7,52.45161290322581,24.0,87.0,2.167741935483871,0.4,5.5
201703,10,부산,10.138709677419355,2.8,15.9,46.03225806451613,22.0,80.0,2.4064516129032256,0.3,4.4
201703,11,부산,11.293548387096775,4.3,17.4,42.516129032258064,21.0,85.0,3.0,0.5,5.4
201703,12,부산,12.051612903225807,5.1,16.4,41.67741935483871,19.0,83.0,3.396774193548387,1.1,5.4
201703,13,부산,12.596774193548388,7.1,17.1,41.774193548387096,19.0,81.0,3.7,0.6,7.4
201703,14,부산,12.990322580645161,9.0,17.1,40.806451612903224,18.0,76.0,3.8774193548387097,1.1,7.1
201703,15,부산,12.687096774193549,8.9,16.5,44.0,19.0,78.0,4.041935483870968,0.5,6.0
201703,16,부산,12.14516129032258,8.5,17.0,45.645161290322584,18.0,76.0,3.9838709677419355,0.9,7.1
201703,17,부산,11.251612903225807,6.7,15.6,49.03225806451613,20.0,90.0,3.7483870967741937,1.5,7.3
201703,18,부산,10.19032258064516,5.5,14.2,51.516129032258064,22.0,92.0,3.509677419354839,0.5,6.4
201703,19,부산,9.374193548387098,4.4,13.0,53.54838709677419,21.0,89.0,3.5483870967741935,0.0,5.4
201703,20,부산,8.793548387096775,3.0,12.5,55.67741935483871,21.0,89.0,3.2225806451612904,0.0,6.5
201703,21,부산,8.293548387096775,1.9,12.3,56.16129032258065,21.0,91.0,2.925806451612903,0.0,6.9
201703,22,부산,7.84516129032258,0.9,12.1,57.29032258064516,22.0,91.0,3.07741935483871,0.0,6.5
201703,23,부산,7.541935483870968,0.1,11.6,58.38709677419355,25.0,91.0,3.225806451612903,0.0,7.9
201704,0,부산,13.629999999999999,6.8,17.5,66.23333333333333,27.0,97.0,3.36,0.3,7.4
201704,1,부산,13.28,6.8,17.6,67.43333333333334,27.0,96.0,3.3733333333333335,0.7,10.4
201704,2,부산,12.996666666666666,6.8,17.3,66.56666666666666,29.0,97.0,3.1566666666666667,0.0,8.7
201704,3,부산,12.713333333333333,6.0,16.1,67.03333333333333,30.0,95.0,3.216666666666667,0.0,7.9
201704,4,부산,12.546666666666665,5.6,16.2,66.1,33.0,95.0,3.33,0.0,10.6
201704,5,부산,12.303333333333335,5.3,16.4,66.23333333333333,33.0,96.0,3.2,0.0,9.3
201704,6,부산,12.166666666666666,5.2,16.5,67.43333333333334,31.0,96.0,3.2866666666666666,0.0,11.1
201704,7,부산,12.59,5.2,16.9,67.63333333333334,34.0,97.0,2.99,0.0,11.0
201704,8,부산,13.92,7.2,18.4,63.63333333333333,31.0,97.0,2.9733333333333336,0.6,11.9
201704,9,부산,15.276666666666667,8.8,19.9,60.266666666666666,30.0,97.0,3.316666666666667,0.5,9.3
201704,10,부산,16.38,9.9,21.1,58.233333333333334,27.0,97.0,3.75,1.5,9.1
201704,11,부산,17.15,11.2,21.7,57.1,21.0,97.0,4.046666666666667,0.3,8.6
201704,12,부산,17.37,9.8,22.4,57.5,22.0,98.0,4.573333333333333,1.8,9.3
201704,13,부산,17.526666666666664,9.7,21.4,57.53333333333333,20.0,98.0,4.826666666666667,1.3,8.4
201704,14,부산,17.60666666666667,9.3,22.4,58.0,19.0,97.0,5.056666666666667,1.7,10.2
201704,15,부산,17.736666666666668,11.1,22.8,57.43333333333333,18.0,97.0,4.83,2.0,7.6
201704,16,부산,17.196666666666665,9.7,22.5,59.0,27.0,97.0,4.953333333333333,2.2,9.8
201704,17,부산,16.71,9.0,21.4,60.56666666666667,29.0,97.0,4.83,1.4,13.0
201704,18,부산,16.093333333333334,8.2,21.5,62.86666666666667,30.0,97.0,4.33,1.6,12.6
201704,19,부산,15.139999999999999,7.8,18.1,66.73333333333333,36.0,97.0,3.67,0.5,13.0
201704,20,부산,14.683333333333334,7.9,18.5,68.43333333333334,36.0,97.0,3.5133333333333336,0.4,14.6
201704,21,부산,14.373333333333333,7.4,18.0,69.33333333333333,33.0,97.0,3.3466666666666667,0.5,12.8
201704,22,부산,14.313333333333333,7.3,17.8,65.5,32.0,97.0,3.3333333333333335,0.3,9.8
201704,23,부산,14.213333333333333,6.8,17.3,64.93333333333334,26.0,97.0,3.4633333333333334,0.9,8.3
201705,0,부산,17.041935483870965,14.2,19.6,69.6774193548387,23.0,97.0,2.9516129032258065,0.6,6.5
201705,1,부산,16.783870967741933,13.9,19.5,69.58064516129032,25.0,95.0,2.7419354838709675,0.1,5.6
201705,2,부산,16.74516129032258,13.8,20.4,67.25806451612904,25.0,95.0,2.487096774193548,0.7,5.9
201705,3,부산,16.606451612903225,13.6,20.5,66.90322580645162,26.0,94.0,2.4387096774193546,0.4,6.0
201705,4,부산,16.474193548387095,13.3,20.4,66.90322580645162,26.0,95.0,2.2193548387096773,0.8,5.0
201705,5,부산,16.325806451612905,13.2,20.2,67.90322580645162,25.0,96.0,2.596774193548387,0.9,5.8
201705,6,부산,16.374193548387098,13.0,21.1,67.87096774193549,25.0,95.0,2.532258064516129,1.0,5.1
201705,7,부산,17.248387096774195,13.2,23.1,66.64516129032258,29.0,95.0,2.206451612903226,0.3,6.3
201705,8,부산,18.822580645161292,14.8,23.6,61.516129032258064,32.0,93.0,2.5999999999999996,0.8,7.0
201705,9,부산,19.93548387096774,14.4,24.4,59.03225806451613,29.0,95.0,3.148387096774193,1.0,6.6
201705,10,부산,20.76774193548387,13.9,25.8,57.38709677419355,26.0,95.0,3.4645161290322584,0.0,6.5
201705,11,부산,21.55483870967742,13.9,27.7,55.41935483870968,28.0,93.0,3.867741935483871,0.6,7.3
201705,12,부산,21.864516129032257,14.0,25.9,56.0,28.0,91.0,4.251612903225807,1.2,8.9
201705,13,부산,21.919354838709676,13.9,25.7,56.12903225806452,23.0,92.0,4.590322580645162,1.5,8.6
201705,14,부산,21.92258064516129,13.8,25.4,55.903225806451616,22.0,93.0,4.699999999999999,1.1,8.3
201705,15,부산,21.980645161290322,14.2,26.6,55.064516129032256,19.0,93.0,4.758064516129032,1.8,8.6
201705,16,부산,21.793548387096774,14.2,26.1,55.354838709677416,23.0,92.0,4.538709677419354,1.5,7.5
201705,17,부산,21.1,14.3,26.3,58.58064516129032,29.0,94.0,4.429032258064517,1.2,8.2
201705,18,부산,20.26774193548387,14.4,24.6,62.064516129032256,34.0,93.0,3.570967741935484,1.2,7.0
201705,19,부산,19.048387096774192,14.2,22.9,65.6774193548387,36.0,95.0,3.532258064516129,0.3,9.0
201705,20,부산,18.30322580645161,14.2,22.1,68.58064516129032,26.0,96.0,2.8225806451612905,1.0,5.4
201705,21,부산,18.112903225806452,14.3,22.2,67.51612903225806,22.0,96.0,3.012903225806452,0.7,7.1
201705,22,부산,17.87741935483871,14.3,21.8,67.64516129032258,20.0,96.0,3.0580645161290323,0.0,7.7
201705,23,부산,17.56451612903226,14.4,20.5,68.61290322580645,21.0,97.0,2.916129032258065,0.7,6.8
201706,0,부산,19.603333333333335,16.6,22.1,73.9,36.0,96.0,2.396666666666667,0.4,4.8
201706,1,부산,19.36,16.3,22.2,75.8,41.0,96.0,2.2766666666666664,0.0,6.2
201706,2,부산,19.226666666666667,16.3,22.2,75.73333333333333,37.0,96.0,2.23,0.6,4.2
201706,3,부산,19.10666666666667,16.4,21.9,75.76666666666667,40.0,96.0,2.0033333333333334,0.0,5.2
201706,4,부산,18.959999999999997,16.0,22.0,75.46666666666667,41.0,96.0,2.033333333333333,0.2,4.6
201706,5,부산,18.826666666666664,15.5,21.5,76.33333333333333,43.0,96.0,2.0066666666666664,0.1,4.3
201706,6,부산,18.92,15.5,21.6,76.26666666666667,48.0,96.0,1.9866666666666668,0.5,4.3
201706,7,부산,19.816666666666666,16.9,22.3,74.16666666666667,43.0,97.0,2.0366666666666666,0.1,4.1
201706,8,부산,21.336666666666666,18.2,24.1,68.53333333333333,48.0,96.0,2.256666666666667,0.9,4.3
201706,9,부산,22.876666666666665,18.3,25.6,63.56666666666667,39.0,97.0,2.79,1.0,4.6
201706,10,부산,23.496666666666666,18.7,27.1,63.233333333333334,35.0,97.0,3.4433333333333334,1.4,6.5
201706,11,부산,23.453333333333333,19.2,28.4,64.83333333333333,32.0,97.0,4.06,2.0,7.2
201706,12,부산,23.883333333333333,19.9,30.2,62.86666666666667,30.0,87.0,4.1866666666666665,1.3,7.0
201706,13,부산,23.959999999999997,20.9,28.7,63.1,36.0,83.0,4.116666666666666,1.3,6.5
201706,14,부산,23.86,20.0,27.8,63.46666666666667,36.0,83.0,4.283333333333333,2.1,6.6
201706,15,부산,23.65,19.8,26.9,64.46666666666667,42.0,87.0,4.1033333333333335,1.2,6.8
201706,16,부산,23.470000000000002,19.6,26.3,64.16666666666667,38.0,83.0,3.7266666666666666,1.8,6.2
201706,17,부산,22.783333333333335,19.0,26.4,65.53333333333333,39.0,84.0,3.46,0.9,6.9
201706,18,부산,21.90666666666667,18.2,25.4,69.76666666666667,44.0,88.0,3.1933333333333334,0.7,6.0
201706,19,부산,21.040000000000003,17.6,25.0,72.0,43.0,91.0,2.8266666666666667,1.2,7.7
201706,20,부산,20.433333333333334,17.1,24.7,73.36666666666666,38.0,93.0,2.7199999999999998,1.4,6.0
201706,21,부산,20.126666666666665,16.8,24.0,74.93333333333334,40.0,95.0,2.74,0.9,5.6
201706,22,부산,20.006666666666668,16.7,24.3,75.46666666666667,40.0,96.0,2.7199999999999998,0.7,6.2
201706,23,부산,19.876666666666665,16.6,23.7,74.83333333333333,36.0,96.0,2.5366666666666666,0.0,6.6
201707,0,부산,24.86774193548387,22.5,28.4,86.48387096774194,68.0,97.0,3.0,0.1,10.1
201707,1,부산,24.683870967741935,22.8,27.6,87.87096774193549,73.0,97.0,2.9387096774193546,0.7,9.6
201707,2,부산,24.532258064516128,22.4,27.8,88.64516129032258,75.0,97.0,2.670967741935484,0.0,8.4
201707,3,부산,24.519354838709678,21.6,26.8,88.83870967741936,76.0,97.0,3.07741935483871,0.0,10.8
201707,4,부산,24.55806451612903,21.5,27.9,88.51612903225806,77.0,97.0,3.229032258064516,0.0,9.3
201707,5,부산,24.374193548387098,21.2,28.0,88.51612903225806,75.0,97.0,3.264516129032258,0.0,8.6
201707,6,부산,24.38064516129032,21.2,27.8,88.45161290322581,76.0,97.0,3.0999999999999996,0.0,6.8
201707,7,부산,24.654838709677417,21.6,28.8,87.41935483870968,73.0,97.0,3.0387096774193547,0.0,7.0
201707,8,부산,25.66774193548387,22.3,30.8,83.16129032258064,64.0,97.0,2.9612903225806453,0.1,5.8
201707,9,부산,26.574193548387097,22.0,32.4,79.38709677419355,55.0,97.0,3.012903225806452,0.7,5.9
201707,10,부산,27.41290322580645,22.3,31.2,76.80645161290323,58.0,97.0,3.5354838709677416,1.2,7.1
201707,11,부산,27.66774193548387,23.6,30.4,75.90322580645162,58.0,97.0,3.7774193548387096,0.8,7.6
201707,12,부산,28.009677419354837,24.6,30.4,75.7741935483871,57.0,95.0,4.267741935483872,2.0,8.7
201707,13,부산,28.18064516129032,24.4,30.7,75.06451612903226,44.0,96.0,4.54516129032258,1.3,8.4
201707,14,부산,28.041935483870965,24.6,30.6,75.3225806451613,44.0,96.0,4.558064516129033,1.6,7.6
201707,15,부산,27.96451612903226,24.9,30.3,75.61290322580645,44.0,96.0,4.693548387096774,2.1,7.4
201707,16,부산,27.77741935483871,24.5,30.2,76.2258064516129,47.0,96.0,4.603225806451612,1.7,8.5
201707,17,부산,27.438709677419357,24.5,30.0,77.03225806451613,50.0,96.0,4.445161290322581,2.1,8.6
201707,18,부산,26.57741935483871,24.2,30.8,79.74193548387096,58.0,96.0,3.925806451612903,0.7,7.6
201707,19,부산,25.932258064516127,23.5,28.4,81.03225806451613,54.0,96.0,3.6451612903225805,1.1,7.7
201707,20,부산,25.416129032258063,23.1,27.6,82.7741935483871,53.0,97.0,3.051612903225806,0.6,8.0
201707,21,부산,25.36774193548387,23.2,29.0,83.0,60.0,97.0,3.1903225806451614,1.0,8.2
201707,22,부산,25.241935483870968,22.1,28.8,84.45161290322581,63.0,97.0,3.0290322580645164,0.9,8.5
201707,23,부산,25.04516129032258,22.2,28.7,85.87096774193549,67.0,97.0,2.8451612903225807,0.6,9.2
201708,0,부산,25.651612903225807,21.1,30.0,78.2258064516129,51.0,96.0,2.4612903225806453,0.0,6.9
201708,1,부산,25.567741935483873,20.4,29.8,78.90322580645162,56.0,96.0,2.545161290322581,0.6,7.7
201708,2,부산,25.48709677419355,20.6,30.0,79.25806451612904,55.0,95.0,2.512903225806452,0.0,7.7
201708,3,부산,25.322580645161292,20.1,29.3,79.38709677419355,57.0,95.0,2.564516129032258,0.0,6.0
201708,4,부산,25.161290322580644,19.6,28.5,80.16129032258064,58.0,95.0,2.2451612903225806,0.0,6.6
201708,5,부산,25.083870967741937,19.6,28.2,79.35483870967742,43.0,95.0,2.2806451612903227,0.2,5.5
201708,6,부산,24.996774193548386,18.9,27.8,79.83870967741936,45.0,95.0,2.3161290322580643,0.0,5.9
201708,7,부산,25.532258064516128,19.8,28.7,78.48387096774194,48.0,93.0,2.480645161290323,0.5,5.2
201708,8,부산,26.864516129032257,22.9,31.0,73.16129032258064,49.0,91.0,2.667741935483871,0.6,5.1
201708,9,부산,27.72258064516129,23.0,32.5,71.2258064516129,46.0,95.0,2.5258064516129033,1.2,7.3
201708,10,부산,28.603225806451615,23.9,33.7,68.3225806451613,41.0,94.0,3.0161290322580645,1.0,7.2
201708,11,부산,29.038709677419355,23.9,34.9,66.90322580645162,36.0,94.0,3.129032258064516,1.3,6.1
201708,12,부산,29.274193548387096,24.0,35.5,66.6774193548387,34.0,94.0,3.138709677419355,1.2,7.0
201708,13,부산,29.480645161290322,23.4,35.4,66.19354838709677,36.0,94.0,3.541935483870968,1.2,7.8
201708,14,부산,29.438709677419357,23.5,36.1,66.96774193548387,32.0,95.0,3.8161290322580643,1.5,8.2
201708,15,부산,29.216129032258063,23.9,35.8,68.35483870967742,37.0,94.0,3.858064516129032,1.7,9.1
201708,16,부산,28.780645161290323,24.0,34.1,68.83870967741936,36.0,92.0,3.7483870967741937,2.0,7.4
201708,17,부산,28.241935483870968,23.7,33.6,70.12903225806451,35.0,95.0,3.3774193548387097,1.6,8.1
201708,18,부산,27.541935483870965,23.4,32.8,72.38709677419355,36.0,91.0,3.1129032258064515,0.3,6.5
201708,19,부산,26.806451612903224,22.9,31.8,73.96774193548387,36.0,94.0,3.045161290322581,1.0,7.3
201708,20,부산,26.419354838709676,22.8,31.2,74.2258064516129,33.0,94.0,3.0870967741935487,1.6,6.6
201708,21,부산,26.164516129032258,22.5,30.9,74.35483870967742,39.0,95.0,2.9516129032258065,0.1,6.7
201708,22,부산,25.94516129032258,22.1,30.4,75.35483870967742,48.0,96.0,3.0806451612903225,1.5,6.4
201708,23,부산,25.729032258064517,21.5,30.2,76.48387096774194,52.0,96.0,2.7161290322580647,0.6,6.7
201709,0,부산,21.146666666666665,17.3,23.9,73.03333333333333,36.0,97.0,2.4466666666666668,0.0,5.4
201709,1,부산,21.026666666666664,17.3,23.9,72.96666666666667,37.0,97.0,2.26,0.0,4.7
201709,2,부산,20.91,17.3,24.0,73.1,39.0,97.0,2.6666666666666665,0.0,6.1
201709,3,부산,20.703333333333333,16.4,23.9,73.46666666666667,41.0,97.0,2.646666666666667,0.0,6.1
201709,4,부산,20.523333333333333,15.7,23.5,74.66666666666667,42.0,97.0,2.816666666666667,0.7,6.6
201709,5,부산,20.383333333333333,15.5,22.9,75.13333333333334,42.0,97.0,2.4133333333333336,0.0,5.8
201709,6,부산,20.246666666666666,14.9,23.6,75.73333333333333,40.0,97.0,2.64,0.0,6.6
201709,7,부산,20.41,14.8,23.1,75.43333333333334,49.0,97.0,2.2266666666666666,0.0,5.4
201709,8,부산,21.743333333333332,16.4,23.7,71.5,45.0,97.0,2.3800000000000003,0.0,6.6
201709,9,부산,22.91,17.5,25.5,67.9,39.0,97.0,2.893333333333333,0.5,5.7
201709,10,부산,24.040000000000003,19.2,26.9,64.5,35.0,97.0,2.753333333333333,1.0,5.2
201709,11,부산,24.88,20.1,28.4,61.2,33.0,97.0,2.953333333333333,0.8,5.6
201709,12,부산,25.366666666666667,19.4,29.4,60.233333333333334,31.0,97.0,3.4099999999999997,1.5,6.1
201709,13,부산,25.73,19.5,28.9,59.666666666666664,40.0,97.0,3.453333333333333,1.1,6.3
201709,14,부산,25.55,20.1,28.7,60.1,35.0,91.0,3.8333333333333335,1.9,6.8
201709,15,부산,25.31,20.0,28.0,60.5,37.0,95.0,3.6566666666666667,1.3,6.0
201709,16,부산,24.706666666666667,20.2,27.5,62.03333333333333,37.0,94.0,3.503333333333333,1.4,6.0
201709,17,부산,23.903333333333332,19.9,26.7,65.8,45.0,95.0,3.183333333333333,1.3,5.6
201709,18,부산,23.096666666666668,18.9,25.5,68.33333333333333,49.0,96.0,2.9833333333333334,0.0,5.4
201709,19,부산,22.44333333333333,18.0,24.8,70.23333333333333,50.0,96.0,2.68,0.7,4.7
201709,20,부산,22.046666666666667,17.6,24.3,71.03333333333333,44.0,96.0,2.646666666666667,0.3,6.0
201709,21,부산,21.720000000000002,18.0,24.2,72.6,43.0,96.0,2.453333333333333,0.8,4.8
201709,22,부산,21.516666666666666,17.6,23.8,72.2,39.0,97.0,2.3066666666666666,0.0,4.4
201709,23,부산,21.226666666666667,17.3,23.8,72.8,37.0,97.0,2.2766666666666664,0.2,5.5
201710,0,부산,16.75483870967742,9.4,22.5,71.19354838709677,33.0,97.0,2.6225806451612903,0.0,5.6
201710,1,부산,16.603225806451615,9.6,22.0,71.19354838709677,28.0,97.0,2.7193548387096773,0.0,5.2
201710,2,부산,16.46451612903226,9.1,22.0,71.96774193548387,27.0,96.0,2.793548387096774,0.0,6.5
201710,3,부산,16.335483870967742,8.5,21.6,72.38709677419355,30.0,94.0,2.532258064516129,0.0,5.0
201710,4,부산,16.170967741935485,8.1,21.4,72.90322580645162,29.0,95.0,2.725806451612903,0.0,4.4
201710,5,부산,16.00967741935484,7.9,21.1,73.19354838709677,31.0,97.0,2.7225806451612904,0.2,5.6
201710,6,부산,15.925806451612903,7.5,21.3,73.41935483870968,34.0,97.0,2.767741935483871,0.5,5.2
201710,7,부산,15.97741935483871,7.4,20.9,73.12903225806451,32.0,97.0,2.6903225806451614,0.3,5.9
201710,8,부산,17.125806451612902,8.2,22.4,70.12903225806451,39.0,97.0,2.7870967741935484,0.3,6.2
201710,9,부산,18.56451612903226,10.0,24.6,66.64516129032258,32.0,97.0,2.92258064516129,0.0,6.3
201710,10,부산,19.53548387096774,11.8,26.1,64.58064516129032,29.0,97.0,3.293548387096774,0.8,6.3
201710,11,부산,20.55483870967742,13.6,27.2,62.0,26.0,97.0,3.2161290322580647,1.3,7.5
201710,12,부산,21.206451612903226,15.4,27.6,60.0,25.0,96.0,3.3193548387096774,1.3,6.9
201710,13,부산,21.312903225806455,16.4,27.6,59.70967741935484,25.0,95.0,3.193548387096774,1.5,6.0
201710,14,부산,21.270967741935483,16.4,26.8,59.193548387096776,17.0,95.0,3.52258064516129,1.3,6.8
201710,15,부산,20.86774193548387,15.6,26.3,59.83870967741935,23.0,96.0,3.261290322580645,1.4,5.6
201710,16,부산,19.95483870967742,13.6,25.2,62.54838709677419,28.0,91.0,3.3419354838709676,1.5,6.6
201710,17,부산,19.151612903225807,13.3,24.1,65.06451612903226,31.0,94.0,3.074193548387097,1.3,6.6
201710,18,부산,18.296774193548387,12.2,23.2,68.54838709677419,35.0,96.0,2.774193548387097,0.7,6.4
201710,19,부산,17.822580645161292,11.7,22.8,68.61290322580645,34.0,97.0,2.838709677419355,0.0,6.2
201710,20,부산,17.567741935483873,11.3,22.7,68.51612903225806,33.0,97.0,2.92258064516129,0.8,6.6
201710,21,부산,17.26451612903226,11.1,22.9,69.09677419354838,31.0,97.0,2.896774193548387,0.3,7.4
201710,22,부산,17.04516129032258,10.2,22.7,69.06451612903226,36.0,96.0,2.764516129032258,0.0,6.4
201710,23,부산,16.76451612903226,9.6,22.6,70.09677419354838,34.0,96.0,2.564516129032258,0.0,7.0
201711,0,부산,9.863333333333333,0.9,17.1,53.86666666666667,23.0,80.0,3.01,0.0,7.3
201711,1,부산,9.51,0.2,17.2,53.36666666666667,25.0,81.0,2.8066666666666666,0.0,5.9
201711,2,부산,9.19,-0.2,17.3,53.53333333333333,27.0,83.0,2.55,0.3,6.7
201711,3,부산,8.996666666666666,-0.4,17.1,53.4,30.0,85.0,2.54,0.5,4.3
201711,4,부산,8.826666666666666,-0.6,16.8,54.63333333333333,31.0,86.0,2.7,0.5,5.5
201711,5,부산,8.513333333333334,-0.8,17.0,55.9,31.0,88.0,2.8699999999999997,0.1,6.7
201711,6,부산,8.246666666666666,-0.7,16.8,57.2,29.0,91.0,2.4266666666666667,0.2,5.4
201711,7,부산,8.06,-0.9,16.8,57.7,29.0,90.0,2.65,0.5,6.4
201711,8,부산,9.163333333333332,0.4,17.3,52.9,24.0,87.0,2.65,0.3,6.5
201711,9,부산,11.066666666666666,2.5,19.0,47.3,17.0,77.0,2.71,0.0,4.8
201711,10,부산,12.676666666666668,4.1,20.8,43.666666666666664,16.0,67.0,2.77,0.4,6.3
201711,11,부산,14.01,5.3,20.7,41.96666666666667,16.0,62.0,2.9033333333333333,0.5,6.5
201711,12,부산,14.876666666666667,6.4,22.5,40.833333333333336,14.0,62.0,3.3,0.8,6.3
201711,13,부산,15.323333333333332,6.8,23.4,39.93333333333333,15.0,63.0,3.7,1.1,7.2
201711,14,부산,15.47,7.2,23.2,40.13333333333333,15.0,64.0,3.79,0.9,7.6
201711,15,부산,14.583333333333334,6.4,22.2,41.733333333333334,16.0,66.0,3.6733333333333333,1.1,7.9
201711,16,부산,13.896666666666667,6.2,21.6,42.766666666666666,17.0,69.0,3.46,0.8,7.3
201711,17,부산,12.95,5.4,20.2,45.333333333333336,17.0,71.0,3.26,1.4,6.0
201711,18,부산,12.026666666666667,4.8,19.0,48.13333333333333,17.0,74.0,2.75,0.0,6.7
201711,19,부산,11.43,3.8,18.7,49.4,18.0,74.0,2.8766666666666665,0.5,6.1
201711,20,부산,11.023333333333333,2.9,18.5,52.1,18.0,75.0,2.5,1.0,5.0
201711,21,부산,10.616666666666667,2.3,18.0,53.3,17.0,82.0,2.713333333333333,0.2,5.6
201711,22,부산,10.24,1.8,17.2,53.13333333333333,18.0,86.0,2.9099999999999997,0.7,6.2
201711,23,부산,9.870000000000001,1.3,17.1,52.733333333333334,17.0,87.0,2.9166666666666665,0.1,6.7
201712,0,부산,1.8903225806451613,-4.4,8.1,41.32258064516129,17.0,64.0,3.1838709677419357,0.3,8.3
201712,1,부산,1.6258064516129032,-4.9,8.8,42.38709677419355,19.0,65.0,3.070967741935484,0.5,7.6
201712,2,부산,1.3741935483870966,-5.0,9.1,43.16129032258065,21.0,67.0,2.851612903225807,0.0,5.1
201712,3,부산,1.303225806451613,-5.3,9.3,43.41935483870968,23.0,67.0,3.074193548387097,0.5,6.8
201712,4,부산,1.0806451612903225,-5.5,9.1,45.483870967741936,24.0,68.0,2.870967741935484,0.3,8.2
201712,5,부산,0.8870967741935484,-5.6,8.5,46.774193548387096,22.0,65.0,2.7903225806451615,0.0,8.5
201712,6,부산,0.7580645161290323,-5.7,8.1,48.0,22.0,67.0,2.3193548387096774,0.0,6.3
201712,7,부산,0.6516129032258065,-6.0,8.5,48.70967741935484,23.0,69.0,2.609677419354839,0.0,6.0
201712,8,부산,1.103225806451613,-5.3,8.8,47.96774193548387,21.0,69.0,2.519354838709677,0.4,7.7
201712,9,부산,2.861290322580645,-3.6,9.3,43.87096774193548,16.0,75.0,2.583870967741935,0.8,6.1
201712,10,부산,4.370967741935484,-2.4,12.2,41.41935483870968,14.0,86.0,3.1129032258064515,0.7,6.2
201712,11,부산,5.683870967741935,-1.5,13.3,37.45161290322581,13.0,81.0,3.454838709677419,1.2,8.8
201712,12,부산,6.648387096774194,0.0,13.3,35.645161290322584,15.0,94.0,3.1774193548387095,1.2,5.7
201712,13,부산,7.364516129032259,0.5,13.7,33.70967741935484,14.0,86.0,3.3451612903225807,1.1,6.5
201712,14,부산,7.790322580645161,0.6,13.0,31.612903225806452,11.0,79.0,3.583870967741935,1.6,8.3
201712,15,부산,7.632258064516129,1.5,13.0,31.322580645161292,11.0,77.0,3.3548387096774195,0.7,8.8
201712,16,부산,6.841935483870968,0.7,12.3,32.25806451612903,13.0,77.0,3.096774193548387,1.1,8.8
201712,17,부산,5.538709677419354,-0.7,11.5,34.87096774193548,14.0,76.0,3.2096774193548385,1.3,7.0
201712,18,부산,4.554838709677419,-1.5,11.0,36.645161290322584,15.0,66.0,2.8677419354838714,0.5,10.8
201712,19,부산,3.9612903225806453,-2.2,9.6,36.96774193548387,15.0,58.0,3.0064516129032257,0.3,8.3
201712,20,부산,3.3806451612903223,-2.7,8.2,37.774193548387096,16.0,56.0,2.7419354838709675,0.0,6.7
201712,21,부산,2.9064516129032256,-3.2,7.9,39.064516129032256,17.0,63.0,3.0516129032258066,0.3,8.4
201712,22,부산,2.52258064516129,-3.6,7.8,39.74193548387097,19.0,61.0,3.051612903225806,0.0,6.4
201712,23,부산,2.161290322580645,-4.1,7.6,40.935483870967744,19.0,64.0,2.954838709677419,0.0,5.8
201801,0,부산,0.7580645161290323,-8.8,8.2,46.935483870967744,18.0,94.0,3.2548387096774194,1.4,8.6
201801,1,부산,0.5032258064516127,-9.3,8.2,47.193548387096776,18.0,94.0,3.1258064516129034,0.7,6.4
201801,2,부산,0.21935483870967745,-9.6,7.9,47.96774193548387,19.0,93.0,3.4838709677419355,0.9,7.9
201801,3,부산,0.05161290322580644,-9.0,7.9,48.41935483870968,18.0,94.0,3.5580645161290323,1.1,8.7
201801,4,부산,-0.2225806451612904,-8.9,8.1,50.064516129032256,20.0,94.0,3.5387096774193547,0.9,7.8
201801,5,부산,-0.503225806451613,-8.9,8.6,51.225806451612904,21.0,94.0,3.5258064516129033,1.1,7.3
201801,6,부산,-0.7774193548387096,-9.2,9.5,51.54838709677419,22.0,94.0,3.106451612903226,0.5,7.4
201801,7,부산,-0.8870967741935485,-9.6,10.0,50.645161290322584,23.0,95.0,3.1258064516129034,1.0,6.6
201801,8,부산,-0.7838709677419354,-9.6,10.4,50.61290322580645,24.0,95.0,2.8096774193548386,0.6,6.6
201801,9,부산,0.39354838709677437,-8.6,10.6,48.483870967741936,24.0,95.0,2.770967741935484,0.2,6.5
201801,10,부산,1.7096774193548387,-7.9,10.9,46.67741935483871,23.0,95.0,2.9516129032258065,0.4,7.6
201801,11,부산,3.1903225806451614,-6.5,10.7,42.74193548387097,21.0,95.0,2.8451612903225807,0.1,6.0
201801,12,부산,4.261290322580645,-5.5,11.4,39.516129032258064,19.0,95.0,3.3096774193548386,0.5,8.2
201801,13,부산,4.990322580645161,-4.2,12.2,38.12903225806452,18.0,95.0,3.4129032258064513,0.8,8.7
201801,14,부산,5.67741935483871,-3.2,13.6,37.61290322580645,17.0,96.0,3.3548387096774195,1.4,10.1
201801,15,부산,5.741935483870968,-2.9,13.6,37.38709677419355,17.0,96.0,3.512903225806452,1.2,10.1
201801,16,부산,5.245161290322581,-3.0,13.5,37.03225806451613,15.0,96.0,3.064516129032258,0.8,9.8
201801,17,부산,4.354838709677419,-4.1,11.7,39.29032258064516,15.0,96.0,3.0032258064516126,0.9,6.9
201801,18,부산,3.116129032258064,-5.4,9.8,40.935483870967744,17.0,96.0,2.551612903225806,0.8,7.2
201801,19,부산,2.574193548387097,-6.4,9.3,41.61290322580645,18.0,96.0,2.3225806451612905,0.8,5.4
201801,20,부산,2.196774193548387,-7.1,8.5,42.96774193548387,19.0,95.0,2.8193548387096774,0.4,6.3
201801,21,부산,1.8225806451612903,-7.5,8.8,43.67741935483871,22.0,94.0,2.980645161290323,0.3,7.1
201801,22,부산,1.441935483870968,-7.9,8.6,44.645161290322584,23.0,93.0,2.7548387096774194,0.1,7.1
201801,23,부산,1.135483870967742,-8.2,8.5,46.61290322580645,22.0,93.0,2.8451612903225807,0.6,7.0
201802,0,부산,2.242857142857143,-6.4,9.4,43.82142857142857,16.0,81.0,3.242857142857143,0.0,6.9
201802,1,부산,1.8642857142857143,-6.7,9.1,44.357142857142854,16.0,82.0,3.3964285714285714,0.0,8.4
201802,2,부산,1.635714285714286,-7.2,8.6,43.32142857142857,17.0,75.0,3.460714285714286,0.0,7.2
201802,3,부산,1.3785714285714286,-7.6,8.5,43.642857142857146,17.0,75.0,3.585714285714286,0.0,6.8
201802,4,부산,1.1392857142857142,-8.3,8.1,43.392857142857146,18.0,75.0,3.5535714285714284,0.0,6.8
201802,5,부산,0.9535714285714285,-8.6,7.8,44.67857142857143,18.0,76.0,3.5464285714285713,0.0,7.8
201802,6,부산,0.7535714285714287,-9.0,8.1,45.42857142857143,18.0,77.0,3.3428571428571425,0.1,7.2
201802,7,부산,0.5178571428571429,-9.4,8.3,47.17857142857143,19.0,78.0,2.957142857142857,0.0,7.6
201802,8,부산,1.0178571428571428,-8.9,8.5,46.357142857142854,20.0,83.0,2.789285714285714,0.1,6.7
201802,9,부산,2.6,-7.7,9.6,42.607142857142854,16.0,79.0,3.257142857142857,0.6,7.9
201802,10,부산,4.321428571428571,-6.3,11.6,38.32142857142857,15.0,69.0,3.017857142857143,0.3,7.7
201802,11,부산,5.678571428571429,-4.8,12.5,35.607142857142854,14.0,61.0,3.4,1.0,7.7
201802,12,부산,6.853571428571429,-3.1,13.3,34.392857142857146,13.0,64.0,3.6999999999999997,1.7,8.3
201802,13,부산,7.460714285714286,-2.4,14.4,34.357142857142854,12.0,83.0,4.071428571428571,1.4,10.1
201802,14,부산,7.910714285714286,-1.3,14.0,34.392857142857146,12.0,87.0,3.9107142857142856,1.2,11.0
201802,15,부산,7.685714285714286,-0.9,13.3,35.642857142857146,12.0,91.0,4.3,1.7,7.9
201802,16,부산,7.207142857142857,-0.6,13.1,36.964285714285715,12.0,94.0,4.014285714285714,1.5,10.4
201802,17,부산,6.4750000000000005,-1.3,12.6,38.57142857142857,13.0,95.0,3.7392857142857143,1.4,10.0
201802,18,부산,5.353571428571429,-2.8,11.6,42.714285714285715,18.0,96.0,3.7035714285714287,1.6,8.2
201802,19,부산,4.653571428571429,-3.6,11.0,45.035714285714285,19.0,96.0,3.257142857142857,1.0,7.2
201802,20,부산,4.228571428571429,-4.4,11.2,45.42857142857143,20.0,96.0,3.182142857142857,1.0,7.9
201802,21,부산,3.7714285714285714,-5.0,12.3,44.964285714285715,17.0,89.0,3.1107142857142853,0.1,7.6
201802,22,부산,3.317857142857143,-5.4,11.6,45.25,16.0,87.0,3.0892857142857144,0.1,6.8
201802,23,부산,2.8964285714285714,-5.7,10.3,45.75,16.0,89.0,3.0285714285714285,0.1,6.8
201803,0,부산,8.37741935483871,2.5,15.0,69.0,29.0,96.0,3.6193548387096777,0.0,7.9
201803,1,부산,8.167741935483871,1.8,15.1,69.35483870967742,33.0,97.0,3.42258064516129,0.5,8.8
201803,2,부산,8.02258064516129,1.0,15.5,68.3225806451613,33.0,97.0,3.670967741935484,0.1,10.4
201803,3,부산,7.854838709677419,0.6,15.3,69.41935483870968,34.0,97.0,3.661290322580645,0.3,7.5
201803,4,부산,7.648387096774194,0.4,15.2,69.61290322580645,33.0,96.0,3.435483870967742,0.0,6.6
201803,5,부산,7.474193548387096,-0.1,15.1,69.06451612903226,34.0,97.0,3.532258064516129,0.0,8.2
201803,6,부산,7.270967741935484,-0.4,15.0,68.93548387096774,32.0,97.0,3.6419354838709674,0.2,7.7
201803,7,부산,7.280645161290322,-0.6,14.8,68.03225806451613,32.0,97.0,3.0806451612903225,0.0,5.4
201803,8,부산,8.490322580645161,0.6,15.5,64.64516129032258,30.0,97.0,3.074193548387097,0.6,6.9
201803,9,부산,10.048387096774194,2.3,17.2,60.064516129032256,27.0,97.0,3.083870967741935,0.5,6.9
201803,10,부산,11.312903225806451,2.3,18.4,57.03225806451613,27.0,97.0,3.5548387096774197,0.7,7.9
201803,11,부산,12.193548387096774,1.9,20.8,56.12903225806452,25.0,97.0,4.374193548387097,0.9,10.9
201803,12,부산,12.85483870967742,2.9,21.2,54.12903225806452,25.0,96.0,4.319354838709677,2.2,8.0
201803,13,부산,12.858064516129033,3.9,20.7,55.0,24.0,96.0,4.699999999999999,1.7,9.2
201803,14,부산,12.94516129032258,3.4,19.6,54.935483870967744,21.0,96.0,4.948387096774193,0.6,10.4
201803,15,부산,12.870967741935484,4.0,19.7,54.87096774193548,20.0,96.0,5.158064516129032,1.9,10.2
201803,16,부산,12.46774193548387,4.2,18.8,55.74193548387097,20.0,95.0,5.125806451612903,1.6,7.4
201803,17,부산,11.654838709677419,4.2,18.0,58.806451612903224,22.0,94.0,4.809677419354839,1.5,8.7
201803,18,부산,10.7,3.8,16.5,61.45161290322581,25.0,94.0,4.112903225806452,1.8,7.3
201803,19,부산,10.103225806451613,3.6,16.2,63.935483870967744,28.0,95.0,4.145161290322581,1.4,8.7
201803,20,부산,9.706451612903225,2.9,16.0,65.58064516129032,30.0,96.0,3.7806451612903227,0.7,7.0
201803,21,부산,9.422580645161291,2.5,15.6,66.2258064516129,28.0,96.0,3.8096774193548386,0.9,6.6
201803,22,부산,9.119354838709677,2.4,15.4,67.45161290322581,27.0,96.0,3.661290322580645,0.6,7.0
201803,23,부산,8.86774193548387,2.4,15.2,67.70967741935483,29.0,96.0,3.596774193548387,0.9,7.7
201804,0,부산,13.086666666666668,4.7,18.1,65.26666666666667,31.0,94.0,3.816666666666667,0.0,11.6
201804,1,부산,12.91,4.2,18.0,64.26666666666667,28.0,93.0,3.9266666666666667,0.1,12.7
201804,2,부산,12.796666666666665,4.4,17.8,64.83333333333333,25.0,94.0,3.7233333333333336,0.0,9.7
201804,3,부산,12.520000000000001,3.6,17.5,65.4,26.0,95.0,3.4833333333333334,0.4,12.2
201804,4,부산,12.176666666666668,3.4,16.7,67.5,25.0,95.0,3.3433333333333333,0.0,9.0
201804,5,부산,12.023333333333333,3.7,16.9,67.0,20.0,96.0,3.6366666666666663,0.2,9.0
201804,6,부산,11.93,3.1,17.2,67.53333333333333,19.0,96.0,3.3833333333333333,0.6,10.6
201804,7,부산,12.433333333333334,3.5,18.1,66.8,22.0,94.0,3.4033333333333333,0.5,8.1
201804,8,부산,13.746666666666666,4.6,18.4,63.166666666666664,20.0,94.0,3.1266666666666665,0.5,7.3
201804,9,부산,15.04,5.9,20.1,59.93333333333333,21.0,94.0,3.2866666666666666,1.2,6.8
201804,10,부산,15.943333333333333,5.7,21.4,57.766666666666666,21.0,95.0,3.606666666666667,1.4,7.5
201804,11,부산,16.56,6.8,22.4,57.6,20.0,96.0,4.126666666666667,1.6,8.0
201804,12,부산,16.92,7.7,22.7,57.8,18.0,96.0,4.276666666666667,1.7,7.8
201804,13,부산,17.086666666666666,8.8,23.0,58.266666666666666,18.0,96.0,4.61,1.4,9.2
201804,14,부산,17.293333333333333,9.1,23.4,57.06666666666667,20.0,97.0,5.026666666666667,2.4,9.5
201804,15,부산,17.153333333333332,9.7,23.1,56.93333333333333,24.0,96.0,5.3,2.2,9.3
201804,16,부산,16.983333333333334,9.3,23.3,57.233333333333334,28.0,96.0,5.1866666666666665,2.3,8.7
201804,17,부산,16.37666666666667,9.0,22.2,58.333333333333336,28.0,95.0,4.989999999999999,2.4,8.7
201804,18,부산,15.453333333333335,8.1,20.5,60.766666666666666,23.0,95.0,4.8,1.9,11.3
201804,19,부산,14.636666666666667,7.2,19.3,62.93333333333333,25.0,94.0,4.53,1.9,8.8
201804,20,부산,14.18,6.9,19.2,65.3,28.0,94.0,3.816666666666667,1.0,9.4
201804,21,부산,13.993333333333334,6.2,18.8,64.93333333333334,27.0,94.0,4.003333333333333,0.7,11.6
201804,22,부산,13.7,5.6,18.6,65.83333333333333,28.0,94.0,4.153333333333333,0.9,11.1
201804,23,부산,13.366666666666667,5.1,18.2,65.26666666666667,31.0,94.0,3.96,0.1,13.0
201805,0,부산,16.47241379310345,11.2,21.3,78.92307692307692,43.0,97.0,3.435483870967742,0.0,10.0
201805,1,부산,16.489285714285714,11.6,21.4,78.57692307692308,38.0,97.0,3.3870967741935485,0.2,10.9
201805,2,부산,16.255555555555556,11.5,21.2,78.42307692307692,34.0,97.0,3.6548387096774193,0.9,12.1
201805,3,부산,16.09642857142857,11.4,21.0,78.84615384615384,38.0,97.0,3.532258064516129,0.8,8.0
201805,4,부산,16.05185185185185,10.6,20.9,78.76,40.0,97.0,3.4064516129032256,0.6,10.7
201805,5,부산,15.618518518518519,10.1,20.9,81.30434782608695,49.0,97.0,3.3193548387096774,0.3,7.6
201805,6,부산,15.58148148148148,10.0,20.9,80.29166666666667,53.0,97.0,3.4419354838709677,0.8,7.9
201805,7,부산,16.557142857142857,11.1,21.1,78.77777777777777,45.0,97.0,3.2483870967741937,0.7,9.3
201805,8,부산,17.393103448275863,12.2,21.9,72.17241379310344,42.0,97.0,3.4838709677419355,0.8,7.7
201805,9,부산,18.52258064516129,12.7,24.0,69.38709677419355,34.0,97.0,3.5935483870967744,0.9,8.3
201805,10,부산,19.283870967741933,13.7,25.0,67.41935483870968,31.0,97.0,4.087096774193548,0.8,9.5
201805,11,부산,19.76774193548387,14.6,25.9,66.63333333333334,34.0,97.0,3.764516129032258,0.3,8.0
201805,12,부산,20.310344827586206,15.3,25.4,67.27586206896552,28.0,97.0,4.354838709677419,0.9,10.6
201805,13,부산,20.46206896551724,15.4,25.3,67.36666666666666,27.0,97.0,4.645161290322581,1.0,11.0
201805,14,부산,20.68888888888889,15.3,24.4,68.78571428571429,42.0,97.0,4.612903225806452,1.1,10.6
201805,15,부산,19.94333333333333,14.7,24.0,68.28571428571429,34.0,97.0,5.141935483870968,1.9,11.7
201805,16,부산,19.58709677419355,14.4,24.6,69.24137931034483,39.0,97.0,5.122580645161291,1.3,12.4
201805,17,부산,19.15806451612903,14.1,24.5,70.66666666666667,45.0,97.0,4.34516129032258,0.8,10.6
201805,18,부산,18.44193548387097,13.3,23.5,72.2,46.0,97.0,3.838709677419355,0.8,9.4
201805,19,부산,17.851612903225806,12.2,21.7,73.76666666666667,44.0,97.0,3.7903225806451615,0.0,10.4
201805,20,부산,17.363333333333333,11.6,21.2,75.25806451612904,36.0,97.0,3.9516129032258065,0.7,11.4
201805,21,부산,17.03793103448276,11.5,21.0,75.83870967741936,38.0,97.0,3.9838709677419355,0.8,11.3
201805,22,부산,17.03103448275862,11.3,21.2,77.7,43.0,97.0,3.7064516129032254,0.3,13.1
201805,23,부산,16.889655172413793,11.6,21.4,76.3,43.0,97.0,3.5354838709677416,0.6,10.2
201806,0,부산,20.026666666666664,16.2,23.4,79.03333333333333,48.0,97.0,2.9566666666666666,0.0,11.8
201806,1,부산,19.896666666666665,15.9,23.4,79.6896551724138,62.0,98.0,2.613333333333333,0.0,10.7
201806,2,부산,19.76551724137931,15.5,23.6,81.03571428571429,59.0,98.0,2.743333333333333,0.0,11.1
201806,3,부산,19.674074074074074,15.2,23.4,81.71428571428571,56.0,98.0,2.7800000000000002,0.0,10.1
201806,4,부산,19.555555555555557,15.1,23.1,82.37037037037037,62.0,98.0,2.703333333333333,0.6,7.9
201806,5,부산,19.48888888888889,15.3,22.8,82.5925925925926,62.0,98.0,2.7333333333333334,0.6,7.9
201806,6,부산,19.532142857142855,15.5,23.2,82.85185185185185,61.0,98.0,2.56,0.8,9.7
201806,7,부산,19.978571428571428,15.7,23.0,79.62068965517241,55.0,98.0,2.4233333333333333,0.4,8.6
201806,8,부산,21.163333333333334,15.6,24.7,75.0,49.0,98.0,2.6766666666666667,0.0,11.7
201806,9,부산,22.236666666666668,15.9,27.2,71.73333333333333,45.0,100.0,2.82,0.9,8.5
201806,10,부산,22.82,16.0,28.2,70.6,41.0,99.0,3.0766666666666667,0.4,5.0
201806,11,부산,23.053571428571427,16.6,29.7,70.34482758620689,39.0,99.0,3.4366666666666665,0.1,8.3
201806,12,부산,23.641379310344828,16.9,30.6,69.10344827586206,35.0,98.0,3.7,1.4,7.6
201806,13,부산,23.373076923076926,17.7,29.9,70.34615384615384,37.0,98.0,3.9633333333333334,0.0,8.6
201806,14,부산,23.685714285714287,18.7,28.8,68.88888888888889,44.0,98.0,3.8266666666666667,0.9,9.6
201806,15,부산,23.707142857142856,19.0,27.8,69.0,39.0,98.0,3.7766666666666664,0.2,9.5
201806,16,부산,23.50689655172414,19.2,28.8,68.21428571428571,41.0,98.0,3.6633333333333336,0.3,7.6
201806,17,부산,23.175,19.3,28.7,70.0,43.0,98.0,3.6966666666666668,1.2,11.0
201806,18,부산,22.433333333333334,18.9,27.1,72.65517241379311,44.0,98.0,3.643333333333333,1.2,11.2
201806,19,부산,21.543333333333333,17.8,25.7,75.7,39.0,98.0,3.3366666666666664,0.7,7.9
201806,20,부산,21.110344827586207,17.4,24.9,77.06666666666666,40.0,98.0,3.14,0.6,10.6
201806,21,부산,20.7448275862069,17.0,23.3,78.26666666666667,47.0,98.0,3.19,0.0,10.9
201806,22,부산,20.42,16.8,23.3,78.93333333333334,48.0,98.0,2.9466666666666668,0.0,10.2
201806,23,부산,20.206666666666667,16.5,23.6,80.93333333333334,48.0,98.0,2.77,0.0,11.4
201807,0,부산,25.183870967741935,18.6,28.8,81.64516129032258,58.0,98.0,2.629032258064516,1.1,5.1
201807,1,부산,24.932258064516127,18.4,28.6,83.7741935483871,65.0,98.0,2.6258064516129034,0.8,5.1
201807,2,부산,24.799999999999997,18.0,28.8,84.16129032258064,66.0,98.0,2.4709677419354836,0.2,4.5
201807,3,부산,24.664516129032258,17.9,29.0,84.96774193548387,69.0,98.0,2.5548387096774197,0.8,5.3
201807,4,부산,24.509677419354837,18.0,29.0,86.3225806451613,68.0,98.0,2.4129032258064513,0.6,4.6
201807,5,부산,24.429032258064513,17.8,28.7,86.61290322580645,69.0,98.0,2.635483870967742,0.2,5.0
201807,6,부산,24.4,17.8,27.8,86.74193548387096,70.0,98.0,2.364516129032258,0.6,4.2
201807,7,부산,25.177419354838708,18.3,28.6,84.29032258064517,69.0,98.0,2.2838709677419353,0.7,5.1
201807,8,부산,26.561290322580643,18.9,30.4,77.80645161290323,64.0,98.0,2.4064516129032256,0.7,4.9
201807,9,부산,27.493548387096773,19.4,31.7,74.74193548387096,60.0,98.0,2.770967741935484,0.6,5.2
201807,10,부산,28.31935483870968,19.4,33.2,72.64516129032258,54.0,97.0,3.164516129032258,1.1,5.7
201807,11,부산,28.880645161290325,19.6,33.8,71.7741935483871,52.0,97.0,3.4129032258064513,1.8,6.8
201807,12,부산,29.106451612903225,19.9,33.7,70.48387096774194,46.0,97.0,3.6580645161290324,0.8,6.5
201807,13,부산,29.10967741935484,20.1,34.9,70.48387096774194,42.0,96.0,3.9612903225806453,1.1,6.7
201807,14,부산,29.161290322580644,21.0,34.3,69.74193548387096,43.0,97.0,3.8774193548387097,1.1,7.2
201807,15,부산,29.16774193548387,21.0,34.2,70.03225806451613,46.0,97.0,4.009677419354839,1.2,6.4
201807,16,부산,28.76774193548387,20.3,33.8,70.64516129032258,48.0,96.0,4.067741935483871,1.5,6.8
201807,17,부산,28.287096774193547,20.3,32.8,71.7741935483871,52.0,96.0,3.574193548387097,1.0,6.6
201807,18,부산,27.322580645161292,20.2,31.2,74.58064516129032,55.0,96.0,3.4516129032258065,1.0,7.3
201807,19,부산,26.603225806451615,19.4,30.2,77.16129032258064,56.0,96.0,3.225806451612903,1.5,7.9
201807,20,부산,26.016129032258064,18.8,29.8,79.06451612903226,61.0,96.0,2.835483870967742,1.3,6.7
201807,21,부산,25.793548387096774,18.8,29.7,79.2258064516129,60.0,96.0,2.6322580645161286,0.8,6.6
201807,22,부산,25.729032258064517,18.9,29.3,78.93548387096774,58.0,96.0,2.7161290322580647,0.7,5.5
201807,23,부산,25.603225806451615,18.8,29.0,79.96774193548387,62.0,97.0,2.7903225806451615,1.2,5.4
201808,0,부산,26.583870967741937,22.3,29.5,79.06451612903226,58.0,96.0,3.196774193548387,0.3,7.4
201808,1,부산,26.432258064516127,22.0,29.4,79.64516129032258,59.0,93.0,2.9064516129032256,0.2,9.4
201808,2,부산,26.36774193548387,22.0,29.2,79.87096774193549,58.0,95.0,2.925806451612903,0.3,7.5
201808,3,부산,26.261290322580646,21.9,29.2,79.96774193548387,60.0,95.0,3.293548387096774,0.4,11.2
201808,4,부산,26.09032258064516,21.8,28.7,81.3225806451613,61.0,96.0,3.009677419354839,0.7,12.4
201808,5,부산,26.019354838709678,21.6,28.3,81.12903225806451,62.0,96.0,3.135483870967742,0.5,14.4
201808,6,부산,25.948387096774194,21.3,28.3,81.12903225806451,62.0,97.0,2.7903225806451615,0.3,13.9
201808,7,부산,26.583870967741937,22.6,29.1,78.87096774193549,61.0,97.0,2.7451612903225806,0.4,13.9
201808,8,부산,27.761290322580646,24.4,30.8,74.25806451612904,56.0,97.0,3.383870967741936,0.8,13.4
201808,9,부산,28.822580645161292,25.0,32.4,70.96774193548387,56.0,97.0,3.8483870967741933,1.4,13.8
201808,10,부산,29.516129032258064,25.5,33.1,68.51612903225806,50.0,97.0,4.080645161290323,1.4,12.5
201808,11,부산,30.161290322580644,25.7,35.0,66.90322580645162,50.0,96.0,4.164516129032258,1.2,13.5
201808,12,부산,30.48709677419355,25.9,36.0,65.74193548387096,46.0,94.0,4.338709677419355,1.3,12.2
201808,13,부산,30.12258064516129,24.9,35.9,67.7741935483871,47.0,93.0,4.638709677419355,1.0,12.1
201808,14,부산,30.029032258064515,23.9,34.1,68.61290322580645,42.0,96.0,4.635483870967741,0.4,10.4
201808,15,부산,30.02258064516129,24.7,34.2,67.87096774193549,43.0,90.0,4.593548387096774,1.3,9.5
201808,16,부산,29.6,25.1,35.4,69.0,50.0,94.0,4.312903225806451,2.3,7.9
201808,17,부산,28.996774193548386,24.6,34.0,71.29032258064517,51.0,94.0,3.9612903225806453,1.8,7.3
201808,18,부산,28.22258064516129,24.9,33.0,74.16129032258064,55.0,93.0,3.6516129032258067,1.7,8.1
201808,19,부산,27.56451612903226,24.6,31.9,76.25806451612904,57.0,93.0,3.370967741935484,0.5,8.0
201808,20,부산,27.14516129032258,24.0,30.5,77.16129032258064,60.0,96.0,3.267741935483871,1.2,10.2
201808,21,부산,26.951612903225808,23.6,30.1,78.12903225806451,59.0,94.0,3.458064516129032,1.1,8.0
201808,22,부산,26.68064516129032,23.3,29.9,78.93548387096774,60.0,96.0,3.2129032258064516,1.3,7.1
201808,23,부산,26.548387096774192,22.8,30.2,79.35483870967742,60.0,97.0,3.0354838709677416,1.0,6.1
201809,0,부산,20.986666666666668,16.9,24.6,79.96666666666667,58.0,98.0,2.49,0.3,5.1
201809,1,부산,20.776666666666664,16.5,24.4,79.5,53.0,98.0,2.3733333333333335,0.0,3.7
201809,2,부산,20.673333333333336,15.9,24.4,79.16666666666667,44.0,98.0,2.76,0.4,5.7
201809,3,부산,20.616666666666667,15.7,24.4,78.93333333333334,41.0,98.0,2.683333333333333,0.7,5.7
201809,4,부산,20.540000000000003,15.5,24.5,79.03333333333333,41.0,98.0,2.8333333333333335,0.1,7.1
201809,5,부산,20.39333333333333,15.1,24.8,79.66666666666667,42.0,98.0,2.81,0.5,7.3
201809,6,부산,20.209999999999997,15.7,24.6,80.63333333333334,42.0,98.0,2.8066666666666666,0.6,8.4
201809,7,부산,20.336666666666666,16.9,23.6,80.46666666666667,42.0,98.0,2.6233333333333335,0.0,7.6
201809,8,부산,21.1,17.2,23.8,78.1,46.0,98.0,2.89,0.7,5.2
201809,9,부산,21.89333333333333,17.8,25.7,77.0,49.0,98.0,2.94,0.3,5.7
201809,10,부산,22.84333333333333,17.9,26.5,74.4,51.0,97.0,2.9866666666666664,0.3,6.1
201809,11,부산,23.23,18.0,27.2,73.73333333333333,49.0,97.0,3.06,0.9,6.9
201809,12,부산,23.709999999999997,17.8,27.7,72.73333333333333,45.0,98.0,3.1300000000000003,0.8,5.8
201809,13,부산,24.253333333333334,17.3,27.7,71.23333333333333,43.0,98.0,3.4699999999999998,1.7,7.6
201809,14,부산,24.373333333333335,17.4,27.8,70.8,38.0,98.0,3.4266666666666667,0.8,7.1
201809,15,부산,24.266666666666666,17.3,29.4,69.9,42.0,98.0,3.7133333333333334,1.4,6.9
201809,16,부산,23.83,17.5,29.5,71.0,42.0,97.0,3.69,1.6,6.7
201809,17,부산,23.373333333333335,17.7,29.6,72.0,48.0,97.0,3.42,1.2,7.1
201809,18,부산,22.60666666666667,17.8,27.3,74.9,44.0,98.0,3.296666666666667,1.1,5.2
201809,19,부산,22.006666666666668,17.8,26.4,76.9,47.0,98.0,2.99,0.0,6.1
201809,20,부산,21.743333333333336,17.7,25.8,76.63333333333334,47.0,98.0,3.0233333333333334,1.5,5.6
201809,21,부산,21.45,17.9,25.5,76.83333333333333,44.0,98.0,2.9266666666666667,0.1,5.0
201809,22,부산,21.18,17.3,24.9,77.36666666666666,39.0,97.0,2.5533333333333332,0.0,4.0
201809,23,부산,20.923333333333336,16.4,24.7,77.73333333333333,44.0,98.0,2.67,0.8,4.5
201810,0,부산,14.8,8.5,20.3,66.7741935483871,47.0,97.0,1.5774193548387097,0.0,6.5
201810,1,부산,14.612903225806452,8.6,21.5,66.7741935483871,47.0,96.0,1.3354838709677421,0.0,6.2
201810,2,부산,14.438709677419356,8.2,22.0,67.09677419354838,47.0,96.0,1.1774193548387097,0.0,5.9
201810,3,부산,14.283870967741937,8.4,22.6,67.93548387096774,44.0,96.0,1.7451612903225806,0.0,6.6
201810,4,부산,14.02258064516129,8.9,22.8,68.58064516129032,47.0,97.0,1.5096774193548386,0.0,6.0
201810,5,부산,13.838709677419354,8.8,23.5,68.06451612903226,36.0,96.0,1.6612903225806452,0.0,7.7
201810,6,부산,13.648387096774194,8.1,22.8,68.64516129032258,36.0,97.0,1.864516129032258,0.0,6.9
201810,7,부산,13.69032258064516,8.1,22.5,67.90322580645162,41.0,97.0,1.8225806451612903,0.0,9.3
201810,8,부산,15.096774193548388,9.4,22.3,64.70967741935483,43.0,97.0,2.0387096774193547,0.0,8.6
201810,9,부산,16.703225806451613,10.9,22.2,60.774193548387096,39.0,98.0,2.0870967741935487,0.1,11.7
201810,10,부산,18.203225806451613,12.2,24.4,55.903225806451616,34.0,97.0,2.0451612903225804,0.0,15.9
201810,11,부산,19.40967741935484,12.5,24.9,52.516129032258064,36.0,97.0,2.661290322580645,0.1,18.1
201810,12,부산,19.838709677419356,13.0,23.9,52.54838709677419,35.0,97.0,2.7451612903225806,0.1,15.0
201810,13,부산,20.23225806451613,14.0,24.7,50.645161290322584,33.0,98.0,2.5935483870967744,0.1,8.1
201810,14,부산,20.31935483870968,14.8,24.3,51.806451612903224,33.0,98.0,2.8161290322580643,0.2,8.0
201810,15,부산,19.567741935483873,14.5,23.8,53.483870967741936,34.0,98.0,2.735483870967742,0.5,8.4
201810,16,부산,18.938709677419357,13.9,23.0,55.03225806451613,35.0,96.0,2.6741935483870964,0.2,8.4
201810,17,부산,18.164516129032258,13.3,22.5,57.87096774193548,35.0,95.0,2.2806451612903227,0.2,9.6
201810,18,부산,17.164516129032258,11.5,21.7,60.96774193548387,36.0,95.0,2.003225806451613,0.1,7.2
201810,19,부산,16.49032258064516,10.9,21.4,64.03225806451613,40.0,94.0,1.467741935483871,0.0,6.9
201810,20,부산,15.958064516129031,10.8,20.8,65.19354838709677,45.0,94.0,1.5806451612903225,0.0,6.3
201810,21,부산,15.651612903225805,9.9,20.5,65.16129032258064,44.0,95.0,1.4548387096774194,0.0,6.9
201810,22,부산,15.248387096774193,9.6,20.2,65.29032258064517,47.0,95.0,1.4580645161290324,0.0,5.6
201810,23,부산,14.935483870967742,9.1,19.9,66.35483870967742,46.0,97.0,1.5096774193548386,0.0,6.2
201811,0,부산,10.636666666666667,4.2,16.1,62.03333333333333,32.0,89.0,1.99,0.0,8.8
201811,1,부산,10.56,4.2,16.1,61.46666666666667,31.0,85.0,2.1666666666666665,0.0,7.6
201811,2,부산,10.42,3.9,15.6,62.166666666666664,33.0,88.0,2.5833333333333335,0.0,6.2
201811,3,부산,10.07,3.6,15.6,64.13333333333334,36.0,92.0,2.6733333333333333,0.0,6.1
201811,4,부산,9.96,3.4,15.8,64.83333333333333,37.0,95.0,2.42,0.0,5.3
201811,5,부산,9.786666666666667,3.2,15.4,65.5,38.0,90.0,2.2933333333333334,0.0,6.6
201811,6,부산,9.516666666666667,3.0,15.5,65.9,40.0,94.0,1.9266666666666665,0.0,4.9
201811,7,부산,9.4,2.8,15.8,65.26666666666667,39.0,93.0,2.1566666666666667,0.0,6.6
201811,8,부산,10.42,4.1,15.9,59.6,31.0,93.0,1.9433333333333331,0.0,5.2
201811,9,부산,12.223333333333333,6.1,17.5,54.6,29.0,92.0,2.0233333333333334,0.0,5.9
201811,10,부산,13.973333333333333,7.5,19.3,50.13333333333333,30.0,89.0,2.1733333333333333,0.0,7.5
201811,11,부산,15.543333333333333,7.6,20.6,45.56666666666667,29.0,89.0,2.2266666666666666,0.0,6.1
201811,12,부산,16.313333333333333,8.8,21.4,43.93333333333333,23.0,94.0,2.5633333333333335,0.8,6.7
201811,13,부산,16.64,10.6,21.4,45.5,18.0,96.0,2.9099999999999997,0.8,5.6
201811,14,부산,16.65,9.4,22.3,46.666666666666664,20.0,96.0,2.7233333333333336,0.2,6.6
201811,15,부산,15.816666666666666,9.1,20.4,48.63333333333333,19.0,97.0,2.95,0.4,6.1
201811,16,부산,14.819999999999999,9.3,18.8,50.7,18.0,97.0,2.76,0.5,7.8
201811,17,부산,13.8,7.9,18.8,54.36666666666667,23.0,97.0,2.5833333333333335,0.0,7.1
201811,18,부산,12.836666666666668,6.8,18.7,56.7,24.0,97.0,2.0966666666666667,0.0,8.2
201811,19,부산,12.213333333333333,5.9,17.8,58.333333333333336,27.0,97.0,1.62,0.0,7.3
201811,20,부산,11.746666666666666,5.5,17.9,60.7,29.0,97.0,1.6733333333333333,0.0,7.4
201811,21,부산,11.426666666666668,5.2,17.9,61.86666666666667,30.0,97.0,1.7266666666666666,0.0,10.4
201811,22,부산,11.146666666666667,4.7,16.6,61.5,33.0,94.0,1.74,0.0,8.8
201811,23,부산,10.93,4.5,16.4,61.46666666666667,31.0,91.0,2.1733333333333333,0.0,10.3
201812,0,부산,4.596774193548387,-4.7,16.1,50.03225806451613,20.0,97.0,2.7516129032258063,0.2,6.2
201812,1,부산,4.351612903225806,-5.2,15.8,51.193548387096776,20.0,97.0,2.629032258064516,0.5,7.9
201812,2,부산,4.280645161290322,-6.0,16.2,51.645161290322584,19.0,97.0,2.851612903225807,0.1,7.2
201812,3,부산,4.119354838709677,-6.4,16.1,52.483870967741936,20.0,97.0,2.6548387096774193,0.3,7.2
201812,4,부산,3.938709677419355,-6.6,16.1,53.645161290322584,19.0,97.0,3.074193548387097,0.4,7.7
201812,5,부산,3.6548387096774193,-6.8,16.0,54.12903225806452,18.0,98.0,3.0548387096774197,0.6,8.4
201812,6,부산,3.47741935483871,-6.9,15.9,54.61290322580645,19.0,97.0,2.638709677419355,0.0,5.9
201812,7,부산,3.3870967741935485,-7.1,16.0,53.806451612903224,20.0,97.0,2.738709677419355,0.0,5.3
201812,8,부산,3.4838709677419355,-6.5,16.0,54.12903225806452,20.0,98.0,2.7870967741935484,0.7,6.7
201812,9,부산,4.851612903225806,-5.5,16.8,51.70967741935484,17.0,98.0,2.803225806451613,0.4,7.4
201812,10,부산,6.238709677419355,-3.8,17.2,49.03225806451613,15.0,98.0,2.4193548387096775,0.0,5.9
201812,11,부산,7.248387096774193,-2.5,17.6,47.225806451612904,13.0,95.0,3.045161290322581,0.2,6.5
201812,12,부산,7.929032258064517,-1.3,18.6,44.903225806451616,12.0,94.0,3.2903225806451615,0.4,6.5
201812,13,부산,8.593548387096773,-0.9,18.3,43.29032258064516,13.0,94.0,3.235483870967742,1.0,7.3
201812,14,부산,9.04516129032258,-0.4,18.1,42.03225806451613,13.0,93.0,2.9838709677419355,1.1,6.3
201812,15,부산,8.97741935483871,0.2,18.5,42.03225806451613,14.0,88.0,2.8774193548387097,0.9,6.4
201812,16,부산,8.525806451612903,-0.2,18.3,42.96774193548387,12.0,89.0,2.6548387096774193,0.0,5.5
201812,17,부산,7.164516129032258,-0.9,18.2,44.064516129032256,11.0,94.0,3.019354838709677,0.7,5.8
201812,18,부산,6.358064516129032,-1.4,17.8,44.483870967741936,13.0,94.0,2.893548387096774,1.0,4.9
201812,19,부산,5.925806451612904,-2.1,17.6,44.83870967741935,15.0,93.0,2.7516129032258063,0.4,5.0
201812,20,부산,5.554838709677419,-2.9,17.7,46.61290322580645,17.0,93.0,3.206451612903226,1.0,6.7
201812,21,부산,5.180645161290323,-3.0,17.2,48.354838709677416,18.0,95.0,3.032258064516129,0.7,7.9
201812,22,부산,4.987096774193549,-3.3,16.9,48.193548387096776,18.0,94.0,2.8129032258064517,0.0,7.7
201812,23,부산,4.741935483870968,-3.7,16.5,48.096774193548384,19.0,96.0,2.990322580645161,0.4,6.0
201901,0,부산,3.3451612903225807,-0.8,8.4,38.483870967741936,17.0,82.0,3.1516129032258067,1.0,6.0
201901,1,부산,3.02258064516129,-1.2,8.5,39.516129032258064,17.0,86.0,3.5580645161290323,0.9,6.1
201901,2,부산,2.770967741935484,-1.6,8.6,39.516129032258064,16.0,84.0,3.5548387096774197,0.7,5.9
201901,3,부산,2.267741935483871,-1.9,8.0,40.03225806451613,18.0,82.0,3.425806451612903,0.7,6.5
201901,4,부산,1.964516129032258,-3.1,7.6,40.83870967741935,18.0,82.0,3.0,0.5,6.3
201901,5,부산,1.670967741935484,-3.8,6.7,42.16129032258065,17.0,80.0,3.129032258064516,0.8,6.4
201901,6,부산,1.441935483870968,-3.9,5.8,44.16129032258065,18.0,83.0,3.032258064516129,0.6,7.5
201901,7,부산,1.2096774193548387,-4.4,6.0,45.12903225806452,18.0,89.0,2.9838709677419355,0.0,6.7
201901,8,부산,1.4193548387096775,-4.3,5.5,45.58064516129032,20.0,93.0,2.2,0.0,5.9
201901,9,부산,2.8483870967741933,-3.5,6.8,43.32258064516129,17.0,92.0,2.4612903225806453,0.1,6.0
201901,10,부산,4.180645161290323,-2.1,8.6,41.38709677419355,17.0,94.0,2.9129032258064513,0.1,7.5
201901,11,부산,5.467741935483871,-0.3,11.2,38.32258064516129,16.0,94.0,3.264516129032258,1.0,6.0
201901,12,부산,6.796774193548386,1.4,11.2,35.645161290322584,16.0,93.0,3.264516129032258,0.6,5.1
201901,13,부산,7.67741935483871,0.8,12.2,34.25806451612903,17.0,94.0,3.6193548387096777,0.3,5.8
201901,14,부산,8.051612903225806,0.6,13.3,34.193548387096776,18.0,95.0,4.02258064516129,1.6,7.8
201901,15,부산,8.493548387096775,0.8,13.4,33.806451612903224,17.0,94.0,3.819354838709677,1.4,6.5
201901,16,부산,8.25483870967742,1.2,11.2,34.29032258064516,15.0,94.0,3.4483870967741934,1.2,5.7
201901,17,부산,7.629032258064516,2.0,10.8,35.38709677419355,16.0,89.0,3.1322580645161286,1.4,4.9
201901,18,부산,6.174193548387097,1.6,9.7,36.483870967741936,16.0,79.0,3.064516129032258,1.6,5.2
201901,19,부산,5.551612903225807,0.8,9.6,38.225806451612904,17.0,78.0,2.9451612903225803,0.0,7.1
201901,20,부산,5.051612903225807,0.2,8.8,38.645161290322584,16.0,76.0,2.987096774193548,0.0,6.2
201901,21,부산,4.551612903225807,-0.2,8.5,39.38709677419355,15.0,76.0,2.803225806451613,0.0,5.8
201901,22,부산,4.070967741935484,-0.6,8.7,38.74193548387097,16.0,82.0,2.674193548387097,0.0,5.7
201901,23,부산,3.6225806451612903,-1.1,8.6,39.064516129032256,16.0,85.0,2.8096774193548386,0.1,6.0
201902,0,부산,5.121428571428572,-1.5,10.1,52.07142857142857,22.0,84.0,3.0035714285714286,0.7,6.7
201902,1,부산,4.853571428571429,-1.8,9.8,52.607142857142854,20.0,82.0,3.125,0.1,6.6
201902,2,부산,4.5928571428571425,-2.3,9.6,54.07142857142857,21.0,83.0,3.292857142857143,0.4,7.8
201902,3,부산,4.335714285714286,-2.7,9.4,54.892857142857146,19.0,89.0,2.892857142857143,0.4,7.2
201902,4,부산,4.182142857142857,-3.3,9.5,55.25,19.0,91.0,2.7178571428571425,0.7,6.6
201902,5,부산,3.907142857142857,-3.4,10.2,56.07142857142857,18.0,95.0,2.585714285714286,0.3,6.2
201902,6,부산,3.7178571428571425,-4.0,11.4,55.32142857142857,21.0,96.0,2.7821428571428575,0.0,5.4
201902,7,부산,3.482142857142857,-4.0,12.2,55.67857142857143,25.0,96.0,3.007142857142857,0.0,5.8
201902,8,부산,3.967857142857143,-3.3,12.4,53.392857142857146,20.0,97.0,2.585714285714286,0.0,5.4
201902,9,부산,5.325,-1.4,13.0,50.607142857142854,21.0,97.0,2.7214285714285715,0.6,5.0
201902,10,부산,6.917857142857143,-0.2,14.1,47.5,21.0,97.0,2.7642857142857147,0.6,6.3
201902,11,부산,8.132142857142856,0.7,14.3,45.0,19.0,96.0,3.310714285714286,0.6,6.7
201902,12,부산,9.557142857142859,2.0,16.1,42.357142857142854,18.0,96.0,2.775,0.3,5.6
201902,13,부산,10.103571428571428,2.3,15.4,41.75,17.0,96.0,3.0214285714285714,1.2,5.4
201902,14,부산,10.157142857142857,4.7,15.7,41.92857142857143,17.0,92.0,3.2642857142857147,1.5,5.6
201902,15,부산,10.103571428571428,4.5,15.5,43.07142857142857,17.0,90.0,3.557142857142857,1.1,6.8
201902,16,부산,9.846428571428572,4.7,14.4,43.357142857142854,16.0,90.0,3.3428571428571425,1.6,7.0
201902,17,부산,9.160714285714286,4.0,13.3,44.642857142857146,18.0,86.0,3.2464285714285714,0.6,7.8
201902,18,부산,7.921428571428572,2.6,12.9,46.92857142857143,18.0,85.0,3.107142857142857,1.2,9.5
201902,19,부산,7.189285714285715,1.7,12.0,47.857142857142854,16.0,85.0,2.607142857142857,0.5,6.0
201902,20,부산,6.742857142857143,1.3,11.0,49.07142857142857,19.0,86.0,2.585714285714286,0.5,4.5
201902,21,부산,6.332142857142857,0.8,11.1,50.5,19.0,84.0,2.5107142857142857,0.4,6.6
201902,22,부산,6.046428571428572,0.8,10.7,50.92857142857143,22.0,84.0,2.7142857142857144,0.3,6.1
201902,23,부산,5.714285714285714,0.5,10.5,51.5,22.0,86.0,2.7035714285714287,0.0,5.5
201903,0,부산,9.238709677419354,3.6,14.1,58.58064516129032,28.0,96.0,3.4419354838709677,0.0,7.1
201903,1,부산,9.093548387096773,3.3,15.4,59.16129032258065,27.0,96.0,3.806451612903226,0.0,12.0
201903,2,부산,8.709677419354838,2.5,16.7,59.41935483870968,29.0,94.0,3.3677419354838714,0.3,9.3
201903,3,부산,8.429032258064517,1.8,16.9,58.935483870967744,28.0,93.0,3.170967741935484,0.2,7.3
201903,4,부산,8.083870967741936,1.4,16.4,59.903225806451616,28.0,93.0,2.8096774193548386,0.0,6.4
201903,5,부산,7.903225806451613,1.2,16.1,59.806451612903224,29.0,94.0,3.2129032258064516,0.1,6.4
201903,6,부산,7.651612903225806,1.0,15.8,60.903225806451616,30.0,94.0,2.987096774193548,0.4,8.1
201903,7,부산,7.538709677419354,0.7,15.2,60.903225806451616,29.0,94.0,2.958064516129032,0.0,7.2
201903,8,부산,8.451612903225806,2.4,15.3,58.29032258064516,28.0,94.0,2.980645161290323,0.0,6.8
201903,9,부산,9.883870967741935,3.6,16.2,53.83870967741935,26.0,93.0,3.045161290322581,0.0,6.1
201903,10,부산,11.203225806451613,5.5,16.6,50.354838709677416,20.0,93.0,3.138709677419355,0.0,7.0
201903,11,부산,12.503225806451614,6.2,18.1,45.903225806451616,17.0,92.0,3.4709677419354836,1.3,7.3
201903,12,부산,13.480645161290322,7.1,19.2,43.70967741935484,16.0,92.0,3.706451612903226,0.8,6.9
201903,13,부산,13.638709677419355,8.0,18.2,45.12903225806452,17.0,93.0,4.451612903225806,1.3,7.6
201903,14,부산,13.670967741935485,8.6,19.8,45.87096774193548,16.0,92.0,4.97741935483871,1.4,9.7
201903,15,부산,13.751612903225807,8.6,20.6,45.74193548387097,19.0,86.0,5.035483870967742,1.5,9.0
201903,16,부산,13.725806451612904,8.6,20.5,45.903225806451616,22.0,82.0,4.719354838709678,0.2,9.0
201903,17,부산,12.825806451612904,6.1,19.2,50.61290322580645,19.0,85.0,4.596774193548387,1.3,10.9
201903,18,부산,11.899999999999999,7.9,16.3,54.064516129032256,19.0,86.0,4.635483870967741,0.6,10.1
201903,19,부산,11.061290322580644,6.9,14.9,56.12903225806452,21.0,85.0,4.035483870967742,0.5,9.5
201903,20,부산,10.54516129032258,6.2,14.5,57.29032258064516,22.0,88.0,3.638709677419355,0.0,8.9
201903,21,부산,10.096774193548388,5.3,14.1,58.38709677419355,23.0,94.0,3.1903225806451614,0.0,7.5
201903,22,부산,9.709677419354838,4.8,14.0,58.225806451612904,25.0,95.0,3.1548387096774193,1.0,6.8
201903,23,부산,9.422580645161291,4.3,14.4,58.16129032258065,28.0,95.0,2.829032258064516,0.1,6.7
201904,0,부산,11.756666666666666,4.6,15.8,60.1,24.0,96.0,2.5233333333333334,0.5,5.9
201904,1,부산,11.610000000000001,4.2,15.7,59.36666666666667,22.0,96.0,2.5533333333333332,0.5,6.4
201904,2,부산,11.403333333333334,3.6,15.8,60.56666666666667,25.0,97.0,2.4266666666666667,0.1,5.3
201904,3,부산,11.183333333333334,3.2,15.9,62.46666666666667,32.0,97.0,2.8033333333333332,0.0,8.2
201904,4,부산,11.05,2.8,15.9,63.233333333333334,30.0,97.0,2.5933333333333333,0.3,6.9
201904,5,부산,10.886666666666667,2.6,16.0,63.43333333333333,29.0,97.0,2.6,0.3,5.9
201904,6,부산,10.686666666666667,2.2,16.0,64.96666666666667,29.0,97.0,2.2766666666666664,0.3,5.4
201904,7,부산,11.146666666666667,2.6,16.1,63.666666666666664,29.0,97.0,2.7800000000000002,0.3,7.5
201904,8,부산,12.453333333333335,4.6,17.6,60.2,26.0,98.0,2.49,0.0,6.8
201904,9,부산,13.776666666666667,5.7,19.5,56.9,19.0,98.0,2.83,0.7,6.4
201904,10,부산,14.69,7.2,20.9,53.733333333333334,19.0,98.0,2.9833333333333334,0.7,6.8
201904,11,부산,15.396666666666667,8.9,21.7,52.43333333333333,20.0,98.0,3.3466666666666667,0.5,6.2
201904,12,부산,15.856666666666666,10.3,22.0,52.8,20.0,98.0,3.783333333333333,1.7,7.1
201904,13,부산,16.13,11.5,22.7,53.03333333333333,20.0,98.0,4.003333333333333,0.9,7.7
201904,14,부산,16.36,11.7,22.9,52.833333333333336,19.0,96.0,3.9633333333333334,1.1,7.3
201904,15,부산,16.133333333333333,11.8,23.1,53.96666666666667,20.0,96.0,3.9233333333333333,1.6,7.2
201904,16,부산,15.693333333333333,11.5,22.8,55.166666666666664,21.0,96.0,4.25,1.9,7.2
201904,17,부산,14.943333333333333,10.6,21.5,57.733333333333334,24.0,96.0,4.206666666666667,1.7,7.2
201904,18,부산,14.396666666666667,10.1,20.2,59.766666666666666,25.0,96.0,3.966666666666667,1.4,7.9
201904,19,부산,13.426666666666668,9.7,18.8,62.4,30.0,96.0,3.563333333333333,1.2,6.9
201904,20,부산,12.956666666666667,8.5,17.9,63.13333333333333,29.0,96.0,3.393333333333333,1.2,7.0
201904,21,부산,12.729999999999999,8.1,17.3,63.833333333333336,32.0,96.0,3.003333333333333,0.1,5.5
201904,22,부산,12.496666666666666,8.1,16.7,63.53333333333333,34.0,96.0,3.0133333333333336,0.4,7.1
201904,23,부산,12.276666666666667,7.6,16.3,61.96666666666667,31.0,96.0,2.6566666666666667,0.0,6.8
201905,0,부산,17.796774193548387,12.8,21.9,62.58064516129032,23.0,95.0,2.4387096774193546,0.0,5.6
201905,1,부산,17.612903225806452,12.5,22.5,60.41935483870968,25.0,94.0,2.7266666666666666,0.3,5.7
201905,2,부산,17.361290322580647,12.4,21.4,60.32258064516129,27.0,95.0,2.606666666666667,0.0,6.8
201905,3,부산,17.174193548387095,12.2,20.9,60.12903225806452,27.0,95.0,2.6266666666666665,0.0,5.8
201905,4,부산,16.787096774193547,11.3,20.5,61.67741935483871,28.0,95.0,2.5566666666666666,0.0,5.9
201905,5,부산,16.567741935483873,11.0,21.1,61.74193548387097,29.0,95.0,2.6233333333333335,0.0,5.3
201905,6,부산,16.548387096774192,11.0,21.6,61.70967741935484,28.0,95.0,2.4866666666666664,0.6,4.8
201905,7,부산,17.32903225806452,11.7,22.9,60.67741935483871,27.0,95.0,2.3633333333333337,0.3,6.4
201905,8,부산,19.148387096774194,13.3,24.4,55.16129032258065,29.0,93.0,2.646666666666667,0.8,6.2
201905,9,부산,20.570967741935487,15.7,26.5,52.516129032258064,26.0,95.0,2.75,1.1,4.8
201905,10,부산,21.238709677419354,16.6,27.1,52.54838709677419,24.0,96.0,3.07741935483871,0.4,7.0
201905,11,부산,21.806451612903224,17.0,28.0,51.225806451612904,25.0,96.0,3.635483870967742,1.3,6.1
201905,12,부산,22.003225806451614,16.9,28.9,51.935483870967744,23.0,96.0,4.1,1.4,6.9
201905,13,부산,22.20967741935484,17.1,29.9,52.774193548387096,27.0,96.0,4.503225806451613,1.8,11.5
201905,14,부산,21.919354838709676,17.0,26.5,55.41935483870968,26.0,96.0,4.812903225806451,2.5,13.5
201905,15,부산,21.683870967741935,16.7,26.7,54.67741935483871,24.0,96.0,4.535483870967742,2.3,9.7
201905,16,부산,21.654838709677417,16.5,26.4,55.03225806451613,26.0,96.0,4.406451612903226,1.2,7.6
201905,17,부산,21.364516129032257,16.0,26.8,53.193548387096776,28.0,96.0,4.087096774193548,1.1,11.2
201905,18,부산,20.506451612903227,14.5,24.2,56.38709677419355,31.0,96.0,3.9935483870967743,0.8,10.3
201905,19,부산,19.322580645161292,13.4,22.9,58.935483870967744,32.0,96.0,3.5903225806451613,0.8,8.6
201905,20,부산,18.651612903225807,13.1,22.3,61.483870967741936,34.0,96.0,3.361290322580645,0.5,8.9
201905,21,부산,18.33225806451613,13.1,22.4,62.03225806451613,33.0,96.0,3.167741935483871,0.3,10.2
201905,22,부산,18.10967741935484,13.0,22.2,62.67741935483871,35.0,96.0,2.829032258064516,0.8,5.3
201905,23,부산,17.96451612903226,12.9,22.9,62.0,23.0,96.0,2.648387096774193,0.5,5.7
201906,0,부산,19.46333333333333,16.4,23.3,78.46666666666667,54.0,98.0,2.61,0.8,6.3
201906,1,부산,19.346666666666668,16.5,23.3,78.33333333333333,49.0,98.0,2.1966666666666668,0.0,4.4
201906,2,부산,19.17,16.3,22.9,78.2,44.0,98.0,2.2233333333333336,0.7,4.1
201906,3,부산,19.146666666666665,16.0,22.5,77.6,45.0,98.0,2.1866666666666665,0.3,3.9
201906,4,부산,19.040000000000003,15.8,22.2,78.0,50.0,98.0,1.8133333333333332,0.4,3.9
201906,5,부산,18.9,15.7,21.9,78.83333333333333,56.0,98.0,1.9333333333333333,0.8,3.5
201906,6,부산,18.993333333333332,15.9,21.9,78.53333333333333,58.0,98.0,1.6866666666666668,0.4,3.8
201906,7,부산,19.876666666666665,17.4,23.0,76.8,58.0,98.0,1.7933333333333332,0.3,4.0
201906,8,부산,21.240000000000002,18.4,25.3,72.3,51.0,98.0,1.9466666666666665,0.2,3.5
201906,9,부산,22.243333333333332,18.9,27.4,69.6,49.0,98.0,2.3366666666666664,0.7,4.1
201906,10,부산,22.9,18.6,29.5,68.36666666666666,43.0,98.0,2.6766666666666667,0.7,5.1
201906,11,부산,23.029999999999998,18.7,27.3,68.36666666666666,40.0,98.0,3.0300000000000002,0.4,5.6
201906,12,부산,23.163333333333334,19.0,27.3,68.16666666666667,42.0,97.0,3.35,0.9,6.2
201906,13,부산,23.233333333333334,19.2,27.3,68.33333333333333,44.0,97.0,3.5133333333333336,0.2,6.5
201906,14,부산,23.413333333333334,19.3,26.9,67.8,43.0,98.0,3.4133333333333336,1.0,6.3
201906,15,부산,23.403333333333332,19.6,26.8,67.2,41.0,98.0,3.52,0.8,5.5
201906,16,부산,23.209999999999997,20.0,26.6,68.43333333333334,37.0,98.0,3.3133333333333335,1.5,5.1
201906,17,부산,22.69333333333333,19.4,26.4,69.8,44.0,98.0,3.0900000000000003,1.2,5.7
201906,18,부산,21.95,18.7,26.2,71.8,45.0,98.0,3.1633333333333336,1.0,6.1
201906,19,부산,21.223333333333336,18.0,24.6,73.76666666666667,48.0,98.0,2.9266666666666667,1.3,5.1
201906,20,부산,20.503333333333334,17.6,23.6,76.03333333333333,53.0,98.0,2.9533333333333336,1.1,5.3
201906,21,부산,20.123333333333335,17.0,23.9,77.96666666666667,53.0,98.0,2.89,1.1,9.1
201906,22,부산,19.90666666666667,16.8,23.7,78.1,55.0,98.0,2.4066666666666667,1.1,4.9
201906,23,부산,19.813333333333333,16.5,23.7,77.9,55.0,98.0,2.496666666666667,0.4,7.1
201907,0,부산,23.067741935483873,20.7,26.8,88.74193548387096,61.0,99.0,3.2548387096774194,0.2,8.7
201907,1,부산,22.958064516129035,20.2,26.7,88.7741935483871,60.0,99.0,3.116129032258064,0.4,7.1
201907,2,부산,22.874193548387098,20.5,26.5,88.96774193548387,60.0,99.0,3.1516129032258067,0.5,8.8
201907,3,부산,22.870967741935484,20.4,26.4,88.64516129032258,64.0,100.0,3.116129032258064,0.5,9.0
201907,4,부산,22.719354838709677,20.3,26.3,90.12903225806451,69.0,100.0,3.2838709677419353,0.4,9.9
201907,5,부산,22.716129032258067,20.5,26.5,90.03225806451613,73.0,100.0,3.0999999999999996,0.4,9.5
201907,6,부산,22.770967741935483,20.6,26.3,90.45161290322581,74.0,100.0,3.083870967741935,0.2,7.6
201907,7,부산,23.270967741935483,20.9,26.8,88.35483870967742,75.0,100.0,2.9129032258064513,0.2,7.5
201907,8,부산,23.993548387096773,21.3,27.9,85.3225806451613,67.0,100.0,3.2580645161290325,0.5,8.9
201907,9,부산,24.677419354838708,21.7,29.0,83.51612903225806,63.0,99.0,3.7903225806451615,0.8,9.2
201907,10,부산,25.23548387096774,22.1,29.1,81.35483870967742,57.0,99.0,3.864516129032258,0.8,8.7
201907,11,부산,25.700000000000003,22.2,29.5,80.03225806451613,55.0,99.0,3.9419354838709677,1.4,7.8
201907,12,부산,25.948387096774194,21.8,29.7,78.58064516129032,54.0,97.0,4.306451612903226,1.8,8.5
201907,13,부산,26.116129032258065,21.8,30.8,78.29032258064517,53.0,97.0,4.164516129032258,1.6,8.2
201907,14,부산,26.187096774193545,21.8,30.6,77.64516129032258,56.0,98.0,4.212903225806452,1.1,8.4
201907,15,부산,25.97741935483871,21.6,30.2,78.45161290322581,55.0,99.0,4.493548387096775,1.8,8.0
201907,16,부산,25.783870967741933,21.7,29.6,79.48387096774194,58.0,99.0,4.212903225806452,1.8,7.5
201907,17,부산,25.651612903225807,21.7,29.6,78.87096774193549,58.0,99.0,3.9387096774193546,1.1,7.7
201907,18,부산,25.112903225806452,21.8,29.4,80.51612903225806,58.0,100.0,3.7580645161290325,1.0,7.1
201907,19,부산,24.461290322580645,21.8,28.0,83.2258064516129,62.0,100.0,3.648387096774193,1.2,6.3
201907,20,부산,23.751612903225805,21.5,26.9,86.12903225806451,66.0,100.0,3.661290322580645,1.1,9.4
201907,21,부산,23.567741935483873,20.8,27.0,86.93548387096774,66.0,100.0,3.664516129032258,1.1,7.3
201907,22,부산,23.396774193548385,20.5,26.8,87.74193548387096,60.0,99.0,3.9000000000000004,0.5,7.0
201907,23,부산,23.287096774193547,20.5,26.7,87.93548387096774,63.0,99.0,3.596774193548387,0.3,8.2
201908,0,부산,25.806451612903224,22.3,28.7,82.54838709677419,62.0,99.0,2.6870967741935483,0.6,5.5
201908,1,부산,25.625806451612902,22.0,28.0,83.51612903225806,62.0,99.0,2.6580645161290324,1.0,7.2
201908,2,부산,25.448387096774194,21.7,27.8,84.2258064516129,62.0,99.0,2.6322580645161286,0.8,6.8
201908,3,부산,25.274193548387096,21.7,27.8,84.74193548387096,66.0,99.0,2.416129032258065,0.4,6.2
201908,4,부산,25.238709677419354,21.4,27.7,84.3225806451613,68.0,99.0,2.641935483870968,0.6,7.5
201908,5,부산,25.138709677419353,20.8,27.6,84.12903225806451,65.0,99.0,2.625806451612903,0.5,8.7
201908,6,부산,25.08709677419355,20.4,27.6,84.35483870967742,67.0,99.0,2.4193548387096775,0.5,6.8
201908,7,부산,25.519354838709678,20.7,28.3,83.12903225806451,67.0,99.0,2.4322580645161294,0.3,7.5
201908,8,부산,26.625806451612902,22.5,30.2,78.80645161290323,63.0,99.0,2.8419354838709676,0.5,8.4
201908,9,부산,27.616129032258065,23.2,31.8,75.74193548387096,58.0,98.0,2.825806451612903,1.2,7.7
201908,10,부산,28.219354838709677,23.2,33.0,74.3225806451613,56.0,99.0,3.07741935483871,0.9,7.0
201908,11,부산,28.741935483870968,23.4,33.2,72.61290322580645,52.0,99.0,3.6225806451612903,1.0,6.9
201908,12,부산,28.967741935483872,24.1,33.2,72.06451612903226,56.0,97.0,3.6903225806451614,1.5,9.3
201908,13,부산,29.016129032258064,23.6,34.0,71.48387096774194,51.0,96.0,3.7516129032258063,0.5,9.9
201908,14,부산,29.20967741935484,23.5,34.8,70.80645161290323,51.0,97.0,3.9612903225806453,1.5,7.7
201908,15,부산,29.1,23.0,34.3,71.16129032258064,51.0,97.0,3.987096774193548,1.3,6.7
201908,16,부산,28.72258064516129,23.6,34.8,72.54838709677419,50.0,97.0,3.770967741935484,1.3,7.1
201908,17,부산,28.419354838709676,23.3,33.8,72.70967741935483,52.0,98.0,3.770967741935484,0.7,7.0
201908,18,부산,27.86774193548387,22.9,33.3,74.83870967741936,50.0,98.0,3.458064516129032,0.9,5.6
201908,19,부산,26.90967741935484,22.5,31.3,78.0,53.0,98.0,3.109677419354839,1.0,5.7
201908,20,부산,26.44516129032258,22.4,30.4,79.6774193548387,57.0,98.0,2.9000000000000004,0.4,6.5
201908,21,부산,26.270967741935483,22.5,29.5,79.6774193548387,61.0,98.0,2.832258064516129,1.0,5.7
201908,22,부산,26.070967741935487,22.4,29.0,80.74193548387096,66.0,99.0,2.738709677419355,1.0,6.3
201908,23,부산,25.89032258064516,22.3,28.5,81.80645161290323,66.0,98.0,2.7516129032258063,0.7,6.2
201909,0,부산,21.85,16.8,27.0,85.53333333333333,66.0,100.0,2.4233333333333333,0.3,6.6
201909,1,부산,21.736666666666668,16.3,26.2,86.66666666666667,68.0,100.0,2.4833333333333334,0.2,5.5
201909,2,부산,21.573333333333334,16.0,26.1,86.9,67.0,100.0,2.4133333333333336,0.3,6.6
201909,3,부산,21.456666666666667,16.4,26.2,87.76666666666667,69.0,100.0,2.246666666666667,0.1,6.1
201909,4,부산,21.30666666666667,16.2,25.8,88.53333333333333,68.0,100.0,2.21,0.2,6.0
201909,5,부산,21.223333333333336,15.8,26.0,89.1,68.0,100.0,2.3266666666666667,0.2,6.5
201909,6,부산,21.163333333333334,15.9,26.5,88.8,68.0,100.0,2.2066666666666666,0.2,8.5
201909,7,부산,21.486666666666668,16.2,26.6,87.7,63.0,100.0,2.393333333333333,0.2,7.1
201909,8,부산,22.483333333333334,17.2,27.2,83.96666666666667,55.0,100.0,2.55,0.5,9.5
201909,9,부산,23.456666666666667,18.6,28.6,79.83333333333333,48.0,100.0,2.7199999999999998,0.9,9.3
201909,10,부산,24.383333333333333,18.9,30.1,77.16666666666667,47.0,100.0,2.8,0.8,7.9
201909,11,부산,25.17,19.0,29.6,74.13333333333334,42.0,100.0,3.046666666666667,0.4,8.3
201909,12,부산,25.38,18.9,29.7,73.76666666666667,44.0,100.0,3.3800000000000003,1.5,7.4
201909,13,부산,25.566666666666666,19.0,29.8,73.63333333333334,40.0,100.0,3.4066666666666667,1.4,9.4
201909,14,부산,25.436666666666667,18.7,29.6,73.83333333333333,44.0,100.0,3.2199999999999998,1.1,8.6
201909,15,부산,25.28666666666667,18.2,29.6,73.93333333333334,40.0,100.0,3.1933333333333334,0.6,8.2
201909,16,부산,24.85666666666667,17.5,28.4,75.76666666666667,38.0,100.0,3.2133333333333334,0.9,8.2
201909,17,부산,24.313333333333333,17.2,28.1,77.16666666666667,41.0,100.0,3.19,0.9,8.7
201909,18,부산,23.573333333333334,17.5,27.7,78.53333333333333,45.0,100.0,3.1933333333333334,0.5,8.6
201909,19,부산,22.82,17.1,27.1,80.5,45.0,100.0,3.07,0.9,10.0
201909,20,부산,22.503333333333334,17.3,27.1,81.93333333333334,59.0,100.0,3.01,0.6,8.4
201909,21,부산,22.27,17.4,27.0,83.93333333333334,60.0,100.0,2.8233333333333333,0.6,11.2
201909,22,부산,22.103333333333335,17.0,26.9,84.86666666666666,62.0,100.0,2.7800000000000002,0.3,10.5
201909,23,부산,21.946666666666665,16.7,27.1,85.56666666666666,64.0,100.0,2.44,0.2,8.6
201910,0,부산,17.161290322580644,13.1,23.5,70.93548387096774,37.0,98.0,2.929032258064516,0.3,9.3
201910,1,부산,16.951612903225808,12.9,23.3,71.90322580645162,37.0,99.0,2.864516129032258,0.7,7.7
201910,2,부산,16.812903225806448,12.6,23.0,72.74193548387096,37.0,98.0,2.864516129032258,0.1,10.0
201910,3,부산,16.58709677419355,11.9,23.0,73.74193548387096,43.0,100.0,2.9064516129032256,0.2,12.9
201910,4,부산,16.441935483870967,11.1,22.8,73.58064516129032,38.0,100.0,2.8741935483870966,0.2,11.8
201910,5,부산,16.22258064516129,10.9,22.4,73.7741935483871,42.0,100.0,2.806451612903226,0.3,12.9
201910,6,부산,16.119354838709675,10.7,22.4,74.06451612903226,45.0,97.0,2.6129032258064515,0.1,7.7
201910,7,부산,16.15483870967742,10.7,22.9,73.38709677419355,40.0,100.0,2.7161290322580647,0.3,8.1
201910,8,부산,17.338709677419356,11.8,23.6,70.19354838709677,42.0,100.0,2.532258064516129,0.3,7.6
201910,9,부산,18.654838709677417,12.6,24.6,66.6774193548387,46.0,100.0,2.796774193548387,0.6,7.3
201910,10,부산,19.848387096774193,13.5,24.7,63.38709677419355,39.0,100.0,3.1870967741935483,1.2,8.3
201910,11,부산,20.822580645161292,14.3,25.3,60.45161290322581,36.0,100.0,3.1774193548387095,0.9,6.2
201910,12,부산,21.603225806451615,16.1,26.7,58.064516129032256,34.0,100.0,3.3225806451612905,1.3,6.5
201910,13,부산,21.97741935483871,16.5,27.5,57.58064516129032,28.0,100.0,3.4129032258064513,1.2,6.6
201910,14,부산,22.0258064516129,17.3,28.1,58.45161290322581,26.0,100.0,3.667741935483871,1.4,6.0
201910,15,부산,21.780645161290323,17.5,28.6,59.193548387096776,27.0,100.0,3.57741935483871,1.9,7.3
201910,16,부산,21.225806451612904,17.5,27.7,60.516129032258064,27.0,100.0,3.390322580645161,1.7,7.1
201910,17,부산,20.52258064516129,16.2,27.3,62.0,29.0,100.0,3.3225806451612905,2.0,6.1
201910,18,부산,19.10967741935484,15.1,25.7,65.38709677419355,31.0,100.0,3.051612903225806,1.3,6.5
201910,19,부산,18.503225806451614,14.3,24.3,67.54838709677419,36.0,100.0,2.7838709677419353,0.4,5.6
201910,20,부산,18.009677419354837,14.1,23.9,68.25806451612904,36.0,100.0,2.6870967741935483,0.6,5.5
201910,21,부산,17.677419354838708,13.4,24.0,69.41935483870968,39.0,100.0,2.6838709677419357,0.1,4.9
201910,22,부산,17.387096774193548,13.1,24.0,69.80645161290323,38.0,100.0,2.7096774193548385,0.3,5.4
201910,23,부산,17.125806451612902,13.3,23.8,70.03225806451613,39.0,95.0,2.7064516129032254,0.2,8.2
201911,0,부산,11.723333333333333,3.8,18.4,62.4,28.0,96.0,2.5633333333333335,0.3,8.0
201911,1,부산,11.44,3.2,18.8,62.4,26.0,92.0,2.2633333333333336,0.2,8.2
201911,2,부산,11.303333333333335,3.3,19.1,63.233333333333334,35.0,95.0,2.4833333333333334,0.2,8.5
201911,3,부산,11.103333333333333,3.3,19.0,63.43333333333333,34.0,96.0,2.5166666666666666,0.3,7.3
201911,4,부산,10.836666666666668,3.0,18.5,64.43333333333334,34.0,96.0,2.49,0.1,14.3
201911,5,부산,10.543333333333333,2.8,18.3,64.0,31.0,98.0,2.506666666666667,0.2,7.8
201911,6,부산,10.270000000000001,2.4,15.2,64.16666666666667,33.0,92.0,2.506666666666667,0.1,7.1
201911,7,부산,10.153333333333334,2.1,15.3,63.333333333333336,36.0,93.0,2.4466666666666668,0.2,5.3
201911,8,부산,11.020000000000001,3.0,16.2,60.833333333333336,34.0,95.0,2.48,0.2,5.0
201911,9,부산,12.626666666666667,3.9,18.6,57.1,32.0,97.0,2.6733333333333333,0.6,5.9
201911,10,부산,13.983333333333333,5.5,20.4,53.833333333333336,26.0,98.0,2.8233333333333333,0.3,5.7
201911,11,부산,15.236666666666666,7.2,21.9,51.333333333333336,26.0,97.0,2.81,0.9,5.5
201911,12,부산,16.0,8.5,22.1,50.4,28.0,99.0,3.0566666666666666,0.7,6.0
201911,13,부산,16.663333333333334,9.7,23.2,49.2,28.0,97.0,3.1633333333333336,1.4,6.6
201911,14,부산,16.806666666666665,10.0,22.9,49.1,23.0,89.0,3.316666666666667,1.4,6.6
201911,15,부산,16.553333333333335,10.3,22.4,49.266666666666666,20.0,85.0,3.0900000000000003,1.2,7.5
201911,16,부산,16.023333333333333,9.8,21.0,50.6,18.0,81.0,2.9366666666666665,0.8,5.0
201911,17,부산,14.843333333333334,8.2,19.5,52.86666666666667,18.0,84.0,2.9033333333333333,0.8,5.5
201911,18,부산,13.643333333333334,6.8,18.3,55.333333333333336,20.0,82.0,2.58,1.0,6.9
201911,19,부산,13.106666666666666,6.2,18.1,57.03333333333333,21.0,96.0,2.68,0.1,9.0
201911,20,부산,12.67,5.7,18.1,58.5,22.0,92.0,2.23,0.0,6.5
201911,21,부산,12.413333333333332,5.2,18.2,59.56666666666667,24.0,90.0,2.43,0.1,8.5
201911,22,부산,12.16,4.6,18.1,60.766666666666666,26.0,84.0,2.5433333333333334,0.4,7.8
201911,23,부산,11.766666666666667,4.3,18.0,61.93333333333333,28.0,95.0,2.54,0.4,10.0
201912,0,부산,6.032258064516129,-0.5,12.6,53.74193548387097,25.0,100.0,2.4516129032258065,0.1,5.7
201912,1,부산,5.719354838709678,-0.8,12.0,54.58064516129032,22.0,100.0,2.661290322580645,0.5,6.1
201912,2,부산,5.354838709677419,-1.9,11.2,55.25806451612903,23.0,100.0,2.5483870967741935,0.4,5.0
201912,3,부산,5.112903225806452,-2.3,11.0,56.0,24.0,100.0,2.4322580645161294,0.4,4.9
201912,4,부산,4.816129032258065,-2.4,11.3,56.483870967741936,23.0,100.0,2.264516129032258,0.6,4.3
201912,5,부산,4.664516129032258,-2.6,11.6,56.225806451612904,22.0,100.0,2.6516129032258067,0.3,5.3
201912,6,부산,4.574193548387097,-2.7,11.8,55.58064516129032,21.0,100.0,2.364516129032258,0.3,5.9
201912,7,부산,4.467741935483871,-2.5,11.4,55.41935483870968,19.0,99.0,2.296774193548387,0.3,5.3
201912,8,부산,4.72258064516129,-2.4,11.9,54.32258064516129,19.0,97.0,2.096774193548387,0.3,5.9
201912,9,부산,6.161290322580645,-1.9,13.1,51.354838709677416,27.0,96.0,2.267741935483871,0.3,5.9
201912,10,부산,7.732258064516128,-0.8,14.1,48.32258064516129,18.0,93.0,2.3483870967741933,0.2,6.5
201912,11,부산,8.935483870967742,-0.3,15.2,45.83870967741935,23.0,84.0,2.545161290322581,0.2,4.9
201912,12,부산,9.832258064516129,1.2,15.5,43.903225806451616,21.0,85.0,2.819354838709677,0.7,5.5
201912,13,부산,10.27741935483871,1.1,15.8,43.0,18.0,90.0,3.1322580645161286,0.6,6.9
201912,14,부산,10.66451612903226,2.3,16.1,41.54838709677419,18.0,95.0,3.167741935483871,0.9,6.5
201912,15,부산,10.564516129032258,3.2,16.3,42.32258064516129,18.0,97.0,3.490322580645161,1.4,8.0
201912,16,부산,10.19032258064516,3.1,16.0,43.32258064516129,17.0,98.0,2.6548387096774193,0.5,7.2
201912,17,부산,8.787096774193548,1.4,14.8,44.61290322580645,19.0,99.0,2.706451612903226,0.5,7.5
201912,18,부산,7.83225806451613,0.0,14.4,47.29032258064516,17.0,100.0,2.641935483870968,0.7,7.5
201912,19,부산,7.33225806451613,-0.7,13.8,48.483870967741936,16.0,100.0,2.3580645161290326,0.4,5.7
201912,20,부산,6.893548387096774,-1.0,13.4,49.806451612903224,18.0,100.0,2.570967741935484,0.5,5.2
201912,21,부산,6.522580645161291,-1.4,13.2,50.83870967741935,19.0,100.0,2.4741935483870967,0.3,7.4
201912,22,부산,6.148387096774194,-1.9,13.2,51.45161290322581,22.0,100.0,2.616129032258064,0.2,7.3
201912,23,부산,5.961290322580646,-2.3,13.0,52.70967741935484,23.0,100.0,2.8483870967741933,0.2,9.4
202001,0,부산,5.17741935483871,-2.5,15.0,57.61290322580645,23.0,100.0,3.2516129032258063,0.5,10.3
202001,1,부산,5.006451612903225,-2.9,14.4,57.61290322580645,22.0,100.0,3.170967741935484,0.1,9.6
202001,2,부산,4.680645161290323,-3.1,13.0,58.483870967741936,23.0,100.0,3.196774193548387,0.6,8.6
202001,3,부산,4.52258064516129,-2.8,12.5,58.83870967741935,24.0,100.0,3.1322580645161286,0.3,10.5
202001,4,부산,4.329032258064516,-3.1,10.8,59.58064516129032,31.0,100.0,3.0612903225806454,0.3,8.5
202001,5,부산,4.170967741935484,-3.0,10.3,59.58064516129032,32.0,100.0,3.0677419354838706,0.4,9.3
202001,6,부산,4.012903225806451,-2.8,10.5,58.96774193548387,31.0,100.0,3.083870967741935,0.2,9.4
202001,7,부산,3.964516129032258,-2.7,12.5,59.87096774193548,33.0,100.0,2.864516129032258,0.4,8.4
202001,8,부산,3.980645161290323,-2.3,13.2,60.903225806451616,33.0,100.0,2.4935483870967743,0.2,10.4
202001,9,부산,5.151612903225806,0.2,13.2,58.25806451612903,31.0,100.0,2.806451612903226,0.4,10.7
202001,10,부산,6.66774193548387,1.4,14.2,55.74193548387097,29.0,100.0,2.57741935483871,0.6,7.4
202001,11,부산,7.97741935483871,2.4,14.4,52.806451612903224,28.0,100.0,2.7580645161290325,0.8,7.9
202001,12,부산,8.83548387096774,3.1,15.2,51.74193548387097,27.0,100.0,2.829032258064516,1.2,6.7
202001,13,부산,9.44516129032258,4.5,15.6,51.096774193548384,28.0,100.0,2.851612903225807,0.6,7.1
202001,14,부산,9.719354838709679,4.5,16.1,50.935483870967744,23.0,100.0,3.238709677419355,0.7,7.9
202001,15,부산,9.612903225806452,5.1,17.1,51.903225806451616,25.0,99.0,3.261290322580645,0.9,9.6
202001,16,부산,9.40967741935484,4.9,17.4,51.12903225806452,18.0,100.0,3.0612903225806454,0.3,12.3
202001,17,부산,8.425806451612903,4.5,17.2,54.03225806451613,26.0,100.0,3.1516129032258067,0.6,12.2
202001,18,부산,7.390322580645161,3.4,16.9,55.225806451612904,27.0,100.0,2.8,0.6,8.6
202001,19,부산,6.9,3.0,17.2,56.225806451612904,29.0,100.0,2.835483870967742,0.3,10.5
202001,20,부산,6.558064516129033,2.7,17.2,57.096774193548384,27.0,100.0,2.696774193548387,0.6,10.3
202001,21,부산,6.264516129032257,2.0,17.1,57.41935483870968,25.0,100.0,2.906451612903226,0.2,9.9
202001,22,부산,5.95483870967742,1.9,16.2,58.16129032258065,27.0,100.0,3.106451612903226,0.0,11.1
202001,23,부산,5.693548387096774,1.6,16.2,57.774193548387096,26.0,100.0,2.9709677419354836,0.1,6.6
202002,0,부산,5.665517241379311,-3.0,12.7,59.55172413793103,17.0,95.0,2.7275862068965515,0.3,6.3
202002,1,부산,5.382758620689655,-3.4,12.7,60.37931034482759,18.0,95.0,2.6999999999999997,0.3,7.6
202002,2,부산,5.151724137931034,-3.5,12.6,61.37931034482759,20.0,94.0,2.6379310344827585,0.0,7.1
202002,3,부산,5.044827586206897,-3.8,12.6,61.3448275862069,20.0,97.0,2.920689655172414,0.4,8.1
202002,4,부산,4.8999999999999995,-4.3,12.7,62.55172413793103,23.0,100.0,3.006896551724138,0.8,8.5
202002,5,부산,4.713793103448276,-4.7,13.2,63.86206896551724,25.0,100.0,3.1655172413793102,0.3,8.9
202002,6,부산,4.572413793103448,-4.8,12.2,64.06896551724138,25.0,100.0,2.586206896551724,0.0,8.8
202002,7,부산,4.4206896551724135,-4.8,12.6,64.13793103448276,26.0,100.0,2.651724137931035,0.5,7.6
202002,8,부산,4.73103448275862,-4.9,12.1,62.44827586206897,28.0,98.0,2.5,0.5,8.4
202002,9,부산,6.093103448275862,-3.2,11.7,57.0,20.0,99.0,2.713793103448276,0.4,6.6
202002,10,부산,7.665517241379311,-1.2,14.5,51.58620689655172,15.0,100.0,2.927586206896552,1.1,6.0
202002,11,부산,8.844827586206897,1.2,16.6,48.93103448275862,18.0,99.0,3.279310344827586,1.4,7.1
202002,12,부산,9.751724137931035,2.1,16.6,45.13793103448276,18.0,100.0,3.268965517241379,1.2,9.1
202002,13,부산,10.168965517241379,1.8,17.4,44.58620689655172,16.0,100.0,3.444827586206897,1.2,9.7
202002,14,부산,10.593103448275862,2.3,17.3,44.06896551724138,14.0,100.0,3.817241379310345,1.0,10.8
202002,15,부산,10.620689655172415,1.2,16.6,44.10344827586207,16.0,100.0,3.768965517241379,0.8,8.9
202002,16,부산,10.362068965517242,2.3,16.0,45.41379310344828,16.0,100.0,3.606896551724138,1.5,8.2
202002,17,부산,9.786206896551725,1.6,15.3,47.44827586206897,16.0,100.0,3.6714285714285713,1.1,8.6
202002,18,부산,8.406896551724138,0.6,13.2,51.51724137931034,17.0,100.0,3.4642857142857144,0.9,8.9
202002,19,부산,7.644827586206896,-0.2,12.7,54.62068965517241,17.0,100.0,2.8344827586206898,0.4,7.1
202002,20,부산,7.224137931034483,-0.8,12.4,56.13793103448276,16.0,100.0,2.872413793103448,0.6,8.9
202002,21,부산,6.810344827586207,-1.6,12.3,57.10344827586207,18.0,100.0,2.9827586206896552,0.6,7.4
202002,22,부산,6.396551724137931,-2.3,12.5,57.93103448275862,17.0,98.0,2.7103448275862068,0.0,6.6
202002,23,부산,6.0344827586206895,-2.7,12.7,59.37931034482759,18.0,96.0,2.848275862068965,0.1,6.1
202003,0,부산,8.858064516129033,1.7,16.2,62.32258064516129,31.0,99.0,3.4741935483870967,0.5,7.4
202003,1,부산,8.625806451612902,1.4,16.3,63.45161290322581,29.0,99.0,3.390322580645161,0.7,8.4
202003,2,부산,8.399999999999999,1.0,15.7,64.41935483870968,24.0,98.0,3.306451612903226,0.3,7.5
202003,3,부산,8.112903225806452,0.6,16.1,64.06451612903226,21.0,99.0,3.1225806451612903,0.2,10.0
202003,4,부산,7.858064516129032,0.3,16.3,64.29032258064517,18.0,98.0,3.232258064516129,0.1,8.5
202003,5,부산,7.664516129032258,0.0,15.4,64.35483870967742,16.0,98.0,3.148387096774193,0.0,8.3
202003,6,부산,7.532258064516129,-0.2,15.0,62.903225806451616,16.0,99.0,3.1548387096774193,0.0,6.7
202003,7,부산,7.570967741935483,0.0,14.7,61.74193548387097,20.0,99.0,3.1322580645161286,0.1,7.2
202003,8,부산,8.848387096774195,0.5,14.7,58.61290322580645,21.0,99.0,2.838709677419355,0.4,7.7
202003,9,부산,10.383870967741935,2.3,15.8,54.354838709677416,21.0,99.0,2.8,0.9,6.9
202003,10,부산,11.619354838709677,3.9,16.3,52.38709677419355,21.0,99.0,3.353333333333333,0.7,10.0
202003,11,부산,12.703225806451613,4.7,16.7,50.03225806451613,21.0,100.0,3.356666666666667,1.3,8.1
202003,12,부산,13.290322580645162,6.7,17.1,48.61290322580645,21.0,99.0,3.9633333333333334,0.5,9.5
202003,13,부산,13.600000000000001,8.1,17.9,48.645161290322584,20.0,98.0,4.28,1.1,10.5
202003,14,부산,13.680645161290323,9.2,17.3,48.32258064516129,18.0,97.0,4.566666666666666,0.9,9.9
202003,15,부산,13.603225806451613,9.2,17.2,50.03225806451613,17.0,96.0,4.45,0.2,11.1
202003,16,부산,13.26774193548387,9.2,17.1,49.74193548387097,17.0,94.0,4.648387096774194,0.9,13.2
202003,17,부산,12.587096774193547,9.4,16.0,52.516129032258064,16.0,96.0,4.248387096774193,1.4,9.1
202003,18,부산,11.72258064516129,8.6,15.3,54.12903225806452,17.0,97.0,4.106451612903226,1.1,8.9
202003,19,부산,10.629032258064516,6.6,15.1,56.74193548387097,19.0,98.0,3.480645161290323,1.1,7.5
202003,20,부산,10.203225806451613,5.3,14.9,57.32258064516129,21.0,98.0,3.448387096774194,0.7,8.5
202003,21,부산,9.864516129032259,4.2,15.3,58.87096774193548,23.0,98.0,3.435483870967742,0.6,6.3
202003,22,부산,9.519354838709678,3.1,16.0,60.0,25.0,98.0,3.3548387096774195,0.5,8.9
202003,23,부산,9.293548387096775,2.4,16.2,60.483870967741936,27.0,99.0,3.3,0.4,8.2
202004,0,부산,10.996666666666666,6.1,14.9,57.1,26.0,96.0,3.2199999999999998,0.2,8.0
202004,1,부산,10.686666666666667,5.6,15.0,58.666666666666664,31.0,95.0,2.8433333333333333,0.2,6.9
202004,2,부산,10.306666666666667,5.3,14.2,59.4,32.0,96.0,2.8133333333333335,0.7,6.2
202004,3,부산,9.95,4.8,13.4,59.96666666666667,31.0,95.0,2.8433333333333333,0.0,5.9
202004,4,부산,9.763333333333332,4.7,13.4,59.2,32.0,93.0,2.8800000000000003,0.3,6.6
202004,5,부산,9.613333333333333,4.6,13.2,59.1,32.0,92.0,2.8133333333333335,0.1,5.7
202004,6,부산,9.389999999999999,4.6,13.1,59.266666666666666,32.0,93.0,2.3866666666666663,0.0,3.9
202004,7,부산,9.95,5.5,14.1,57.7,31.0,90.0,2.8033333333333332,0.1,5.4
202004,8,부산,11.153333333333334,6.7,15.1,52.96666666666667,27.0,89.0,2.9766666666666666,0.3,7.4
202004,9,부산,12.523333333333333,8.1,16.7,48.13333333333333,22.0,92.0,3.29,0.1,9.0
202004,10,부산,13.903333333333334,7.8,19.0,44.86666666666667,22.0,92.0,3.19,1.5,7.8
202004,11,부산,14.963333333333333,8.9,21.6,42.56666666666667,20.0,92.0,3.6300000000000003,1.8,9.4
202004,12,부산,15.74,9.7,23.2,41.666666666666664,17.0,95.0,4.123333333333333,1.5,9.4
202004,13,부산,15.973333333333333,9.8,21.1,43.03333333333333,18.0,97.0,4.906666666666666,2.4,11.0
202004,14,부산,16.066666666666666,10.9,20.2,46.266666666666666,22.0,97.0,5.2733333333333325,2.7,10.5
202004,15,부산,15.886666666666667,10.5,20.5,45.56666666666667,16.0,98.0,5.543333333333334,1.7,10.5
202004,16,부산,15.443333333333333,10.7,19.6,48.7,18.0,97.0,5.506666666666666,2.4,9.3
202004,17,부산,14.903333333333334,9.9,19.5,49.666666666666664,18.0,98.0,5.193333333333333,1.6,9.7
202004,18,부산,14.063333333333333,10.7,18.0,51.666666666666664,17.0,98.0,4.989999999999999,0.6,10.0
202004,19,부산,12.896666666666667,9.2,17.8,55.96666666666667,16.0,97.0,4.206666666666667,1.3,10.0
202004,20,부산,12.513333333333332,8.6,17.9,55.9,19.0,97.0,3.9699999999999998,0.8,7.4
202004,21,부산,12.243333333333334,8.0,17.8,56.93333333333333,22.0,98.0,3.42,1.2,7.5
202004,22,부산,11.796666666666665,7.3,17.8,59.2,24.0,98.0,3.3033333333333332,0.8,6.5
202004,23,부산,11.503333333333334,6.6,17.5,58.13333333333333,25.0,98.0,3.2933333333333334,1.2,7.6
202005,0,부산,16.47741935483871,13.6,19.2,75.93548387096774,37.0,98.0,2.606451612903226,0.3,6.5
202005,1,부산,16.322580645161292,13.1,18.9,76.87096774193549,37.0,99.0,2.4096774193548387,0.2,6.2
202005,2,부산,16.177419354838708,12.8,18.9,76.93548387096774,41.0,99.0,2.225806451612903,0.1,5.0
202005,3,부산,16.016129032258064,12.6,19.0,76.90322580645162,36.0,99.0,2.47741935483871,0.2,6.0
202005,4,부산,15.8,12.5,18.9,77.29032258064517,36.0,99.0,2.3225806451612905,0.0,6.5
202005,5,부산,15.609677419354838,12.3,18.5,77.70967741935483,35.0,99.0,2.551612903225806,0.7,7.4
202005,6,부산,15.719354838709679,12.5,19.0,76.3225806451613,37.0,99.0,2.541935483870968,0.0,6.6
202005,7,부산,16.47741935483871,13.6,18.9,75.29032258064517,32.0,99.0,2.5354838709677416,0.1,6.3
202005,8,부산,17.703225806451613,13.9,21.2,70.93548387096774,34.0,99.0,2.893548387096774,0.2,6.6
202005,9,부산,18.712903225806453,14.7,21.7,68.09677419354838,30.0,99.0,2.980645161290323,0.5,7.8
202005,10,부산,19.674193548387095,15.0,23.7,64.74193548387096,21.0,96.0,3.329032258064516,1.2,8.6
202005,11,부산,20.46451612903226,15.0,25.1,64.03225806451613,23.0,96.0,3.658064516129032,1.6,10.7
202005,12,부산,20.31935483870968,15.1,24.8,65.93548387096774,33.0,97.0,3.767741935483871,1.6,8.7
202005,13,부산,20.129032258064516,14.7,25.5,66.80645161290323,34.0,98.0,4.090322580645161,1.8,7.4
202005,14,부산,20.051612903225806,14.6,24.0,67.16129032258064,30.0,98.0,4.170967741935484,0.8,8.9
202005,15,부산,20.067741935483873,14.5,23.5,67.06451612903226,29.0,98.0,4.312903225806451,2.2,9.7
202005,16,부산,19.896774193548385,14.4,23.3,66.74193548387096,29.0,99.0,4.106451612903226,1.9,8.4
202005,17,부산,19.55483870967742,14.7,23.5,66.93548387096774,34.0,99.0,3.9419354838709677,1.4,8.6
202005,18,부산,18.706451612903226,15.0,21.5,70.90322580645162,35.0,98.0,3.4612903225806453,1.2,6.9
202005,19,부산,17.916129032258063,14.6,20.7,73.74193548387096,38.0,99.0,3.07741935483871,0.1,7.2
202005,20,부산,17.26774193548387,14.3,19.8,76.12903225806451,42.0,98.0,2.9612903225806453,1.2,5.0
202005,21,부산,16.90967741935484,13.9,19.6,78.2258064516129,42.0,98.0,2.5870967741935487,0.7,5.0
202005,22,부산,16.81935483870968,13.9,19.6,77.16129032258064,41.0,98.0,2.6580645161290324,0.3,8.4
202005,23,부산,16.700000000000003,13.8,19.3,75.83870967741936,32.0,98.0,2.5548387096774197,0.2,6.1
202006,0,부산,21.029999999999998,18.3,23.2,76.6,41.0,98.0,2.5533333333333332,0.6,7.4
202006,1,부산,20.876666666666665,18.1,23.2,77.4,42.0,98.0,2.796666666666667,0.2,10.9
202006,2,부산,20.663333333333334,18.2,23.3,78.3,43.0,98.0,2.5166666666666666,0.4,8.3
202006,3,부산,20.44,18.1,23.2,78.66666666666667,42.0,98.0,2.6366666666666663,0.2,11.3
202006,4,부산,20.223333333333336,17.8,23.2,79.56666666666666,41.0,99.0,2.606666666666667,0.6,10.2
202006,5,부산,19.966666666666665,17.3,22.7,80.43333333333334,41.0,98.0,2.2199999999999998,0.0,9.1
202006,6,부산,20.066666666666666,16.9,22.8,80.06666666666666,47.0,99.0,2.45,0.3,11.8
202006,7,부산,20.933333333333334,16.9,23.6,77.73333333333333,43.0,98.0,2.2133333333333334,0.0,9.2
202006,8,부산,22.38,17.7,26.4,73.56666666666666,40.0,98.0,2.2066666666666666,0.1,8.1
202006,9,부산,23.363333333333333,18.0,27.8,71.13333333333334,37.0,98.0,2.5900000000000003,0.6,9.5
202006,10,부산,24.083333333333332,18.5,28.3,70.2,35.0,98.0,2.753333333333333,1.0,9.3
202006,11,부산,24.636666666666667,18.1,29.2,67.86666666666666,38.0,98.0,3.23,1.4,8.4
202006,12,부산,24.853333333333335,18.7,29.8,66.9,36.0,95.0,3.74,1.7,7.5
202006,13,부산,25.15,18.4,28.7,65.93333333333334,33.0,94.0,3.4233333333333333,1.2,7.3
202006,14,부산,25.133333333333333,18.8,29.1,66.3,31.0,95.0,3.55,0.8,7.7
202006,15,부산,24.936666666666667,18.9,29.0,67.26666666666667,30.0,97.0,3.6533333333333333,1.8,7.9
202006,16,부산,24.316666666666666,18.8,27.3,69.4,33.0,97.0,3.9466666666666668,2.0,8.2
202006,17,부산,23.996666666666666,18.3,27.4,70.23333333333333,22.0,95.0,3.4766666666666666,1.1,6.4
202006,18,부산,23.2,18.0,27.3,72.46666666666667,23.0,97.0,3.1366666666666663,1.2,6.0
202006,19,부산,22.436666666666667,17.9,26.4,74.3,19.0,97.0,3.45,1.3,9.4
202006,20,부산,21.77,18.0,24.5,75.53333333333333,30.0,98.0,3.01,0.0,7.3
202006,21,부산,21.493333333333332,18.0,24.5,74.9,32.0,98.0,2.933333333333333,0.0,6.4
202006,22,부산,21.35,18.2,23.7,74.86666666666666,43.0,98.0,2.96,0.6,6.3
202006,23,부산,21.259999999999998,18.3,23.6,74.73333333333333,37.0,98.0,2.953333333333333,0.0,7.6
202007,0,부산,21.258064516129032,18.8,24.0,89.51612903225806,62.0,99.0,2.574193548387097,0.6,7.0
202007,1,부산,21.154838709677417,18.8,24.3,89.61290322580645,61.0,98.0,2.3548387096774195,0.0,8.5
202007,2,부산,21.096774193548388,18.6,24.3,89.6774193548387,62.0,98.0,2.325806451612903,0.7,7.0
202007,3,부산,20.93548387096774,18.2,24.5,90.12903225806451,64.0,99.0,2.2838709677419353,0.2,8.7
202007,4,부산,20.938709677419357,18.2,24.8,90.0,66.0,99.0,2.635483870967742,0.6,11.5
202007,5,부산,20.84193548387097,18.0,24.6,90.38709677419355,71.0,99.0,2.3483870967741933,0.0,11.6
202007,6,부산,20.874193548387098,18.0,24.6,90.90322580645162,76.0,99.0,2.4935483870967743,0.3,11.7
202007,7,부산,21.23548387096774,18.4,24.8,90.35483870967742,78.0,99.0,2.596774193548387,0.7,12.1
202007,8,부산,21.896774193548385,18.7,25.4,88.12903225806451,73.0,99.0,2.429032258064516,0.6,12.3
202007,9,부산,22.490322580645163,18.9,26.1,86.51612903225806,69.0,99.0,2.7161290322580647,1.0,10.0
202007,10,부산,23.03548387096774,19.0,26.8,84.93548387096774,65.0,98.0,2.8483870967741933,0.8,9.3
202007,11,부산,23.56451612903226,18.9,28.2,83.03225806451613,63.0,99.0,3.109677419354839,1.0,8.6
202007,12,부산,23.55806451612903,19.2,28.8,83.19354838709677,63.0,99.0,3.264516129032258,1.2,7.7
202007,13,부산,23.529032258064515,20.1,30.3,82.54838709677419,65.0,99.0,3.148387096774193,0.7,9.9
202007,14,부산,23.432258064516127,19.5,29.8,82.87096774193549,60.0,99.0,3.116129032258064,0.8,7.2
202007,15,부산,23.44193548387097,19.4,28.9,82.61290322580645,62.0,99.0,3.0354838709677416,0.8,5.6
202007,16,부산,23.248387096774195,19.5,27.8,83.74193548387096,59.0,97.0,2.990322580645161,0.5,6.0
202007,17,부산,23.10967741935484,19.5,28.5,83.83870967741936,59.0,98.0,2.8451612903225807,0.9,5.9
202007,18,부산,22.55806451612903,19.4,27.0,85.48387096774194,58.0,98.0,2.7483870967741937,0.9,5.7
202007,19,부산,22.083870967741937,18.9,26.1,86.90322580645162,62.0,98.0,2.583870967741935,1.3,6.1
202007,20,부산,21.74516129032258,18.8,26.2,88.16129032258064,68.0,98.0,2.4419354838709677,0.5,6.4
202007,21,부산,21.635483870967743,18.9,26.5,89.29032258064517,66.0,98.0,2.4419354838709677,0.5,7.9
202007,22,부산,21.509677419354837,18.8,26.1,89.87096774193549,62.0,99.0,2.403225806451613,0.7,6.6
202007,23,부산,21.496774193548386,18.7,25.9,89.96774193548387,63.0,99.0,2.47741935483871,0.0,5.9
202008,0,부산,26.190322580645162,23.8,28.6,86.2258064516129,63.0,98.0,3.6193548387096777,0.0,9.6
202008,1,부산,26.05806451612903,24.4,28.4,86.09677419354838,66.0,97.0,4.209677419354839,0.0,10.4
202008,2,부산,25.98709677419355,24.4,28.0,85.87096774193549,71.0,96.0,3.5870967741935487,0.0,9.4
202008,3,부산,25.851612903225806,24.1,27.8,87.03225806451613,72.0,96.0,3.5290322580645164,0.1,9.1
202008,4,부산,25.456666666666667,24.0,27.4,88.19354838709677,79.0,96.0,3.4225806451612906,0.4,9.5
202008,5,부산,25.467741935483872,23.6,27.7,88.61290322580645,77.0,97.0,3.358064516129032,0.6,9.1
202008,6,부산,25.36,23.8,27.4,88.38709677419355,76.0,97.0,3.019354838709677,0.3,10.9
202008,7,부산,25.887096774193548,23.5,28.3,86.7741935483871,73.0,97.0,3.2903225806451615,0.0,12.8
202008,8,부산,26.903225806451612,23.8,30.4,83.6774193548387,68.0,97.0,3.267741935483871,0.5,12.7
202008,9,부산,27.967741935483872,24.4,31.8,80.03225806451613,65.0,96.0,3.4096774193548383,1.1,9.7
202008,10,부산,28.6,24.4,31.6,78.12903225806451,64.0,97.0,3.906451612903226,1.6,9.9
202008,11,부산,28.925806451612903,25.0,32.2,76.90322580645162,60.0,96.0,4.445161290322581,2.0,9.2
202008,12,부산,29.26451612903226,25.1,33.1,75.90322580645162,59.0,97.0,4.467741935483871,1.4,8.4
202008,13,부산,29.241935483870968,25.2,32.4,76.48387096774194,62.0,97.0,4.670967741935484,2.5,7.4
202008,14,부산,29.133333333333333,24.8,32.8,76.54838709677419,60.0,97.0,5.206451612903226,2.5,8.8
202008,15,부산,29.05666666666667,24.9,32.7,76.45161290322581,59.0,96.0,5.035483870967742,2.3,9.9
202008,16,부산,28.861290322580647,24.4,32.9,76.64516129032258,61.0,95.0,5.106451612903226,1.8,8.6
202008,17,부산,28.274193548387096,24.3,31.2,78.7741935483871,65.0,96.0,4.783870967741936,2.1,11.3
202008,18,부산,27.66774193548387,23.6,30.4,80.3225806451613,63.0,96.0,4.416129032258064,1.7,11.3
202008,19,부산,26.825806451612905,23.6,29.2,83.0,65.0,97.0,3.8,1.7,7.1
202008,20,부산,26.458064516129035,23.9,28.8,84.25806451612904,62.0,98.0,3.732258064516129,1.4,7.6
202008,21,부산,26.283333333333335,23.9,28.7,84.74193548387096,63.0,98.0,3.4193548387096775,1.2,7.3
202008,22,부산,26.299999999999997,23.8,28.7,84.51612903225806,60.0,98.0,3.3129032258064517,0.0,6.8
202008,23,부산,26.27741935483871,23.8,28.9,84.96774193548387,61.0,98.0,3.7709677419354835,0.0,9.2
202009,0,부산,20.763333333333332,16.8,26.5,79.13333333333334,59.0,95.0,3.246666666666667,0.0,10.6
202009,1,부산,20.553333333333335,16.6,26.3,79.76666666666667,65.0,95.0,3.1166666666666667,0.2,15.6
202009,2,부산,20.43,16.5,26.3,80.1,61.0,98.0,3.1599999999999997,0.2,13.8
202009,3,부산,20.276666666666664,16.6,26.5,79.96666666666667,62.0,95.0,3.3033333333333337,0.4,16.5
202009,4,부산,20.256666666666668,16.5,26.5,79.66666666666667,64.0,93.0,3.3633333333333337,1.0,15.4
202009,5,부산,20.173333333333336,16.2,26.5,80.26666666666667,61.0,94.0,3.0933333333333333,0.3,9.9
202009,6,부산,20.016666666666666,15.7,26.0,79.46666666666667,52.0,95.0,3.0133333333333336,0.0,10.1
202009,7,부산,20.27,16.4,26.2,78.13333333333334,50.0,96.0,3.1300000000000003,0.0,12.7
202009,8,부산,21.253333333333334,18.2,26.2,76.13333333333334,48.0,97.0,3.253333333333333,0.4,9.8
202009,9,부산,22.423333333333336,18.9,26.6,72.3,40.0,95.0,3.3433333333333333,1.2,13.0
202009,10,부산,23.459999999999997,19.3,28.0,68.66666666666667,32.0,93.0,3.49,1.6,10.8
202009,11,부산,24.003333333333334,19.6,29.1,67.73333333333333,39.0,92.0,3.8333333333333335,1.7,8.3
202009,12,부산,24.243333333333332,19.5,28.9,66.83333333333333,39.0,91.0,3.7766666666666664,1.0,7.3
202009,13,부산,24.61,20.0,29.7,64.4,35.0,93.0,4.373333333333334,1.5,11.9
202009,14,부산,24.426666666666666,20.0,30.2,65.96666666666667,36.0,91.0,4.473333333333333,1.5,11.8
202009,15,부산,24.273333333333333,19.9,29.1,66.66666666666667,39.0,94.0,4.336666666666667,0.8,13.1
202009,16,부산,23.85666666666667,19.3,28.2,67.86666666666666,35.0,95.0,4.096666666666667,2.1,8.6
202009,17,부산,23.19333333333333,18.8,27.8,70.03333333333333,38.0,94.0,4.086666666666667,2.1,7.8
202009,18,부산,22.5,18.2,27.2,71.76666666666667,39.0,92.0,3.9566666666666666,1.8,8.3
202009,19,부산,21.826666666666664,18.1,26.7,73.1,38.0,92.0,3.65,1.5,10.1
202009,20,부산,21.503333333333334,17.9,27.3,74.83333333333333,39.0,94.0,3.2266666666666666,0.9,6.5
202009,21,부산,21.223333333333336,17.8,26.8,76.16666666666667,57.0,95.0,3.4266666666666667,0.6,8.4
202009,22,부산,21.029999999999998,17.5,27.7,77.23333333333333,60.0,95.0,3.2933333333333334,0.9,8.9
202009,23,부산,20.82,17.2,27.7,78.03333333333333,60.0,96.0,3.36,1.0,9.5
202010,0,부산,15.63225806451613,9.2,20.8,64.25806451612904,39.0,96.0,2.4000000000000004,0.0,4.8
202010,1,부산,15.403225806451612,8.9,20.8,64.19354838709677,41.0,96.0,2.4935483870967743,0.0,5.2
202010,2,부산,15.216129032258063,8.6,20.4,63.483870967741936,38.0,96.0,2.5677419354838706,0.0,4.8
202010,3,부산,15.077419354838709,8.4,20.3,62.806451612903224,37.0,96.0,3.2161290322580647,0.8,6.5
202010,4,부산,14.796774193548387,7.9,20.3,62.32258064516129,29.0,97.0,2.6322580645161286,0.3,6.4
202010,5,부산,14.519354838709678,7.9,20.5,62.87096774193548,37.0,96.0,2.4419354838709677,0.1,5.7
202010,6,부산,14.3,7.1,20.5,62.70967741935484,38.0,97.0,2.4096774193548387,0.1,5.9
202010,7,부산,14.261290322580646,7.3,20.4,63.645161290322584,35.0,97.0,2.4000000000000004,0.3,5.6
202010,8,부산,15.667741935483871,8.8,20.6,60.58064516129032,37.0,96.0,2.4000000000000004,0.2,5.6
202010,9,부산,17.419354838709676,10.2,23.0,55.516129032258064,35.0,96.0,2.5935483870967744,0.3,5.5
202010,10,부산,18.758064516129032,11.7,24.0,53.12903225806452,27.0,92.0,2.8129032258064517,1.0,6.2
202010,11,부산,19.89677419354839,13.6,24.5,50.12903225806452,29.0,92.0,2.8548387096774195,1.2,5.4
202010,12,부산,20.664516129032258,14.5,24.7,47.58064516129032,32.0,85.0,3.306451612903226,1.6,6.2
202010,13,부산,21.112903225806452,16.2,25.1,47.38709677419355,27.0,81.0,3.267741935483871,2.0,7.5
202010,14,부산,21.27741935483871,16.3,25.7,47.774193548387096,26.0,78.0,3.4838709677419355,1.0,7.1
202010,15,부산,20.90967741935484,16.8,25.3,48.935483870967744,24.0,75.0,3.393548387096774,1.5,6.0
202010,16,부산,20.24516129032258,16.9,24.2,51.45161290322581,24.0,76.0,3.293548387096774,1.4,6.3
202010,17,부산,19.238709677419354,15.9,23.0,55.064516129032256,26.0,76.0,3.0064516129032257,1.5,6.4
202010,18,부산,17.893548387096775,14.4,22.6,59.064516129032256,29.0,80.0,2.6548387096774193,0.6,5.1
202010,19,부산,17.280645161290323,13.9,21.9,60.516129032258064,30.0,80.0,2.583870967741935,0.2,4.9
202010,20,부산,16.858064516129033,12.9,21.6,60.806451612903224,33.0,81.0,2.52258064516129,0.5,5.4
202010,21,부산,16.44516129032258,12.0,21.5,61.774193548387096,35.0,92.0,2.42258064516129,0.2,4.8
202010,22,부산,16.087096774193547,11.2,21.3,62.935483870967744,38.0,95.0,2.361290322580645,0.0,5.8
202010,23,부산,15.729032258064517,10.2,21.0,63.54838709677419,38.0,95.0,2.4612903225806453,0.0,5.3
202011,0,부산,10.933333333333334,3.4,19.4,54.63333333333333,15.0,84.0,2.3866666666666663,0.1,5.1
202011,1,부산,10.643333333333334,2.8,20.2,55.266666666666666,22.0,85.0,3.003333333333333,0.0,6.8
202011,2,부산,10.436666666666667,2.6,20.5,55.86666666666667,25.0,86.0,2.95,0.0,6.3
202011,3,부산,10.270000000000001,2.1,19.9,56.2,25.0,87.0,2.95,0.2,6.2
202011,4,부산,10.06,2.0,20.2,57.13333333333333,26.0,92.0,2.79,0.0,6.9
202011,5,부산,9.933333333333334,1.7,19.6,57.36666666666667,26.0,93.0,2.6566666666666667,0.4,5.9
202011,6,부산,9.82,1.7,19.3,58.1,27.0,93.0,2.5966666666666667,0.0,4.9
202011,7,부산,9.696666666666667,1.2,19.7,59.3,30.0,94.0,2.2666666666666666,0.4,6.5
202011,8,부산,10.503333333333334,2.4,19.5,58.1,27.0,94.0,2.1233333333333335,0.1,6.7
202011,9,부산,11.986666666666668,4.0,19.7,54.96666666666667,22.0,94.0,2.9,0.7,11.7
202011,10,부산,13.366666666666667,5.3,21.2,50.7,19.0,93.0,2.77,0.5,9.3
202011,11,부산,14.566666666666666,6.7,21.6,47.43333333333333,18.0,93.0,2.8833333333333333,1.2,10.0
202011,12,부산,15.326666666666666,6.4,21.2,45.53333333333333,16.0,93.0,3.21,1.1,11.4
202011,13,부산,16.026666666666667,7.8,21.8,43.0,15.0,94.0,3.52,1.2,9.3
202011,14,부산,16.39,8.4,22.3,43.2,15.0,93.0,3.54,1.3,13.7
202011,15,부산,16.27,9.1,23.2,43.166666666666664,14.0,94.0,3.4166666666666665,0.9,12.0
202011,16,부산,15.56,7.8,21.2,45.86666666666667,17.0,91.0,2.9566666666666666,0.6,6.0
202011,17,부산,14.296666666666665,6.5,20.7,48.43333333333333,19.0,89.0,2.9633333333333334,1.0,6.9
202011,18,부산,13.216666666666667,5.9,20.4,50.0,21.0,82.0,2.6,1.0,4.4
202011,19,부산,12.573333333333332,5.6,19.9,51.63333333333333,24.0,79.0,2.4633333333333334,0.0,5.5
202011,20,부산,12.096666666666666,4.9,19.5,52.333333333333336,23.0,76.0,2.3366666666666664,0.0,4.2
202011,21,부산,11.566666666666666,4.5,19.4,52.9,20.0,78.0,2.33,0.2,4.4
202011,22,부산,11.163333333333332,4.0,19.0,53.06666666666667,15.0,79.0,2.396666666666667,0.1,7.5
202011,23,부산,10.853333333333333,3.7,18.8,54.03333333333333,12.0,85.0,2.683333333333333,0.6,6.4
202012,0,부산,2.9838709677419355,-7.4,8.1,46.74193548387097,23.0,92.0,2.7193548387096773,0.7,5.7
202012,1,부산,2.6838709677419357,-7.5,7.8,47.74193548387097,33.0,90.0,2.9096774193548387,1.0,6.5
202012,2,부산,2.454838709677419,-7.7,7.8,47.903225806451616,28.0,89.0,3.07741935483871,0.0,6.5
202012,3,부산,2.306451612903226,-7.7,8.5,48.03225806451613,24.0,84.0,3.02258064516129,0.0,7.3
202012,4,부산,2.1129032258064515,-7.6,8.5,48.25806451612903,22.0,87.0,2.967741935483871,1.0,8.1
202012,5,부산,1.8741935483870968,-7.8,7.2,48.12903225806452,22.0,74.0,2.829032258064516,0.4,6.4
202012,6,부산,1.6096774193548387,-7.8,7.3,49.54838709677419,22.0,82.0,2.638709677419355,0.6,6.2
202012,7,부산,1.5774193548387097,-7.8,9.1,49.12903225806452,25.0,80.0,2.5677419354838706,0.2,8.4
202012,8,부산,1.9774193548387096,-7.4,9.1,48.193548387096776,26.0,84.0,2.5677419354838706,0.9,5.0
202012,9,부산,3.338709677419355,-6.2,9.2,45.58064516129032,23.0,78.0,2.4129032258064513,0.5,6.9
202012,10,부산,5.051612903225807,-5.3,11.4,41.67741935483871,22.0,66.0,2.551612903225806,0.2,6.8
202012,11,부산,5.916129032258064,-4.2,11.9,39.354838709677416,16.0,63.0,3.106451612903226,1.4,6.3
202012,12,부산,6.83225806451613,-2.8,13.3,36.96774193548387,13.0,55.0,3.4419354838709677,1.0,7.1
202012,13,부산,7.787096774193548,-2.0,14.2,34.903225806451616,9.0,53.0,3.3225806451612905,1.0,5.7
202012,14,부산,8.064516129032258,-1.7,13.5,34.03225806451613,8.0,54.0,3.512903225806452,1.5,6.3
202012,15,부산,8.12258064516129,-1.7,14.8,33.54838709677419,7.0,55.0,3.4645161290322584,0.7,6.5
202012,16,부산,7.854838709677419,-2.3,13.9,34.38709677419355,7.0,56.0,3.2838709677419353,0.9,7.8
202012,17,부산,6.470967741935484,-3.2,11.8,36.87096774193548,10.0,73.0,2.948387096774194,1.3,6.4
202012,18,부산,5.593548387096774,-4.0,10.6,39.25806451612903,12.0,82.0,2.9741935483870967,0.6,7.1
202012,19,부산,5.109677419354839,-4.7,10.2,39.935483870967744,13.0,83.0,2.732258064516129,0.4,6.3
202012,20,부산,4.525806451612904,-5.4,9.6,41.935483870967744,12.0,85.0,2.454838709677419,0.4,6.8
202012,21,부산,4.090322580645161,-6.1,9.1,43.16129032258065,15.0,87.0,2.6806451612903226,0.3,6.8
202012,22,부산,3.648387096774193,-6.6,9.1,44.096774193548384,17.0,90.0,2.903225806451613,0.0,5.1
202012,23,부산,3.1838709677419357,-7.1,8.7,45.61290322580645,20.0,89.0,2.7193548387096773,0.1,6.8
202101,0,부산,2.0483870967741935,-10.4,12.0,51.38709677419355,24.0,92.0,3.0548387096774197,0.5,7.3
202101,1,부산,1.7612903225806449,-10.8,11.6,52.67741935483871,24.0,93.0,3.1838709677419357,0.0,9.9
202101,2,부산,1.5225806451612902,-11.0,10.6,53.806451612903224,25.0,93.0,2.9419354838709677,0.0,8.3
202101,3,부산,1.2290322580645159,-11.4,10.2,54.03225806451613,27.0,94.0,2.829032258064516,0.1,7.5
202101,4,부산,0.9064516129032258,-11.6,10.1,55.354838709677416,31.0,92.0,2.7774193548387096,0.1,6.1
202101,5,부산,0.7483870967741936,-11.4,10.2,54.064516129032256,33.0,95.0,2.5677419354838706,0.1,5.2
202101,6,부산,0.5419354838709678,-11.5,10.1,53.903225806451616,34.0,97.0,2.4838709677419355,0.0,7.7
202101,7,부산,0.34516129032258075,-12.2,9.9,55.03225806451613,34.0,98.0,2.5806451612903225,0.1,7.1
202101,8,부산,0.5870967741935484,-11.7,9.7,54.96774193548387,34.0,98.0,2.79,0.3,5.9
202101,9,부산,1.9225806451612903,-10.6,11.2,53.225806451612904,33.0,98.0,2.5166666666666666,0.2,7.1
202101,10,부산,3.648387096774193,-9.1,13.3,49.483870967741936,26.0,98.0,2.82,0.1,6.9
202101,11,부산,4.761290322580645,-7.9,13.7,46.806451612903224,21.0,98.0,3.151724137931035,0.0,5.9
202101,12,부산,5.629032258064516,-7.0,14.5,45.32258064516129,17.0,99.0,3.679310344827586,0.8,9.7
202101,13,부산,6.351612903225806,-5.8,14.2,44.0,15.0,98.0,3.86551724137931,1.3,8.7
202101,14,부산,6.787096774193548,-4.8,15.7,42.935483870967744,15.0,95.0,3.717241379310345,1.1,8.3
202101,15,부산,6.651612903225806,-4.7,15.2,43.903225806451616,14.0,94.0,3.9566666666666666,0.1,10.8
202101,16,부산,6.451612903225806,-5.0,14.8,43.83870967741935,16.0,94.0,3.643333333333333,1.2,8.2
202101,17,부산,5.696774193548387,-5.9,14.6,45.096774193548384,17.0,95.0,3.725806451612903,1.5,8.4
202101,18,부산,4.483870967741935,-6.9,13.9,47.193548387096776,20.0,93.0,2.958064516129032,0.5,6.3
202101,19,부산,3.9064516129032256,-7.8,13.8,48.41935483870968,21.0,90.0,2.916129032258065,0.3,7.6
202101,20,부산,3.5032258064516126,-8.6,13.5,48.29032258064516,21.0,86.0,3.293548387096774,0.2,9.3
202101,21,부산,3.196774193548387,-9.2,13.1,49.12903225806452,22.0,86.0,3.2161290322580647,0.0,8.9
202101,22,부산,2.990322580645161,-9.7,12.5,49.774193548387096,22.0,86.0,3.116129032258064,0.2,6.9
202101,23,부산,2.693548387096774,-10.2,12.3,50.225806451612904,24.0,88.0,3.074193548387097,0.2,7.3
202102,0,부산,6.017857142857143,-5.4,14.2,54.142857142857146,16.0,98.0,3.857142857142857,0.0,7.3
202102,1,부산,5.832142857142857,-5.7,14.0,55.214285714285715,16.0,99.0,4.003571428571428,0.4,8.7
202102,2,부산,5.575,-5.7,13.6,55.82142857142857,16.0,98.0,3.7821428571428575,0.5,7.0
202102,3,부산,5.339285714285714,-6.0,13.8,55.857142857142854,14.0,97.0,3.207142857142857,0.4,7.8
202102,4,부산,5.0928571428571425,-6.5,13.0,55.857142857142854,18.0,96.0,3.557142857142857,0.2,9.0
202102,5,부산,4.835714285714286,-6.7,13.0,57.107142857142854,16.0,96.0,3.5749999999999997,0.2,7.9
202102,6,부산,4.517857142857143,-6.8,13.2,56.964285714285715,23.0,93.0,3.482142857142857,0.6,8.6
202102,7,부산,4.260714285714285,-7.2,13.1,57.535714285714285,25.0,95.0,3.4285714285714284,0.4,7.8
202102,8,부산,4.628571428571428,-6.3,13.4,56.42857142857143,21.0,96.0,3.2821428571428575,0.9,7.4
202102,9,부산,5.8999999999999995,-5.4,14.3,52.964285714285715,20.0,94.0,3.1571428571428575,0.7,7.5
202102,10,부산,7.203571428571428,-3.9,16.3,47.857142857142854,18.0,93.0,3.314285714285714,0.3,8.2
202102,11,부산,8.407142857142857,-3.0,17.4,44.67857142857143,16.0,93.0,3.775,0.8,8.9
202102,12,부산,9.582142857142857,-1.6,18.2,42.142857142857146,16.0,96.0,4.135714285714285,1.5,9.5
202102,13,부산,10.010714285714286,-1.0,18.4,41.392857142857146,16.0,94.0,4.410714285714286,1.5,7.9
202102,14,부산,10.710714285714285,-0.7,18.9,40.42857142857143,18.0,95.0,4.0321428571428575,1.1,8.1
202102,15,부산,10.585714285714285,0.1,18.5,41.964285714285715,18.0,97.0,4.385714285714285,1.1,7.4
202102,16,부산,10.482142857142858,-0.3,18.0,43.25,18.0,94.0,4.421428571428572,0.9,10.7
202102,17,부산,9.889285714285714,-0.9,18.1,46.107142857142854,17.0,94.0,3.8714285714285714,1.1,7.1
202102,18,부산,8.557142857142857,-2.8,16.7,50.142857142857146,18.0,95.0,4.010714285714285,1.4,9.6
202102,19,부산,7.857142857142857,-3.5,16.2,52.392857142857146,17.0,97.0,3.2357142857142853,1.2,7.8
202102,20,부산,7.328571428571428,-4.1,15.5,53.714285714285715,16.0,96.0,3.432142857142857,1.3,9.0
202102,21,부산,6.942857142857143,-4.7,16.3,53.214285714285715,18.0,97.0,3.4785714285714286,0.5,9.0
202102,22,부산,6.578571428571428,-5.1,14.7,53.642857142857146,19.0,97.0,3.507142857142857,0.0,8.9
202102,23,부산,6.235714285714286,-5.3,14.3,53.75,17.0,98.0,3.767857142857143,0.2,7.6
202103,0,부산,9.803225806451612,2.2,15.1,68.54838709677419,30.0,96.0,3.2129032258064516,0.1,9.9
202103,1,부산,9.606451612903227,2.2,15.0,68.06451612903226,33.0,95.0,2.935483870967742,0.1,7.6
202103,2,부산,9.412903225806453,2.3,15.3,68.90322580645162,36.0,97.0,3.0548387096774197,0.9,7.9
202103,3,부산,9.151612903225805,2.4,14.9,69.6774193548387,38.0,97.0,2.8548387096774195,0.2,8.2
202103,4,부산,8.887096774193548,2.2,14.6,70.09677419354838,34.0,97.0,2.4935483870967743,0.4,7.7
202103,5,부산,8.66451612903226,1.8,14.1,70.2258064516129,39.0,97.0,2.5387096774193547,0.0,6.5
202103,6,부산,8.519354838709678,1.6,13.8,71.09677419354838,37.0,96.0,2.6903225806451614,0.4,6.6
202103,7,부산,8.629032258064516,1.9,14.1,69.7741935483871,34.0,95.0,2.5903225806451613,0.4,5.8
202103,8,부산,9.812903225806451,3.1,14.6,66.3225806451613,35.0,96.0,2.6193548387096777,0.2,5.5
202103,9,부산,11.351612903225806,4.2,18.9,62.29032258064516,31.0,95.0,3.0548387096774197,0.6,8.3
202103,10,부산,12.641935483870967,4.7,18.9,58.064516129032256,26.0,94.0,3.1903225806451614,0.8,5.8
202103,11,부산,13.567741935483872,5.7,19.5,54.83870967741935,22.0,94.0,3.390322580645161,1.1,5.7
202103,12,부산,14.432258064516128,8.1,20.4,52.41935483870968,19.0,95.0,3.403225806451613,1.0,5.9
202103,13,부산,14.612903225806452,6.4,20.8,52.45161290322581,18.0,95.0,3.729032258064516,0.1,6.2
202103,14,부산,14.72258064516129,7.0,20.6,54.354838709677416,15.0,95.0,3.97741935483871,0.6,7.3
202103,15,부산,14.519354838709678,7.7,20.2,55.67741935483871,19.0,95.0,4.203225806451612,0.6,6.8
202103,16,부산,14.193548387096774,7.5,19.9,57.83870967741935,19.0,96.0,4.077419354838709,1.4,7.3
202103,17,부산,13.212903225806452,6.1,18.2,61.193548387096776,22.0,95.0,4.361290322580645,1.3,8.7
202103,18,부산,12.287096774193548,5.2,16.5,64.09677419354838,25.0,94.0,4.12258064516129,1.9,10.4
202103,19,부산,11.509677419354839,3.8,15.5,67.06451612903226,28.0,97.0,3.796774193548387,1.5,8.7
202103,20,부산,11.180645161290323,3.1,15.4,66.6774193548387,26.0,96.0,3.5032258064516126,0.0,7.2
202103,21,부산,10.829032258064515,2.8,15.0,66.41935483870968,26.0,96.0,3.2903225806451615,0.9,7.1
202103,22,부산,10.458064516129031,2.6,15.1,67.48387096774194,28.0,97.0,3.335483870967742,0.3,9.9
202103,23,부산,10.119354838709677,2.4,14.9,67.70967741935483,28.0,97.0,3.229032258064516,0.0,7.1
202104,0,부산,12.913333333333332,8.3,17.5,60.7,31.0,97.0,2.89,0.2,7.3
202104,1,부산,12.763333333333332,8.0,17.5,60.86666666666667,30.0,98.0,3.0566666666666666,0.6,7.9
202104,2,부산,12.53,7.4,17.6,60.36666666666667,32.0,98.0,3.2,0.0,8.4
202104,3,부산,12.273333333333333,7.1,17.1,61.63333333333333,35.0,98.0,3.0966666666666667,0.0,8.3
202104,4,부산,12.04,6.6,16.7,62.8,33.0,98.0,3.283333333333333,0.5,11.3
202104,5,부산,11.873333333333333,6.5,16.5,62.333333333333336,32.0,98.0,2.9833333333333334,0.2,9.0
202104,6,부산,11.753333333333334,6.4,16.1,63.166666666666664,33.0,97.0,2.9133333333333336,0.4,6.4
202104,7,부산,12.333333333333334,6.7,16.5,62.0,31.0,97.0,3.0766666666666667,0.2,7.7
202104,8,부산,13.766666666666667,7.2,18.6,57.9,26.0,97.0,3.24,0.7,8.0
202104,9,부산,15.343333333333334,8.8,20.3,53.6,28.0,95.0,3.046666666666667,0.4,10.3
202104,10,부산,16.82,9.9,24.5,49.86666666666667,24.0,91.0,3.4166666666666665,1.2,10.3
202104,11,부산,17.64,11.2,25.1,48.666666666666664,23.0,86.0,3.43,1.3,9.1
202104,12,부산,17.946666666666665,11.5,25.6,48.43333333333333,21.0,83.0,3.9066666666666667,1.8,7.7
202104,13,부산,18.19,11.2,25.7,47.9,23.0,85.0,4.08,1.7,8.3
202104,14,부산,18.33,11.0,24.2,47.733333333333334,23.0,90.0,3.99,1.6,7.9
202104,15,부산,18.053333333333335,10.2,23.8,48.333333333333336,24.0,93.0,3.86,1.6,6.7
202104,16,부산,17.37,9.8,22.9,51.166666666666664,23.0,94.0,3.9733333333333336,1.1,8.3
202104,17,부산,16.593333333333334,9.5,21.4,52.166666666666664,20.0,95.0,4.133333333333334,1.5,7.5
202104,18,부산,15.703333333333331,9.4,20.4,53.96666666666667,14.0,95.0,3.9366666666666665,1.4,8.1
202104,19,부산,14.613333333333333,9.3,20.1,57.13333333333333,24.0,96.0,3.6199999999999997,1.1,6.5
202104,20,부산,14.08,9.3,19.5,57.666666666666664,28.0,96.0,2.9633333333333334,0.8,5.1
202104,21,부산,13.786666666666667,9.1,19.7,59.86666666666667,25.0,97.0,3.21,0.4,7.6
202104,22,부산,13.6,8.9,19.4,60.1,25.0,97.0,3.5566666666666666,1.0,10.6
202104,23,부산,13.306666666666667,8.7,18.2,60.1,31.0,97.0,3.2199999999999998,0.8,6.9
202105,0,부산,16.325806451612905,11.0,19.8,71.61290322580645,26.0,98.0,3.2548387096774194,0.4,9.2
202105,1,부산,16.05483870967742,10.6,19.8,70.93548387096774,28.0,98.0,3.1451612903225805,0.9,11.3
202105,2,부산,15.932258064516128,10.3,19.7,71.2258064516129,28.0,98.0,3.0935483870967744,0.0,9.8
202105,3,부산,15.770967741935483,10.3,19.5,70.29032258064517,28.0,99.0,2.92258064516129,0.0,6.7
202105,4,부산,15.693548387096774,10.1,20.7,70.19354838709677,31.0,99.0,2.7870967741935484,0.0,7.8
202105,5,부산,15.51290322580645,10.2,20.0,70.06451612903226,30.0,98.0,2.8419354838709676,0.0,8.4
202105,6,부산,15.52258064516129,9.5,20.0,71.03225806451613,29.0,99.0,3.07741935483871,0.9,9.8
202105,7,부산,16.04193548387097,8.9,19.7,71.09677419354838,32.0,99.0,2.5999999999999996,0.0,6.5
202105,8,부산,17.080645161290324,9.4,20.9,67.48387096774194,33.0,98.0,2.9000000000000004,0.6,10.0
202105,9,부산,18.154838709677417,10.2,23.3,65.25806451612904,32.0,98.0,3.103225806451613,0.1,7.7
202105,10,부산,18.9741935483871,13.2,24.8,64.09677419354838,31.0,98.0,3.583870967741935,0.4,8.9
202105,11,부산,19.60967741935484,13.9,26.1,63.0,25.0,98.0,4.393548387096774,1.5,11.7
202105,12,부산,19.958064516129035,13.7,26.2,62.96774193548387,21.0,98.0,4.580645161290323,1.3,11.4
202105,13,부산,20.106451612903225,15.1,23.6,63.645161290322584,35.0,98.0,4.741935483870968,1.2,10.2
202105,14,부산,19.94193548387097,14.1,24.9,64.03225806451613,35.0,98.0,4.896774193548388,1.5,11.2
202105,15,부산,20.006451612903227,14.7,24.5,62.483870967741936,35.0,98.0,4.535483870967742,1.0,9.9
202105,16,부산,19.79032258064516,14.5,24.9,63.225806451612904,22.0,98.0,4.558064516129033,0.3,11.7
202105,17,부산,19.519354838709678,14.5,24.5,62.645161290322584,21.0,98.0,4.090322580645161,1.4,9.7
202105,18,부산,18.816129032258065,13.9,23.2,65.29032258064517,22.0,98.0,3.764516129032258,1.0,7.1
202105,19,부산,18.070967741935487,12.4,22.1,67.90322580645162,23.0,98.0,3.4419354838709677,1.0,7.6
202105,20,부산,17.529032258064515,11.8,20.9,69.83870967741936,23.0,97.0,3.0548387096774197,0.6,7.6
202105,21,부산,17.17096774193548,11.4,20.3,72.0,20.0,98.0,3.064516129032258,0.0,9.4
202105,22,부산,16.79032258064516,11.3,20.0,72.38709677419355,23.0,98.0,2.870967741935484,0.3,7.5
202105,23,부산,16.60967741935484,11.0,19.7,72.90322580645162,25.0,98.0,2.9516129032258065,0.0,7.0
202106,0,부산,20.39333333333333,17.8,22.9,80.36666666666666,59.0,98.0,2.1333333333333333,0.0,5.8
202106,1,부산,20.303333333333335,17.4,22.5,80.16666666666667,56.0,98.0,2.2066666666666666,0.0,5.6
202106,2,부산,20.133333333333333,17.2,22.4,80.43333333333334,53.0,98.0,2.15,0.0,5.7
202106,3,부산,19.959999999999997,17.1,22.3,80.5,54.0,98.0,2.1033333333333335,0.0,5.5
202106,4,부산,19.81,16.7,22.3,80.8,56.0,98.0,2.11,0.0,5.9
202106,5,부산,19.666666666666668,16.6,21.8,81.6,57.0,98.0,2.0466666666666664,0.1,5.1
202106,6,부산,19.716666666666665,16.8,21.7,80.03333333333333,55.0,99.0,2.3466666666666667,0.0,5.5
202106,7,부산,20.35666666666667,17.3,22.6,78.8,54.0,99.0,2.4833333333333334,0.1,6.1
202106,8,부산,21.563333333333333,18.8,24.3,75.8,55.0,99.0,2.246666666666667,0.1,6.1
202106,9,부산,22.529999999999998,19.1,26.3,72.46666666666667,38.0,99.0,2.4266666666666667,0.5,5.3
202106,10,부산,23.4,18.5,27.2,70.2,34.0,99.0,2.81,0.4,4.9
202106,11,부산,23.92,18.5,28.1,69.73333333333333,34.0,98.0,2.9766666666666666,1.4,6.0
202106,12,부산,24.253333333333334,18.7,29.0,68.9,31.0,98.0,3.2933333333333334,1.5,7.6
202106,13,부산,24.41,18.9,29.9,68.73333333333333,37.0,98.0,3.4166666666666665,1.0,7.9
202106,14,부산,24.53666666666667,19.2,30.8,68.36666666666666,38.0,98.0,3.4066666666666667,1.4,7.8
202106,15,부산,24.19333333333333,19.2,27.6,69.83333333333333,43.0,98.0,3.4233333333333333,1.6,6.8
202106,16,부산,23.90666666666667,19.1,27.0,70.43333333333334,41.0,98.0,3.1599999999999997,1.1,6.0
202106,17,부산,23.4,19.0,26.2,72.73333333333333,44.0,98.0,2.8633333333333337,0.9,6.3
202106,18,부산,22.57,18.9,25.2,75.1,54.0,98.0,2.9633333333333334,1.0,5.4
202106,19,부산,21.793333333333333,19.1,24.1,77.46666666666667,52.0,98.0,2.49,0.0,5.7
202106,20,부산,21.19,19.3,23.2,79.16666666666667,53.0,98.0,2.33,0.1,5.9
202106,21,부산,21.003333333333334,19.0,22.6,79.73333333333333,49.0,99.0,2.68,1.1,6.7
202106,22,부산,20.853333333333335,18.8,22.4,80.1,50.0,99.0,2.5766666666666667,0.2,6.3
202106,23,부산,20.686666666666667,18.7,22.7,79.7,52.0,98.0,2.646666666666667,0.1,7.8
202107,0,부산,25.070967741935487,21.6,26.7,84.70967741935483,69.0,98.0,3.129032258064516,0.7,9.3
202107,1,부산,24.938709677419357,21.7,26.8,85.29032258064517,71.0,99.0,3.325806451612903,1.1,11.9
202107,2,부산,24.796774193548387,21.6,26.9,85.51612903225806,70.0,99.0,3.2516129032258063,0.2,12.6
202107,3,부산,24.72258064516129,21.6,27.0,85.70967741935483,73.0,99.0,2.916129032258065,0.0,12.0
202107,4,부산,24.60967741935484,21.1,27.0,85.87096774193549,72.0,99.0,3.0161290322580645,0.8,12.4
202107,5,부산,24.551612903225806,21.2,26.8,85.80645161290323,69.0,99.0,3.0387096774193547,0.1,13.0
202107,6,부산,24.567741935483873,21.0,26.9,85.29032258064517,67.0,99.0,2.9000000000000004,0.0,12.8
202107,7,부산,25.09032258064516,21.1,27.2,83.87096774193549,68.0,99.0,2.7548387096774194,0.0,10.8
202107,8,부산,26.02258064516129,21.4,28.6,81.16129032258064,65.0,98.0,3.1193548387096777,0.0,8.1
202107,9,부산,26.84193548387097,21.5,30.1,78.35483870967742,62.0,97.0,2.9419354838709677,0.0,7.8
202107,10,부산,27.55806451612903,21.8,31.1,76.19354838709677,59.0,97.0,2.987096774193548,0.0,7.5
202107,11,부산,27.874193548387098,21.7,31.5,75.03225806451613,58.0,97.0,3.390322580645161,0.5,5.7
202107,12,부산,28.283870967741933,22.1,31.6,74.41935483870968,53.0,97.0,3.767741935483871,2.0,7.2
202107,13,부산,28.38064516129032,21.9,31.7,74.29032258064517,56.0,97.0,3.796774193548387,1.4,8.3
202107,14,부산,28.312903225806455,21.8,31.7,73.96774193548387,58.0,96.0,3.8677419354838714,1.1,7.6
202107,15,부산,28.335483870967742,21.6,31.8,73.35483870967742,57.0,98.0,3.829032258064516,1.4,6.7
202107,16,부산,28.183870967741935,21.6,31.8,73.61290322580645,56.0,99.0,3.929032258064516,2.0,8.5
202107,17,부산,27.625806451612902,21.7,31.2,74.96774193548387,56.0,99.0,3.4516129032258065,1.8,6.0
202107,18,부산,27.148387096774194,21.7,30.2,76.58064516129032,59.0,97.0,3.07741935483871,1.2,6.4
202107,19,부산,26.40967741935484,21.8,28.6,78.7741935483871,52.0,98.0,2.916129032258065,1.9,5.9
202107,20,부산,25.725806451612904,21.9,27.7,80.93548387096774,61.0,99.0,2.793548387096774,1.4,7.2
202107,21,부산,25.44193548387097,21.6,27.6,82.2258064516129,67.0,99.0,2.570967741935484,0.4,5.0
202107,22,부산,25.358064516129033,21.8,27.3,82.35483870967742,63.0,99.0,2.764516129032258,1.1,5.8
202107,23,부산,25.35483870967742,21.7,27.5,83.70967741935483,66.0,99.0,3.1451612903225805,1.6,8.0
202108,0,부산,25.33225806451613,22.3,28.3,85.12903225806451,77.0,100.0,3.0612903225806454,0.9,13.3
202108,1,부산,25.164516129032258,22.4,28.1,86.25806451612904,77.0,99.0,3.0,0.0,16.5
202108,2,부산,24.970967741935485,22.2,28.3,86.41935483870968,71.0,99.0,2.635483870967742,0.0,12.5
202108,3,부산,24.748387096774195,22.2,28.1,86.74193548387096,73.0,99.0,2.396774193548387,0.0,5.4
202108,4,부산,24.606451612903225,22.0,28.1,87.48387096774194,75.0,98.0,2.1451612903225805,0.0,6.8
202108,5,부산,24.470967741935485,21.8,28.0,87.80645161290323,73.0,98.0,2.2451612903225806,0.0,6.4
202108,6,부산,24.374193548387098,22.0,27.7,87.83870967741936,75.0,99.0,2.0548387096774197,0.0,6.7
202108,7,부산,24.793548387096774,22.3,28.2,86.29032258064517,72.0,98.0,1.941935483870968,0.0,5.1
202108,8,부산,25.700000000000003,21.7,30.9,82.93548387096774,64.0,99.0,2.370967741935484,0.0,5.6
202108,9,부산,26.596774193548388,22.4,32.3,80.83870967741936,61.0,97.0,2.6806451612903226,0.0,6.9
202108,10,부산,27.306451612903224,22.4,32.9,78.74193548387096,59.0,97.0,2.890322580645161,0.2,8.4
202108,11,부산,27.72258064516129,20.5,33.4,77.83870967741936,56.0,99.0,3.1225806451612903,1.2,7.3
202108,12,부산,28.01290322580645,21.1,33.4,77.7741935483871,61.0,99.0,3.570967741935484,1.3,13.7
202108,13,부산,28.18064516129032,22.3,33.8,76.80645161290323,59.0,100.0,3.6870967741935483,0.7,12.0
202108,14,부산,28.141935483870967,22.3,34.6,76.54838709677419,53.0,98.0,4.138709677419355,1.6,11.1
202108,15,부산,28.138709677419353,22.3,34.0,75.54838709677419,57.0,98.0,4.112903225806452,2.1,13.0
202108,16,부산,27.86774193548387,21.0,33.6,75.96774193548387,57.0,99.0,3.9451612903225803,1.9,9.4
202108,17,부산,27.325806451612905,21.7,32.7,77.93548387096774,63.0,100.0,3.829032258064516,1.6,9.3
202108,18,부산,26.81935483870968,21.7,31.9,78.29032258064517,61.0,100.0,3.393548387096774,1.6,7.7
202108,19,부산,26.261290322580646,22.9,30.5,79.2258064516129,59.0,98.0,3.1451612903225805,1.1,8.4
202108,20,부산,25.780645161290323,22.7,29.3,81.64516129032258,63.0,95.0,3.148387096774193,0.0,11.4
202108,21,부산,25.55806451612903,22.6,28.9,83.06451612903226,67.0,99.0,2.7870967741935484,0.4,7.3
202108,22,부산,25.429032258064513,22.5,28.6,83.87096774193549,71.0,99.0,2.838709677419355,0.4,8.5
202108,23,부산,25.30322580645161,22.6,28.5,84.70967741935483,74.0,100.0,2.6322580645161286,0.2,9.3
202109,0,부산,21.91,20.0,24.9,80.9,68.0,97.0,2.71,0.0,5.6
202109,1,부산,21.816666666666666,19.9,24.4,81.03333333333333,69.0,94.0,2.7,0.0,6.9
202109,2,부산,21.529999999999998,19.8,23.8,83.23333333333333,63.0,99.0,2.503333333333333,0.0,6.6
202109,3,부산,21.39333333333333,20.0,23.5,83.7,64.0,100.0,2.493333333333333,0.4,4.4
202109,4,부산,21.31,19.8,23.8,83.83333333333333,67.0,99.0,2.48,0.0,5.3
202109,5,부산,21.176666666666666,19.1,23.9,84.6,68.0,98.0,2.356666666666667,0.0,4.8
202109,6,부산,21.183333333333334,19.4,24.1,84.73333333333333,71.0,98.0,2.5633333333333335,0.0,4.9
202109,7,부산,21.45,19.8,24.4,83.63333333333334,68.0,99.0,2.6166666666666667,0.0,5.2
202109,8,부산,22.296666666666667,20.1,25.7,82.03333333333333,64.0,99.0,2.7,0.0,5.7
202109,9,부산,23.416666666666668,20.4,26.8,77.8,60.0,98.0,3.0233333333333334,0.0,6.7
202109,10,부산,24.220000000000002,20.3,27.5,75.43333333333334,50.0,98.0,3.6,1.0,7.4
202109,11,부산,24.779999999999998,20.4,28.2,73.8,47.0,98.0,3.3551724137931034,1.6,7.6
202109,12,부산,25.18,20.2,28.3,71.0,42.0,99.0,3.493103448275862,1.2,8.1
202109,13,부산,25.31,19.9,28.2,72.3,46.0,98.0,3.617241379310345,2.0,8.1
202109,14,부산,25.096666666666668,19.5,28.1,72.06666666666666,44.0,98.0,3.737931034482759,2.1,7.5
202109,15,부산,24.93,19.7,28.1,72.7,46.0,98.0,3.651724137931035,2.1,5.7
202109,16,부산,24.540000000000003,19.8,28.3,73.26666666666667,46.0,99.0,3.579310344827586,1.8,6.9
202109,17,부산,24.17,19.6,27.7,73.83333333333333,47.0,99.0,3.506666666666667,0.6,8.5
202109,18,부산,23.38,20.0,27.4,77.13333333333334,65.0,95.0,3.4433333333333334,2.1,7.3
202109,19,부산,22.733333333333334,20.4,25.6,78.56666666666666,67.0,94.0,3.1933333333333334,1.1,6.8
202109,20,부산,22.34,20.3,25.1,79.5,64.0,96.0,3.0733333333333333,0.0,5.4
202109,21,부산,22.15666666666667,20.4,24.9,79.96666666666667,65.0,98.0,2.8466666666666662,1.2,5.2
202109,22,부산,21.94,20.0,24.7,80.8,65.0,99.0,2.606666666666667,0.3,5.2
202109,23,부산,21.826666666666664,19.7,24.5,80.73333333333333,67.0,98.0,2.85,0.3,5.6
202110,0,부산,17.26451612903226,8.4,24.7,71.35483870967742,41.0,92.0,2.509677419354839,0.0,7.3
202110,1,부산,17.067741935483873,8.0,24.7,72.35483870967742,39.0,92.0,2.648387096774193,0.0,6.2
202110,2,부산,16.787096774193547,7.5,24.4,72.80645161290323,41.0,91.0,2.3161290322580643,0.0,6.2
202110,3,부산,16.461290322580645,7.6,23.9,73.74193548387096,39.0,96.0,2.487096774193548,0.0,5.0
202110,4,부산,16.267741935483873,7.3,23.7,73.90322580645162,42.0,96.0,2.116129032258064,0.0,5.0
202110,5,부산,16.080645161290324,6.4,23.7,73.58064516129032,39.0,96.0,2.009677419354839,0.0,5.1
202110,6,부산,15.932258064516128,5.6,23.7,73.96774193548387,43.0,94.0,2.329032258064516,0.0,5.4
202110,7,부산,16.051612903225806,5.6,23.8,73.16129032258064,42.0,96.0,2.174193548387097,0.0,5.4
202110,8,부산,17.470967741935485,6.8,24.4,70.0,40.0,97.0,2.261290322580645,0.0,6.9
202110,9,부산,19.093548387096774,8.4,26.4,65.54838709677419,33.0,91.0,2.351612903225807,0.1,6.7
202110,10,부산,20.225806451612904,10.1,26.4,63.12903225806452,37.0,95.0,2.851612903225807,0.8,7.2
202110,11,부산,21.106451612903225,11.7,27.0,60.70967741935484,39.0,91.0,2.9516129032258065,0.9,7.0
202110,12,부산,21.719354838709677,13.5,28.0,59.0,33.0,88.0,3.2483870967741937,1.7,6.8
202110,13,부산,22.061290322580643,13.7,27.8,59.32258064516129,28.0,89.0,3.2806451612903227,1.7,8.4
202110,14,부산,22.206451612903226,14.3,27.5,59.03225806451613,21.0,88.0,3.238709677419355,1.7,7.9
202110,15,부산,22.048387096774192,13.9,28.1,58.83870967741935,22.0,91.0,3.3741935483870966,1.8,5.8
202110,16,부산,21.45483870967742,13.4,27.3,60.483870967741936,30.0,89.0,3.070967741935484,1.4,5.3
202110,17,부산,20.47741935483871,12.9,26.4,63.25806451612903,31.0,95.0,3.096774193548387,1.3,8.2
202110,18,부산,19.177419354838708,11.8,25.3,66.61290322580645,37.0,93.0,2.9451612903225803,0.4,6.9
202110,19,부산,18.593548387096774,10.9,25.2,68.16129032258064,40.0,90.0,2.5677419354838706,0.0,7.1
202110,20,부산,18.19677419354839,10.4,24.9,68.38709677419355,29.0,94.0,2.296774193548387,0.0,7.3
202110,21,부산,17.783870967741933,9.7,24.8,69.09677419354838,28.0,97.0,2.2419354838709675,0.0,5.2
202110,22,부산,17.503225806451614,9.3,24.9,70.0,31.0,97.0,2.4741935483870967,0.0,5.6
202110,23,부산,17.309677419354838,9.2,24.9,69.83870967741936,33.0,97.0,2.383870967741936,0.0,5.2
202111,0,부산,11.016666666666667,4.4,18.3,58.93333333333333,33.0,88.0,2.6866666666666665,0.0,4.8
202111,1,부산,10.763333333333332,3.8,18.4,58.93333333333333,40.0,82.0,2.496666666666667,0.2,5.3
202111,2,부산,10.59,3.9,18.3,59.8,39.0,79.0,2.606666666666667,0.0,5.8
202111,3,부산,10.426666666666668,4.0,18.2,60.666666666666664,38.0,80.0,2.68,0.0,5.8
202111,4,부산,10.103333333333333,4.0,18.2,62.06666666666667,40.0,80.0,2.31,0.0,5.6
202111,5,부산,9.956666666666667,4.1,18.4,63.166666666666664,40.0,76.0,2.52,0.0,6.5
202111,6,부산,9.846666666666666,4.1,19.0,64.06666666666666,43.0,77.0,2.68,0.0,6.4
202111,7,부산,9.746666666666668,3.8,19.1,63.233333333333334,42.0,79.0,2.2866666666666666,0.4,5.4
202111,8,부산,10.71,4.5,19.6,62.03333333333333,39.0,86.0,2.6366666666666663,0.3,6.1
202111,9,부산,12.42,5.3,20.3,58.63333333333333,36.0,93.0,2.7066666666666666,0.0,5.0
202111,10,부산,13.76,5.6,20.8,53.53333333333333,33.0,97.0,3.35,0.9,7.9
202111,11,부산,14.97,7.3,20.6,49.9,32.0,91.0,3.5266666666666664,0.5,8.4
202111,12,부산,15.656666666666666,8.4,21.5,47.4,28.0,95.0,3.783333333333333,1.4,8.2
202111,13,부산,16.336666666666666,9.7,21.2,46.333333333333336,23.0,97.0,3.8466666666666667,1.4,7.2
202111,14,부산,16.42,9.5,21.6,45.96666666666667,24.0,95.0,3.6166666666666667,1.3,7.0
202111,15,부산,15.886666666666667,9.7,22.0,47.53333333333333,23.0,94.0,4.173333333333334,1.4,8.9
202111,16,부산,15.286666666666667,9.3,20.9,48.06666666666667,24.0,83.0,3.96,1.9,8.7
202111,17,부산,14.023333333333333,7.3,19.5,51.2,28.0,82.0,3.2066666666666666,0.5,9.2
202111,18,부산,13.013333333333332,6.6,18.0,53.0,30.0,72.0,2.7366666666666664,0.3,6.7
202111,19,부산,12.373333333333333,6.1,17.5,54.233333333333334,32.0,74.0,2.4699999999999998,0.0,6.5
202111,20,부산,11.973333333333333,6.0,17.7,55.03333333333333,34.0,76.0,2.6,0.0,10.0
202111,21,부산,11.576666666666666,5.7,17.4,56.166666666666664,37.0,77.0,2.9266666666666667,0.0,8.8
202111,22,부산,11.34,5.5,18.3,55.6,38.0,85.0,2.9866666666666664,0.0,7.0
202111,23,부산,11.033333333333333,4.8,18.4,57.13333333333333,39.0,85.0,2.9766666666666666,0.0,9.0
202112,0,부산,4.787096774193548,-6.5,11.3,55.225806451612904,25.0,85.0,2.9064516129032256,0.0,7.3
202112,1,부산,4.390322580645161,-6.8,11.0,55.064516129032256,24.0,82.0,2.9096774193548387,0.0,7.5
202112,2,부산,4.187096774193549,-7.1,10.4,55.193548387096776,26.0,79.0,3.019354838709677,0.2,9.9
202112,3,부산,3.916129032258065,-7.3,10.2,55.87096774193548,28.0,82.0,2.893548387096774,0.2,8.1
202112,4,부산,3.7193548387096773,-7.6,9.8,56.225806451612904,31.0,78.0,2.9193548387096775,0.0,6.6
202112,5,부산,3.596774193548387,-7.9,10.1,56.03225806451613,27.0,78.0,3.1193548387096777,0.0,6.7
202112,6,부산,3.448387096774194,-8.1,10.1,56.096774193548384,31.0,78.0,2.5870967741935487,0.0,6.3
202112,7,부산,3.267741935483871,-8.3,9.7,56.41935483870968,31.0,78.0,2.980645161290323,0.0,8.7
202112,8,부산,3.5935483870967744,-8.3,9.7,54.70967741935484,29.0,75.0,2.5677419354838706,0.0,7.1
202112,9,부산,5.212903225806452,-7.4,12.9,51.29032258064516,28.0,80.0,2.5032258064516126,0.0,8.3
202112,10,부산,6.612903225806452,-6.4,15.0,48.25806451612903,22.0,90.0,2.796774193548387,0.0,5.3
202112,11,부산,7.758064516129032,-5.0,17.1,45.25806451612903,19.0,92.0,3.2225806451612904,0.0,6.8
202112,12,부산,8.393548387096773,-3.7,17.3,43.03225806451613,19.0,92.0,3.570967741935484,1.0,5.8
202112,13,부산,9.2,-3.2,17.4,41.096774193548384,19.0,90.0,3.5258064516129033,0.3,6.9
202112,14,부산,9.5,-2.5,16.6,40.74193548387097,17.0,86.0,3.8225806451612905,1.1,9.5
202112,15,부산,9.603225806451613,-1.7,16.4,40.29032258064516,17.0,89.0,3.706451612903226,0.8,10.0
202112,16,부산,9.158064516129032,-1.2,15.6,41.70967741935484,19.0,88.0,3.57741935483871,0.8,8.1
202112,17,부산,7.812903225806451,-2.6,14.0,45.645161290322584,19.0,87.0,3.070967741935484,0.0,6.4
202112,18,부산,6.964516129032258,-3.0,13.3,46.74193548387097,21.0,85.0,2.551612903225806,0.0,6.6
202112,19,부산,6.351612903225806,-3.7,12.9,48.41935483870968,18.0,84.0,2.238709677419355,0.0,5.7
202112,20,부산,5.929032258064517,-4.5,12.4,49.806451612903224,22.0,82.0,2.5806451612903225,0.0,7.3
202112,21,부산,5.548387096774194,-5.2,12.1,51.774193548387096,23.0,84.0,2.52258064516129,0.0,5.3
202112,22,부산,5.216129032258064,-5.6,11.8,52.935483870967744,23.0,86.0,2.6580645161290324,0.1,6.7
202112,23,부산,4.83225806451613,-6.1,11.5,53.354838709677416,22.0,87.0,2.9387096774193546,0.1,6.2
202201,0,부산,2.7,-3.3,7.9,44.29032258064516,19.0,88.0,3.2903225806451615,0.1,7.5
202201,1,부산,2.3677419354838714,-3.8,7.5,44.70967741935484,20.0,79.0,3.0548387096774197,0.0,6.1
202201,2,부산,2.0258064516129033,-4.1,6.6,44.935483870967744,22.0,78.0,3.1774193548387095,0.0,7.9
202201,3,부산,1.638709677419355,-4.4,6.4,44.935483870967744,22.0,80.0,3.0483870967741935,0.2,6.5
202201,4,부산,1.335483870967742,-4.8,6.3,46.16129032258065,20.0,83.0,2.8483870967741933,0.4,5.7
202201,5,부산,1.2000000000000002,-5.3,6.3,47.16129032258065,19.0,85.0,2.551612903225806,0.0,5.7
202201,6,부산,0.9935483870967742,-5.7,6.3,47.54838709677419,24.0,77.0,2.509677419354839,0.0,5.8
202201,7,부산,0.8483870967741935,-5.9,6.4,48.16129032258065,24.0,76.0,2.8129032258064517,0.0,6.3
202201,8,부산,1.0129032258064516,-5.4,6.5,47.25806451612903,24.0,74.0,2.6193548387096777,0.1,6.5
202201,9,부산,2.4645161290322584,-4.1,7.2,44.516129032258064,20.0,71.0,2.629032258064516,0.1,7.2
202201,10,부산,4.180645161290323,-2.5,9.2,41.225806451612904,18.0,62.0,2.6516129032258067,0.1,7.0
202201,11,부산,5.680645161290323,-0.6,11.1,37.935483870967744,16.0,58.0,2.6193548387096777,0.9,5.0
202201,12,부산,6.341935483870968,0.2,12.0,36.12903225806452,15.0,57.0,3.070967741935484,1.5,4.7
202201,13,부산,7.190322580645161,0.3,12.8,34.903225806451616,14.0,60.0,3.296774193548387,1.1,6.1
202201,14,부산,7.880645161290322,1.5,12.3,33.0,14.0,57.0,3.1903225806451614,1.2,5.3
202201,15,부산,8.093548387096774,2.0,11.8,33.0,15.0,61.0,3.109677419354839,1.7,6.2
202201,16,부산,7.893548387096774,2.2,11.4,32.70967741935484,15.0,63.0,2.958064516129032,0.9,5.1
202201,17,부산,6.935483870967742,1.5,10.5,34.29032258064516,17.0,65.0,2.890322580645161,1.5,4.8
202201,18,부산,5.367741935483871,0.0,9.6,36.516129032258064,16.0,75.0,2.7483870967741937,1.0,4.9
202201,19,부산,4.732258064516128,-0.7,9.2,38.516129032258064,18.0,74.0,2.5806451612903225,1.0,6.6
202201,20,부산,4.293548387096774,-1.3,8.6,40.25806451612903,20.0,76.0,2.661290322580645,0.5,7.0
202201,21,부산,3.9096774193548387,-1.7,8.4,41.225806451612904,18.0,77.0,2.761290322580645,0.5,5.3
202201,22,부산,3.5548387096774197,-2.4,8.3,42.645161290322584,20.0,78.0,3.167741935483871,0.1,6.1
202201,23,부산,3.070967741935484,-3.1,8.3,44.354838709677416,21.0,84.0,2.6838709677419357,0.2,5.4
202202,0,부산,2.185714285714286,-4.5,7.7,45.892857142857146,29.0,79.0,2.9250000000000003,0.0,5.8
202202,1,부산,1.792857142857143,-5.0,7.7,46.5,29.0,79.0,2.9,0.0,8.1
202202,2,부산,1.45,-5.3,7.4,46.464285714285715,30.0,79.0,3.3785714285714286,0.0,7.6
202202,3,부산,1.0785714285714285,-5.7,6.7,47.607142857142854,33.0,76.0,3.5785714285714287,0.7,6.5
202202,4,부산,0.7714285714285715,-5.9,7.0,48.464285714285715,34.0,77.0,3.332142857142857,0.1,8.0
202202,5,부산,0.5071428571428571,-6.2,6.9,49.92857142857143,32.0,77.0,3.1607142857142856,0.0,6.4
202202,6,부산,0.28928571428571426,-6.7,7.1,50.42857142857143,36.0,73.0,2.8964285714285714,0.3,5.3
202202,7,부산,-0.007142857142857213,-7.2,7.1,50.75,32.0,76.0,2.8464285714285715,0.0,5.4
202202,8,부산,0.6678571428571428,-6.6,8.1,48.642857142857146,26.0,74.0,2.5749999999999997,0.0,4.6
202202,9,부산,2.0964285714285715,-5.3,10.8,46.5,31.0,70.0,2.707142857142857,0.0,6.8
202202,10,부산,3.767857142857143,-4.5,12.6,41.857142857142854,21.0,63.0,2.810714285714286,0.0,5.7
202202,11,부산,5.028571428571429,-3.2,13.2,38.142857142857146,21.0,61.0,3.189285714285714,0.1,7.4
202202,12,부산,6.285714285714286,-1.2,13.5,35.82142857142857,23.0,61.0,3.289285714285714,1.8,8.1
202202,13,부산,6.896428571428571,-0.8,14.8,34.214285714285715,20.0,71.0,3.917857142857143,2.1,8.5
202202,14,부산,7.567857142857143,0.4,14.1,33.857142857142854,19.0,67.0,4.0321428571428575,1.2,9.0
202202,15,부산,7.728571428571429,2.2,13.4,35.0,18.0,66.0,3.9535714285714287,2.1,7.8
202202,16,부산,7.489285714285714,2.8,12.4,36.25,18.0,70.0,3.9214285714285713,1.8,9.8
202202,17,부산,6.678571428571429,1.6,11.8,39.17857142857143,18.0,66.0,3.814285714285714,1.2,9.9
202202,18,부산,5.242857142857143,-0.2,10.5,42.714285714285715,19.0,78.0,3.717857142857143,1.2,9.5
202202,19,부산,4.582142857142857,-1.1,10.3,43.035714285714285,19.0,76.0,3.4035714285714285,1.2,7.2
202202,20,부산,4.064285714285714,-2.2,10.5,43.32142857142857,21.0,76.0,3.1535714285714285,0.8,6.3
202202,21,부산,3.5107142857142857,-2.9,10.3,44.67857142857143,21.0,76.0,3.2535714285714286,1.3,8.1
202202,22,부산,3.085714285714286,-3.5,10.0,46.285714285714285,22.0,81.0,3.1964285714285716,0.3,7.7
202202,23,부산,2.7214285714285715,-4.1,9.5,45.857142857142854,26.0,79.0,3.3035714285714284,0.0,8.5
202203,0,부산,9.17741935483871,2.8,16.2,68.12903225806451,28.0,100.0,2.8161290322580643,0.0,8.7
202203,1,부산,8.741935483870968,1.9,15.9,68.2258064516129,30.0,100.0,2.867741935483871,0.0,10.5
202203,2,부산,8.506451612903225,1.6,16.0,68.51612903225806,32.0,100.0,3.0161290322580645,0.0,9.2
202203,3,부산,8.406451612903227,0.9,16.1,67.87096774193549,33.0,100.0,3.07741935483871,0.0,10.5
202203,4,부산,8.312903225806451,0.7,16.0,69.35483870967742,37.0,100.0,3.0612903225806454,0.0,7.7
202203,5,부산,8.180645161290322,0.3,16.2,70.35483870967742,38.0,100.0,2.990322580645161,0.0,7.2
202203,6,부산,8.025806451612903,0.0,16.1,71.03225806451613,39.0,100.0,2.883870967741936,0.0,9.0
202203,7,부산,8.025806451612903,-0.6,15.8,70.03225806451613,39.0,100.0,2.935483870967742,0.0,9.8
202203,8,부산,8.951612903225806,1.2,16.2,67.25806451612904,29.0,100.0,2.8774193548387097,0.0,8.9
202203,9,부산,10.341935483870968,2.5,16.2,62.29032258064516,29.0,99.0,2.7838709677419353,0.0,8.3
202203,10,부산,11.345161290322581,3.7,15.6,59.41935483870968,26.0,99.0,3.238709677419355,0.9,6.8
202203,11,부산,12.567741935483872,5.6,19.0,56.096774193548384,22.0,98.0,3.4612903225806453,0.0,8.9
202203,12,부산,13.061290322580644,6.8,18.6,55.29032258064516,23.0,99.0,3.9516129032258065,0.6,9.2
202203,13,부산,13.406451612903227,7.3,18.1,55.67741935483871,17.0,99.0,4.035483870967742,0.8,9.8
202203,14,부산,13.612903225806452,8.1,18.8,57.61290322580645,16.0,98.0,4.16774193548387,1.2,11.4
202203,15,부산,13.22258064516129,8.3,17.9,58.70967741935484,16.0,94.0,4.606451612903226,1.0,8.6
202203,16,부산,12.935483870967742,7.4,17.8,60.645161290322584,16.0,94.0,4.661290322580645,2.5,9.4
202203,17,부산,12.296774193548387,7.2,16.8,62.41935483870968,20.0,96.0,4.519354838709678,2.3,8.8
202203,18,부산,11.551612903225807,6.9,16.4,64.93548387096774,22.0,97.0,4.183870967741935,2.2,10.1
202203,19,부산,10.935483870967742,6.4,16.1,66.96774193548387,26.0,98.0,3.616129032258064,0.0,8.7
202203,20,부산,10.538709677419355,5.8,15.1,69.41935483870968,27.0,99.0,3.5903225806451613,0.0,9.0
202203,21,부산,10.245161290322581,5.2,15.7,68.51612903225806,24.0,99.0,3.148387096774193,0.5,8.4
202203,22,부산,9.870967741935484,4.3,15.6,68.06451612903226,26.0,100.0,2.9387096774193546,1.1,8.7
202203,23,부산,9.548387096774194,3.6,16.4,68.38709677419355,27.0,100.0,2.954838709677419,0.1,7.9
202204,0,부산,13.233333333333333,6.9,17.5,67.7,25.0,100.0,2.9299999999999997,0.0,5.8
202204,1,부산,13.023333333333333,6.5,17.4,68.3,24.0,100.0,2.6333333333333333,0.0,6.0
202204,2,부산,12.83,6.7,17.1,68.8,26.0,100.0,2.4133333333333336,0.0,4.9
202204,3,부산,12.8,6.5,17.3,68.1,27.0,100.0,2.51,0.0,5.9
202204,4,부산,12.53,6.3,16.9,69.1,30.0,100.0,2.4733333333333336,0.0,6.0
202204,5,부산,12.273333333333333,5.8,16.8,68.93333333333334,30.0,100.0,2.43,0.0,5.6
202204,6,부산,12.09,5.6,16.7,70.53333333333333,30.0,100.0,2.1766666666666667,0.0,6.0
202204,7,부산,12.696666666666665,6.4,17.3,68.06666666666666,33.0,100.0,2.5166666666666666,0.0,5.9
202204,8,부산,14.379999999999999,9.1,20.2,63.266666666666666,32.0,100.0,2.77,0.0,7.6
202204,9,부산,15.913333333333332,9.4,23.1,59.13333333333333,27.0,100.0,2.7199999999999998,0.0,6.0
202204,10,부산,16.886666666666667,9.6,21.8,56.5,26.0,100.0,3.1633333333333336,1.4,5.9
202204,11,부산,17.523333333333333,10.1,21.9,56.2,23.0,100.0,3.83,1.2,6.5
202204,12,부산,17.80666666666667,11.5,22.6,56.266666666666666,20.0,100.0,4.1,2.2,6.7
202204,13,부산,18.016666666666666,12.1,22.9,56.333333333333336,24.0,100.0,4.3566666666666665,2.9,6.1
202204,14,부산,17.68,12.1,21.7,56.733333333333334,31.0,100.0,4.733333333333333,1.8,8.6
202204,15,부산,17.313333333333333,12.0,21.9,58.666666666666664,30.0,100.0,4.636666666666667,2.2,11.8
202204,16,부산,16.953333333333333,11.4,21.4,58.166666666666664,25.0,100.0,4.463333333333334,0.7,10.1
202204,17,부산,16.383333333333333,10.8,21.0,59.43333333333333,24.0,100.0,4.666666666666667,1.5,7.9
202204,18,부산,15.58,10.0,20.3,62.46666666666667,32.0,99.0,3.786666666666667,0.3,6.7
202204,19,부산,14.616666666666667,8.9,19.4,65.53333333333333,31.0,100.0,3.61,0.3,7.4
202204,20,부산,14.163333333333332,8.4,18.9,66.9,33.0,99.0,3.0533333333333332,0.0,5.7
202204,21,부산,14.03,8.0,18.8,66.63333333333334,31.0,100.0,3.2366666666666664,0.0,6.6
202204,22,부산,13.770000000000001,7.7,19.1,66.8,24.0,100.0,2.86,0.1,6.0
202204,23,부산,13.603333333333333,7.3,19.2,67.66666666666667,23.0,100.0,2.816666666666667,0.0,5.3
202205,0,부산,16.893548387096775,8.7,21.6,67.61290322580645,33.0,97.0,2.664516129032258,0.0,5.5
202205,1,부산,16.80322580645161,8.8,21.2,66.70967741935483,30.0,98.0,2.732258064516129,0.0,6.5
202205,2,부산,16.712903225806453,8.6,20.9,66.29032258064517,28.0,97.0,2.806451612903226,0.0,7.1
202205,3,부산,16.580645161290324,8.6,20.4,66.54838709677419,29.0,98.0,2.638709677419355,0.0,5.8
202205,4,부산,16.31290322580645,8.8,20.1,66.80645161290323,29.0,100.0,2.5064516129032257,0.0,5.4
202205,5,부산,16.24838709677419,8.4,19.7,66.06451612903226,34.0,95.0,2.648387096774193,0.0,5.0
202205,6,부산,16.23548387096774,8.7,20.3,64.64516129032258,37.0,98.0,2.2516129032258063,0.0,6.6
202205,7,부산,16.993548387096773,10.7,20.9,63.54838709677419,37.0,98.0,2.545161290322581,0.0,6.7
202205,8,부산,18.635483870967743,13.3,23.3,57.096774193548384,33.0,96.0,2.458064516129032,0.2,5.9
202205,9,부산,20.112903225806452,14.4,24.8,51.74193548387097,34.0,89.0,2.7225806451612904,0.3,5.8
202205,10,부산,21.361290322580647,16.0,27.1,50.064516129032256,30.0,92.0,3.02258064516129,1.2,6.6
202205,11,부산,21.848387096774193,16.7,26.7,50.74193548387097,32.0,88.0,3.361290322580645,1.2,6.6
202205,12,부산,22.22258064516129,16.7,26.5,51.354838709677416,25.0,78.0,3.764516129032258,1.1,7.4
202205,13,부산,22.019354838709678,18.1,25.6,54.0,26.0,80.0,4.335483870967742,1.8,7.6
202205,14,부산,21.919354838709676,17.6,27.0,55.41935483870968,31.0,78.0,4.551612903225807,1.9,6.9
202205,15,부산,21.903225806451612,17.7,26.1,54.25806451612903,32.0,77.0,4.422580645161291,1.6,7.5
202205,16,부산,21.616129032258065,17.4,26.6,54.45161290322581,39.0,79.0,4.193548387096774,1.5,7.4
202205,17,부산,20.758064516129032,15.3,25.5,57.87096774193548,40.0,81.0,4.051612903225807,0.8,8.1
202205,18,부산,20.016129032258064,14.5,25.4,58.516129032258064,34.0,87.0,3.9129032258064513,2.0,6.6
202205,19,부산,18.932258064516127,14.3,25.2,63.806451612903224,35.0,92.0,3.5903225806451613,0.8,6.7
202205,20,부산,18.261290322580646,13.7,24.6,66.19354838709677,41.0,93.0,3.074193548387097,0.9,5.9
202205,21,부산,17.700000000000003,11.5,23.0,67.90322580645162,33.0,98.0,2.8129032258064517,0.0,6.2
202205,22,부산,17.448387096774194,9.7,22.2,67.25806451612904,36.0,94.0,3.0870967741935487,0.4,5.5
202205,23,부산,17.17096774193548,9.0,22.2,68.51612903225806,31.0,97.0,3.0677419354838706,0.0,6.2
202206,0,부산,20.416666666666668,16.0,24.6,87.53333333333333,62.0,100.0,4.283333333333333,0.8,9.9
202206,1,부산,20.31,15.5,24.5,88.36666666666666,62.0,100.0,4.226666666666667,0.4,10.6
202206,2,부산,20.240000000000002,15.4,24.5,88.1,52.0,100.0,4.11,0.0,11.7
202206,3,부산,20.166666666666668,15.1,24.3,88.13333333333334,38.0,100.0,3.7866666666666666,1.0,11.7
202206,4,부산,19.996666666666666,15.0,23.9,88.96666666666667,40.0,100.0,3.5633333333333335,0.1,10.7
202206,5,부산,19.82,14.9,24.3,89.53333333333333,41.0,100.0,3.753333333333333,0.9,12.0
202206,6,부산,19.846666666666668,15.0,23.5,89.6,47.0,100.0,3.753333333333333,0.0,12.4
202206,7,부산,20.496666666666666,15.9,23.9,87.43333333333334,38.0,100.0,3.9166666666666665,0.0,13.2
202206,8,부산,21.583333333333332,17.1,25.1,83.4,36.0,100.0,3.9,0.0,11.6
202206,9,부산,22.456666666666667,17.4,26.1,81.5,32.0,100.0,4.24,0.3,12.2
202206,10,부산,22.766666666666666,17.4,27.2,81.76666666666667,60.0,100.0,4.453333333333333,1.3,11.6
202206,11,부산,23.113333333333333,17.9,26.9,80.3,46.0,100.0,4.506666666666666,1.5,11.1
202206,12,부산,23.456666666666667,18.1,27.8,78.83333333333333,43.0,100.0,4.73,1.4,11.8
202206,13,부산,23.896666666666665,18.1,28.2,77.06666666666666,38.0,100.0,4.86,1.9,13.3
202206,14,부산,23.886666666666667,17.3,28.2,76.36666666666666,35.0,100.0,4.616666666666666,1.6,12.4
202206,15,부산,23.793333333333333,17.5,28.0,76.5,33.0,100.0,4.846666666666667,1.8,11.7
202206,16,부산,23.316666666666666,16.9,27.5,77.9,46.0,100.0,4.843333333333334,2.2,12.1
202206,17,부산,22.91,16.5,27.7,79.96666666666667,60.0,100.0,4.886666666666667,2.0,12.7
202206,18,부산,22.18,16.8,26.7,82.26666666666667,63.0,100.0,4.53,1.5,10.8
202206,19,부산,21.583333333333332,16.9,26.2,84.93333333333334,65.0,100.0,4.456666666666666,0.0,10.3
202206,20,부산,21.023333333333333,16.8,24.6,86.7,54.0,100.0,4.486666666666666,1.4,9.9
202206,21,부산,20.876666666666665,16.4,25.0,86.86666666666666,45.0,100.0,4.336666666666667,1.2,10.4
202206,22,부산,20.81,16.1,24.9,87.46666666666667,67.0,100.0,4.3566666666666665,0.4,10.8
202206,23,부산,20.7,16.0,24.8,87.76666666666667,68.0,100.0,4.09,1.1,8.7
202207,0,부산,24.845161290322583,22.1,27.3,87.58064516129032,70.0,100.0,2.390322580645161,0.7,6.9
202207,1,부산,24.72258064516129,22.3,27.0,88.12903225806451,69.0,100.0,2.4645161290322584,1.0,7.7
202207,2,부산,24.606451612903225,22.4,26.7,88.7741935483871,71.0,100.0,2.161290322580645,0.0,6.0
202207,3,부산,24.5258064516129,22.4,26.5,89.0,70.0,100.0,2.0935483870967744,0.4,6.7
202207,4,부산,24.496774193548386,22.5,26.7,88.61290322580645,75.0,100.0,2.083870967741935,0.0,5.8
202207,5,부산,24.39032258064516,22.6,26.6,89.61290322580645,74.0,100.0,2.070967741935484,0.0,6.7
202207,6,부산,24.29032258064516,21.8,26.7,90.83870967741936,73.0,100.0,1.7483870967741935,0.0,5.1
202207,7,부산,24.74516129032258,21.8,27.1,89.83870967741936,72.0,100.0,1.8064516129032258,0.0,4.5
202207,8,부산,25.677419354838708,20.3,28.8,86.0,68.0,100.0,2.4806451612903224,0.8,8.2
202207,9,부산,26.55483870967742,20.5,29.4,83.70967741935483,67.0,100.0,2.7225806451612904,0.5,5.8
202207,10,부산,27.23548387096774,20.2,31.0,81.38709677419355,65.0,100.0,3.0387096774193547,1.0,6.7
202207,11,부산,27.874193548387098,21.1,31.0,78.80645161290323,61.0,100.0,2.883870967741936,1.6,8.0
202207,12,부산,28.26451612903226,21.3,30.8,78.03225806451613,60.0,100.0,3.358064516129032,1.6,9.1
202207,13,부산,28.270967741935483,21.5,31.2,77.51612903225806,58.0,100.0,3.574193548387097,1.1,6.2
202207,14,부산,28.364516129032257,21.7,32.1,77.38709677419355,57.0,99.0,3.6322580645161286,1.0,6.9
202207,15,부산,28.38064516129032,21.9,32.4,76.3225806451613,56.0,97.0,3.738709677419355,0.5,7.1
202207,16,부산,28.038709677419355,21.9,32.4,77.45161290322581,54.0,99.0,3.3225806451612905,1.0,7.4
202207,17,부산,27.574193548387097,22.3,31.6,78.83870967741936,59.0,99.0,2.967741935483871,0.8,7.4
202207,18,부산,26.94193548387097,22.8,30.4,80.38709677419355,59.0,97.0,2.616129032258064,0.6,5.6
202207,19,부산,26.19677419354839,23.0,28.9,83.61290322580645,63.0,97.0,2.532258064516129,0.9,5.0
202207,20,부산,25.48709677419355,22.9,28.0,85.80645161290323,64.0,99.0,2.4322580645161294,0.0,5.1
202207,21,부산,25.325806451612905,22.7,27.9,86.09677419354838,72.0,98.0,2.47741935483871,0.0,5.4
202207,22,부산,25.20967741935484,22.7,27.8,86.16129032258064,71.0,98.0,2.138709677419355,0.0,8.1
202207,23,부산,25.067741935483873,22.3,27.5,87.19354838709677,72.0,100.0,2.2516129032258063,0.0,8.1
202208,0,부산,25.467741935483872,20.7,28.3,84.96774193548387,61.0,100.0,3.3,0.9,8.0
202208,1,부산,25.30322580645161,20.8,28.1,85.80645161290323,59.0,100.0,3.193548387096774,0.7,8.2
202208,2,부산,25.148387096774194,20.4,27.9,86.45161290322581,61.0,100.0,3.1451612903225805,0.3,7.7
202208,3,부산,24.97741935483871,20.0,27.7,86.64516129032258,68.0,100.0,3.0548387096774197,0.2,6.7
202208,4,부산,24.809677419354838,19.7,27.6,87.19354838709677,67.0,100.0,3.232258064516129,0.8,6.4
202208,5,부산,24.741935483870968,19.7,27.8,87.3225806451613,65.0,100.0,3.364516129032258,0.3,7.0
202208,6,부산,24.703225806451613,19.9,27.9,87.06451612903226,59.0,100.0,3.2096774193548385,0.9,6.7
202208,7,부산,25.141935483870967,20.6,28.4,85.29032258064517,65.0,100.0,3.293548387096774,0.2,7.1
202208,8,부산,25.958064516129035,22.5,29.2,81.74193548387096,56.0,100.0,3.1225806451612903,0.4,6.0
202208,9,부산,26.91290322580645,22.5,30.0,77.93548387096774,45.0,100.0,3.664516129032258,0.7,7.3
202208,10,부산,27.738709677419354,22.3,30.9,76.06451612903226,46.0,100.0,3.806451612903226,1.4,7.8
202208,11,부산,28.203225806451613,21.7,31.7,75.61290322580645,54.0,100.0,3.948387096774194,1.4,7.4
202208,12,부산,28.606451612903225,21.9,31.8,74.06451612903226,49.0,100.0,4.287096774193548,1.7,7.8
202208,13,부산,28.580645161290324,21.9,33.1,74.12903225806451,44.0,100.0,4.348387096774194,1.6,7.4
202208,14,부산,28.483870967741936,21.9,31.7,74.51612903225806,51.0,100.0,4.535483870967742,1.7,7.8
202208,15,부산,28.274193548387096,21.6,32.4,74.54838709677419,53.0,100.0,4.432258064516129,1.4,8.1
202208,16,부산,28.009677419354837,21.7,32.0,75.61290322580645,55.0,99.0,4.300000000000001,1.5,9.1
202208,17,부산,27.41290322580645,21.8,31.1,77.87096774193549,49.0,100.0,4.341935483870968,1.8,9.0
202208,18,부산,26.861290322580647,22.1,30.2,80.12903225806451,47.0,100.0,3.6870967741935483,1.0,9.6
202208,19,부산,26.283870967741933,21.8,30.0,82.06451612903226,54.0,100.0,3.5580645161290323,1.1,9.3
202208,20,부산,25.858064516129033,21.5,29.2,83.54838709677419,50.0,100.0,3.551612903225806,0.1,7.3
202208,21,부산,25.67096774193548,21.5,28.6,84.03225806451613,54.0,100.0,3.4451612903225803,1.2,9.0
202208,22,부산,25.503225806451614,21.4,28.3,84.03225806451613,57.0,100.0,3.390322580645161,0.5,7.3
202208,23,부산,25.351612903225806,20.9,28.5,84.70967741935483,57.0,100.0,3.5612903225806454,1.1,7.5
202209,0,부산,21.42,17.4,25.7,79.7,57.0,100.0,2.9233333333333333,0.0,7.1
202209,1,부산,21.303333333333335,17.2,25.7,80.1,51.0,100.0,3.01,0.0,7.9
202209,2,부산,21.173333333333336,16.6,25.7,80.4,48.0,100.0,2.816666666666667,0.3,7.6
202209,3,부산,21.05,16.1,25.8,80.76666666666667,55.0,100.0,2.93,0.2,8.9
202209,4,부산,20.966666666666665,15.8,25.9,80.33333333333333,54.0,100.0,2.8233333333333333,0.7,8.7
202209,5,부산,20.796666666666667,15.7,25.6,80.9,59.0,100.0,2.95,0.6,10.0
202209,6,부산,20.7,15.5,25.7,81.86666666666666,55.0,100.0,2.8466666666666667,0.3,7.3
202209,7,부산,20.93,16.4,25.9,80.06666666666666,51.0,99.0,2.96,0.6,9.8
202209,8,부산,21.973333333333336,17.7,26.3,76.93333333333334,52.0,99.0,3.0233333333333334,0.3,12.2
202209,9,부산,23.083333333333332,18.5,28.3,74.5,47.0,100.0,2.95,1.0,6.8
202209,10,부산,24.173333333333336,20.1,29.8,71.33333333333333,43.0,95.0,3.01,1.1,7.5
202209,11,부산,25.136666666666667,21.3,30.5,68.66666666666667,41.0,99.0,3.3233333333333333,1.5,8.2
202209,12,부산,25.64,21.6,30.5,67.76666666666667,39.0,97.0,3.35,1.4,8.4
202209,13,부산,26.009999999999998,21.3,30.4,67.83333333333333,45.0,97.0,3.353333333333333,1.8,8.2
202209,14,부산,25.783333333333335,21.7,29.7,68.63333333333334,43.0,97.0,3.243333333333333,1.9,5.2
202209,15,부산,25.55,20.9,29.1,69.23333333333333,46.0,97.0,3.1933333333333334,1.5,5.7
202209,16,부산,25.196666666666665,20.7,29.2,69.76666666666667,47.0,100.0,3.253333333333333,1.4,5.9
202209,17,부산,24.529999999999998,20.3,28.3,71.06666666666666,46.0,98.0,2.9833333333333334,1.4,5.5
202209,18,부산,23.616666666666667,18.8,27.0,74.43333333333334,50.0,99.0,2.9466666666666663,0.9,5.5
202209,19,부산,22.833333333333332,18.2,26.6,75.6,50.0,99.0,2.7199999999999998,1.5,5.6
202209,20,부산,22.38,17.8,26.4,76.83333333333333,54.0,100.0,2.7633333333333336,0.8,6.1
202209,21,부산,22.076666666666664,17.6,26.7,77.23333333333333,56.0,100.0,2.8,0.1,7.0
202209,22,부산,21.763333333333332,17.5,25.7,77.86666666666666,56.0,100.0,2.853333333333333,0.2,6.9
202209,23,부산,21.533333333333335,17.5,25.8,78.76666666666667,53.0,100.0,2.816666666666667,1.2,5.6
202210,0,부산,15.76774193548387,10.7,24.4,69.61290322580645,40.0,96.0,3.141935483870968,0.0,10.4
202210,1,부산,15.658064516129032,10.6,24.4,68.83870967741936,38.0,92.0,2.832258064516129,0.3,7.7
202210,2,부산,15.458064516129031,10.0,24.4,68.70967741935483,38.0,92.0,2.838709677419355,0.0,8.6
202210,3,부산,15.358064516129033,9.1,24.4,69.58064516129032,35.0,90.0,3.0870967741935487,0.5,9.8
202210,4,부산,15.141935483870967,8.6,24.5,69.09677419354838,37.0,87.0,3.009677419354839,0.6,10.2
202210,5,부산,15.0,8.6,24.5,69.80645161290323,40.0,87.0,3.1322580645161286,0.6,9.1
202210,6,부산,14.90967741935484,8.2,24.4,70.25806451612904,42.0,88.0,2.954838709677419,0.6,9.6
202210,7,부산,15.01290322580645,8.8,24.7,69.83870967741936,40.0,93.0,2.803225806451613,0.3,9.0
202210,8,부산,16.37741935483871,9.6,24.8,66.70967741935483,37.0,96.0,2.858064516129032,0.4,9.6
202210,9,부산,17.903225806451612,11.1,24.9,63.064516129032256,41.0,95.0,3.148387096774193,0.7,8.1
202210,10,부산,19.116129032258065,12.7,26.1,59.38709677419355,33.0,93.0,3.229032258064516,1.1,6.9
202210,11,부산,20.44516129032258,14.6,26.9,55.935483870967744,33.0,91.0,3.261290322580645,1.5,7.8
202210,12,부산,21.09032258064516,16.7,28.6,53.935483870967744,29.0,98.0,3.3806451612903223,1.7,8.0
202210,13,부산,21.625806451612902,16.7,29.7,52.61290322580645,28.0,93.0,3.4387096774193546,1.2,8.8
202210,14,부산,21.796774193548387,17.3,29.0,52.54838709677419,24.0,89.0,3.3225806451612905,1.6,8.1
202210,15,부산,21.296774193548387,17.2,27.8,55.83870967741935,31.0,91.0,3.416129032258065,0.5,7.8
202210,16,부산,20.56451612903226,17.0,26.7,57.064516129032256,32.0,91.0,3.4419354838709677,1.2,9.4
202210,17,부산,19.532258064516128,15.2,25.6,60.74193548387097,33.0,97.0,3.364516129032258,1.1,9.9
202210,18,부산,18.02258064516129,14.1,24.7,64.38709677419355,35.0,91.0,3.064516129032258,1.4,7.9
202210,19,부산,17.190322580645162,13.3,24.6,65.58064516129032,27.0,97.0,3.206451612903226,0.3,11.2
202210,20,부산,16.703225806451613,12.6,24.4,66.19354838709677,28.0,92.0,2.9387096774193546,0.3,7.6
202210,21,부산,16.348387096774193,11.9,24.6,67.16129032258064,28.0,94.0,2.9129032258064513,0.6,8.2
202210,22,부산,15.996774193548386,11.3,24.4,69.35483870967742,37.0,99.0,3.064516129032258,0.0,10.2
202210,23,부산,15.770967741935484,11.0,24.5,69.45161290322581,41.0,91.0,3.0483870967741935,0.1,11.0
202211,0,부산,12.993333333333334,7.5,20.1,61.9,27.0,93.0,2.706896551724138,0.3,8.0
202211,1,부산,12.84,6.8,19.5,61.86666666666667,27.0,97.0,3.079310344827586,0.2,8.3
202211,2,부산,12.596666666666666,6.4,19.4,61.93333333333333,28.0,99.0,3.0655172413793106,0.2,9.0
202211,3,부산,12.46,6.4,19.4,63.6,29.0,100.0,3.332142857142857,0.1,8.5
202211,4,부산,12.186666666666667,6.1,19.4,63.766666666666666,24.0,99.0,3.1785714285714284,0.0,7.6
202211,5,부산,11.860000000000001,5.3,19.5,63.8,23.0,100.0,2.607142857142857,0.0,6.5
202211,6,부산,11.576666666666666,3.6,19.4,63.766666666666666,22.0,100.0,2.4785714285714286,0.0,5.9
202211,7,부산,11.4,2.8,19.1,63.46666666666667,30.0,100.0,2.2607142857142857,0.0,6.5
202211,8,부산,12.5,1.7,19.2,60.6,27.0,100.0,2.0285714285714285,0.0,5.0
202211,9,부산,14.323333333333332,3.2,19.6,57.06666666666667,26.0,96.0,1.967857142857143,0.0,4.9
202211,10,부산,16.113333333333333,3.1,21.9,52.266666666666666,25.0,89.0,2.25,0.4,5.6
202211,11,부산,17.096666666666668,3.4,22.4,50.0,23.0,90.0,2.4413793103448276,1.4,4.4
202211,12,부산,17.93,3.5,23.5,47.4,22.0,92.0,2.7333333333333334,1.4,5.6
202211,13,부산,18.506666666666668,4.6,23.0,46.766666666666666,20.0,85.0,3.0900000000000003,1.5,6.6
202211,14,부산,18.45,3.2,23.4,47.5,19.0,85.0,3.25,1.2,6.2
202211,15,부산,18.10666666666667,2.6,22.7,48.86666666666667,17.0,75.0,3.203333333333333,1.6,5.6
202211,16,부산,17.34333333333333,2.3,21.1,51.3,18.0,76.0,2.7133333333333334,0.7,4.7
202211,17,부산,15.986666666666668,1.9,19.7,55.06666666666667,19.0,100.0,2.51,0.8,4.3
202211,18,부산,14.803333333333335,1.7,19.7,57.2,23.0,100.0,2.3448275862068964,0.2,6.0
202211,19,부산,14.24,1.4,19.8,57.666666666666664,23.0,100.0,2.420689655172414,0.2,5.9
202211,20,부산,13.793333333333333,1.1,19.9,57.93333333333333,22.0,97.0,2.513793103448276,0.4,6.6
202211,21,부산,13.386666666666667,0.5,19.8,59.3,26.0,97.0,2.6965517241379313,0.2,6.6
202211,22,부산,13.0,0.0,19.2,60.4,25.0,97.0,2.6482758620689655,0.2,7.2
202211,23,부산,12.74,-0.5,19.6,59.93333333333333,26.0,96.0,2.382758620689655,0.3,6.6
202212,0,부산,1.9580645161290324,-4.9,9.7,45.516129032258064,15.0,86.0,3.1741935483870964,0.0,7.1
202212,1,부산,1.7741935483870968,-5.3,8.4,46.483870967741936,18.0,77.0,3.3870967741935485,1.2,6.5
202212,2,부산,1.564516129032258,-5.1,8.3,47.25806451612903,18.0,71.0,3.706451612903226,1.1,8.0
202212,3,부산,1.3774193548387097,-5.5,7.6,47.61290322580645,17.0,72.0,3.52258064516129,0.8,7.4
202212,4,부산,1.1838709677419357,-5.6,7.4,48.38709677419355,18.0,71.0,3.383870967741936,0.9,8.4
202212,5,부산,0.9516129032258065,-5.9,6.9,48.54838709677419,18.0,70.0,3.3677419354838714,0.6,8.0
202212,6,부산,0.6903225806451613,-6.2,6.9,49.12903225806452,18.0,68.0,2.97741935483871,0.7,6.8
202212,7,부산,0.6225806451612903,-6.4,6.8,49.354838709677416,17.0,82.0,3.274193548387097,0.4,7.6
202212,8,부산,0.864516129032258,-6.1,7.0,49.096774193548384,16.0,93.0,3.135483870967742,0.3,7.4
202212,9,부산,2.141935483870968,-5.6,8.7,46.774193548387096,17.0,93.0,2.9645161290322584,0.5,7.5
202212,10,부산,3.6225806451612903,-4.7,11.6,43.74193548387097,24.0,97.0,3.0838709677419356,0.7,7.9
202212,11,부산,4.838709677419355,-3.3,13.2,40.54838709677419,19.0,98.0,3.193548387096774,1.2,8.0
202212,12,부산,5.629032258064516,-2.1,14.8,39.32258064516129,18.0,97.0,3.4193548387096775,1.5,9.1
202212,13,부산,6.306451612903226,-0.9,14.5,37.064516129032256,9.0,96.0,3.648387096774193,0.8,8.0
202212,14,부산,6.906451612903226,-0.1,15.6,35.54838709677419,11.0,89.0,3.270967741935484,0.7,6.0
202212,15,부산,7.093548387096774,-0.5,13.7,34.74193548387097,12.0,88.0,3.454838709677419,0.8,7.7
202212,16,부산,6.570967741935483,-1.5,13.6,35.096774193548384,14.0,84.0,3.674193548387097,0.9,12.9
202212,17,부산,5.193548387096774,-2.5,11.8,38.03225806451613,14.0,90.0,3.3193548387096774,0.4,11.5
202212,18,부산,4.245161290322581,-3.1,10.7,40.516129032258064,16.0,86.0,3.070967741935484,0.8,7.1
202212,19,부산,3.670967741935484,-3.6,10.4,42.193548387096776,16.0,89.0,3.0161290322580645,0.8,6.8
202212,20,부산,3.229032258064516,-3.9,9.3,43.70967741935484,16.0,88.0,2.967741935483871,0.3,6.1
202212,21,부산,2.851612903225806,-4.0,9.2,45.0,16.0,93.0,3.364516129032258,0.4,9.3
202212,22,부산,2.5193548387096776,-4.3,8.7,46.0,16.0,94.0,3.416129032258065,0.1,7.3
202212,23,부산,2.361290322580645,-4.8,9.7,45.354838709677416,16.0,87.0,3.3806451612903223,0.6,7.4
202301,0,부산,2.541935483870968,-10.6,14.2,52.58064516129032,24.0,99.0,2.551612903225806,0.2,5.0
202301,1,부산,2.170967741935484,-10.8,14.1,54.38709677419355,27.0,100.0,3.083870967741935,0.8,7.6
202301,2,부산,1.9806451612903229,-11.0,13.9,54.58064516129032,26.0,100.0,3.1193548387096777,1.6,6.5
202301,3,부산,1.7967741935483872,-11.2,13.9,54.645161290322584,23.0,100.0,3.238709677419355,0.5,7.2
202301,4,부산,1.5806451612903225,-11.3,13.8,54.16129032258065,21.0,100.0,3.3741935483870966,0.8,7.6
202301,5,부산,1.3451612903225805,-11.5,14.0,53.74193548387097,19.0,100.0,3.3774193548387097,1.0,7.6
202301,6,부산,1.0806451612903225,-11.7,14.1,54.16129032258065,19.0,99.0,3.1129032258064515,0.3,6.4
202301,7,부산,0.996774193548387,-11.7,14.1,53.96774193548387,19.0,98.0,3.07741935483871,0.3,7.0
202301,8,부산,1.132258064516129,-10.6,13.8,53.806451612903224,22.0,100.0,3.141935483870968,0.3,7.4
202301,9,부산,2.4129032258064513,-9.7,13.7,51.0,24.0,100.0,3.238709677419355,0.4,8.0
202301,10,부산,3.8419354838709676,-8.3,13.8,48.354838709677416,21.0,100.0,3.4548387096774196,0.5,8.1
202301,11,부산,5.219354838709678,-6.7,15.0,44.12903225806452,18.0,100.0,3.3419354838709676,0.4,8.6
202301,12,부산,6.148387096774194,-5.6,15.3,42.67741935483871,17.0,100.0,3.7419354838709675,1.1,7.8
202301,13,부산,6.812903225806451,-5.6,15.7,41.806451612903224,14.0,100.0,3.954838709677419,1.8,8.7
202301,14,부산,7.451612903225806,-5.2,16.7,41.16129032258065,13.0,100.0,3.425806451612903,1.5,5.8
202301,15,부산,7.690322580645161,-5.6,16.5,41.225806451612904,13.0,100.0,3.5677419354838706,1.7,7.3
202301,16,부산,7.329032258064516,-5.5,16.3,41.70967741935484,14.0,98.0,3.596774193548387,1.7,8.3
202301,17,부산,6.541935483870968,-5.9,15.7,43.32258064516129,15.0,98.0,3.0677419354838706,0.9,6.9
202301,18,부산,5.093548387096774,-7.4,15.5,46.16129032258065,16.0,98.0,2.8741935483870966,0.7,7.2
202301,19,부산,4.561290322580645,-8.1,15.0,47.32258064516129,18.0,99.0,2.729032258064516,0.4,6.3
202301,20,부산,4.151612903225806,-8.9,15.0,48.83870967741935,20.0,98.0,2.635483870967742,0.3,6.9
202301,21,부산,3.706451612903226,-9.4,14.7,49.54838709677419,20.0,98.0,2.635483870967742,0.4,5.8
202301,22,부산,3.361290322580645,-10.0,14.8,50.064516129032256,21.0,94.0,2.635483870967742,1.0,6.5
202301,23,부산,3.041935483870968,-10.3,14.6,51.645161290322584,24.0,96.0,2.7483870967741937,0.2,5.2
202302,0,부산,5.071428571428571,0.1,10.0,60.82142857142857,28.0,97.0,2.8785714285714286,0.1,5.8
202302,1,부산,4.832142857142857,-0.5,10.1,62.07142857142857,30.0,98.0,2.7035714285714287,0.0,6.9
202302,2,부산,4.5285714285714285,-1.0,10.0,61.57142857142857,28.0,100.0,2.9250000000000003,0.1,7.2
202302,3,부산,4.271428571428571,-1.5,9.9,62.32142857142857,30.0,100.0,3.0107142857142857,0.1,5.4
202302,4,부산,4.039285714285714,-2.0,9.6,63.17857142857143,27.0,100.0,2.8642857142857143,1.1,5.8
202302,5,부산,3.9035714285714285,-2.3,9.5,63.035714285714285,27.0,100.0,2.7607142857142857,0.2,6.3
202302,6,부산,3.939285714285714,-2.6,9.5,62.892857142857146,29.0,100.0,3.207142857142857,0.3,6.1
202302,7,부산,3.875,-2.7,10.1,62.107142857142854,25.0,100.0,2.9071428571428575,0.4,6.3
202302,8,부산,4.3,-2.0,9.4,61.607142857142854,29.0,100.0,2.3392857142857144,0.2,6.1
202302,9,부산,5.871428571428572,0.2,9.2,58.07142857142857,28.0,100.0,2.4714285714285715,0.5,5.1
202302,10,부산,7.539285714285714,3.1,11.4,53.25,28.0,100.0,2.6285714285714286,0.0,6.5
202302,11,부산,8.907142857142857,4.8,11.8,49.32142857142857,24.0,94.0,2.6607142857142856,0.3,5.9
202302,12,부산,9.932142857142859,5.2,13.8,45.785714285714285,22.0,90.0,3.107142857142857,0.6,6.6
202302,13,부산,10.446428571428571,6.1,14.7,45.642857142857146,22.0,94.0,3.607142857142857,0.9,7.5
202302,14,부산,10.664285714285715,5.6,15.4,46.464285714285715,26.0,97.0,3.7357142857142853,1.2,7.2
202302,15,부산,10.539285714285715,6.1,14.2,47.035714285714285,24.0,94.0,3.792857142857143,1.4,7.8
202302,16,부산,10.260714285714286,5.8,14.4,46.75,23.0,92.0,3.6285714285714286,1.5,6.4
202302,17,부산,9.485714285714286,5.1,13.4,50.464285714285715,21.0,92.0,3.310714285714286,1.7,6.9
202302,18,부산,8.296428571428573,3.8,12.1,52.714285714285715,21.0,91.0,3.075,0.9,4.7
202302,19,부산,7.535714285714286,3.6,11.4,54.607142857142854,27.0,89.0,3.0107142857142857,1.3,6.4
202302,20,부산,6.971428571428571,3.1,11.1,56.892857142857146,18.0,88.0,2.810714285714286,0.9,7.4
202302,21,부산,6.517857142857143,2.3,11.2,58.357142857142854,20.0,89.0,2.6142857142857143,0.0,7.3
202302,22,부산,6.0928571428571425,1.5,11.2,60.607142857142854,24.0,92.0,2.7535714285714286,0.2,7.1
202302,23,부산,5.692857142857143,0.7,10.9,59.25,27.0,95.0,2.942857142857143,0.0,6.7
202303,0,부산,10.516129032258064,2.9,15.2,67.6774193548387,32.0,100.0,2.706451612903226,0.0,5.5
202303,1,부산,10.238709677419354,2.1,15.1,68.29032258064517,30.0,100.0,2.570967741935484,0.0,5.8
202303,2,부산,10.161290322580646,1.6,15.0,67.96774193548387,32.0,100.0,2.6838709677419357,0.3,5.3
202303,3,부산,10.070967741935483,1.3,15.4,68.16129032258064,32.0,100.0,2.7483870967741937,0.2,7.8
202303,4,부산,9.899999999999999,0.8,15.2,67.7741935483871,33.0,100.0,2.583870967741935,0.3,6.8
202303,5,부산,9.790322580645162,0.5,15.2,66.87096774193549,33.0,100.0,2.72258064516129,0.7,8.2
202303,6,부산,9.674193548387096,0.3,15.4,65.74193548387096,34.0,100.0,2.764516129032258,0.2,7.6
202303,7,부산,9.67741935483871,0.1,15.5,65.06451612903226,31.0,100.0,2.703225806451613,0.1,5.7
202303,8,부산,10.567741935483872,1.0,16.7,62.58064516129032,32.0,100.0,2.774193548387097,0.5,6.0
202303,9,부산,12.109677419354838,2.6,20.4,57.935483870967744,29.0,100.0,2.7129032258064516,0.7,6.4
202303,10,부산,13.541935483870969,3.6,22.1,53.29032258064516,24.0,100.0,3.435483870967742,1.0,7.4
202303,11,부산,14.612903225806452,4.4,22.7,51.645161290322584,22.0,100.0,3.703225806451613,1.1,9.9
202303,12,부산,15.345161290322581,5.7,23.3,51.354838709677416,20.0,100.0,4.129032258064516,1.8,11.9
202303,13,부산,15.83548387096774,7.5,22.8,51.806451612903224,20.0,96.0,4.132258064516129,2.5,8.4
202303,14,부산,15.616129032258064,8.5,22.9,54.58064516129032,19.0,90.0,4.577419354838709,2.4,8.3
202303,15,부산,15.503225806451614,8.9,22.3,55.0,20.0,91.0,4.587096774193548,0.6,8.3
202303,16,부산,15.158064516129032,10.2,21.1,54.96774193548387,18.0,88.0,4.161290322580645,1.8,8.3
202303,17,부산,14.390322580645162,8.5,19.5,57.54838709677419,23.0,91.0,4.199999999999999,1.8,9.0
202303,18,부산,13.212903225806452,7.3,17.9,63.03225806451613,34.0,88.0,3.987096774193548,1.4,10.6
202303,19,부산,12.32258064516129,6.3,16.5,65.87096774193549,31.0,90.0,3.661290322580645,1.5,10.1
202303,20,부산,11.919354838709678,6.3,16.3,65.83870967741936,31.0,93.0,3.196774193548387,0.2,7.7
202303,21,부산,11.48709677419355,5.5,15.7,66.61290322580645,32.0,98.0,2.9516129032258065,0.0,9.6
202303,22,부산,11.138709677419355,5.0,15.6,67.96774193548387,38.0,100.0,3.045161290322581,0.0,8.8
202303,23,부산,10.85483870967742,4.8,15.1,67.93548387096774,29.0,100.0,2.641935483870968,0.0,5.4
202304,0,부산,13.21,9.8,18.9,72.53333333333333,26.0,98.0,3.033333333333333,0.0,6.1
202304,1,부산,12.95,9.1,19.3,73.23333333333333,29.0,100.0,3.5233333333333334,0.6,8.8
202304,2,부산,12.723333333333333,8.4,19.0,73.36666666666666,32.0,100.0,3.5633333333333335,1.0,7.7
202304,3,부산,12.56,7.5,18.3,72.5,31.0,100.0,3.39,0.9,7.4
202304,4,부산,12.366666666666667,6.6,18.8,71.66666666666667,27.0,100.0,3.2133333333333334,0.0,5.6
202304,5,부산,12.133333333333333,5.7,18.8,70.9,23.0,100.0,3.1599999999999997,0.1,6.7
202304,6,부산,11.97,5.0,19.2,71.06666666666666,24.0,100.0,3.19,0.7,9.5
202304,7,부산,12.45,5.4,18.6,69.46666666666667,23.0,100.0,3.2633333333333336,0.4,9.0
202304,8,부산,13.786666666666665,6.7,19.3,64.96666666666667,19.0,100.0,3.2933333333333334,0.6,8.0
202304,9,부산,14.963333333333333,8.2,21.2,62.13333333333333,17.0,100.0,3.56,0.8,8.0
202304,10,부산,15.926666666666668,9.7,23.0,61.5,16.0,100.0,4.153333333333333,1.8,10.0
202304,11,부산,16.983333333333334,11.2,25.0,59.9,15.0,100.0,4.033333333333333,1.3,9.9
202304,12,부산,17.259999999999998,10.7,23.7,60.333333333333336,28.0,100.0,4.5633333333333335,1.8,12.6
202304,13,부산,17.45,10.5,21.9,60.4,24.0,100.0,4.65,1.7,10.3
202304,14,부산,17.64333333333333,10.1,22.5,60.86666666666667,26.0,100.0,4.963333333333334,1.7,13.8
202304,15,부산,17.396666666666665,9.9,22.6,60.9,27.0,100.0,4.966666666666667,1.7,12.1
202304,16,부산,16.970000000000002,9.9,21.3,62.36666666666667,25.0,99.0,5.173333333333333,1.4,10.8
202304,17,부산,16.446666666666665,9.6,22.1,63.86666666666667,25.0,100.0,4.823333333333333,1.5,11.3
202304,18,부산,15.55,9.2,19.8,67.73333333333333,29.0,100.0,4.573333333333333,0.8,9.5
202304,19,부산,14.68,9.2,18.8,70.0,31.0,100.0,3.98,1.0,9.6
202304,20,부산,14.32,9.2,19.0,70.16666666666667,31.0,100.0,3.5233333333333334,0.7,6.9
202304,21,부산,14.036666666666667,9.0,19.1,70.76666666666667,27.0,100.0,3.49,0.2,8.2
202304,22,부산,13.68,9.4,18.4,72.23333333333333,25.0,99.0,3.2,0.9,5.8
202304,23,부산,13.536666666666667,9.3,19.8,71.5,27.0,99.0,3.4466666666666668,0.2,7.3
202305,0,부산,16.5,10.1,21.3,76.26666666666667,37.0,99.0,2.5483870967741935,0.0,8.0
202305,1,부산,16.419354838709676,10.3,21.4,75.75862068965517,43.0,100.0,2.8677419354838714,0.0,8.8
202305,2,부산,16.193548387096776,10.2,21.9,77.24137931034483,45.0,100.0,2.574193548387097,0.0,7.3
202305,3,부산,16.019354838709678,9.8,21.9,77.93103448275862,48.0,100.0,2.4967741935483874,0.0,8.1
202305,4,부산,15.899999999999999,9.7,21.7,77.75862068965517,47.0,100.0,2.338709677419355,0.0,6.1
202305,5,부산,15.758064516129032,9.4,21.2,77.48275862068965,48.0,100.0,2.2161290322580647,0.2,5.4
202305,6,부산,15.696774193548388,9.3,20.6,77.3103448275862,49.0,100.0,2.138709677419355,0.0,5.9
202305,7,부산,16.567741935483873,10.9,21.1,74.55172413793103,47.0,100.0,1.941935483870968,0.0,5.3
202305,8,부산,17.80322580645161,13.0,21.1,70.13793103448276,42.0,100.0,2.1548387096774193,0.1,5.6
202305,9,부산,18.816129032258065,13.2,21.5,68.60714285714286,42.0,100.0,2.674193548387097,1.0,5.3
202305,10,부산,19.816129032258065,13.1,23.2,66.35714285714286,39.0,99.0,3.2548387096774194,1.3,8.0
202305,11,부산,20.216129032258067,12.5,23.9,65.79310344827586,32.0,100.0,3.570967741935484,1.6,8.2
202305,12,부산,20.35483870967742,11.7,24.1,67.86206896551724,35.0,97.0,3.641935483870968,1.0,7.1
202305,13,부산,20.396774193548385,11.9,24.3,66.51724137931035,34.0,97.0,3.967741935483871,1.1,8.7
202305,14,부산,20.161290322580644,11.6,24.9,67.06896551724138,32.0,99.0,4.148387096774194,2.1,10.3
202305,15,부산,19.787096774193547,11.3,24.2,67.41379310344827,36.0,98.0,4.074193548387097,2.0,8.9
202305,16,부산,19.664516129032258,10.7,24.7,67.63333333333334,37.0,97.0,3.893548387096774,2.1,9.1
202305,17,부산,19.280645161290323,10.0,23.3,68.63333333333334,32.0,96.0,3.8741935483870966,1.6,10.0
202305,18,부산,18.66774193548387,10.5,23.3,70.76666666666667,32.0,95.0,3.383870967741936,1.3,9.5
202305,19,부산,17.774193548387096,10.9,22.2,74.06666666666666,28.0,98.0,3.4516129032258065,1.5,10.2
202305,20,부산,17.22258064516129,10.9,21.7,76.4,39.0,98.0,3.0548387096774197,1.1,8.1
202305,21,부산,17.051612903225806,10.7,21.1,76.73333333333333,50.0,99.0,2.9225806451612906,1.1,6.9
202305,22,부산,16.9741935483871,10.4,21.2,75.26666666666667,41.0,99.0,3.0354838709677416,0.0,12.0
202305,23,부산,16.719354838709677,10.2,21.3,76.36666666666666,42.0,100.0,2.6838709677419357,0.0,8.4
202306,0,부산,20.973333333333336,16.8,24.2,74.5,41.0,92.0,2.8333333333333335,0.0,9.3
202306,1,부산,20.87,16.8,24.0,74.8,39.0,91.0,2.93,0.0,10.5
202306,2,부산,20.793333333333333,16.6,24.0,75.33333333333333,33.0,91.0,2.9566666666666666,0.3,11.5
202306,3,부산,20.633333333333333,16.7,23.5,75.5,33.0,92.0,2.76,0.1,8.4
202306,4,부산,20.55,16.6,23.5,75.4,36.0,91.0,2.76,0.2,9.3
202306,5,부산,20.416666666666668,16.4,23.5,75.73333333333333,34.0,91.0,2.5300000000000002,0.5,7.7
202306,6,부산,20.493333333333332,16.9,23.4,75.96666666666667,36.0,92.0,2.5433333333333334,0.4,7.1
202306,7,부산,21.029999999999998,17.7,23.9,75.33333333333333,39.0,92.0,2.5966666666666667,0.7,7.1
202306,8,부산,22.10666666666667,18.5,25.1,71.86666666666666,38.0,92.0,2.6199999999999997,0.7,7.5
202306,9,부산,23.226666666666667,19.1,26.3,69.1,33.0,91.0,3.243333333333333,0.3,8.5
202306,10,부산,24.103333333333335,20.4,27.7,67.36666666666666,33.0,91.0,3.4433333333333334,1.4,7.4
202306,11,부산,24.436666666666667,20.1,28.1,67.16666666666667,32.0,91.0,3.92,0.2,9.6
202306,12,부산,24.636666666666667,17.6,28.5,65.96666666666667,28.0,92.0,4.02,1.1,8.5
202306,13,부산,24.813333333333333,18.6,28.1,66.06666666666666,31.0,91.0,4.14,0.5,9.9
202306,14,부산,24.883333333333333,19.4,27.7,65.1,30.0,89.0,4.246666666666667,2.1,8.3
202306,15,부산,24.71333333333333,18.2,28.5,66.46666666666667,38.0,89.0,4.206666666666667,1.6,10.0
202306,16,부산,24.459999999999997,18.8,27.3,66.63333333333334,42.0,89.0,4.01,0.8,11.1
202306,17,부산,23.986666666666668,19.0,26.7,67.56666666666666,28.0,90.0,3.71,1.0,8.5
202306,18,부산,23.28666666666667,19.0,26.2,69.8,29.0,91.0,3.6233333333333335,0.8,10.4
202306,19,부산,22.436666666666667,18.7,24.2,72.83333333333333,42.0,91.0,3.27,1.3,9.7
202306,20,부산,21.91,18.6,23.9,73.93333333333334,46.0,91.0,3.2,1.0,10.2
202306,21,부산,21.596666666666668,18.6,24.0,75.50666666666666,53.0,91.0,2.99,0.9,9.2
202306,22,부산,21.490000000000002,18.8,24.1,75.5,50.0,91.0,2.6666666666666665,1.0,7.5
202306,23,부산,21.296666666666667,18.6,24.1,74.63333333333334,42.0,92.0,3.14,1.0,8.4
202307,0,부산,24.283870967741933,20.5,28.2,85.16129032258064,70.0,92.0,3.0032258064516126,0.0,12.9
202307,1,부산,24.216129032258067,20.6,28.1,85.45161290322581,68.0,92.0,3.0258064516129033,0.3,12.5
202307,2,부산,24.20967741935484,20.8,27.8,85.41935483870968,66.0,93.0,2.803225806451613,0.0,11.3
202307,3,부산,24.116129032258065,21.0,27.5,86.16129032258064,68.0,93.0,2.97741935483871,0.0,10.6
202307,4,부산,24.016129032258064,21.1,27.2,86.06451612903226,67.0,92.0,2.9129032258064513,0.0,10.8
202307,5,부산,23.896774193548385,21.2,27.2,85.70967741935483,69.0,93.0,2.8096774193548386,0.4,10.6
202307,6,부산,23.961290322580645,21.5,27.1,85.83870967741936,66.0,92.0,2.696774193548387,0.3,10.8
202307,7,부산,24.335483870967742,21.8,27.4,84.41935483870968,64.0,92.0,2.7161290322580647,0.0,10.6
202307,8,부산,25.193548387096776,21.9,29.8,81.70967741935483,55.0,92.0,2.906451612903226,0.2,10.8
202307,9,부산,26.116129032258065,22.2,31.1,79.2258064516129,51.0,92.0,3.0612903225806454,0.2,9.5
202307,10,부산,26.461290322580645,22.9,31.4,78.25806451612904,52.0,92.0,3.696774193548387,0.6,12.6
202307,11,부산,26.96451612903226,23.2,31.9,77.19354838709677,59.0,92.0,3.987096774193548,0.9,14.0
202307,12,부산,27.241935483870968,23.6,32.4,75.83870967741936,55.0,91.0,4.235483870967743,0.4,13.9
202307,13,부산,27.18387096774193,23.6,32.3,75.96774193548387,57.0,91.0,4.158064516129032,1.1,15.4
202307,14,부산,27.19677419354839,22.8,32.9,76.06451612903226,55.0,91.0,4.435483870967742,1.0,14.8
202307,15,부산,27.13225806451613,21.4,32.3,75.3225806451613,55.0,91.0,4.267741935483872,1.0,11.4
202307,16,부산,26.919354838709676,20.6,32.0,75.96774193548387,55.0,92.0,4.135483870967741,1.4,11.7
202307,17,부산,26.503225806451614,20.9,31.5,77.7741935483871,59.0,92.0,3.929032258064516,1.4,13.2
202307,18,부산,26.096774193548388,20.9,30.7,78.74193548387096,60.0,92.0,3.8096774193548386,1.3,13.7
202307,19,부산,25.541935483870965,20.4,29.6,80.58064516129032,65.0,92.0,3.9387096774193546,1.0,12.5
202307,20,부산,25.0258064516129,20.4,28.7,81.96774193548387,66.0,92.0,3.3451612903225807,0.7,11.6
202307,21,부산,24.883870967741935,20.4,28.8,82.29032258064517,64.0,92.0,3.364516129032258,0.1,12.3
202307,22,부산,24.809677419354838,20.5,28.7,83.06451612903226,67.0,92.0,3.4935483870967743,0.6,12.4
202307,23,부산,24.629032258064516,20.4,28.3,83.96774193548387,67.0,92.0,3.0612903225806454,0.2,13.4
202308,0,부산,26.661290322580644,25.0,28.7,77.12903225806451,69.0,88.0,2.545161290322581,1.1,6.3
202308,1,부산,26.49032258064516,24.7,28.4,77.6774193548387,68.0,90.0,2.4645161290322584,0.6,6.4
202308,2,부산,26.364516129032257,24.1,28.4,77.3225806451613,66.0,90.0,2.435483870967742,0.5,6.2
202308,3,부산,26.177419354838708,23.9,28.2,77.80645161290323,69.0,90.0,2.5,0.1,6.6
202308,4,부산,26.051612903225806,23.7,28.4,78.19354838709677,70.0,91.0,2.4935483870967743,0.0,6.6
202308,5,부산,26.019354838709678,23.7,28.5,78.09677419354838,66.0,88.0,2.393548387096774,0.2,6.7
202308,6,부산,25.970967741935485,23.7,28.4,78.54838709677419,69.0,89.0,2.47741935483871,0.1,7.6
202308,7,부산,26.438709677419357,24.2,28.9,77.93548387096774,69.0,91.0,2.574193548387097,0.3,8.3
202308,8,부산,27.53548387096774,24.3,31.0,74.16129032258064,58.0,90.0,2.8677419354838714,0.6,9.9
202308,9,부산,28.490322580645163,25.0,31.9,71.93548387096774,60.0,89.0,3.303225806451613,1.3,9.8
202308,10,부산,29.31935483870968,25.3,33.2,69.16129032258064,56.0,89.0,3.358064516129032,1.0,11.3
202308,11,부산,29.68064516129032,24.8,34.4,67.64516129032258,52.0,88.0,3.883870967741936,1.4,10.8
202308,12,부산,29.883870967741935,24.6,34.1,67.03225806451613,51.0,90.0,4.109677419354839,0.9,12.4
202308,13,부산,30.08709677419355,25.1,34.4,66.45161290322581,48.0,90.0,3.8806451612903223,1.1,9.5
202308,14,부산,30.0258064516129,25.4,34.4,66.3225806451613,49.0,89.0,4.012903225806451,1.4,8.1
202308,15,부산,29.925806451612903,25.5,34.4,66.45161290322581,50.0,88.0,3.767741935483871,1.2,6.9
202308,16,부산,29.677419354838708,25.4,34.3,67.51612903225806,49.0,87.0,3.8225806451612905,1.9,8.3
202308,17,부산,29.248387096774195,25.6,33.5,68.16129032258064,50.0,89.0,3.6258064516129034,1.6,7.8
202308,18,부산,28.529032258064515,25.5,32.4,71.0,53.0,88.0,3.541935483870968,1.7,8.9
202308,19,부산,27.73225806451613,25.5,30.7,72.6774193548387,58.0,90.0,3.496774193548387,1.9,7.6
202308,20,부산,27.316129032258065,25.1,30.0,73.87096774193549,57.0,90.0,3.1451612903225805,1.0,8.4
202308,21,부산,27.08709677419355,25.0,29.6,74.48387096774194,57.0,90.0,2.970967741935484,1.0,8.4
202308,22,부산,26.919354838709676,25.0,29.3,75.29032258064517,61.0,89.0,2.609677419354839,0.1,5.9
202308,23,부산,26.76451612903226,24.8,29.0,76.80645161290323,60.0,90.0,2.770967741935484,0.9,8.8
202309,0,부산,23.453333333333333,19.5,26.2,75.46666666666667,60.0,91.0,2.433333333333333,0.7,11.2
202309,1,부산,23.336666666666666,19.7,26.5,75.4,57.0,91.0,2.4266666666666667,0.6,12.1
202309,2,부산,23.103333333333335,19.7,25.2,76.3,58.0,91.0,2.663333333333333,0.0,10.1
202309,3,부산,22.94333333333333,19.5,24.8,76.5,60.0,92.0,2.296666666666667,0.0,4.2
202309,4,부산,22.833333333333332,19.0,24.7,77.16666666666667,60.0,92.0,2.2133333333333334,0.0,3.8
202309,5,부산,22.683333333333334,18.9,25.0,76.76666666666667,65.0,90.0,2.31,0.3,6.4
202309,6,부산,22.496666666666666,18.6,24.5,77.33333333333333,66.0,91.0,2.216666666666667,0.1,4.7
202309,7,부산,22.84,19.5,25.0,75.1,56.0,90.0,2.2199999999999998,0.0,4.6
202309,8,부산,23.85,18.6,26.8,72.5,53.0,91.0,2.52,0.4,6.5
202309,9,부산,24.82,18.1,28.5,69.83333333333333,50.0,91.0,2.5433333333333334,0.9,6.1
202309,10,부산,25.683333333333334,16.8,29.3,67.53333333333333,51.0,91.0,2.933333333333333,0.4,7.4
202309,11,부산,26.470000000000002,16.9,30.1,65.76666666666667,38.0,90.0,2.94,1.2,5.9
202309,12,부산,26.913333333333334,17.8,30.2,63.46666666666667,36.0,91.0,2.94,1.4,4.9
202309,13,부산,26.933333333333334,19.2,31.2,64.1,41.0,90.0,3.0366666666666666,0.9,5.1
202309,14,부산,26.873333333333335,20.1,31.2,63.93333333333333,38.0,89.0,3.1566666666666667,1.3,5.4
202309,15,부산,26.63,20.8,31.3,65.1,42.0,90.0,2.9566666666666666,0.9,4.9
202309,16,부산,26.36,20.8,30.2,66.43333333333334,48.0,90.0,2.8133333333333335,1.7,5.6
202309,17,부산,25.863333333333333,20.9,30.0,67.2,47.0,91.0,2.96,0.9,5.9
202309,18,부산,25.066666666666666,20.7,29.3,69.7,49.0,91.0,2.8066666666666666,1.5,5.3
202309,19,부산,24.25,20.2,27.4,71.96666666666667,51.0,91.0,2.65,1.1,5.2
202309,20,부산,24.013333333333332,20.0,26.8,72.56666666666666,56.0,91.0,2.683333333333333,1.0,7.8
202309,21,부산,23.756666666666668,19.9,26.1,73.33333333333333,58.0,90.0,2.7366666666666664,0.1,8.9
202309,22,부산,23.566666666666666,19.4,26.3,74.3,61.0,90.0,2.6199999999999997,0.3,9.4
202309,23,부산,23.48,19.4,26.4,74.4,58.0,90.0,2.5900000000000003,0.2,10.4
202310,0,부산,16.80322580645161,11.4,20.5,57.806451612903224,40.0,77.0,2.4645161290322584,0.1,5.6
202310,1,부산,16.64516129032258,10.7,20.5,57.74193548387097,39.0,75.0,2.4000000000000004,0.0,5.2
202310,2,부산,16.309677419354838,10.2,20.5,58.16129032258065,42.0,79.0,2.454838709677419,0.0,6.0
202310,3,부산,16.05483870967742,10.0,20.1,57.70967741935484,34.0,79.0,2.661290322580645,0.1,8.2
202310,4,부산,15.874193548387098,9.4,19.5,58.25806451612903,32.0,82.0,2.732258064516129,0.0,5.7
202310,5,부산,15.69032258064516,9.0,18.9,57.70967741935484,34.0,77.0,2.7129032258064516,0.5,6.2
202310,6,부산,15.470967741935485,9.0,18.6,58.096774193548384,26.0,76.0,2.5064516129032257,0.0,4.9
202310,7,부산,15.558064516129033,9.8,18.8,57.45161290322581,24.0,75.0,2.7580645161290325,0.3,5.6
202310,8,부산,16.82903225806452,10.8,19.4,54.45161290322581,25.0,72.0,2.6774193548387095,0.6,8.3
202310,9,부산,18.309677419354838,12.6,21.2,51.41935483870968,26.0,74.0,2.806451612903226,0.8,5.0
202310,10,부산,19.690322580645162,14.2,23.0,46.645161290322584,26.0,68.0,2.7838709677419353,1.6,4.4
202310,11,부산,20.93548387096774,15.7,23.7,42.354838709677416,24.0,61.0,2.703225806451613,0.8,4.1
202310,12,부산,21.80322580645161,16.0,24.1,38.903225806451616,20.0,57.0,3.0677419354838706,1.7,5.9
202310,13,부산,22.335483870967742,16.5,25.3,38.74193548387097,24.0,64.0,3.4387096774193546,1.9,7.2
202310,14,부산,22.364516129032257,15.9,25.8,39.774193548387096,19.0,65.0,3.9000000000000004,1.7,7.2
202310,15,부산,21.98709677419355,18.0,25.7,41.54838709677419,18.0,63.0,3.7580645161290325,1.9,7.3
202310,16,부산,21.438709677419357,17.8,25.6,44.41935483870968,21.0,83.0,3.519354838709677,1.6,6.9
202310,17,부산,20.490322580645163,17.3,24.9,46.806451612903224,25.0,78.0,3.2451612903225806,0.9,5.1
202310,18,부산,19.0,15.4,22.8,50.0,28.0,76.0,2.6258064516129034,0.6,4.6
202310,19,부산,18.309677419354838,14.3,21.9,52.516129032258064,29.0,78.0,2.512903225806452,0.5,4.2
202310,20,부산,17.816129032258065,13.6,21.2,54.935483870967744,31.0,77.0,2.351612903225807,0.4,5.5
202310,21,부산,17.387096774193548,13.0,20.7,55.45161290322581,23.0,75.0,2.206451612903226,0.5,4.2
202310,22,부산,17.206451612903226,12.7,20.7,55.774193548387096,28.0,76.0,2.3677419354838714,0.0,4.6
202310,23,부산,16.951612903225808,12.1,20.6,56.67741935483871,36.0,73.0,2.6516129032258067,0.1,4.8
202311,0,부산,10.696666666666665,1.4,20.9,53.266666666666666,24.0,79.0,3.683333333333333,0.0,8.1
202311,1,부산,10.370000000000001,0.9,20.7,53.666666666666664,23.0,82.0,3.4233333333333333,0.0,8.1
202311,2,부산,10.120000000000001,0.3,21.3,54.333333333333336,24.0,82.0,3.2800000000000002,0.0,6.9
202311,3,부산,9.883333333333333,0.0,21.3,54.266666666666666,26.0,79.0,3.01,0.0,8.1
202311,4,부산,9.74,-0.2,21.1,54.06666666666667,27.0,83.0,3.203333333333333,0.0,8.9
202311,5,부산,9.610000000000001,-0.7,21.4,54.96666666666667,29.0,83.0,3.296666666666667,0.9,8.9
202311,6,부산,9.353333333333333,-0.8,21.3,56.13333333333333,29.0,85.0,3.4266666666666667,0.1,10.5
202311,7,부산,9.226666666666667,-0.9,21.1,55.3,26.0,86.0,3.603333333333333,0.0,9.3
202311,8,부산,10.043333333333333,-0.4,20.8,53.46666666666667,25.0,86.0,3.21,0.0,12.6
202311,9,부산,11.433333333333334,0.9,21.3,49.5,22.0,84.0,3.496666666666667,0.6,10.5
202311,10,부산,12.696666666666665,1.8,23.1,45.2,21.0,76.0,3.71,1.5,6.8
202311,11,부산,13.773333333333333,3.4,24.2,41.63333333333333,12.0,72.0,3.6366666666666663,1.4,7.4
202311,12,부산,14.76,3.7,24.3,39.6,14.0,72.0,3.9066666666666667,1.5,10.2
202311,13,부산,15.403333333333332,5.1,24.9,38.86666666666667,19.0,74.0,3.83,1.7,8.3
202311,14,부산,15.55,6.5,25.1,38.93333333333333,13.0,79.0,3.74,1.7,6.9
202311,15,부산,15.323333333333332,6.5,23.9,40.6,13.0,86.0,4.0200000000000005,0.9,9.4
202311,16,부산,15.023333333333333,4.8,23.5,41.1,11.0,78.0,3.3433333333333333,1.0,8.8
202311,17,부산,13.57,3.6,23.0,44.7,16.0,86.0,3.5900000000000003,1.4,9.1
202311,18,부산,12.479999999999999,2.8,20.7,47.233333333333334,17.0,85.0,3.0766666666666667,1.2,6.7
202311,19,부산,11.856666666666666,2.3,20.4,49.06666666666667,20.0,86.0,3.14,0.5,6.7
202311,20,부산,11.44,1.7,20.4,49.266666666666666,24.0,79.0,3.246666666666667,0.7,6.3
202311,21,부산,10.946666666666665,0.9,20.9,50.13333333333333,24.0,78.0,2.953333333333333,0.4,7.5
202311,22,부산,10.606666666666666,0.7,21.0,51.2,24.0,78.0,3.39,0.2,8.3
202311,23,부산,10.476666666666667,0.5,20.8,51.1,28.0,78.0,3.7,0.0,8.4
202312,0,부산,5.190322580645161,-5.7,16.2,53.45161290322581,29.0,91.0,3.174193548387097,0.2,7.3
202312,1,부산,5.016129032258065,-6.1,16.2,54.354838709677416,31.0,92.0,3.0387096774193547,0.5,7.1
202312,2,부산,4.819354838709677,-6.5,15.8,54.806451612903224,28.0,91.0,2.890322580645161,0.0,6.4
202312,3,부산,4.529032258064516,-7.2,15.4,56.87096774193548,31.0,87.0,2.9483870967741934,0.6,7.5
202312,4,부산,4.5,-7.2,15.0,56.70967741935484,31.0,89.0,3.0548387096774197,0.7,7.6
202312,5,부산,4.325806451612903,-7.6,15.1,58.064516129032256,39.0,89.0,3.148387096774193,0.7,6.0
202312,6,부산,4.293548387096774,-7.7,14.9,56.935483870967744,31.0,90.0,3.070967741935484,0.9,6.0
202312,7,부산,4.1,-8.0,15.4,58.064516129032256,35.0,91.0,2.7838709677419353,0.8,6.4
202312,8,부산,4.319354838709677,-7.8,15.7,57.806451612903224,28.0,91.0,2.6322580645161286,0.0,7.2
202312,9,부산,5.774193548387097,-6.6,16.0,53.774193548387096,26.0,91.0,2.629032258064516,0.4,5.8
202312,10,부산,7.074193548387097,-4.7,17.2,50.12903225806452,21.0,91.0,3.093548387096774,0.8,7.5
202312,11,부산,8.154838709677419,-4.0,18.3,47.354838709677416,22.0,89.0,3.725806451612903,1.2,8.6
202312,12,부산,8.790322580645162,-3.4,19.2,44.645161290322584,24.0,89.0,3.893548387096774,2.0,7.2
202312,13,부산,9.59032258064516,-2.1,19.9,43.25806451612903,22.0,88.0,3.861290322580645,1.2,8.4
202312,14,부산,9.470967741935485,-1.6,19.5,43.16129032258065,23.0,89.0,4.241935483870968,2.4,9.9
202312,15,부산,9.470967741935485,-1.3,18.9,43.935483870967744,19.0,90.0,3.851612903225807,1.7,8.5
202312,16,부산,9.019354838709678,-1.2,18.6,45.03225806451613,22.0,91.0,3.52258064516129,1.1,9.5
202312,17,부산,7.796774193548388,-2.4,17.7,47.354838709677416,22.0,91.0,3.2516129032258063,1.2,7.1
202312,18,부산,7.080645161290323,-3.2,16.8,49.516129032258064,27.0,90.0,3.141935483870968,1.0,5.8
202312,19,부산,6.648387096774194,-3.8,16.6,50.806451612903224,28.0,91.0,2.8193548387096774,0.4,7.0
202312,20,부산,6.364516129032259,-4.4,16.5,51.87096774193548,29.0,91.0,2.9967741935483874,0.2,8.1
202312,21,부산,6.048387096774194,-4.9,16.5,53.67741935483871,29.0,91.0,2.967741935483871,0.4,6.1
202312,22,부산,5.699999999999999,-5.5,16.8,55.03225806451613,31.0,91.0,3.0483870967741935,0.5,6.0
202312,23,부산,5.458064516129032,-5.6,16.5,55.225806451612904,30.0,91.0,3.07741935483871,0.0,6.6
202401,0,부산,3.8161290322580643,-6.2,12.1,56.54838709677419,17.0,90.0,2.9064516129032256,0.4,5.7
202401,1,부산,3.5677419354838706,-6.5,13.0,57.16129032258065,17.0,90.0,2.870967741935484,0.2,7.5
202401,2,부산,3.3419354838709676,-6.5,13.3,58.25806451612903,22.0,88.0,2.9516129032258065,0.6,9.0
202401,3,부산,3.074193548387097,-6.5,13.2,58.41935483870968,23.0,90.0,2.6903225806451614,0.1,8.8
202401,4,부산,2.8806451612903223,-6.5,13.1,59.225806451612904,26.0,91.0,2.8870967741935485,0.0,5.6
202401,5,부산,2.693548387096774,-6.8,13.3,58.96774193548387,26.0,90.0,2.9709677419354836,0.0,5.9
202401,6,부산,2.4709677419354836,-6.9,13.7,58.935483870967744,28.0,90.0,3.2451612903225806,0.4,6.9
202401,7,부산,2.338709677419355,-7.2,13.9,59.903225806451616,28.0,90.0,2.925806451612903,0.4,5.6
202401,8,부산,2.4741935483870967,-7.0,14.0,59.096774193548384,30.0,90.0,2.8419354838709676,0.7,5.9
202401,9,부산,3.745161290322581,-6.1,14.1,55.70967741935484,29.0,86.0,3.274193548387097,0.3,5.5
202401,10,부산,5.183870967741935,-5.3,14.1,51.74193548387097,23.0,82.0,3.6193548387096777,1.4,5.8
202401,11,부산,6.490322580645161,-3.7,14.0,48.806451612903224,23.0,86.0,3.2129032258064516,0.8,5.8
202401,12,부산,7.403225806451613,-2.7,13.4,46.096774193548384,18.0,89.0,3.4612903225806453,1.3,7.4
202401,13,부산,8.119354838709677,-0.8,12.7,44.645161290322584,16.0,92.0,3.7161290322580647,1.9,6.4
202401,14,부산,8.600000000000001,0.5,13.7,43.645161290322584,20.0,93.0,3.7225806451612904,1.7,8.2
202401,15,부산,8.661290322580646,-0.2,14.8,42.645161290322584,19.0,94.0,3.6903225806451614,1.4,8.5
202401,16,부산,8.219354838709679,-0.3,13.7,43.38709677419355,18.0,91.0,3.5290322580645164,1.7,7.2
202401,17,부산,7.248387096774193,-1.4,12.9,46.064516129032256,18.0,91.0,3.203225806451613,1.9,6.2
202401,18,부산,6.048387096774194,-3.3,12.2,49.58064516129032,21.0,92.0,3.2451612903225806,1.0,7.4
202401,19,부산,5.5,-4.2,11.8,51.806451612903224,21.0,92.0,3.1580645161290324,1.2,6.2
202401,20,부산,5.196774193548387,-5.0,11.8,52.516129032258064,22.0,92.0,3.070967741935484,0.9,8.2
202401,21,부산,4.95483870967742,-5.4,11.7,53.903225806451616,21.0,92.0,2.9967741935483874,0.7,5.7
202401,22,부산,4.645161290322581,-5.6,12.2,54.354838709677416,18.0,92.0,2.7161290322580647,0.1,5.9
202401,23,부산,4.293548387096774,-5.8,11.9,55.193548387096776,19.0,91.0,2.890322580645161,0.2,8.3
202402,0,부산,6.289655172413793,3.2,14.8,71.51724137931035,44.0,94.0,3.4655172413793105,1.0,6.8
202402,1,부산,5.9655172413793105,2.8,13.8,72.3103448275862,46.0,95.0,3.2517241379310344,0.1,6.3
202402,2,부산,5.841379310344828,2.1,13.7,72.86206896551724,47.0,95.0,3.4379310344827587,0.1,5.5
202402,3,부산,5.710344827586207,1.8,14.2,73.06896551724138,49.0,94.0,3.36551724137931,0.1,8.9
202402,4,부산,5.675862068965517,1.5,14.5,73.20689655172414,50.0,96.0,3.3310344827586205,0.4,8.6
202402,5,부산,5.5344827586206895,1.2,14.1,73.20689655172414,49.0,97.0,3.110344827586207,0.2,6.2
202402,6,부산,5.513793103448276,1.0,14.7,72.75862068965517,49.0,97.0,3.096551724137931,0.3,6.3
202402,7,부산,5.5103448275862075,0.6,15.9,72.06896551724138,46.0,95.0,3.2724137931034485,0.8,7.9
202402,8,부산,5.986206896551724,1.8,15.9,71.20689655172414,44.0,94.0,3.5379310344827584,0.7,7.1
202402,9,부산,6.910344827586207,3.5,15.9,68.93103448275862,38.0,95.0,3.6620689655172414,0.5,6.5
202402,10,부산,8.0,4.3,16.4,65.65517241379311,34.0,90.0,3.5379310344827584,0.3,5.9
202402,11,부산,8.993103448275862,4.9,17.2,62.06896551724138,28.0,86.0,3.6413793103448273,1.9,6.1
202402,12,부산,9.724137931034482,5.2,18.3,60.310344827586206,32.0,93.0,3.7275862068965515,2.4,6.6
202402,13,부산,10.020689655172415,5.4,18.8,59.41379310344828,28.0,89.0,3.737931034482759,2.2,6.6
202402,14,부산,10.324137931034482,5.7,19.2,58.48275862068966,26.0,90.0,3.996551724137931,1.4,8.3
202402,15,부산,10.23103448275862,5.5,19.5,58.793103448275865,25.0,89.0,4.106896551724137,1.4,8.8
202402,16,부산,9.713793103448275,5.2,17.5,61.172413793103445,30.0,89.0,4.124137931034483,1.0,7.4
202402,17,부산,9.03448275862069,4.9,17.0,63.206896551724135,35.0,87.0,3.413793103448276,0.3,7.9
202402,18,부산,8.065517241379311,4.5,15.3,66.20689655172414,37.0,90.0,3.506896551724138,1.1,7.7
202402,19,부산,7.551724137931035,4.1,14.8,67.17241379310344,36.0,90.0,3.5413793103448277,1.2,6.1
202402,20,부산,7.224137931034483,3.9,15.8,67.82758620689656,32.0,89.0,3.389655172413793,0.8,6.1
202402,21,부산,6.844827586206897,3.6,15.3,68.34482758620689,36.0,90.0,3.3586206896551727,0.0,5.8
202402,22,부산,6.56551724137931,3.3,15.0,69.55172413793103,39.0,94.0,3.279310344827586,1.0,5.2
202402,23,부산,6.286206896551724,3.4,14.7,71.0,42.0,94.0,3.3758620689655174,1.4,5.9
202403,0,부산,8.038709677419355,-1.9,14.1,61.12903225806452,31.0,92.0,3.1774193548387095,0.1,11.1
202403,1,부산,7.825806451612903,-2.7,14.2,59.903225806451616,27.0,90.0,3.429032258064516,0.1,11.7
202403,2,부산,7.638709677419355,-3.3,14.9,58.935483870967744,25.0,91.0,3.148387096774193,0.1,7.0
202403,3,부산,7.319354838709677,-3.7,15.8,60.354838709677416,25.0,91.0,3.2129032258064516,0.1,7.8
202403,4,부산,7.093548387096774,-4.3,15.4,60.70967741935484,25.0,92.0,3.393548387096774,0.2,7.6
202403,5,부산,6.896774193548388,-4.6,15.5,61.354838709677416,26.0,93.0,3.225806451612903,0.5,10.1
202403,6,부산,6.67741935483871,-4.8,14.6,61.903225806451616,30.0,94.0,2.7096774193548385,0.1,5.8
202403,7,부산,6.616129032258065,-5.0,14.4,61.935483870967744,37.0,93.0,3.0903225806451613,0.1,6.0
202403,8,부산,7.687096774193549,-3.6,15.0,57.806451612903224,30.0,93.0,3.264516129032258,0.7,6.6
202403,9,부산,9.051612903225807,-1.6,16.5,54.74193548387097,27.0,94.0,3.1322580645161286,1.1,5.8
202403,10,부산,10.45483870967742,0.4,17.7,51.064516129032256,26.0,92.0,3.509677419354839,1.9,5.9
202403,11,부산,11.612903225806452,2.3,19.3,47.96774193548387,19.0,92.0,3.725806451612903,2.2,6.6
202403,12,부산,12.332258064516129,3.6,19.6,46.70967741935484,19.0,90.0,4.280645161290322,1.8,9.5
202403,13,부산,12.751612903225807,4.6,19.9,46.903225806451616,17.0,92.0,4.380645161290323,2.4,8.2
202403,14,부산,12.84,4.8,21.1,48.774193548387096,17.0,94.0,4.370967741935484,1.8,9.2
202403,15,부산,12.567741935483872,5.2,21.5,51.12903225806452,16.0,96.0,4.516129032258065,2.1,8.5
202403,16,부산,12.358064516129033,5.2,20.6,52.225806451612904,21.0,92.0,4.319354838709677,1.5,7.1
202403,17,부산,11.825806451612904,5.0,19.0,54.16129032258065,20.0,94.0,4.380645161290323,2.1,8.1
202403,18,부산,10.929032258064517,3.5,17.9,57.38709677419355,17.0,96.0,4.270967741935484,1.3,11.0
202403,19,부산,10.061290322580644,2.3,15.3,60.25806451612903,24.0,95.0,4.312903225806451,1.7,10.5
202403,20,부산,9.680645161290323,1.4,14.9,61.935483870967744,27.0,95.0,3.8129032258064517,1.3,8.7
202403,21,부산,9.245161290322581,0.4,14.7,62.774193548387096,26.0,94.0,3.551612903225806,0.2,8.2
202403,22,부산,8.80967741935484,-0.5,14.8,62.03225806451613,27.0,91.0,3.838709677419355,0.4,9.3
202403,23,부산,8.516129032258064,-1.3,14.6,62.03225806451613,31.0,93.0,3.551612903225806,0.1,7.3
202404,0,부산,14.15,8.9,17.4,72.86666666666666,48.0,97.0,2.43,0.1,4.4
202404,1,부산,13.913333333333332,8.6,17.9,72.76666666666667,40.0,97.0,2.07,0.1,4.8
202404,2,부산,13.82,8.2,17.9,73.8,39.0,96.0,2.3266666666666667,0.1,5.7
202404,3,부산,13.67,8.3,17.8,71.83333333333333,42.0,96.0,2.08,0.1,6.3
202404,4,부산,13.506666666666666,8.4,17.1,73.4,42.0,97.0,1.8833333333333333,0.1,4.2
202404,5,부산,13.353333333333333,8.3,16.9,74.16666666666667,40.0,96.0,2.086666666666667,0.2,5.0
202404,6,부산,13.25,8.3,16.8,74.4,38.0,96.0,2.1033333333333335,0.1,6.2
202404,7,부산,13.75,9.0,16.8,72.63333333333334,43.0,95.0,2.2199999999999998,0.1,4.8
202404,8,부산,15.236666666666666,11.2,18.7,68.86666666666666,41.0,97.0,2.2666666666666666,0.2,4.2
202404,9,부산,16.773333333333333,12.6,21.1,63.63333333333333,37.0,95.0,2.393333333333333,0.1,4.7
202404,10,부산,17.95,14.2,23.2,62.1,34.0,96.0,2.9066666666666667,1.4,6.5
202404,11,부산,18.56,14.4,22.4,61.53333333333333,37.0,94.0,3.21,1.1,6.3
202404,12,부산,18.956666666666667,14.3,23.7,62.1,35.0,94.0,3.2766666666666664,1.3,5.5
202404,13,부산,18.873333333333335,14.1,23.3,62.36666666666667,34.0,95.0,3.78,1.1,6.8
202404,14,부산,18.509999999999998,13.4,23.0,64.1,38.0,95.0,3.9566666666666666,1.3,5.9
202404,15,부산,18.373333333333335,12.7,22.7,63.233333333333334,30.0,94.0,3.8233333333333333,0.9,6.3
202404,16,부산,18.10666666666667,12.4,22.4,63.56666666666667,34.0,96.0,3.57,1.3,5.8
202404,17,부산,17.55,12.1,21.2,64.16666666666667,35.0,96.0,3.216666666666667,1.2,5.8
202404,18,부산,16.7,11.9,20.3,66.73333333333333,34.0,96.0,3.0300000000000002,0.9,4.7
202404,19,부산,15.67,10.7,18.8,70.56666666666666,36.0,96.0,2.8400000000000003,0.8,4.7
202404,20,부산,15.126666666666667,10.2,18.0,71.06666666666666,42.0,96.0,2.5933333333333333,0.2,4.7
202404,21,부산,14.916666666666666,9.8,17.7,70.86666666666666,41.0,96.0,2.503333333333333,0.6,5.5
202404,22,부산,14.733333333333333,9.4,17.1,72.2,48.0,96.0,2.39,0.1,4.2
202404,23,부산,14.453333333333335,9.2,16.8,72.9,41.0,96.0,2.18,0.1,4.6
202405,0,부산,16.52258064516129,10.5,21.1,69.41935483870968,32.0,95.0,2.9967741935483874,0.6,9.3
202405,1,부산,16.29032258064516,10.6,20.8,70.48387096774194,50.0,95.0,2.9064516129032256,0.5,8.0
202405,2,부산,16.13225806451613,10.4,20.9,70.2258064516129,40.0,95.0,2.996774193548387,0.1,9.0
202405,3,부산,15.993548387096775,9.9,21.9,71.54838709677419,48.0,96.0,2.8677419354838714,0.1,7.1
202405,4,부산,15.725806451612904,9.8,21.5,70.90322580645162,50.0,96.0,2.9387096774193546,0.1,7.7
202405,5,부산,15.651612903225805,9.8,21.5,70.61290322580645,44.0,96.0,2.893548387096774,0.1,8.8
202405,6,부산,15.719354838709679,10.3,20.8,69.93548387096774,41.0,95.0,2.9645161290322584,0.1,6.3
202405,7,부산,16.55483870967742,10.6,21.5,69.25806451612904,38.0,96.0,3.012903225806452,0.1,6.1
202405,8,부산,18.335483870967742,11.8,23.4,65.0,37.0,96.0,3.0161290322580645,0.6,6.8
202405,9,부산,19.703225806451613,12.4,25.2,59.774193548387096,40.0,95.0,3.3129032258064517,1.2,7.3
202405,10,부산,20.9,13.6,26.3,58.16129032258065,32.0,90.0,3.4741935483870967,1.1,9.0
202405,11,부산,21.538709677419355,14.4,27.3,58.29032258064516,30.0,86.0,4.029032258064516,0.9,8.6
202405,12,부산,21.72258064516129,16.7,28.1,55.935483870967744,23.0,88.0,4.209677419354839,0.7,7.3
202405,13,부산,21.796774193548387,16.8,25.5,56.774193548387096,28.0,89.0,4.21,1.5,7.1
202405,14,부산,21.690322580645162,15.6,26.0,57.41935483870968,31.0,92.0,4.645161290322581,2.0,7.6
202405,15,부산,21.651612903225807,14.3,26.3,57.096774193548384,27.0,89.0,4.577419354838709,2.7,8.0
202405,16,부산,21.05483870967742,13.4,24.7,59.96774193548387,29.0,92.0,4.370967741935484,2.1,8.4
202405,17,부산,20.438709677419357,12.6,23.8,62.774193548387096,42.0,94.0,4.02258064516129,1.8,8.9
202405,18,부산,19.693548387096776,12.2,22.8,64.35483870967742,44.0,94.0,3.9322580645161294,1.8,9.3
202405,19,부산,18.59032258064516,12.2,22.1,66.93548387096774,28.0,94.0,3.5612903225806454,1.6,6.5
202405,20,부산,17.858064516129033,12.1,20.7,68.70967741935483,32.0,94.0,3.193548387096774,0.6,7.2
202405,21,부산,17.580645161290324,11.8,22.1,69.16129032258064,34.0,95.0,2.958064516129032,0.1,7.4
202405,22,부산,17.309677419354838,11.5,23.0,67.74193548387096,35.0,96.0,3.0903225806451613,0.1,7.5
202405,23,부산,17.048387096774192,11.2,22.6,67.83870967741936,33.0,95.0,3.2161290322580647,0.4,9.1
202406,0,부산,21.053333333333335,16.4,25.2,79.33333333333333,50.0,95.0,2.7366666666666664,0.8,11.4
202406,1,부산,20.896666666666665,16.4,24.3,78.9,58.0,95.0,2.74,0.1,14.9
202406,2,부산,20.720000000000002,15.9,24.1,78.73333333333333,55.0,95.0,2.75,0.1,14.9
202406,3,부산,20.573333333333334,15.6,24.0,79.6,59.0,95.0,2.6,0.1,15.0
202406,4,부산,20.470000000000002,15.1,24.2,80.36666666666666,60.0,96.0,2.56,0.1,14.0
202406,5,부산,20.39333333333333,14.9,24.1,79.23333333333333,58.0,96.0,2.57,0.1,13.9
202406,6,부산,20.423333333333336,15.1,24.0,79.13333333333334,60.0,96.0,2.4099999999999997,0.1,13.7
202406,7,부산,21.206666666666667,17.1,24.3,76.8,61.0,96.0,2.3266666666666667,0.1,13.1
202406,8,부산,22.666666666666668,18.7,27.4,71.76666666666667,50.0,97.0,2.42,0.5,10.3
202406,9,부산,23.696666666666665,19.7,28.0,68.96666666666667,46.0,97.0,2.8733333333333335,1.0,11.6
202406,10,부산,24.6,20.0,31.1,65.93333333333334,39.0,96.0,3.143333333333333,1.6,10.0
202406,11,부산,25.09333333333333,20.3,30.2,65.26666666666667,40.0,95.0,3.1933333333333334,1.5,7.9
202406,12,부산,25.040000000000003,20.7,29.8,66.53333333333333,47.0,96.0,3.6333333333333333,1.6,9.2
202406,13,부산,24.863333333333333,19.9,29.5,66.43333333333334,44.0,96.0,3.9433333333333334,0.7,9.5
202406,14,부산,24.816666666666666,19.7,29.0,67.06666666666666,47.0,95.0,3.8766666666666665,0.9,6.0
202406,15,부산,24.81,19.1,28.2,66.3,44.0,95.0,4.026666666666666,1.3,7.9
202406,16,부산,24.470000000000002,19.6,28.5,67.9,51.0,96.0,3.86,0.8,7.0
202406,17,부산,24.046666666666667,19.4,27.7,69.5,48.0,96.0,3.6366666666666663,0.6,6.2
202406,18,부산,23.46333333333333,18.8,28.1,71.26666666666667,44.0,96.0,3.3666666666666667,1.2,7.3
202406,19,부산,22.68,18.7,27.0,74.63333333333334,51.0,96.0,3.18,0.8,11.5
202406,20,부산,22.033333333333335,17.7,26.2,77.13333333333334,59.0,97.0,2.92,1.4,7.4
202406,21,부산,21.746666666666666,17.4,24.5,77.43333333333334,57.0,96.0,3.0,0.1,8.9
202406,22,부산,21.48,17.0,24.5,78.2,50.0,96.0,2.9433333333333334,0.2,15.2
202406,23,부산,21.263333333333332,16.9,25.4,79.66666666666667,43.0,96.0,2.6866666666666665,0.8,11.3
202407,0,부산,24.896774193548385,21.0,28.8,90.74193548387096,78.0,97.0,4.451612903225806,0.5,9.6
202407,1,부산,24.774193548387096,21.3,29.1,90.29032258064517,72.0,97.0,4.387096774193548,0.1,10.9
202407,2,부산,24.616129032258065,20.9,29.1,90.90322580645162,72.0,97.0,4.170967741935484,0.5,12.2
202407,3,부산,24.580645161290324,20.9,28.7,91.0,75.0,97.0,3.9096774193548387,0.4,11.8
202407,4,부산,24.503225806451614,20.9,28.1,90.80645161290323,77.0,97.0,3.7548387096774194,0.2,12.1
202407,5,부산,24.48709677419355,21.4,28.0,90.74193548387096,78.0,97.0,3.7903225806451615,0.1,10.9
202407,6,부산,24.438709677419357,21.9,27.4,90.96774193548387,81.0,97.0,3.7709677419354835,0.1,11.2
202407,7,부산,24.787096774193547,22.0,27.8,90.35483870967742,76.0,97.0,3.864516129032258,0.5,11.5
202407,8,부산,25.561290322580643,22.6,29.0,87.03225806451613,69.0,97.0,4.274193548387097,0.3,14.1
202407,9,부산,26.23225806451613,22.2,30.4,84.45161290322581,64.0,97.0,4.16774193548387,0.4,12.6
202407,10,부산,26.848387096774193,22.4,31.2,82.19354838709677,59.0,97.0,4.216129032258064,1.2,10.7
202407,11,부산,27.280645161290323,22.7,32.9,81.45161290322581,63.0,97.0,4.309677419354839,0.4,8.7
202407,12,부산,27.46451612903226,23.3,31.8,80.83870967741936,65.0,97.0,4.583870967741936,0.8,9.6
202407,13,부산,27.60967741935484,23.3,32.2,79.64516129032258,63.0,97.0,4.719354838709678,0.5,8.4
202407,14,부산,27.932258064516127,23.3,32.4,78.6774193548387,62.0,96.0,5.080645161290323,0.6,8.3
202407,15,부산,27.883870967741935,23.2,32.3,78.58064516129032,63.0,96.0,5.106451612903225,1.3,8.6
202407,16,부산,27.796774193548387,23.4,32.0,80.06451612903226,66.0,96.0,4.929032258064517,0.8,11.5
202407,17,부산,27.20967741935484,23.0,31.9,82.0,68.0,96.0,4.858064516129032,0.6,10.0
202407,18,부산,26.703225806451613,22.7,31.2,83.45161290322581,69.0,96.0,5.006451612903225,1.6,9.2
202407,19,부산,26.0,22.8,30.8,86.03225806451613,70.0,96.0,4.396774193548388,1.2,8.1
202407,20,부산,25.45483870967742,22.2,29.0,88.03225806451613,77.0,96.0,4.390322580645161,1.5,7.7
202407,21,부산,25.35483870967742,21.4,29.4,88.64516129032258,74.0,96.0,4.525806451612904,1.4,8.4
202407,22,부산,25.238709677419354,21.2,29.2,89.0,78.0,97.0,4.4,0.4,10.3
202407,23,부산,25.174193548387095,21.6,29.1,89.54838709677419,77.0,97.0,4.416129032258064,0.9,8.7
202408,0,부산,27.567741935483873,25.8,29.7,79.87096774193549,67.0,90.0,3.0677419354838706,0.2,8.9
202408,1,부산,27.461290322580645,25.8,29.7,80.03225806451613,67.0,90.0,2.583870967741935,0.6,5.6
202408,2,부산,27.309677419354838,25.6,29.5,80.93548387096774,68.0,93.0,2.7580645161290325,0.3,7.8
202408,3,부산,27.14516129032258,25.5,29.7,81.25806451612904,72.0,92.0,2.667741935483871,0.2,7.1
202408,4,부산,26.861290322580647,25.0,28.3,82.35483870967742,75.0,95.0,2.545161290322581,0.6,5.2
202408,5,부산,26.774193548387096,25.5,28.3,82.48387096774194,76.0,93.0,2.7161290322580647,0.7,7.0
202408,6,부산,26.716129032258067,25.3,28.1,82.58064516129032,75.0,93.0,2.606451612903226,0.3,6.1
202408,7,부산,27.32903225806452,25.5,28.8,81.19354838709677,73.0,93.0,2.5258064516129033,0.2,7.4
202408,8,부산,28.822580645161292,26.1,30.5,75.38709677419355,66.0,93.0,2.838709677419355,1.2,5.3
202408,9,부산,29.996774193548386,26.8,31.3,72.25806451612904,62.0,93.0,3.135483870967742,1.1,6.0
202408,10,부산,31.009677419354837,27.6,33.2,70.12903225806451,58.0,91.0,3.4709677419354836,1.8,6.5
202408,11,부산,31.40967741935484,26.4,34.0,68.96774193548387,56.0,93.0,3.6516129032258067,1.8,6.6
202408,12,부산,31.83225806451613,26.9,34.5,67.74193548387096,55.0,88.0,4.048387096774194,2.3,6.9
202408,13,부산,32.00967741935484,28.4,33.6,66.51612903225806,54.0,82.0,4.096774193548387,2.0,7.5
202408,14,부산,32.096774193548384,29.8,33.9,66.58064516129032,55.0,84.0,4.238709677419355,2.4,8.3
202408,15,부산,31.74516129032258,28.7,33.3,67.38709677419355,55.0,81.0,4.235483870967743,2.6,8.0
202408,16,부산,31.396774193548385,28.7,34.6,69.06451612903226,50.0,94.0,3.8677419354838714,2.2,9.2
202408,17,부산,30.73548387096774,28.7,32.8,70.96774193548387,61.0,85.0,3.6806451612903226,2.2,8.1
202408,18,부산,29.906451612903226,27.3,31.7,72.41935483870968,64.0,89.0,3.4451612903225803,0.4,10.1
202408,19,부산,28.796774193548387,25.8,30.6,75.45161290322581,67.0,89.0,3.293548387096774,0.3,8.0
202408,20,부산,28.241935483870968,25.7,29.6,76.93548387096774,67.0,89.0,3.3161290322580643,0.2,9.6
202408,21,부산,28.02258064516129,26.2,29.5,77.2258064516129,67.0,89.0,3.325806451612903,0.2,8.3
202408,22,부산,27.861290322580647,26.0,29.4,77.83870967741936,65.0,88.0,2.935483870967742,0.5,6.4
202408,23,부산,27.706451612903226,25.5,29.4,78.87096774193549,69.0,90.0,2.870967741935484,0.5,7.2
202409,0,부산,25.216666666666665,19.1,28.6,79.0,68.0,91.0,2.683333333333333,0.2,5.6
202409,1,부산,25.043333333333333,19.0,28.6,79.73333333333333,68.0,94.0,2.6266666666666665,0.2,9.2
202409,2,부산,24.90666666666667,19.3,28.4,80.1,67.0,93.0,2.58,0.2,7.6
202409,3,부산,24.78666666666667,19.4,28.4,80.73333333333333,67.0,95.0,2.1033333333333335,0.2,4.1
202409,4,부산,24.696666666666665,19.3,28.4,80.9,67.0,96.0,2.32,0.2,4.1
202409,5,부산,24.61,19.4,28.4,80.86666666666666,70.0,95.0,2.1233333333333335,0.2,5.3
202409,6,부산,24.509999999999998,19.2,28.3,80.73333333333333,69.0,94.0,2.1533333333333333,0.2,4.3
202409,7,부산,24.896666666666665,19.5,28.7,79.66666666666667,69.0,95.0,2.17,0.3,4.5
202409,8,부산,25.953333333333333,20.3,30.2,76.5,65.0,96.0,2.466666666666667,0.2,3.9
202409,9,부산,27.293333333333333,21.5,31.7,72.73333333333333,60.0,96.0,2.6300000000000003,1.3,4.8
202409,10,부산,28.426666666666666,21.3,33.0,69.06666666666666,56.0,96.0,2.8733333333333335,0.2,6.1
202409,11,부산,29.116666666666667,21.5,33.4,67.36666666666666,50.0,96.0,3.02,0.3,4.7
202409,12,부산,29.53666666666667,21.7,33.4,65.6,49.0,96.0,3.453333333333333,1.7,5.1
202409,13,부산,29.796666666666667,21.8,34.3,64.8,48.0,96.0,3.3466666666666667,0.5,4.9
202409,14,부산,29.720000000000002,21.8,34.2,65.83333333333333,45.0,96.0,3.68,2.4,5.3
202409,15,부산,29.43,21.9,33.3,66.6,47.0,95.0,3.29,1.9,5.7
202409,16,부산,28.81,21.7,32.7,67.73333333333333,49.0,96.0,3.3400000000000003,1.9,5.0
202409,17,부산,28.066666666666666,21.5,32.2,69.9,44.0,96.0,3.006666666666667,0.5,4.9
202409,18,부산,27.136666666666667,21.4,30.5,73.36666666666666,52.0,96.0,2.993333333333333,1.5,7.2
202409,19,부산,26.16,19.9,29.2,75.9,60.0,96.0,2.7133333333333334,0.4,5.9
202409,20,부산,25.813333333333333,19.4,28.9,77.03333333333333,62.0,96.0,2.8033333333333332,0.8,6.2
202409,21,부산,25.60666666666667,19.2,28.9,77.9,67.0,95.0,2.8433333333333333,0.2,5.6
202409,22,부산,25.41,19.3,28.8,78.53333333333333,66.0,95.0,2.6599999999999997,0.2,5.7
202409,23,부산,25.263333333333332,19.1,28.7,79.06666666666666,67.0,91.0,2.683333333333333,0.2,7.2
202410,0,부산,18.19677419354839,13.7,23.1,75.93548387096774,41.0,96.0,3.1258064516129034,0.2,6.3
202410,1,부산,18.07741935483871,13.2,23.2,75.74193548387096,44.0,96.0,3.1258064516129034,0.2,6.6
202410,2,부산,17.906451612903226,12.9,23.1,76.25806451612904,45.0,96.0,2.9516129032258065,0.2,6.4
202410,3,부산,17.738709677419354,12.2,23.3,76.38709677419355,45.0,96.0,2.7129032258064516,0.2,5.5
202410,4,부산,17.6,11.7,23.5,76.41935483870968,40.0,96.0,2.8774193548387097,0.2,6.7
202410,5,부산,17.470967741935485,11.3,23.2,76.12903225806451,41.0,96.0,2.8806451612903223,0.2,7.5
202410,6,부산,17.429032258064513,10.9,23.2,75.80645161290323,32.0,96.0,2.8774193548387097,0.2,5.4
202410,7,부산,17.53548387096774,11.2,23.2,74.80645161290323,32.0,95.0,3.083870967741935,0.3,4.9
202410,8,부산,18.52258064516129,13.4,23.9,72.54838709677419,33.0,95.0,2.9645161290322584,0.8,5.5
202410,9,부산,19.916129032258063,15.0,25.1,68.70967741935483,38.0,95.0,3.2161290322580647,1.0,6.5
202410,10,부산,21.129032258064516,15.5,25.5,65.6774193548387,37.0,94.0,3.148387096774193,1.6,5.7
202410,11,부산,22.129032258064516,16.4,26.4,62.806451612903224,35.0,94.0,3.296774193548387,1.2,5.8
202410,12,부산,22.54516129032258,17.2,27.7,61.67741935483871,28.0,93.0,3.270967741935484,1.8,5.5
202410,13,부산,22.838709677419356,17.0,28.1,62.61290322580645,30.0,95.0,3.361290322580645,1.6,5.9
202410,14,부산,22.467741935483872,16.8,27.6,63.38709677419355,29.0,96.0,3.4419354838709677,1.2,7.3
202410,15,부산,21.9741935483871,16.3,26.9,66.09677419354838,39.0,96.0,3.1806451612903226,1.3,6.0
202410,16,부산,21.561290322580643,16.1,26.8,66.93548387096774,37.0,96.0,3.2193548387096773,1.5,5.6
202410,17,부산,20.822580645161292,16.2,26.1,68.70967741935483,31.0,95.0,3.067741935483871,0.5,5.0
202410,18,부산,19.822580645161292,16.2,25.5,71.3225806451613,38.0,95.0,3.2806451612903227,1.3,8.2
202410,19,부산,19.416129032258063,15.6,24.7,72.41935483870968,50.0,94.0,3.032258064516129,0.7,10.9
202410,20,부산,19.09032258064516,15.1,24.4,73.90322580645162,53.0,96.0,3.2806451612903227,0.7,10.7
202410,21,부산,18.75483870967742,14.7,24.5,74.61290322580645,53.0,97.0,3.2193548387096773,1.3,9.7
202410,22,부산,18.519354838709678,14.7,24.2,74.7741935483871,51.0,95.0,3.196774193548387,0.2,6.4
202410,23,부산,18.299999999999997,14.5,23.2,75.16129032258064,43.0,95.0,3.161290322580645,0.9,5.4
202411,0,부산,12.376666666666667,4.7,17.8,62.86666666666667,35.0,95.0,2.69,0.3,5.8
202411,1,부산,12.206666666666667,4.3,17.3,64.0,36.0,95.0,2.9,0.2,8.1
202411,2,부산,12.106666666666666,4.1,17.4,64.56666666666666,36.0,96.0,3.0133333333333336,0.2,6.7
202411,3,부산,12.013333333333332,4.1,17.8,65.16666666666667,32.0,96.0,3.0566666666666666,0.5,7.4
202411,4,부산,11.793333333333333,3.9,17.0,66.63333333333334,27.0,96.0,3.1733333333333333,1.0,7.3
202411,5,부산,11.6,4.0,16.9,67.36666666666666,26.0,95.0,2.933333333333333,0.3,8.2
202411,6,부산,11.520000000000001,3.6,16.7,68.2,25.0,94.0,3.01,0.3,7.5
202411,7,부산,11.433333333333334,4.0,16.8,68.23333333333333,24.0,93.0,3.0233333333333334,0.4,7.0
202411,8,부산,12.2,4.7,17.2,66.1,28.0,93.0,3.29,0.6,6.8
202411,9,부산,13.633333333333333,5.8,19.0,62.43333333333333,33.0,93.0,3.36,0.2,6.1
202411,10,부산,14.886666666666667,6.5,21.2,58.8,30.0,95.0,3.4233333333333333,0.8,6.8
202411,11,부산,15.76,8.1,21.4,55.266666666666666,27.0,95.0,3.3699999999999997,1.4,6.0
202411,12,부산,16.543333333333333,7.9,22.9,52.46666666666667,22.0,95.0,3.55,2.0,8.4
202411,13,부산,16.94,7.1,24.2,51.266666666666666,23.0,92.0,3.466666666666667,1.7,8.2
202411,14,부산,17.02,7.5,23.2,49.766666666666666,22.0,93.0,3.5633333333333335,2.1,7.6
202411,15,부산,16.84,7.7,23.1,49.833333333333336,25.0,90.0,3.8066666666666666,1.9,10.4
202411,16,부산,16.08,7.2,22.1,51.46666666666667,23.0,91.0,3.4,2.0,7.5
202411,17,부산,14.926666666666668,6.4,20.5,53.96666666666667,24.0,94.0,3.506666666666667,1.3,9.6
202411,18,부산,13.923333333333334,6.3,18.9,56.46666666666667,26.0,93.0,3.146666666666667,1.7,7.2
202411,19,부산,13.479999999999999,5.8,18.7,56.96666666666667,27.0,94.0,3.0900000000000003,0.7,6.2
202411,20,부산,13.139999999999999,5.1,18.2,57.86666666666667,26.0,94.0,3.106666666666667,0.9,6.4
202411,21,부산,12.776666666666667,4.8,18.3,59.5,28.0,94.0,2.783333333333333,0.7,5.5
202411,22,부산,12.546666666666665,4.5,18.0,60.53333333333333,30.0,94.0,2.9566666666666666,0.8,5.6
202411,23,부산,12.273333333333333,4.8,17.5,61.96666666666667,31.0,95.0,2.98,0.4,6.5
202412,0,부산,4.361290322580645,-0.6,12.9,45.54838709677419,23.0,68.0,3.3483870967741933,0.7,6.8
202412,1,부산,4.164516129032258,-0.7,11.4,47.16129032258065,24.0,72.0,3.603225806451613,0.9,7.0
202412,2,부산,3.858064516129032,-0.9,10.7,48.58064516129032,23.0,72.0,3.167741935483871,0.9,7.5
202412,3,부산,3.661290322580645,-1.1,10.1,50.193548387096776,21.0,71.0,3.2580645161290325,0.7,7.8
202412,4,부산,3.5677419354838706,-1.4,9.5,50.96774193548387,21.0,72.0,3.661290322580645,0.5,8.5
202412,5,부산,3.4193548387096775,-1.6,9.5,52.0,27.0,72.0,3.5387096774193547,1.1,7.8
202412,6,부산,3.1838709677419357,-2.2,9.5,52.516129032258064,25.0,76.0,3.332258064516129,1.1,6.7
202412,7,부산,2.958064516129032,-2.4,9.6,53.58064516129032,27.0,78.0,3.2225806451612904,1.0,7.0
202412,8,부산,3.3161290322580643,-2.1,10.9,52.03225806451613,26.0,77.0,3.2870967741935484,1.1,8.3
202412,9,부산,4.851612903225806,-0.4,14.0,48.096774193548384,25.0,68.0,3.141935483870968,0.6,6.6
202412,10,부산,6.287096774193548,0.5,15.8,43.29032258064516,19.0,59.0,3.261290322580645,1.6,5.3
202412,11,부산,7.33225806451613,1.7,17.2,40.32258064516129,18.0,59.0,3.6419354838709674,2.0,7.2
202412,12,부산,8.303225806451612,2.7,17.2,37.38709677419355,16.0,56.0,3.8548387096774195,1.1,8.9
202412,13,부산,8.896774193548387,4.0,17.6,35.12903225806452,14.0,54.0,4.074193548387097,1.5,6.2
202412,14,부산,9.55483870967742,5.2,18.2,34.0,14.0,54.0,3.793548387096774,1.9,6.0
202412,15,부산,9.725806451612904,4.9,18.5,33.064516129032256,14.0,50.0,3.4419354838709677,1.6,6.2
202412,16,부산,9.2,5.0,17.6,33.193548387096776,13.0,55.0,3.3258064516129036,1.6,6.6
202412,17,부산,7.674193548387097,3.4,15.7,36.935483870967744,13.0,56.0,3.2548387096774194,1.6,8.5
202412,18,부산,6.738709677419355,2.4,15.0,38.32258064516129,13.0,63.0,2.9935483870967743,1.2,6.7
202412,19,부산,6.274193548387097,1.7,14.6,39.41935483870968,15.0,61.0,3.1580645161290324,0.8,5.6
202412,20,부산,5.719354838709678,1.0,14.6,41.12903225806452,19.0,64.0,2.890322580645161,1.2,5.1
202412,21,부산,5.245161290322581,0.4,14.2,41.58064516129032,18.0,63.0,3.0999999999999996,1.0,6.5
202412,22,부산,4.9,-0.1,14.3,42.806451612903224,22.0,59.0,3.3,0.4,7.4
202412,23,부산,4.532258064516129,-0.3,13.4,44.03225806451613,22.0,63.0,3.135483870967742,1.1,7.9
202501,0,부산,2.6548387096774193,-8.5,7.6,46.67741935483871,23.0,76.0,3.3225806451612905,1.0,7.2
202501,1,부산,2.429032258064516,-9.2,7.7,47.0,25.0,75.0,3.4967741935483874,1.0,7.3
202501,2,부산,2.135483870967742,-9.6,8.0,47.41935483870968,26.0,76.0,3.1903225806451614,0.6,7.0
202501,3,부산,1.9580645161290322,-9.6,7.5,47.516129032258064,26.0,78.0,3.4322580645161294,1.0,7.2
202501,4,부산,1.729032258064516,-9.3,7.1,48.12903225806452,27.0,77.0,3.383870967741936,0.7,7.6
202501,5,부산,1.4548387096774194,-9.7,6.6,50.096774193548384,29.0,78.0,3.364516129032258,0.8,6.6
202501,6,부산,1.2580645161290323,-10.0,6.1,51.354838709677416,30.0,78.0,3.070967741935484,0.6,6.7
202501,7,부산,1.0774193548387097,-10.0,5.9,52.38709677419355,27.0,89.0,3.267741935483871,1.2,6.3
202501,8,부산,1.2225806451612902,-9.7,6.0,52.516129032258064,31.0,90.0,3.141935483870968,0.8,7.8
202501,9,부산,2.864516129032258,-7.9,8.3,48.516129032258064,26.0,91.0,3.07741935483871,0.7,6.3
202501,10,부산,4.503225806451613,-4.3,10.6,44.516129032258064,24.0,90.0,3.261290322580645,0.8,6.8
202501,11,부산,5.774193548387097,-4.1,12.6,40.83870967741935,19.0,88.0,3.6322580645161286,1.4,7.9
202501,12,부산,6.409677419354838,-2.3,13.6,39.064516129032256,18.0,84.0,4.12258064516129,2.0,11.0
202501,13,부산,7.248387096774193,-1.2,13.6,36.38709677419355,17.0,75.0,4.293548387096774,2.4,11.0
202501,14,부산,7.729032258064516,-1.0,13.1,36.483870967741936,15.0,69.0,4.241935483870968,1.9,11.9
202501,15,부산,7.748387096774193,-1.2,13.0,37.0,18.0,65.0,4.403225806451613,1.8,9.3
202501,16,부산,7.538709677419354,0.0,12.1,38.38709677419355,17.0,63.0,4.087096774193548,2.1,9.2
202501,17,부산,6.358064516129032,-2.0,11.1,40.70967741935484,20.0,64.0,3.883870967741936,1.4,9.5
202501,18,부산,5.151612903225806,-3.6,9.5,42.87096774193548,22.0,67.0,3.0999999999999996,1.4,5.6
202501,19,부산,4.525806451612904,-4.4,9.0,44.516129032258064,23.0,68.0,2.858064516129032,0.2,6.7
202501,20,부산,4.103225806451613,-5.2,8.6,45.064516129032256,22.0,70.0,3.0258064516129033,0.6,6.1
202501,21,부산,3.7096774193548385,-6.1,8.6,45.645161290322584,24.0,73.0,3.0903225806451613,0.4,7.5
202501,22,부산,3.325806451612903,-7.0,8.2,46.38709677419355,24.0,75.0,2.9419354838709677,0.5,7.1
202501,23,부산,3.109677419354839,-8.0,8.0,46.903225806451616,25.0,77.0,3.1806451612903226,0.2,7.6
202502,0,부산,1.6964285714285714,-7.3,9.8,41.285714285714285,17.0,82.0,3.542857142857143,1.4,7.1
202502,1,부산,1.2750000000000001,-7.5,8.7,41.214285714285715,21.0,79.0,3.357142857142857,0.8,5.6
202502,2,부산,1.0035714285714286,-7.6,9.1,42.5,26.0,77.0,3.6285714285714286,0.8,5.3
202502,3,부산,0.6142857142857142,-7.8,9.1,43.75,26.0,77.0,3.207142857142857,0.3,6.5
202502,4,부산,0.24642857142857144,-8.1,8.9,46.17857142857143,29.0,77.0,3.564285714285714,0.3,6.8
202502,5,부산,-0.032142857142857216,-8.1,8.7,47.785714285714285,25.0,86.0,3.8607142857142853,0.8,7.3
202502,6,부산,-0.26785714285714285,-7.9,8.4,49.32142857142857,27.0,92.0,3.6357142857142857,0.9,8.2
202502,7,부산,-0.5214285714285715,-8.1,8.0,50.17857142857143,23.0,93.0,3.292857142857143,0.3,7.6
202502,8,부산,-0.02500000000000004,-7.3,8.2,48.714285714285715,23.0,94.0,3.1,0.8,6.2
202502,9,부산,1.4214285714285713,-4.9,9.1,46.07142857142857,20.0,95.0,3.460714285714286,0.6,6.8
202502,10,부산,2.8642857142857143,-3.7,10.7,41.785714285714285,17.0,96.0,3.357142857142857,1.1,8.3
202502,11,부산,4.05,-2.6,12.5,37.75,15.0,95.0,3.789285714285714,1.7,8.9
202502,12,부산,4.825,-1.4,13.8,37.142857142857146,20.0,95.0,3.8785714285714286,0.5,5.5
202502,13,부산,5.675,-0.2,14.0,33.535714285714285,16.0,94.0,4.114285714285715,1.5,6.7
202502,14,부산,6.425,-0.8,14.6,32.642857142857146,16.0,93.0,3.8892857142857147,2.4,6.7
202502,15,부산,6.685714285714285,-1.7,14.2,32.857142857142854,16.0,95.0,3.9964285714285714,2.6,6.7
202502,16,부산,6.642857142857143,-2.8,13.8,33.32142857142857,15.0,95.0,3.975,2.0,6.2
202502,17,부산,6.214285714285714,-3.0,12.9,34.035714285714285,16.0,93.0,3.857142857142857,2.5,6.8
202502,18,부산,4.796428571428572,-4.1,11.5,36.892857142857146,18.0,93.0,3.7142857142857144,1.2,6.3
202502,19,부산,3.907142857142857,-4.9,11.1,38.92857142857143,21.0,88.0,3.3964285714285714,1.3,6.5
202502,20,부산,3.3964285714285714,-5.4,10.7,40.142857142857146,20.0,86.0,3.3964285714285714,1.2,8.7
202502,21,부산,3.067857142857143,-6.0,10.4,40.357142857142854,22.0,83.0,3.832142857142857,0.9,8.0
202502,22,부산,2.6035714285714286,-6.6,10.5,40.607142857142854,21.0,81.0,3.7964285714285713,0.3,6.6
202502,23,부산,2.1964285714285716,-7.0,10.8,40.5,22.0,81.0,3.6285714285714286,1.2,7.3
202503,0,부산,8.600000000000001,0.5,17.1,61.61290322580645,20.0,97.0,3.358064516129032,0.1,8.0
202503,1,부산,8.36774193548387,0.3,17.9,61.29032258064516,21.0,97.0,3.603225806451613,0.0,9.1
202503,2,부산,8.190322580645162,0.4,17.9,62.483870967741936,19.0,97.0,3.274193548387097,0.0,8.0
202503,3,부산,7.932258064516129,0.4,17.8,61.45161290322581,21.0,97.0,3.2580645161290325,0.4,8.0
202503,4,부산,7.66774193548387,0.4,17.7,61.225806451612904,23.0,97.0,3.0677419354838706,0.3,9.0
202503,5,부산,7.287096774193548,0.6,17.2,63.16129032258065,25.0,97.0,3.206451612903226,0.5,9.3
202503,6,부산,7.106451612903226,0.5,16.7,62.41935483870968,26.0,97.0,2.9935483870967743,0.6,7.2
202503,7,부산,7.17741935483871,0.7,17.6,61.70967741935484,24.0,97.0,2.9709677419354836,0.3,7.3
202503,8,부산,8.280645161290321,1.5,17.3,58.67741935483871,26.0,97.0,3.3161290322580643,0.3,8.1
202503,9,부산,9.641935483870967,3.2,17.8,55.354838709677416,21.0,97.0,3.693548387096774,0.3,10.3
202503,10,부산,11.238709677419354,3.6,19.2,51.354838709677416,19.0,97.0,3.5677419354838706,0.3,9.1
202503,11,부산,12.27741935483871,4.1,19.7,48.516129032258064,15.0,96.0,3.987096774193548,1.2,8.3
202503,12,부산,12.796774193548387,4.0,21.1,48.935483870967744,15.0,96.0,3.9225806451612906,1.6,7.0
202503,13,부산,12.86774193548387,4.4,20.9,50.064516129032256,19.0,97.0,4.238709677419355,1.0,8.4
202503,14,부산,12.725806451612904,4.0,20.1,51.87096774193548,20.0,97.0,4.645161290322581,2.2,10.2
202503,15,부산,12.480645161290322,4.5,20.4,53.516129032258064,18.0,96.0,5.038709677419354,2.0,9.5
202503,16,부산,11.887096774193548,4.8,20.0,54.483870967741936,16.0,94.0,4.770967741935484,2.6,7.8
202503,17,부산,11.30967741935484,4.8,19.5,57.516129032258064,25.0,91.0,4.229032258064516,0.8,6.8
202503,18,부산,10.638709677419355,4.5,19.4,59.61290322580645,30.0,92.0,4.129032258064516,0.5,6.3
202503,19,부산,9.825806451612904,3.8,18.0,61.354838709677416,36.0,94.0,3.7806451612903227,0.5,7.2
202503,20,부산,9.319354838709677,3.5,17.3,62.12903225806452,34.0,94.0,3.603225806451613,0.7,7.4
202503,21,부산,9.141935483870967,2.7,17.0,61.516129032258064,32.0,95.0,3.4612903225806453,1.1,6.6
202503,22,부산,8.922580645161291,1.5,16.9,61.70967741935484,32.0,96.0,3.6322580645161286,1.1,9.0
202503,23,부산,8.680645161290323,0.8,16.8,61.193548387096776,21.0,97.0,3.693548387096774,1.3,7.9
202504,0,부산,12.629999999999999,6.7,18.1,64.13333333333334,26.0,97.0,3.393333333333333,0.7,7.4
202504,1,부산,12.406666666666666,6.6,17.7,65.06666666666666,28.0,97.0,3.0966666666666667,0.0,7.5
202504,2,부산,12.093333333333334,6.3,17.9,65.73333333333333,24.0,97.0,3.0133333333333336,0.2,8.3
202504,3,부산,11.729999999999999,6.2,17.4,65.0,23.0,93.0,2.71,0.0,5.9
202504,4,부산,11.486666666666668,5.8,17.2,64.23333333333333,22.0,94.0,2.6166666666666667,0.0,5.0
202504,5,부산,11.266666666666667,5.4,17.9,65.36666666666666,23.0,91.0,2.4066666666666667,0.0,5.6
202504,6,부산,11.013333333333332,5.3,16.6,66.26666666666667,26.0,94.0,2.933333333333333,0.0,10.1
202504,7,부산,11.573333333333332,5.9,15.9,64.36666666666666,20.0,96.0,2.993333333333333,0.1,9.6
202504,8,부산,13.036666666666667,6.6,17.8,60.766666666666666,21.0,93.0,3.1199999999999997,0.8,10.1
202504,9,부산,14.42,7.5,18.9,57.733333333333334,20.0,94.0,3.5933333333333333,0.4,8.8
202504,10,부산,15.816666666666666,9.2,20.4,55.36666666666667,18.0,92.0,3.603333333333333,1.6,8.0
202504,11,부산,16.31,10.7,21.2,56.3,17.0,93.0,4.096666666666667,1.7,8.5
202504,12,부산,16.683333333333334,11.7,20.6,57.166666666666664,18.0,93.0,4.4366666666666665,1.3,7.7
202504,13,부산,17.08,11.7,21.3,56.56666666666667,20.0,92.0,5.043333333333334,2.1,9.4
202504,14,부산,16.93,12.1,20.6,58.43333333333333,27.0,95.0,5.116666666666666,2.2,10.7
202504,15,부산,16.96333333333333,12.1,20.8,57.13333333333333,24.0,96.0,5.0233333333333325,2.3,9.6
202504,16,부산,16.76,12.4,21.2,56.96666666666667,28.0,96.0,5.236666666666666,2.0,10.3
202504,17,부산,16.083333333333332,11.9,21.0,58.9,29.0,96.0,5.136666666666667,1.5,12.2
202504,18,부산,15.2,10.3,20.7,62.56666666666667,33.0,96.0,4.886666666666667,1.5,11.3
202504,19,부산,14.06,9.3,18.4,65.4,34.0,96.0,4.056666666666667,1.2,10.2
202504,20,부산,13.616666666666667,8.5,19.3,66.63333333333334,31.0,96.0,3.796666666666667,1.3,9.4
202504,21,부산,13.386666666666667,8.2,18.7,66.63333333333334,33.0,97.0,3.9,0.6,8.3
202504,22,부산,13.286666666666667,7.6,18.1,65.16666666666667,26.0,97.0,3.4466666666666668,0.4,6.3
202504,23,부산,13.136666666666667,7.0,19.1,63.86666666666667,27.0,97.0,3.5633333333333335,0.0,7.7
202505,0,부산,15.77741935483871,11.0,21.6,77.19354838709677,32.0,96.0,2.5258064516129033,0.3,6.7
202505,1,부산,15.716129032258063,10.6,21.6,76.35483870967742,33.0,96.0,2.574193548387097,0.0,6.3
202505,2,부산,15.47741935483871,10.5,21.2,76.70967741935483,30.0,96.0,2.4322580645161294,0.3,6.8
202505,3,부산,15.312903225806451,10.2,21.5,76.03225806451613,28.0,96.0,2.4129032258064513,0.0,6.7
202505,4,부산,15.14516129032258,10.1,21.9,76.51612903225806,29.0,97.0,2.3548387096774195,0.1,8.6
202505,5,부산,14.941935483870967,9.6,21.3,77.16129032258064,29.0,97.0,2.4935483870967743,0.0,8.3
202505,6,부산,14.8,9.7,19.5,79.06451612903226,35.0,96.0,2.390322580645161,0.0,7.6
202505,7,부산,15.696774193548388,10.9,19.7,75.80645161290323,31.0,96.0,2.5580645161290323,0.1,6.5
202505,8,부산,17.161290322580644,12.9,21.4,71.25806451612904,39.0,96.0,2.661290322580645,0.0,9.1
202505,9,부산,18.35483870967742,14.6,22.1,66.83870967741936,31.0,96.0,2.9451612903225803,1.7,5.6
202505,10,부산,19.103225806451615,15.0,23.1,66.25806451612904,32.0,95.0,3.4129032258064513,1.6,6.4
202505,11,부산,19.641935483870967,15.4,24.5,64.96774193548387,30.0,94.0,3.8225806451612905,1.2,7.5
202505,12,부산,20.258064516129032,15.5,25.4,62.87096774193548,35.0,95.0,4.238709677419355,1.6,10.3
202505,13,부산,20.261290322580646,14.8,24.3,64.06451612903226,37.0,95.0,4.606451612903226,2.2,9.1
202505,14,부산,20.17096774193548,15.0,24.2,63.58064516129032,36.0,96.0,4.435483870967742,1.1,8.0
202505,15,부산,20.01290322580645,15.1,24.8,63.58064516129032,38.0,95.0,4.45483870967742,0.8,8.2
202505,16,부산,19.583870967741937,13.1,24.6,64.74193548387096,32.0,96.0,4.254838709677419,0.5,10.6
202505,17,부산,19.070967741935487,12.9,23.7,66.61290322580645,31.0,96.0,3.9709677419354836,1.2,8.7
202505,18,부산,18.203225806451613,13.3,23.1,70.25806451612904,32.0,96.0,3.496774193548387,1.5,10.2
202505,19,부산,17.29032258064516,12.9,23.0,74.3225806451613,39.0,96.0,3.0064516129032257,1.1,8.5
202505,20,부산,16.716129032258067,12.3,22.1,74.3225806451613,40.0,97.0,3.0612903225806454,1.1,9.0
202505,21,부산,16.40967741935484,11.7,21.8,75.35483870967742,39.0,97.0,2.796774193548387,0.2,7.3
202505,22,부산,16.29032258064516,11.4,21.7,74.96774193548387,48.0,97.0,2.596774193548387,0.1,7.2
202505,23,부산,16.006451612903227,11.3,22.0,76.19354838709677,39.0,96.0,2.545161290322581,0.0,7.3
202506,0,부산,21.006666666666668,17.0,25.4,79.86666666666666,33.0,97.0,2.9099999999999997,0.0,8.3
202506,1,부산,20.916666666666668,16.9,24.9,80.2,32.0,97.0,2.8689655172413793,0.3,8.3
202506,2,부산,20.866666666666667,16.8,24.9,79.66666666666667,38.0,97.0,2.4413793103448276,0.0,7.3
202506,3,부산,20.759999999999998,16.6,24.8,80.23333333333333,33.0,97.0,2.424137931034483,0.0,9.3
202506,4,부산,20.736666666666668,16.7,24.9,80.5,33.0,97.0,2.589655172413793,0.0,8.2
202506,5,부산,20.720000000000002,16.7,24.5,80.6,37.0,97.0,2.6206896551724137,0.0,9.3
202506,6,부산,20.596666666666668,16.8,24.5,81.53333333333333,38.0,97.0,2.403448275862069,0.0,10.1
202506,7,부산,21.183333333333334,17.1,25.8,81.43333333333334,41.0,97.0,2.5206896551724136,0.0,10.5
202506,8,부산,22.053333333333335,17.9,27.3,78.2,34.0,97.0,2.679310344827586,0.0,9.8
202506,9,부산,22.956666666666667,19.4,27.8,75.43333333333334,35.0,96.0,3.444827586206897,0.0,11.8
202506,10,부산,23.426666666666666,19.6,29.0,75.26666666666667,38.0,97.0,3.5517241379310347,1.7,8.3
202506,11,부산,23.923333333333336,20.4,28.4,73.13333333333334,37.0,96.0,3.9233333333333333,0.4,10.2
202506,12,부산,24.153333333333332,20.3,29.0,72.8,34.0,96.0,4.493333333333334,1.7,11.4
202506,13,부산,24.220000000000002,20.2,28.7,72.9,38.0,95.0,4.45,2.1,10.8
202506,14,부산,24.42,20.6,28.9,71.86666666666666,35.0,96.0,4.4766666666666675,1.5,11.1
202506,15,부산,24.216666666666665,20.6,29.7,71.76666666666667,43.0,96.0,4.3933333333333335,1.3,9.3
202506,16,부산,24.006666666666668,20.9,30.6,72.2,40.0,96.0,4.46,1.4,9.6
202506,17,부산,23.753333333333334,19.5,28.7,73.53333333333333,37.0,97.0,4.026666666666666,1.0,10.1
202506,18,부산,22.95,18.4,27.5,76.3,43.0,96.0,3.54,0.0,8.7
202506,19,부산,22.279999999999998,17.9,27.1,79.13333333333334,47.0,96.0,3.5533333333333332,0.4,10.9
202506,20,부산,21.696666666666665,18.2,25.7,78.83333333333333,24.0,96.0,3.27,0.1,10.8
202506,21,부산,21.48,18.2,25.4,79.96666666666667,25.0,97.0,2.94,0.4,8.3
202506,22,부산,21.44333333333333,17.8,25.7,80.33333333333333,27.0,97.0,2.8400000000000003,0.0,10.1
202506,23,부산,21.34,17.3,25.9,80.53333333333333,31.0,97.0,2.8033333333333332,0.0,9.1
202507,0,부산,26.151612903225807,21.8,28.3,77.6774193548387,59.0,96.0,2.8225806451612905,0.0,6.5
202507,1,부산,25.938709677419357,21.7,28.1,79.64516129032258,59.0,96.0,2.5032258064516126,0.2,4.4
202507,2,부산,25.741935483870968,21.3,28.5,80.61290322580645,60.0,96.0,2.8774193548387097,0.0,5.9
202507,3,부산,25.58709677419355,20.6,28.2,80.58064516129032,64.0,95.0,2.738709677419355,0.0,4.9
202507,4,부산,25.503225806451614,20.5,28.0,80.16129032258064,64.0,96.0,2.735483870967742,0.0,6.0
202507,5,부산,25.40967741935484,21.0,27.9,80.45161290322581,66.0,96.0,2.6225806451612903,0.1,6.4
202507,6,부산,25.387096774193548,20.7,27.9,80.45161290322581,54.0,96.0,2.864516129032258,0.2,7.4
202507,7,부산,26.22258064516129,21.0,28.8,79.35483870967742,61.0,96.0,2.7,0.0,7.1
202507,8,부산,27.60967741935484,22.0,30.8,75.61290322580645,62.0,96.0,2.8193548387096774,0.4,5.2
202507,9,부산,28.741935483870968,23.8,33.1,71.38709677419355,55.0,95.0,3.196774193548387,0.7,6.9
202507,10,부산,29.570967741935487,24.9,33.3,68.61290322580645,51.0,93.0,3.4129032258064513,1.6,7.3
202507,11,부산,29.92258064516129,25.0,32.4,67.51612903225806,49.0,94.0,3.6129032258064515,1.3,6.3
202507,12,부산,30.187096774193545,25.2,32.6,66.74193548387096,48.0,92.0,4.096774193548387,1.1,6.9
202507,13,부산,30.229032258064517,22.6,33.4,66.2258064516129,47.0,91.0,3.987096774193548,1.8,7.5
202507,14,부산,30.287096774193547,21.7,34.0,65.80645161290323,46.0,95.0,4.048387096774194,1.5,7.1
202507,15,부산,30.229032258064517,21.7,34.1,65.7741935483871,49.0,96.0,3.9096774193548387,1.0,7.6
202507,16,부산,30.14516129032258,22.9,34.5,66.61290322580645,48.0,91.0,3.6548387096774193,2.1,7.4
202507,17,부산,29.493548387096773,23.0,32.3,67.7741935483871,49.0,95.0,3.641935483870968,2.1,6.9
202507,18,부산,28.88064516129032,22.5,31.8,69.38709677419355,53.0,94.0,3.1580645161290324,0.7,6.5
202507,19,부산,27.887096774193548,23.1,30.7,71.7741935483871,59.0,95.0,2.935483870967742,0.0,7.2
202507,20,부산,27.006451612903227,22.8,29.7,73.7741935483871,55.0,95.0,2.9709677419354836,0.0,5.1
202507,21,부산,26.68064516129032,23.0,29.4,74.58064516129032,57.0,95.0,2.674193548387097,0.7,6.1
202507,22,부산,26.493548387096773,22.8,28.7,75.41935483870968,59.0,96.0,2.696774193548387,0.0,5.9
202507,23,부산,26.31935483870968,22.0,28.4,76.70967741935483,63.0,95.0,3.064516129032258,0.0,7.5
202508,0,부산,27.067741935483873,21.1,28.8,81.45161290322581,68.0,95.0,2.92258064516129,0.0,7.6
202508,1,부산,26.89032258064516,20.8,28.5,82.58064516129032,71.0,95.0,2.806451612903226,0.0,9.2
202508,2,부산,26.690322580645162,20.6,28.6,83.45161290322581,75.0,95.0,2.667741935483871,0.2,7.4
202508,3,부산,26.625806451612902,20.4,28.6,83.41935483870968,75.0,95.0,2.6548387096774193,0.6,8.9
202508,4,부산,26.419354838709676,20.7,28.1,84.35483870967742,76.0,96.0,2.5580645161290323,0.0,6.8
202508,5,부산,26.27741935483871,20.9,27.9,85.2258064516129,75.0,96.0,2.638709677419355,0.7,9.0
202508,6,부산,26.229032258064517,21.3,28.1,85.3225806451613,71.0,96.0,2.435483870967742,0.0,6.0
202508,7,부산,26.748387096774195,21.5,28.0,83.35483870967742,70.0,96.0,2.416129032258065,0.0,5.4
202508,8,부산,28.338709677419356,21.7,30.2,76.6774193548387,63.0,95.0,2.480645161290323,0.4,6.1
202508,9,부산,29.296774193548387,21.8,32.1,74.96774193548387,62.0,96.0,2.8741935483870966,1.4,6.1
202508,10,부산,30.04516129032258,22.1,32.8,73.38709677419355,61.0,96.0,3.4064516129032256,1.0,7.1
202508,11,부산,30.76451612903226,22.4,33.5,70.51612903225806,61.0,96.0,3.883870967741936,0.0,7.6
202508,12,부산,30.561290322580643,22.9,33.6,71.58064516129032,57.0,96.0,4.358064516129032,1.6,7.6
202508,13,부산,30.64516129032258,23.5,33.4,70.93548387096774,55.0,95.0,4.67741935483871,1.8,8.7
202508,14,부산,30.516129032258064,24.0,32.7,71.7741935483871,55.0,94.0,4.648387096774194,1.4,9.0
202508,15,부산,30.52258064516129,23.8,32.9,70.48387096774194,53.0,95.0,4.438709677419355,1.4,8.0
202508,16,부산,30.29032258064516,23.6,33.4,71.35483870967742,46.0,96.0,4.487096774193549,1.1,7.6
202508,17,부산,29.845161290322583,23.5,32.6,71.54838709677419,52.0,94.0,4.070967741935484,1.6,7.4
202508,18,부산,29.200000000000003,22.9,31.6,73.96774193548387,63.0,93.0,3.6870967741935483,1.2,8.1
202508,19,부산,28.08709677419355,21.1,30.2,77.41935483870968,66.0,93.0,3.390322580645161,1.3,6.5
202508,20,부산,27.683870967741935,21.1,29.6,78.61290322580645,68.0,95.0,3.032258064516129,1.3,6.4
202508,21,부산,27.40967741935484,21.1,29.5,79.74193548387096,72.0,96.0,2.7870967741935484,0.0,9.6
202508,22,부산,27.26774193548387,21.0,29.4,80.06451612903226,65.0,95.0,2.706451612903226,0.0,7.7
202508,23,부산,27.17096774193548,21.4,28.9,80.2258064516129,69.0,96.0,3.103225806451613,0.0,8.8
202509,0,부산,24.303333333333335,20.4,27.6,76.96666666666667,57.0,89.0,2.603333333333333,0.8,4.5
202509,1,부산,24.21333333333333,20.5,27.5,77.1,56.0,89.0,2.36,0.3,4.7
202509,2,부산,24.040000000000003,20.2,27.7,78.53333333333333,58.0,91.0,2.43,0.4,7.0
202509,3,부산,23.933333333333334,20.0,27.6,78.86666666666666,60.0,94.0,2.54,0.0,7.0
202509,4,부산,23.84333333333333,20.0,27.5,79.8,64.0,95.0,2.3699999999999997,1.0,5.9
202509,5,부산,23.776666666666664,19.4,27.5,80.23333333333333,66.0,95.0,2.4733333333333336,0.8,5.0
202509,6,부산,23.696666666666665,19.3,27.2,80.83333333333333,64.0,94.0,2.54,0.3,6.8
202509,7,부산,23.936666666666667,19.3,27.5,80.13333333333334,67.0,94.0,2.5233333333333334,0.2,6.1
202509,8,부산,24.96333333333333,21.6,29.1,77.06666666666666,63.0,94.0,2.45,0.6,5.4
202509,9,부산,26.08,21.8,29.8,73.53333333333333,59.0,91.0,2.8833333333333333,0.8,6.5
202509,10,부산,27.0,23.0,31.1,70.96666666666667,53.0,93.0,3.1633333333333336,0.9,5.9
202509,11,부산,27.833333333333332,24.1,32.1,69.13333333333334,51.0,92.0,3.6199999999999997,1.5,7.2
202509,12,부산,28.113333333333333,22.7,32.6,68.26666666666667,50.0,91.0,3.92,1.4,7.0
202509,13,부산,28.386666666666667,23.2,33.1,67.2,51.0,92.0,3.71,1.1,7.3
202509,14,부산,28.240000000000002,23.5,32.9,67.53333333333333,50.0,87.0,3.816666666666667,1.5,6.6
202509,15,부산,28.063333333333333,23.9,32.5,68.4,55.0,93.0,3.783333333333333,0.4,7.4
202509,16,부산,27.65,24.0,32.1,68.6,50.0,90.0,3.683333333333333,1.5,6.6
202509,17,부산,26.996666666666666,23.2,31.3,69.6,50.0,90.0,3.296666666666667,0.8,5.5
202509,18,부산,26.06,22.4,29.9,72.66666666666667,56.0,89.0,3.3133333333333335,1.4,6.0
202509,19,부산,25.28666666666667,21.7,29.0,74.5,57.0,90.0,3.1533333333333338,1.7,5.3
202509,20,부산,24.986666666666668,21.2,28.9,75.36666666666666,61.0,92.0,2.743333333333333,1.1,5.1
202509,21,부산,24.636666666666667,20.9,28.7,75.06666666666666,59.0,90.0,2.6666666666666665,0.3,5.2
202509,22,부산,24.436666666666667,20.3,28.2,75.26666666666667,59.0,89.0,2.7133333333333334,0.7,5.5
202509,23,부산,24.333333333333332,20.3,27.9,75.76666666666667,58.0,89.0,2.4466666666666668,0.6,4.7
202510,0,부산,18.448387096774194,8.7,22.6,74.09677419354838,33.0,94.0,2.1580645161290324,0.2,4.7
202510,1,부산,18.30322580645161,8.7,22.2,75.19354838709677,37.0,94.0,2.203225806451613,0.0,5.2
202510,2,부산,18.154838709677417,8.5,22.2,76.0,37.0,93.0,1.9516129032258065,0.0,4.3
202510,3,부산,18.003225806451614,8.0,22.1,77.16129032258064,37.0,95.0,2.0451612903225804,0.4,4.5
202510,4,부산,17.929032258064513,8.1,22.8,77.2258064516129,39.0,94.0,2.238709677419355,0.6,4.0
202510,5,부산,17.925806451612903,7.9,23.1,77.12903225806451,38.0,95.0,2.5,0.7,5.5
202510,6,부산,17.864516129032257,7.8,22.5,76.83870967741936,43.0,95.0,2.5064516129032257,0.4,5.2
202510,7,부산,17.84193548387097,7.8,22.7,77.12903225806451,44.0,96.0,2.4516129032258065,0.0,5.5
202510,8,부산,18.664516129032258,9.4,23.9,74.7741935483871,43.0,95.0,2.3483870967741933,0.0,4.6
202510,9,부산,20.016129032258064,10.3,26.3,70.54838709677419,37.0,96.0,2.6451612903225805,0.6,5.1
202510,10,부산,21.11935483870968,11.8,27.0,68.02580645161291,32.0,95.0,2.6225806451612903,0.0,4.1
202510,11,부산,21.738709677419354,13.2,27.3,65.54838709677419,30.0,94.0,2.732258064516129,1.5,4.6
202510,12,부산,22.24516129032258,15.1,28.1,64.29032258064517,27.0,94.0,2.729032258064516,1.4,4.5
202510,13,부산,22.26774193548387,16.4,28.5,63.45161290322581,25.0,95.0,2.8225806451612905,1.3,4.1
202510,14,부산,22.174193548387095,15.9,29.0,64.80645161290323,25.0,95.0,2.7838709677419353,1.5,4.0
202510,15,부산,21.983870967741936,15.3,27.9,64.70967741935483,19.0,95.0,2.9419354838709677,1.6,4.9
202510,16,부산,21.60967741935484,15.3,27.1,65.54838709677419,20.0,96.0,2.574193548387097,1.4,4.4
202510,17,부산,20.77741935483871,14.3,26.0,67.35483870967742,24.0,96.0,2.5161290322580645,1.4,3.7
202510,18,부산,19.712903225806453,12.1,24.6,70.06451612903226,24.0,96.0,2.5806451612903225,1.8,4.5
202510,19,부산,19.225806451612904,11.0,23.7,71.58064516129032,29.0,96.0,2.512903225806452,0.9,3.6
202510,20,부산,18.861290322580647,10.0,23.6,72.3225806451613,29.0,95.0,2.3870967741935485,0.9,3.9
202510,21,부산,18.654838709677417,9.6,23.1,73.45161290322581,28.0,96.0,2.3741935483870966,1.0,4.4
202510,22,부산,18.44516129032258,9.5,22.7,73.61290322580645,34.0,96.0,2.293548387096774,0.3,4.5
202510,23,부산,18.312903225806455,9.1,22.6,74.29032258064517,36.0,96.0,2.390322580645161,0.5,3.4
202511,0,부산,11.173333333333334,4.2,15.8,55.4,25.0,94.0,2.75,0.4,7.3
202511,1,부산,10.946666666666665,4.1,16.0,56.56666666666667,35.0,94.0,2.7633333333333336,0.4,7.0
202511,2,부산,10.686666666666667,4.0,15.6,57.53333333333333,36.0,95.0,2.65,0.3,6.0
202511,3,부산,10.483333333333333,3.5,16.1,58.13333333333333,37.0,95.0,2.7933333333333334,0.0,5.7
202511,4,부산,10.25,3.3,16.7,58.93333333333333,39.0,95.0,2.6266666666666665,0.0,6.4
202511,5,부산,10.093333333333334,3.1,16.6,59.86666666666667,40.0,95.0,2.6599999999999997,0.0,7.8
202511,6,부산,9.903333333333334,3.0,16.4,60.233333333333334,34.0,95.0,2.77,0.3,7.0
202511,7,부산,9.74,3.0,15.8,60.86666666666667,36.0,96.0,2.6266666666666665,0.1,6.8
202511,8,부산,10.69,3.8,16.7,58.233333333333334,37.0,95.0,2.29,0.1,6.0
202511,9,부산,12.44,5.1,17.2,55.06666666666667,36.0,94.0,2.5,0.3,5.6
202511,10,부산,14.09,6.4,19.3,51.03333333333333,29.0,89.0,2.796666666666667,0.9,4.9
202511,11,부산,15.066666666666666,7.8,20.5,49.43333333333333,26.0,81.0,3.19,1.2,6.6
202511,12,부산,16.016666666666666,8.5,21.2,46.13333333333333,26.0,73.0,3.3766666666666665,1.4,8.6
202511,13,부산,16.62333333333333,8.4,21.8,44.36666666666667,23.0,59.0,3.5366666666666666,1.2,8.8
202511,14,부산,16.903333333333332,9.4,22.8,44.166666666666664,24.0,73.0,3.6199999999999997,1.6,7.9
202511,15,부산,17.01,9.8,21.5,42.9,19.0,62.0,3.2066666666666666,1.2,6.8
202511,16,부산,16.26,8.9,20.4,44.06666666666667,19.0,63.0,3.2866666666666666,1.4,6.7
202511,17,부산,14.726666666666667,7.8,18.7,47.86666666666667,22.0,69.0,3.0,1.1,7.5
202511,18,부산,13.543333333333333,6.7,17.1,49.93333333333333,19.0,83.0,3.0733333333333333,1.1,7.1
202511,19,부산,13.003333333333334,6.0,16.9,51.63333333333333,20.0,84.0,2.92,0.3,7.2
202511,20,부산,12.526666666666667,5.6,17.0,52.733333333333334,21.0,89.0,2.953333333333333,0.0,8.9
202511,21,부산,12.15,5.2,16.4,54.03333333333333,24.0,92.0,2.8666666666666667,0.0,6.4
202511,22,부산,11.796666666666665,5.1,16.5,54.96666666666667,24.0,93.0,3.06,0.0,7.8
202511,23,부산,11.443333333333333,4.8,15.8,55.3,26.0,93.0,2.75,0.1,5.8
202512,0,부산,6.087096774193548,-3.7,15.1,53.16129032258065,21.0,88.0,2.5,0.0,7.0
202512,1,부산,5.9,-4.2,15.0,53.32258064516129,21.0,92.0,2.5612903225806454,0.0,7.8
202512,2,부산,5.651612903225806,-4.1,14.4,53.83870967741935,17.0,95.0,2.6225806451612903,0.0,6.4
202512,3,부산,5.361290322580645,-4.3,14.2,56.193548387096776,19.0,95.0,2.5129032258064514,0.0,6.8
202512,4,부산,5.116129032258065,-4.4,14.1,56.41935483870968,20.0,96.0,2.5161290322580645,0.0,6.5
202512,5,부산,4.880645161290323,-4.8,14.3,56.58064516129032,23.0,96.0,2.4935483870967743,0.0,6.8
202512,6,부산,4.680645161290323,-5.3,13.3,55.193548387096776,24.0,95.0,2.929032258064516,0.0,8.3
202512,7,부산,4.451612903225806,-5.9,13.0,55.516129032258064,26.0,94.0,2.435483870967742,0.0,8.1
202512,8,부산,4.693548387096774,-5.8,13.5,55.225806451612904,26.0,95.0,2.370967741935484,0.0,6.8
202512,9,부산,6.077419354838709,-5.0,14.4,51.41935483870968,24.0,94.0,1.9580645161290322,0.0,7.8
202512,10,부산,7.212903225806452,-3.8,15.5,49.225806451612904,23.0,95.0,2.509677419354839,0.0,6.0
202512,11,부산,8.63225806451613,-3.0,16.4,45.45161290322581,20.0,94.0,2.2838709677419353,0.0,7.3
202512,12,부산,9.341935483870968,-2.0,18.7,42.67741935483871,16.0,95.0,2.948387096774194,0.0,6.2
202512,13,부산,10.106451612903227,-0.4,19.3,40.70967741935484,15.0,95.0,2.6451612903225805,0.0,6.4
202512,14,부산,10.648387096774194,0.5,18.8,39.29032258064516,15.0,95.0,2.7161290322580647,0.0,6.0
202512,15,부산,10.680645161290323,0.3,18.9,38.58064516129032,15.0,94.0,2.7838709677419353,0.0,5.4
202512,16,부산,10.23225806451613,0.1,18.2,39.225806451612904,12.0,93.0,2.393548387096774,0.0,4.7
202512,17,부산,8.63225806451613,-0.9,17.0,41.41935483870968,15.0,91.0,2.325806451612903,0.0,5.1
202512,18,부산,7.670967741935483,-1.8,16.3,43.70967741935484,14.0,91.0,2.0548387096774197,0.0,5.2
202512,19,부산,7.151612903225806,-2.2,16.2,44.774193548387096,16.0,89.0,1.8096774193548388,0.0,5.0
202512,20,부산,6.693548387096774,-2.1,16.0,46.67741935483871,14.0,88.0,2.332258064516129,0.0,5.0
202512,21,부산,6.403225806451613,-2.4,15.4,48.38709677419355,17.0,90.0,2.2548387096774194,0.0,4.3
202512,22,부산,6.083870967741936,-2.8,15.2,49.354838709677416,20.0,87.0,2.519354838709677,0.0,6.1
202512,23,부산,5.780645161290322,-3.0,14.8,50.096774193548384,20.0,86.0,2.638709677419355,0.0,5.8
