연월,시간대,지역,평균기온,최저기온,최고기온,평균습도,최저습도,최고습도,평균풍속,최저풍속,최고풍속
201701,0,대구,-0.2225806451612903,-6.7,6.6,57.61290322580645,27.0,87.0,1.941935483870968,0.0,6.4
201701,1,대구,-0.7258064516129032,-7.2,6.1,60.83870967741935,28.0,90.0,1.8387096774193548,0.0,6.0
201701,2,대구,-1.1193548387096774,-7.5,5.5,63.03225806451613,31.0,91.0,1.929032258064516,0.0,5.5
201701,3,대구,-1.4096774193548387,-7.6,7.5,64.09677419354838,31.0,94.0,1.9516129032258065,0.0,5.2
201701,4,대구,-1.664516129032258,-7.7,7.4,64.70967741935483,32.0,95.0,1.932258064516129,0.1,6.4
201701,5,대구,-1.7419354838709677,-7.8,7.7,66.3225806451613,32.0,96.0,2.2193548387096773,0.1,5.7
201701,6,대구,-2.1548387096774193,-8.5,6.4,67.09677419354838,33.0,95.0,2.164516129032258,0.0,5.5
201701,7,대구,-2.3806451612903223,-8.8,6.5,67.25806451612904,32.0,96.0,2.0580645161290323,0.0,6.0
201701,8,대구,-2.2870967741935484,-7.7,6.1,66.19354838709677,27.0,96.0,2.0999999999999996,0.1,6.9
201701,9,대구,-1.3838709677419356,-6.9,6.0,61.87096774193548,24.0,94.0,2.267741935483871,0.0,7.3
201701,10,대구,0.21290322580645157,-5.9,6.7,55.16129032258065,20.0,90.0,2.7483870967741937,0.1,8.0
201701,11,대구,1.8290322580645162,-4.3,8.0,47.41935483870968,19.0,80.0,3.083870967741935,0.0,8.2
201701,12,대구,3.1225806451612903,-3.1,9.2,41.03225806451613,19.0,71.0,3.5290322580645164,0.3,9.5
201701,13,대구,4.438709677419355,-3.0,10.9,36.70967741935484,14.0,76.0,3.6225806451612903,0.3,7.7
201701,14,대구,5.229032258064516,-1.6,12.2,34.54838709677419,13.0,78.0,3.564516129032258,0.6,6.9
201701,15,대구,5.629032258064516,-1.5,12.2,33.70967741935484,13.0,75.0,3.661290322580645,1.0,8.4
201701,16,대구,5.490322580645161,-2.3,12.6,34.29032258064516,13.0,76.0,3.403225806451613,0.6,6.9
201701,17,대구,4.893548387096774,-2.9,11.6,35.38709677419355,13.0,74.0,3.0387096774193547,0.6,6.3
201701,18,대구,3.7774193548387096,-3.7,9.5,38.774193548387096,17.0,77.0,2.6806451612903226,0.1,6.8
201701,19,대구,2.861290322580645,-4.8,8.8,42.45161290322581,18.0,76.0,2.3096774193548386,0.2,5.8
201701,20,대구,1.9935483870967743,-5.4,7.0,46.12903225806452,16.0,76.0,2.103225806451613,0.0,5.7
201701,21,대구,1.2838709677419355,-5.7,7.4,49.03225806451613,19.0,78.0,2.02258064516129,0.0,5.4
201701,22,대구,0.7225806451612903,-6.1,6.8,51.38709677419355,21.0,83.0,1.8935483870967742,0.0,5.1
201701,23,대구,0.2225806451612903,-6.6,6.4,53.74193548387097,23.0,85.0,2.0935483870967744,0.0,5.7
201702,0,대구,1.757142857142857,-4.7,11.9,51.67857142857143,24.0,91.0,2.5357142857142856,0.0,5.4
201702,1,대구,1.2857142857142858,-4.5,12.4,54.32142857142857,24.0,86.0,2.4785714285714286,0.1,6.8
201702,2,대구,0.7714285714285714,-5.3,12.1,57.57142857142857,27.0,85.0,2.4107142857142856,0.3,7.2
201702,3,대구,0.4357142857142858,-5.8,12.5,59.607142857142854,26.0,87.0,2.2357142857142858,0.3,5.8
201702,4,대구,0.0035714285714285587,-6.0,13.7,61.607142857142854,27.0,92.0,2.210714285714286,0.2,5.1
201702,5,대구,-0.35357142857142854,-6.1,13.3,63.857142857142854,34.0,93.0,2.1,0.1,5.8
201702,6,대구,-0.6035714285714286,-6.1,13.5,65.32142857142857,34.0,95.0,2.1392857142857142,0.0,6.0
201702,7,대구,-0.9,-6.2,12.8,67.35714285714286,32.0,95.0,1.9035714285714285,0.0,4.9
201702,8,대구,-0.29999999999999993,-5.8,12.6,65.75,31.0,94.0,2.117857142857143,0.0,5.5
201702,9,대구,0.9785714285714285,-4.9,11.6,58.75,27.0,87.0,2.5749999999999997,0.0,7.4
201702,10,대구,2.4964285714285714,-3.4,10.7,50.25,23.0,77.0,2.917857142857143,0.5,7.7
201702,11,대구,4.0285714285714285,-2.0,11.6,41.67857142857143,18.0,88.0,3.457142857142857,0.3,7.9
201702,12,대구,5.539285714285714,-0.9,12.6,34.57142857142857,14.0,92.0,3.832142857142857,0.7,8.6
201702,13,대구,6.596428571428571,-1.0,13.6,30.678571428571427,13.0,92.0,3.792857142857143,1.3,7.5
201702,14,대구,7.267857142857143,-0.6,15.5,28.714285714285715,12.0,91.0,3.707142857142857,0.8,7.7
201702,15,대구,7.692857142857143,-0.2,15.8,26.071428571428573,11.0,93.0,3.85,0.4,8.4
201702,16,대구,7.792857142857143,0.3,16.2,25.964285714285715,10.0,94.0,3.7285714285714286,0.1,8.1
201702,17,대구,7.1499999999999995,-0.1,15.5,27.035714285714285,12.0,95.0,3.8857142857142857,0.2,7.7
201702,18,대구,6.332142857142857,-1.0,15.0,29.607142857142858,13.0,95.0,3.1571428571428575,0.1,6.6
201702,19,대구,5.346428571428571,-1.7,14.4,33.57142857142857,13.0,96.0,2.7035714285714287,0.4,6.2
201702,20,대구,4.421428571428572,-2.4,13.5,38.5,15.0,96.0,2.917857142857143,0.1,6.3
201702,21,대구,3.5142857142857147,-3.0,12.6,44.607142857142854,18.0,96.0,2.6607142857142856,0.6,5.7
201702,22,대구,2.875,-3.8,12.5,47.464285714285715,21.0,96.0,2.492857142857143,0.1,5.7
201702,23,대구,2.442857142857143,-4.4,12.7,50.25,24.0,94.0,2.564285714285714,0.3,6.5
201703,0,대구,6.374193548387097,-1.6,11.3,55.70967741935484,23.0,93.0,2.0451612903225804,0.2,5.7
201703,1,대구,5.719354838709678,-1.9,10.8,59.516129032258064,27.0,93.0,1.803225806451613,0.1,5.9
201703,2,대구,5.138709677419355,-2.3,10.7,62.67741935483871,29.0,93.0,1.7677419354838708,0.0,5.0
201703,3,대구,4.616129032258065,-2.1,10.5,64.83870967741936,30.0,93.0,1.6064516129032258,0.0,3.8
201703,4,대구,4.125806451612903,-2.1,10.3,66.7741935483871,29.0,94.0,1.4064516129032258,0.0,4.0
201703,5,대구,3.6806451612903226,-1.9,10.0,69.25806451612904,30.0,94.0,1.6709677419354838,0.0,5.0
201703,6,대구,3.2903225806451615,-1.8,9.5,71.87096774193549,42.0,94.0,1.6129032258064515,0.0,5.4
201703,7,대구,3.1548387096774193,-1.9,9.5,72.25806451612904,45.0,93.0,1.5290322580645161,0.0,5.5
201703,8,대구,4.116129032258065,-0.8,9.3,68.48387096774194,41.0,92.0,1.596774193548387,0.0,5.4
201703,9,대구,5.767741935483872,0.2,11.0,60.67741935483871,28.0,89.0,2.0,0.0,5.5
201703,10,대구,7.67741935483871,1.4,12.9,48.774193548387096,23.0,81.0,2.3129032258064517,0.5,6.0
201703,11,대구,9.274193548387096,2.3,14.6,41.225806451612904,19.0,75.0,2.609677419354839,0.6,7.5
201703,12,대구,10.600000000000001,3.4,16.5,34.96774193548387,17.0,73.0,2.929032258064516,0.7,6.0
201703,13,대구,11.751612903225807,4.1,17.4,31.548387096774192,15.0,78.0,2.793548387096774,1.0,6.1
201703,14,대구,12.451612903225806,4.5,18.3,29.096774193548388,13.0,80.0,2.738709677419355,1.0,6.0
201703,15,대구,12.97741935483871,4.8,18.7,27.225806451612904,12.0,88.0,3.064516129032258,1.1,7.3
201703,16,대구,12.83548387096774,4.4,19.9,27.806451612903224,11.0,90.0,3.0258064516129033,1.2,7.4
201703,17,대구,12.396774193548387,5.0,19.2,29.612903225806452,10.0,89.0,2.9645161290322584,1.1,7.0
201703,18,대구,11.383870967741936,3.3,17.2,34.03225806451613,13.0,89.0,3.0999999999999996,0.1,7.9
201703,19,대구,10.103225806451613,2.4,15.5,39.54838709677419,15.0,89.0,3.0612903225806454,0.6,6.8
201703,20,대구,8.916129032258064,1.9,13.7,45.096774193548384,18.0,91.0,2.703225806451613,0.4,5.9
201703,21,대구,8.303225806451612,1.1,14.1,48.225806451612904,18.0,91.0,2.661290322580645,0.2,5.5
201703,22,대구,7.612903225806452,0.1,12.4,51.354838709677416,22.0,92.0,2.229032258064516,0.0,6.8
201703,23,대구,6.951612903225806,-0.9,11.9,55.0,21.0,94.0,2.0806451612903225,0.1,5.5
201704,0,대구,13.729999999999999,5.2,18.8,57.46666666666667,24.0,94.0,1.78,0.0,4.6
201704,1,대구,12.91,4.9,18.5,60.46666666666667,25.0,97.0,1.63,0.1,4.9
201704,2,대구,12.17,4.4,17.4,63.0,29.0,98.0,1.49,0.0,4.2
201704,3,대구,11.629999999999999,3.9,17.6,65.53333333333333,30.0,98.0,1.34,0.0,3.9
201704,4,대구,11.193333333333333,3.3,17.1,67.43333333333334,32.0,97.0,1.38,0.1,5.3
201704,5,대구,10.54,2.4,15.7,71.13333333333334,33.0,97.0,1.41,0.1,4.3
201704,6,대구,10.21,2.2,15.6,73.2,33.0,98.0,1.16,0.0,4.0
201704,7,대구,10.876666666666667,2.3,16.7,71.83333333333333,31.0,98.0,1.21,0.0,5.8
201704,8,대구,12.393333333333334,2.4,19.9,65.4,30.0,98.0,1.4866666666666668,0.2,5.0
201704,9,대구,14.193333333333333,6.3,22.0,59.666666666666664,25.0,97.0,1.6166666666666667,0.2,5.2
201704,10,대구,15.906666666666666,8.1,25.2,52.3,22.0,95.0,2.0466666666666664,0.6,5.2
201704,11,대구,17.476666666666667,9.1,26.4,45.4,16.0,97.0,2.746666666666667,1.1,5.7
201704,12,대구,18.69,9.7,28.0,40.63333333333333,18.0,97.0,3.1799999999999997,1.0,6.1
201704,13,대구,19.646666666666665,9.8,28.5,37.733333333333334,16.0,98.0,3.2333333333333334,0.9,6.6
201704,14,대구,20.516666666666666,10.2,30.0,35.0,14.0,98.0,3.533333333333333,0.4,6.2
201704,15,대구,20.723333333333336,10.5,30.2,34.4,13.0,98.0,3.6333333333333333,1.7,7.3
201704,16,대구,20.68,7.7,30.5,35.46666666666667,14.0,98.0,3.6,1.3,6.5
201704,17,대구,20.14333333333333,8.2,29.5,37.3,14.0,96.0,3.8233333333333333,1.3,7.1
201704,18,대구,19.396666666666665,8.5,28.9,39.5,14.0,96.0,3.44,0.1,6.5
201704,19,대구,18.39,7.9,27.6,42.4,14.0,91.0,3.0133333333333336,0.4,6.3
201704,20,대구,17.353333333333335,7.1,26.5,46.4,15.0,92.0,2.6599999999999997,0.6,6.3
201704,21,대구,16.403333333333332,6.3,25.9,48.733333333333334,18.0,97.0,2.4366666666666665,0.6,5.4
201704,22,대구,15.643333333333334,6.1,24.8,50.7,18.0,95.0,2.03,0.3,5.0
201704,23,대구,14.91,5.4,23.3,53.3,20.0,96.0,2.12,0.4,5.6
201705,0,대구,18.490322580645163,13.3,25.8,59.774193548387096,23.0,97.0,2.148387096774193,0.3,5.1
201705,1,대구,17.729032258064517,12.6,23.1,62.806451612903224,25.0,98.0,1.5903225806451613,0.1,4.1
201705,2,대구,17.009677419354837,11.6,22.1,65.6774193548387,32.0,97.0,1.3419354838709678,0.0,3.6
201705,3,대구,16.4,11.1,20.7,68.51612903225806,35.0,97.0,1.3129032258064517,0.0,3.9
201705,4,대구,15.832258064516129,9.9,20.4,70.06451612903226,36.0,98.0,1.2225806451612902,0.1,5.4
201705,5,대구,15.264516129032257,9.0,20.2,72.7741935483871,33.0,98.0,1.1935483870967742,0.0,3.5
201705,6,대구,15.216129032258063,8.6,21.3,73.29032258064517,32.0,98.0,1.1838709677419357,0.0,4.2
201705,7,대구,16.358064516129033,10.1,22.2,69.2258064516129,31.0,94.0,1.567741935483871,0.1,5.0
201705,8,대구,18.048387096774192,11.9,24.7,61.193548387096776,29.0,92.0,1.5838709677419356,0.3,5.5
201705,9,대구,19.9741935483871,14.8,27.0,52.935483870967744,28.0,92.0,1.7967741935483872,0.5,5.0
201705,10,대구,21.700000000000003,14.3,29.0,46.58064516129032,26.0,94.0,2.064516129032258,0.4,4.8
201705,11,대구,23.309677419354838,14.1,30.3,41.54838709677419,23.0,94.0,2.4645161290322584,0.7,6.1
201705,12,대구,24.309677419354838,14.5,31.2,38.32258064516129,18.0,94.0,2.954838709677419,1.1,5.9
201705,13,대구,25.12258064516129,15.0,33.1,36.70967741935484,17.0,93.0,3.170967741935484,1.3,7.6
201705,14,대구,26.09032258064516,15.8,34.3,34.38709677419355,15.0,84.0,3.416129032258065,0.5,9.4
201705,15,대구,26.112903225806452,15.9,34.6,34.96774193548387,15.0,85.0,3.4387096774193546,1.5,7.7
201705,16,대구,26.13225806451613,15.5,35.1,35.58064516129032,15.0,87.0,3.564516129032258,1.7,7.8
201705,17,대구,25.65806451612903,14.5,34.2,36.87096774193548,15.0,94.0,3.4645161290322584,1.2,6.6
201705,18,대구,24.903225806451612,13.8,33.4,39.16129032258065,16.0,98.0,3.196774193548387,0.5,6.2
201705,19,대구,23.648387096774194,13.7,31.6,43.193548387096776,17.0,98.0,3.341935483870968,0.3,6.4
201705,20,대구,22.335483870967742,13.7,31.1,47.03225806451613,17.0,98.0,2.8806451612903223,0.0,5.9
201705,21,대구,21.216129032258067,13.7,30.0,50.25806451612903,19.0,98.0,2.5483870967741935,0.3,5.8
201705,22,대구,20.135483870967743,13.7,27.4,54.0,21.0,98.0,2.3677419354838714,0.1,5.1
201705,23,대구,19.212903225806453,13.6,26.5,58.0,23.0,98.0,2.0999999999999996,0.1,5.3
201706,0,대구,20.626666666666665,16.2,26.4,71.56666666666666,38.0,98.0,1.8333333333333333,0.1,4.5
201706,1,대구,20.126666666666665,15.8,25.0,74.2,42.0,97.0,1.7333333333333334,0.0,4.7
201706,2,대구,19.773333333333333,15.0,24.5,75.86666666666666,46.0,96.0,1.8866666666666667,0.0,4.6
201706,3,대구,19.203333333333333,14.2,23.8,78.33333333333333,53.0,97.0,1.7633333333333332,0.5,6.0
201706,4,대구,18.723333333333336,13.1,23.0,80.96666666666667,54.0,98.0,1.5799999999999998,0.0,5.6
201706,5,대구,18.48,12.3,22.4,82.06666666666666,52.0,98.0,1.5966666666666667,0.0,5.4
201706,6,대구,18.62,13.2,22.4,81.8,50.0,98.0,1.6066666666666667,0.0,5.0
201706,7,대구,19.67,15.0,23.2,77.53333333333333,48.0,95.0,1.7466666666666666,0.0,4.9
201706,8,대구,21.17,16.8,25.3,70.66666666666667,43.0,90.0,1.9200000000000002,0.4,5.1
201706,9,대구,22.720000000000002,18.3,27.0,61.7,37.0,87.0,2.15,0.8,4.8
201706,10,대구,24.346666666666668,19.1,29.6,53.833333333333336,32.0,90.0,2.5266666666666664,1.1,6.0
201706,11,대구,25.720000000000002,19.9,32.0,47.3,24.0,85.0,2.74,0.9,5.6
201706,12,대구,26.94333333333333,20.7,33.0,42.766666666666666,21.0,81.0,2.856666666666667,0.9,4.6
201706,13,대구,27.973333333333336,20.9,33.9,38.93333333333333,20.0,70.0,2.67,1.0,4.4
201706,14,대구,28.586666666666666,21.3,34.6,37.43333333333333,19.0,66.0,2.7933333333333334,0.9,4.7
201706,15,대구,28.813333333333333,21.0,34.6,36.733333333333334,18.0,62.0,3.0566666666666666,1.2,6.1
201706,16,대구,28.583333333333332,19.3,35.3,38.5,16.0,69.0,3.143333333333333,1.0,7.2
201706,17,대구,27.79,19.0,35.4,41.53333333333333,22.0,73.0,3.2333333333333334,1.0,6.8
201706,18,대구,26.616666666666667,17.8,35.2,45.833333333333336,24.0,92.0,3.7733333333333334,0.7,6.9
201706,19,대구,25.203333333333333,17.0,34.1,51.8,26.0,94.0,3.51,1.3,6.8
201706,20,대구,23.903333333333332,17.0,31.4,56.333333333333336,28.0,94.0,3.0766666666666667,1.2,6.0
201706,21,대구,22.833333333333332,16.7,29.6,60.63333333333333,36.0,95.0,2.5833333333333335,0.5,5.9
201706,22,대구,21.936666666666667,16.9,28.7,64.7,32.0,98.0,2.4833333333333334,0.7,5.2
201706,23,대구,21.236666666666668,16.8,27.3,68.9,33.0,98.0,2.21,0.3,4.8
201707,0,대구,26.306451612903224,22.0,30.6,80.6774193548387,60.0,95.0,1.7064516129032257,0.0,3.6
201707,1,대구,25.9741935483871,21.2,29.7,82.3225806451613,65.0,96.0,1.474193548387097,0.3,3.2
201707,2,대구,25.551612903225806,20.8,29.3,84.64516129032258,68.0,97.0,1.3903225806451613,0.2,3.4
201707,3,대구,25.22258064516129,20.1,28.9,85.80645161290323,65.0,97.0,1.2548387096774194,0.1,2.7
201707,4,대구,25.003225806451614,19.7,28.8,87.06451612903226,67.0,98.0,1.1193548387096774,0.0,2.6
201707,5,대구,24.822580645161292,19.4,28.2,87.54838709677419,67.0,98.0,1.2580645161290323,0.1,4.0
201707,6,대구,24.799999999999997,19.4,28.4,88.03225806451613,68.0,98.0,1.1612903225806452,0.1,3.5
201707,7,대구,25.53548387096774,21.2,29.0,85.12903225806451,66.0,98.0,1.2483870967741937,0.0,4.2
201707,8,대구,26.58709677419355,21.9,29.6,80.64516129032258,61.0,97.0,1.4483870967741934,0.5,3.4
201707,9,대구,27.693548387096776,22.9,31.5,75.54838709677419,58.0,96.0,1.6903225806451612,0.5,4.1
201707,10,대구,28.593548387096774,23.9,33.3,71.7741935483871,55.0,96.0,1.864516129032258,0.4,4.8
201707,11,대구,29.5,24.9,33.5,67.0,49.0,98.0,2.303225806451613,0.8,5.1
201707,12,대구,30.325806451612905,24.8,35.7,62.645161290322584,39.0,98.0,2.429032258064516,0.7,4.9
201707,13,대구,31.061290322580643,24.9,36.2,59.225806451612904,32.0,98.0,2.5548387096774197,0.7,4.8
201707,14,대구,31.11935483870968,24.8,36.0,59.03225806451613,33.0,97.0,2.6322580645161286,0.7,5.8
201707,15,대구,31.041935483870965,24.0,36.5,60.25806451612903,31.0,96.0,2.4096774193548387,0.7,5.5
201707,16,대구,30.990322580645163,22.4,36.5,60.70967741935484,31.0,96.0,2.2838709677419353,0.9,4.8
201707,17,대구,30.629032258064516,22.8,35.8,62.193548387096776,32.0,94.0,2.4967741935483874,0.8,5.1
201707,18,대구,29.738709677419354,22.9,35.1,66.0,35.0,95.0,2.532258064516129,0.3,5.4
201707,19,대구,28.88064516129032,23.0,34.2,69.74193548387096,36.0,96.0,2.448387096774194,0.4,4.9
201707,20,대구,28.148387096774194,23.0,33.4,72.6774193548387,41.0,97.0,2.032258064516129,0.4,4.1
201707,21,대구,27.541935483870965,23.1,32.7,75.48387096774194,46.0,96.0,1.8161290322580643,0.5,4.8
201707,22,대구,27.106451612903225,22.9,32.5,77.51612903225806,51.0,97.0,1.7774193548387098,0.3,4.6
201707,23,대구,26.58709677419355,22.5,31.1,79.70967741935483,56.0,96.0,1.5612903225806452,0.3,3.3
201708,0,대구,24.719354838709677,19.4,29.8,83.19354838709677,50.0,98.0,1.9,0.3,3.6
201708,1,대구,24.387096774193548,19.4,29.3,84.7741935483871,48.0,98.0,1.8612903225806452,0.5,3.5
201708,2,대구,24.08709677419355,18.1,29.0,86.2258064516129,40.0,98.0,1.770967741935484,0.3,3.6
201708,3,대구,23.75483870967742,16.9,28.5,87.87096774193549,39.0,98.0,1.532258064516129,0.0,3.6
201708,4,대구,23.448387096774194,16.8,28.2,89.29032258064517,43.0,98.0,1.364516129032258,0.3,2.8
201708,5,대구,23.23548387096774,16.0,28.4,90.09677419354838,44.0,98.0,1.3161290322580645,0.2,3.9
201708,6,대구,23.10967741935484,15.7,28.4,90.19354838709677,46.0,98.0,1.4225806451612903,0.1,3.9
201708,7,대구,23.812903225806455,17.1,29.2,87.45161290322581,48.0,98.0,1.3064516129032258,0.1,3.4
201708,8,대구,24.748387096774195,19.2,30.6,83.16129032258064,53.0,98.0,1.6258064516129032,0.2,4.2
201708,9,대구,25.967741935483872,21.3,31.7,77.90322580645162,47.0,98.0,2.054838709677419,0.8,4.3
201708,10,대구,27.019354838709678,21.7,32.4,72.93548387096774,47.0,98.0,2.270967741935484,0.9,4.6
201708,11,대구,28.080645161290324,21.8,33.0,68.16129032258064,43.0,98.0,2.3483870967741933,0.2,4.0
201708,12,대구,28.94516129032258,22.6,34.0,64.16129032258064,39.0,98.0,2.2903225806451615,0.8,4.5
201708,13,대구,29.806451612903224,23.2,35.0,59.903225806451616,32.0,98.0,2.5903225806451613,0.9,4.9
201708,14,대구,30.096774193548388,23.7,35.5,57.645161290322584,24.0,96.0,2.609677419354839,1.1,5.0
201708,15,대구,30.14516129032258,23.3,36.6,57.61290322580645,24.0,95.0,2.670967741935484,0.4,6.0
201708,16,대구,29.87741935483871,23.3,36.2,58.806451612903224,25.0,96.0,2.738709677419355,0.9,5.2
201708,17,대구,29.396774193548385,22.7,36.5,60.61290322580645,25.0,96.0,3.074193548387097,0.9,5.3
201708,18,대구,28.612903225806452,22.6,35.1,64.41935483870968,28.0,95.0,3.2451612903225806,1.1,5.1
201708,19,대구,27.59032258064516,22.4,33.1,68.41935483870968,31.0,98.0,3.0,0.7,5.4
201708,20,대구,26.73548387096774,21.9,32.0,71.51612903225806,33.0,98.0,2.803225806451613,0.5,4.7
201708,21,대구,26.038709677419355,21.5,31.4,74.80645161290323,44.0,98.0,2.57741935483871,0.6,5.2
201708,22,대구,25.509677419354837,21.1,31.0,77.12903225806451,46.0,98.0,2.351612903225807,0.2,4.1
201708,23,대구,24.903225806451612,20.3,29.7,80.74193548387096,48.0,98.0,2.0999999999999996,0.3,3.8
201709,0,대구,19.653333333333332,13.7,25.1,77.66666666666667,49.0,96.0,1.3233333333333335,0.2,4.3
201709,1,대구,19.146666666666665,12.3,24.5,80.5,50.0,97.0,1.21,0.0,3.6
201709,2,대구,18.633333333333333,11.3,24.3,83.06666666666666,54.0,97.0,1.1400000000000001,0.1,3.6
201709,3,대구,18.21333333333333,10.9,24.2,84.66666666666667,48.0,97.0,1.1900000000000002,0.1,3.5
201709,4,대구,17.84333333333333,10.4,23.3,86.73333333333333,47.0,97.0,0.9533333333333334,0.1,2.3
201709,5,대구,17.4,9.8,21.9,88.3,44.0,98.0,0.9433333333333334,0.0,3.4
201709,6,대구,17.113333333333333,9.2,22.7,89.13333333333334,43.0,98.0,1.0433333333333334,0.1,4.0
201709,7,대구,17.576666666666664,10.3,22.4,87.46666666666667,41.0,98.0,1.0333333333333334,0.1,2.8
201709,8,대구,18.973333333333336,13.0,22.8,81.53333333333333,37.0,98.0,1.3533333333333333,0.3,3.4
201709,9,대구,20.57,14.6,23.9,74.16666666666667,36.0,98.0,1.6966666666666665,0.7,3.8
201709,10,대구,22.16,16.8,25.3,65.93333333333334,26.0,98.0,2.1666666666666665,0.9,6.4
201709,11,대구,23.613333333333333,17.2,26.4,59.0,25.0,98.0,2.4866666666666664,0.7,6.1
201709,12,대구,24.673333333333336,17.6,27.7,53.833333333333336,24.0,98.0,2.69,0.4,5.9
201709,13,대구,25.296666666666667,18.1,28.3,50.166666666666664,24.0,97.0,2.83,0.8,5.9
201709,14,대구,26.013333333333332,18.5,29.4,47.333333333333336,17.0,95.0,2.6966666666666668,0.4,6.7
201709,15,대구,26.126666666666665,19.0,29.9,46.43333333333333,19.0,96.0,2.6866666666666665,1.0,5.2
201709,16,대구,25.793333333333333,18.8,29.4,48.36666666666667,21.0,97.0,2.8633333333333337,0.2,5.0
201709,17,대구,25.42,19.2,29.4,49.2,24.0,97.0,2.646666666666667,0.7,5.3
201709,18,대구,24.546666666666667,19.3,28.7,52.13333333333333,28.0,97.0,2.546666666666667,0.7,5.1
201709,19,대구,23.266666666666666,18.2,26.7,58.8,37.0,98.0,2.08,0.3,4.7
201709,20,대구,22.19333333333333,16.7,25.4,63.733333333333334,40.0,97.0,1.6700000000000002,0.2,4.7
201709,21,대구,21.346666666666668,16.0,26.0,68.76666666666667,44.0,97.0,1.72,0.2,3.9
201709,22,대구,20.706666666666667,15.2,25.8,72.33333333333333,43.0,97.0,1.5266666666666666,0.2,4.0
201709,23,대구,19.986666666666668,14.5,25.2,75.63333333333334,55.0,97.0,1.4466666666666665,0.2,3.2
201710,0,대구,14.72258064516129,8.3,20.6,78.41935483870968,36.0,97.0,1.3451612903225807,0.1,4.7
201710,1,대구,14.251612903225807,5.4,20.2,80.74193548387096,37.0,98.0,1.2935483870967743,0.0,3.4
201710,2,대구,13.880645161290323,4.0,19.9,81.6774193548387,39.0,98.0,1.103225806451613,0.0,3.3
201710,3,대구,13.51290322580645,3.5,19.9,83.51612903225806,35.0,98.0,1.0774193548387097,0.1,3.8
201710,4,대구,13.216129032258063,2.8,19.8,84.87096774193549,37.0,98.0,1.0129032258064516,0.1,3.6
201710,5,대구,12.95483870967742,2.2,19.9,85.64516129032258,37.0,98.0,0.8774193548387097,0.0,2.7
201710,6,대구,12.73225806451613,2.1,19.4,87.19354838709677,35.0,98.0,0.9193548387096774,0.0,3.4
201710,7,대구,12.751612903225807,2.1,19.8,86.83870967741936,34.0,98.0,0.8870967741935484,0.1,3.4
201710,8,대구,13.825806451612904,4.5,22.1,83.19354838709677,33.0,98.0,1.0193548387096774,0.0,2.9
201710,9,대구,15.23225806451613,7.4,23.1,76.87096774193549,31.0,98.0,1.0451612903225806,0.1,3.4
201710,10,대구,16.92258064516129,9.9,24.3,68.96774193548387,29.0,98.0,1.6,0.3,4.3
201710,11,대구,18.35483870967742,11.1,26.5,61.58064516129032,28.0,98.0,2.0,0.3,5.4
201710,12,대구,19.338709677419356,11.9,27.6,56.41935483870968,26.0,97.0,2.4419354838709677,0.4,6.0
201710,13,대구,19.903225806451612,13.1,27.4,53.645161290322584,20.0,97.0,2.8161290322580643,1.0,5.8
201710,14,대구,20.174193548387095,14.5,28.2,52.29032258064516,19.0,95.0,2.948387096774194,0.8,5.8
201710,15,대구,20.10967741935484,13.7,28.7,52.935483870967744,21.0,97.0,3.0354838709677416,0.7,7.0
201710,16,대구,19.793548387096774,14.0,28.5,54.0,22.0,97.0,2.97741935483871,0.6,6.6
201710,17,대구,19.200000000000003,13.1,27.4,54.806451612903224,23.0,97.0,2.7806451612903227,0.5,6.6
201710,18,대구,18.15806451612903,12.3,26.4,59.645161290322584,24.0,98.0,2.306451612903226,0.4,6.7
201710,19,대구,17.229032258064517,11.5,24.7,64.93548387096774,25.0,98.0,2.0161290322580645,0.2,6.2
201710,20,대구,16.4,9.3,23.8,68.74193548387096,34.0,98.0,1.8838709677419354,0.4,4.5
201710,21,대구,15.861290322580645,8.7,22.6,71.0,38.0,98.0,1.7451612903225806,0.1,4.2
201710,22,대구,15.425806451612903,8.5,21.7,72.93548387096774,34.0,97.0,1.6129032258064515,0.0,4.2
201710,23,대구,14.874193548387098,7.9,21.1,75.83870967741936,35.0,97.0,1.525806451612903,0.0,3.4
201711,0,대구,5.8566666666666665,-1.0,12.6,61.166666666666664,25.0,88.0,1.53,0.1,6.1
201711,1,대구,5.386666666666667,-1.2,12.8,63.13333333333333,26.0,92.0,1.6266666666666665,0.1,7.4
201711,2,대구,4.846666666666667,-1.8,12.4,65.56666666666666,28.0,93.0,1.7233333333333334,0.2,6.6
201711,3,대구,4.5,-2.4,12.3,67.56666666666666,28.0,95.0,1.6633333333333333,0.1,6.2
201711,4,대구,4.066666666666666,-2.5,12.0,69.7,27.0,95.0,1.4466666666666665,0.1,4.8
201711,5,대구,3.71,-2.4,12.2,70.9,23.0,96.0,1.4466666666666665,0.1,5.4
201711,6,대구,3.4233333333333333,-2.9,12.2,71.9,24.0,95.0,1.5533333333333335,0.1,4.9
201711,7,대구,3.31,-3.2,12.0,71.86666666666666,23.0,96.0,1.5966666666666667,0.1,4.9
201711,8,대구,3.9866666666666664,-2.9,12.2,70.06666666666666,20.0,96.0,1.7366666666666668,0.0,5.0
201711,9,대구,5.946666666666667,-2.5,15.0,61.56666666666667,18.0,92.0,1.5833333333333333,0.0,4.8
201711,10,대구,8.126666666666667,0.8,17.8,52.13333333333333,18.0,87.0,2.1033333333333335,0.3,6.2
201711,11,대구,10.023333333333333,2.6,19.6,44.733333333333334,18.0,72.0,2.3766666666666665,0.7,5.0
201711,12,대구,11.28,2.9,20.2,38.86666666666667,17.0,59.0,2.8733333333333335,0.9,5.8
201711,13,대구,12.366666666666667,4.4,20.8,35.9,17.0,59.0,2.996666666666667,0.9,5.5
201711,14,대구,12.983333333333333,5.2,21.4,34.06666666666667,15.0,57.0,3.0300000000000002,0.6,6.2
201711,15,대구,13.139999999999999,5.4,21.6,33.53333333333333,15.0,59.0,3.2199999999999998,0.7,6.8
201711,16,대구,13.06,5.0,21.1,33.63333333333333,16.0,57.0,2.74,0.5,6.5
201711,17,대구,12.04,3.8,20.6,36.4,17.0,60.0,2.42,0.4,5.9
201711,18,대구,10.863333333333333,2.8,19.9,39.6,18.0,60.0,2.03,0.2,4.8
201711,19,대구,9.66,2.1,19.4,44.4,18.0,63.0,1.7866666666666666,0.1,5.0
201711,20,대구,8.486666666666666,1.1,15.8,48.3,20.0,71.0,1.8933333333333333,0.1,9.1
201711,21,대구,7.633333333333334,0.4,14.7,52.3,20.0,75.0,1.65,0.3,5.9
201711,22,대구,7.0233333333333325,-0.1,14.2,53.36666666666667,22.0,79.0,1.7433333333333332,0.1,5.8
201711,23,대구,6.333333333333333,-0.3,14.1,56.266666666666666,22.0,84.0,1.95,0.0,7.2
201712,0,대구,-0.7387096774193548,-6.2,5.4,49.354838709677416,18.0,79.0,2.061290322580645,0.2,6.2
201712,1,대구,-1.2806451612903227,-7.1,4.8,51.58064516129032,21.0,78.0,2.1193548387096777,0.1,5.6
201712,2,대구,-1.664516129032258,-7.7,4.2,54.32258064516129,23.0,85.0,2.174193548387097,0.0,6.5
201712,3,대구,-1.8548387096774193,-8.4,4.3,55.064516129032256,23.0,88.0,2.174193548387097,0.1,6.3
201712,4,대구,-2.106451612903226,-8.8,4.7,55.45161290322581,24.0,90.0,2.029032258064516,0.1,6.1
201712,5,대구,-2.4516129032258065,-9.3,4.8,56.25806451612903,24.0,92.0,2.003225806451613,0.2,5.7
201712,6,대구,-2.6096774193548384,-9.7,3.9,56.096774193548384,26.0,94.0,2.1580645161290324,0.1,5.9
201712,7,대구,-2.793548387096774,-10.0,2.8,57.41935483870968,30.0,91.0,2.035483870967742,0.0,6.2
201712,8,대구,-2.5870967741935487,-9.4,2.4,57.41935483870968,32.0,90.0,1.9709677419354839,0.2,4.9
201712,9,대구,-1.4516129032258065,-7.0,4.1,53.67741935483871,25.0,89.0,2.2419354838709675,0.2,6.3
201712,10,대구,0.23225806451612901,-6.1,6.3,47.54838709677419,22.0,83.0,2.793548387096774,0.1,7.5
201712,11,대구,1.729032258064516,-4.4,7.4,42.58064516129032,21.0,93.0,3.2096774193548385,0.7,6.5
201712,12,대구,2.9451612903225803,-3.5,8.1,38.225806451612904,16.0,97.0,3.52258064516129,0.1,7.3
201712,13,대구,3.9741935483870963,-1.8,8.7,35.67741935483871,8.0,97.0,3.629032258064516,0.6,6.7
201712,14,대구,4.796774193548386,-1.8,10.5,33.38709677419355,9.0,97.0,3.7419354838709675,1.2,6.9
201712,15,대구,5.035483870967742,-1.3,12.2,32.87096774193548,10.0,96.0,3.641935483870968,0.6,7.9
201712,16,대구,4.774193548387097,-1.9,11.8,32.87096774193548,11.0,94.0,3.458064516129032,0.7,7.3
201712,17,대구,4.016129032258065,-2.5,11.1,33.774193548387096,14.0,94.0,3.358064516129032,0.5,6.7
201712,18,대구,3.1774193548387095,-3.0,8.5,36.32258064516129,15.0,92.0,2.7225806451612904,0.0,6.1
201712,19,대구,2.4064516129032256,-3.6,8.2,38.096774193548384,16.0,73.0,2.609677419354839,0.0,5.9
201712,20,대구,1.6290322580645162,-4.1,7.4,40.806451612903224,17.0,65.0,2.2774193548387096,0.1,7.4
201712,21,대구,0.9129032258064517,-4.6,7.6,43.193548387096776,16.0,66.0,2.3806451612903223,0.3,7.1
201712,22,대구,0.33548387096774196,-4.7,6.2,45.806451612903224,15.0,71.0,2.383870967741936,0.0,6.0
201712,23,대구,-0.16129032258064513,-5.0,5.9,47.54838709677419,16.0,71.0,2.1806451612903226,0.1,5.5
201801,0,대구,-1.967741935483871,-10.7,4.4,52.483870967741936,26.0,95.0,2.3129032258064517,0.1,5.8
201801,1,대구,-2.5032258064516126,-11.0,4.8,54.61290322580645,26.0,97.0,2.103225806451613,0.0,6.0
201801,2,대구,-2.9451612903225803,-11.2,4.8,56.58064516129032,28.0,97.0,2.1806451612903226,0.0,6.1
201801,3,대구,-3.3677419354838714,-12.0,4.6,59.354838709677416,27.0,96.0,1.9806451612903226,0.1,5.8
201801,4,대구,-3.6580645161290324,-12.8,4.5,60.38709677419355,23.0,97.0,1.9096774193548387,0.2,5.0
201801,5,대구,-3.8161290322580643,-13.2,3.9,60.096774193548384,21.0,97.0,2.02258064516129,0.1,6.7
201801,6,대구,-4.025806451612903,-13.4,3.9,61.645161290322584,17.0,97.0,2.141935483870968,0.1,6.4
201801,7,대구,-4.216129032258064,-13.4,4.5,61.774193548387096,17.0,96.0,2.174193548387097,0.1,9.0
201801,8,대구,-4.212903225806452,-13.1,4.8,61.225806451612904,20.0,96.0,1.9709677419354839,0.1,5.8
201801,9,대구,-3.261290322580645,-11.7,5.4,57.54838709677419,20.0,96.0,2.329032258064516,0.1,7.0
201801,10,대구,-2.0387096774193547,-10.7,6.2,51.67741935483871,23.0,95.0,2.706451612903226,0.3,8.1
201801,11,대구,-0.6419354838709678,-9.8,7.0,45.16129032258065,23.0,94.0,3.083870967741935,0.5,7.2
201801,12,대구,0.8612903225806453,-8.2,10.0,40.064516129032256,21.0,94.0,3.370967741935484,0.7,8.6
201801,13,대구,1.9387096774193548,-7.2,11.2,36.58064516129032,18.0,93.0,3.47741935483871,0.8,7.4
201801,14,대구,2.7193548387096773,-7.0,12.1,34.58064516129032,16.0,88.0,3.7838709677419353,0.5,8.3
201801,15,대구,3.106451612903226,-6.5,12.9,33.58064516129032,14.0,85.0,3.764516129032258,0.5,7.9
201801,16,대구,2.9935483870967743,-6.8,12.5,33.45161290322581,12.0,83.0,3.2870967741935484,0.1,7.5
201801,17,대구,2.5064516129032257,-7.1,11.2,34.54838709677419,13.0,85.0,2.796774193548387,0.2,5.4
201801,18,대구,1.5774193548387097,-7.7,9.5,38.58064516129032,15.0,92.0,2.5387096774193547,0.5,6.5
201801,19,대구,0.9161290322580646,-8.6,7.5,41.193548387096776,21.0,94.0,2.448387096774194,0.4,6.2
201801,20,대구,0.164516129032258,-8.9,7.3,43.83870967741935,23.0,94.0,2.1548387096774193,0.0,4.9
201801,21,대구,-0.39677419354838706,-9.4,6.8,45.774193548387096,25.0,93.0,2.2483870967741937,0.0,5.5
201801,22,대구,-0.967741935483871,-10.0,6.0,48.12903225806452,29.0,95.0,2.229032258064516,0.0,5.4
201801,23,대구,-1.4161290322580644,-10.2,5.1,50.064516129032256,32.0,96.0,2.225806451612903,0.1,6.7
201802,0,대구,-0.3999999999999999,-7.8,8.6,42.714285714285715,20.0,77.0,2.189285714285714,0.1,6.1
201802,1,대구,-0.9678571428571427,-8.1,7.8,45.75,19.0,79.0,2.1464285714285714,0.0,5.0
201802,2,대구,-1.5178571428571428,-8.6,7.2,48.92857142857143,20.0,80.0,2.092857142857143,0.2,5.2
201802,3,대구,-1.9499999999999997,-9.2,6.5,50.642857142857146,21.0,83.0,2.1392857142857142,0.2,5.3
201802,4,대구,-2.5035714285714286,-9.6,6.6,53.535714285714285,22.0,87.0,2.1035714285714286,0.1,5.4
201802,5,대구,-2.8428571428571425,-10.2,6.3,54.214285714285715,24.0,88.0,1.8642857142857143,0.0,4.3
201802,6,대구,-3.0749999999999997,-10.6,6.4,53.57142857142857,24.0,91.0,1.7285714285714284,0.0,4.5
201802,7,대구,-3.4857142857142853,-10.6,6.4,55.107142857142854,24.0,90.0,1.6928571428571428,0.0,4.8
201802,8,대구,-2.9499999999999997,-10.0,7.0,54.42857142857143,24.0,90.0,1.7071428571428573,0.1,4.4
201802,9,대구,-1.5142857142857142,-9.2,7.4,49.82142857142857,22.0,89.0,2.0714285714285716,0.1,5.5
201802,10,대구,0.3535714285714286,-7.7,8.1,43.17857142857143,18.0,85.0,2.164285714285714,0.4,4.7
201802,11,대구,2.132142857142857,-6.7,10.0,36.785714285714285,16.0,80.0,2.7642857142857147,0.6,7.3
201802,12,대구,3.7964285714285713,-5.2,11.8,32.0,14.0,75.0,3.0500000000000003,0.8,6.7
201802,13,대구,4.921428571428572,-5.0,13.2,28.75,12.0,65.0,3.242857142857143,1.0,7.0
201802,14,대구,5.792857142857143,-4.0,13.7,25.464285714285715,10.0,72.0,3.7964285714285713,1.4,7.2
201802,15,대구,6.417857142857143,-3.1,14.5,23.821428571428573,9.0,83.0,3.767857142857143,1.1,7.4
201802,16,대구,6.3999999999999995,-3.6,14.5,24.178571428571427,10.0,88.0,3.4285714285714284,0.7,7.2
201802,17,대구,5.946428571428571,-3.9,14.0,25.5,12.0,91.0,3.067857142857143,0.5,6.5
201802,18,대구,5.125,-4.6,13.4,26.857142857142858,14.0,91.0,2.667857142857143,0.2,6.1
201802,19,대구,4.078571428571428,-5.1,13.1,30.214285714285715,14.0,85.0,2.975,0.3,6.6
201802,20,대구,2.982142857142857,-6.1,10.7,34.07142857142857,16.0,89.0,2.4107142857142856,0.1,5.8
201802,21,대구,2.0464285714285713,-6.7,10.0,36.0,16.0,92.0,2.4678571428571425,0.5,5.6
201802,22,대구,1.1821428571428572,-7.1,9.5,39.17857142857143,17.0,93.0,2.125,0.1,6.1
201802,23,대구,0.325,-7.6,8.9,42.57142857142857,18.0,93.0,2.2142857142857144,0.1,7.7
201803,0,대구,7.290322580645161,-0.2,16.4,67.96774193548387,33.0,97.0,2.1451612903225805,0.0,7.0
201803,1,대구,6.658064516129032,-0.8,15.6,69.90322580645162,41.0,97.0,2.009677419354839,0.2,7.8
201803,2,대구,6.070967741935483,-1.2,16.0,72.48387096774194,38.0,98.0,1.9129032258064516,0.3,7.9
201803,3,대구,5.651612903225806,-1.5,13.9,73.6774193548387,40.0,98.0,1.6838709677419357,0.0,7.9
201803,4,대구,5.216129032258064,-1.8,14.0,76.35483870967742,51.0,98.0,1.564516129032258,0.1,7.0
201803,5,대구,4.909677419354838,-2.0,14.1,77.51612903225806,51.0,98.0,1.464516129032258,0.1,5.8
201803,6,대구,4.532258064516129,-2.3,13.9,79.29032258064517,49.0,98.0,1.3258064516129033,0.1,5.5
201803,7,대구,4.458064516129032,-2.6,13.9,79.93548387096774,46.0,98.0,1.461290322580645,0.1,5.3
201803,8,대구,5.54516129032258,-2.4,14.0,76.25806451612904,46.0,98.0,1.7935483870967743,0.3,6.9
201803,9,대구,7.190322580645161,-1.0,15.8,68.93548387096774,36.0,98.0,1.8709677419354838,0.4,5.8
201803,10,대구,8.903225806451612,0.6,17.7,59.61290322580645,28.0,98.0,2.5580645161290323,0.3,8.1
201803,11,대구,10.374193548387098,1.2,20.0,52.774193548387096,24.0,98.0,2.916129032258065,0.6,9.8
201803,12,대구,11.661290322580646,1.4,22.1,48.483870967741936,19.0,98.0,3.0806451612903225,1.2,7.8
201803,13,대구,12.696774193548388,2.2,23.3,45.16129032258065,16.0,98.0,3.096774193548387,0.9,7.7
201803,14,대구,13.54516129032258,2.2,24.1,42.96774193548387,15.0,95.0,3.403225806451613,0.9,8.6
201803,15,대구,14.14516129032258,2.7,25.3,41.87096774193548,13.0,95.0,3.351612903225807,0.7,8.3
201803,16,대구,14.161290322580646,2.8,25.6,42.25806451612903,13.0,92.0,3.3,0.2,7.5
201803,17,대구,13.77741935483871,2.8,25.5,43.03225806451613,12.0,91.0,3.164516129032258,0.5,7.2
201803,18,대구,12.861290322580645,2.8,23.2,45.064516129032256,15.0,91.0,3.225806451612903,0.2,7.2
201803,19,대구,11.83548387096774,2.8,22.4,48.41935483870968,20.0,91.0,2.7774193548387096,0.3,6.2
201803,20,대구,10.735483870967743,2.3,21.0,53.0,23.0,94.0,2.448387096774194,0.1,6.1
201803,21,대구,9.85483870967742,1.5,20.5,57.16129032258065,25.0,95.0,2.1806451612903226,0.0,5.8
201803,22,대구,9.019354838709678,0.8,19.3,61.096774193548384,31.0,96.0,2.0129032258064514,0.1,6.3
201803,23,대구,8.32258064516129,0.4,18.6,63.67741935483871,36.0,96.0,1.7741935483870968,0.0,5.1
201804,0,대구,13.113333333333333,4.5,19.3,55.4,21.0,98.0,2.3533333333333335,0.3,6.0
201804,1,대구,12.556666666666667,3.8,19.3,58.666666666666664,24.0,98.0,2.1966666666666668,0.2,6.1
201804,2,대구,11.97,3.6,19.2,61.86666666666667,29.0,98.0,1.9266666666666665,0.0,6.3
201804,3,대구,11.403333333333334,3.1,18.5,64.7,25.0,98.0,2.0766666666666667,0.0,5.7
201804,4,대구,10.66,2.5,16.4,68.43333333333334,38.0,98.0,1.8566666666666667,0.0,7.5
201804,5,대구,9.97,0.8,16.5,72.0,43.0,98.0,1.6166666666666667,0.1,6.1
201804,6,대구,9.553333333333335,0.7,15.5,74.46666666666667,46.0,98.0,1.6366666666666667,0.0,6.4
201804,7,대구,10.286666666666667,1.9,17.3,73.13333333333334,46.0,98.0,1.6166666666666667,0.0,5.7
201804,8,대구,11.69,3.4,18.5,67.73333333333333,40.0,98.0,1.9633333333333334,0.2,7.4
201804,9,대구,13.563333333333333,4.3,19.9,58.86666666666667,33.0,96.0,2.2866666666666666,0.5,7.8
201804,10,대구,15.096666666666666,5.2,23.2,51.93333333333333,20.0,96.0,2.7,0.5,6.9
201804,11,대구,16.543333333333333,6.0,25.2,46.3,16.0,97.0,2.9833333333333334,0.9,5.9
201804,12,대구,17.853333333333335,7.4,26.9,42.03333333333333,13.0,97.0,3.24,0.4,6.8
201804,13,대구,18.896666666666665,8.2,28.9,37.733333333333334,13.0,98.0,3.32,0.9,7.5
201804,14,대구,19.626666666666665,8.6,30.7,35.5,11.0,98.0,3.4233333333333333,0.7,7.8
201804,15,대구,20.05,8.3,31.1,34.766666666666666,10.0,98.0,3.5633333333333335,1.6,6.1
201804,16,대구,19.983333333333334,8.5,30.1,34.96666666666667,12.0,97.0,3.683333333333333,1.1,8.4
201804,17,대구,19.740000000000002,8.1,29.8,36.0,10.0,95.0,3.4433333333333334,0.8,7.6
201804,18,대구,18.84333333333333,8.2,29.2,38.36666666666667,10.0,95.0,3.1566666666666667,0.8,7.5
201804,19,대구,17.46333333333333,7.6,26.9,41.666666666666664,11.0,95.0,3.1599999999999997,0.4,6.5
201804,20,대구,16.19,7.0,24.8,45.63333333333333,11.0,96.0,2.83,0.3,5.9
201804,21,대구,15.343333333333334,6.3,22.2,49.333333333333336,13.0,96.0,2.606666666666667,0.4,7.1
201804,22,대구,14.546666666666665,5.7,20.8,52.0,15.0,97.0,2.316666666666667,0.2,6.4
201804,23,대구,13.853333333333333,5.0,20.2,54.5,17.0,97.0,2.386666666666667,0.0,5.9
201805,0,대구,17.189655172413794,9.8,24.9,69.93103448275862,25.0,96.0,1.7967741935483872,0.0,4.6
201805,1,대구,16.861290322580647,8.3,24.8,72.58620689655173,31.0,95.0,1.6806451612903226,0.1,4.7
201805,2,대구,16.39032258064516,7.5,24.7,75.06896551724138,29.0,95.0,1.6903225806451612,0.0,5.7
201805,3,대구,16.019354838709678,7.4,25.9,76.24137931034483,35.0,96.0,1.6419354838709677,0.1,6.6
201805,4,대구,15.593548387096773,7.6,24.7,77.26666666666667,36.0,96.0,1.525806451612903,0.0,5.2
201805,5,대구,15.151612903225805,7.7,23.8,79.46666666666667,36.0,97.0,1.467741935483871,0.1,4.5
201805,6,대구,15.038709677419355,8.1,23.6,80.33333333333333,39.0,97.0,1.4967741935483871,0.1,3.5
201805,7,대구,15.919354838709678,10.0,24.5,76.66666666666667,37.0,97.0,1.6290322580645162,0.4,3.8
201805,8,대구,17.20967741935484,12.3,26.1,70.96774193548387,29.0,96.0,1.967741935483871,0.5,4.8
201805,9,대구,18.546666666666667,12.9,27.1,64.0,24.0,95.0,2.148387096774193,0.8,4.5
201805,10,대구,19.94516129032258,12.9,28.6,57.833333333333336,22.0,94.0,2.661290322580645,0.4,7.0
201805,11,대구,21.151612903225807,13.7,28.9,53.0,17.0,93.0,3.0903225806451613,1.1,8.0
201805,12,대구,22.08709677419355,14.2,30.1,50.1,15.0,91.0,3.225806451612903,1.1,7.3
201805,13,대구,22.661290322580644,14.4,30.4,46.793103448275865,13.0,94.0,3.3677419354838714,0.9,8.9
201805,14,대구,23.116129032258065,15.1,30.7,46.06666666666667,13.0,95.0,3.458064516129032,1.0,8.6
201805,15,대구,23.080645161290324,14.6,31.7,46.87096774193548,12.0,93.0,3.167741935483871,0.7,7.1
201805,16,대구,22.993548387096773,13.7,31.3,47.206896551724135,12.0,93.0,3.0774193548387094,0.7,7.1
201805,17,대구,22.703225806451613,13.7,30.7,48.833333333333336,13.0,96.0,3.0161290322580645,0.8,8.6
201805,18,대구,22.293548387096774,13.5,29.7,48.06666666666667,13.0,96.0,3.0806451612903225,0.8,6.9
201805,19,대구,20.910344827586208,12.1,28.4,52.93103448275862,14.0,97.0,2.7451612903225806,0.6,7.0
201805,20,대구,19.760714285714283,11.6,27.1,57.8,14.0,97.0,2.4935483870967743,0.6,7.0
201805,21,대구,19.117241379310343,11.4,26.1,61.310344827586206,16.0,97.0,2.3774193548387097,0.6,5.6
201805,22,대구,18.279310344827586,10.6,25.2,64.60714285714286,15.0,97.0,2.2193548387096773,0.2,5.4
201805,23,대구,17.806451612903224,10.3,25.1,67.51724137931035,17.0,97.0,2.1258064516129034,0.1,5.9
201806,0,대구,21.50740740740741,15.9,27.3,65.16666666666667,42.0,93.0,1.5833333333333333,0.0,6.8
201806,1,대구,21.06206896551724,15.5,26.4,69.20689655172414,45.0,94.0,1.49,0.2,5.6
201806,2,대구,20.650000000000002,15.3,25.8,70.65517241379311,47.0,94.0,1.5599999999999998,0.2,4.7
201806,3,대구,20.231034482758623,14.8,24.4,74.21428571428571,51.0,94.0,1.4533333333333334,0.3,4.6
201806,4,대구,19.607142857142858,14.2,24.3,74.96666666666667,56.0,96.0,1.4366666666666668,0.1,5.2
201806,5,대구,19.239285714285717,13.9,23.8,76.43333333333334,56.0,96.0,1.4666666666666666,0.2,5.6
201806,6,대구,19.375862068965517,13.8,23.6,77.26666666666667,58.0,97.0,1.3733333333333335,0.1,4.8
201806,7,대구,20.113793103448273,14.8,23.9,73.73333333333333,53.0,97.0,1.6433333333333333,0.1,6.0
201806,8,대구,21.04137931034483,15.4,25.3,69.23333333333333,49.0,97.0,2.0033333333333334,0.3,6.9
201806,9,대구,22.29655172413793,16.1,27.9,64.8,41.0,95.0,2.143333333333333,0.5,7.0
201806,10,대구,23.56206896551724,16.1,29.6,59.53333333333333,32.0,96.0,2.216666666666667,0.6,6.1
201806,11,대구,24.773333333333333,16.6,31.4,54.4,26.0,96.0,2.6,0.7,6.6
201806,12,대구,25.73,17.6,32.8,50.63333333333333,23.0,89.0,2.6933333333333334,1.2,6.1
201806,13,대구,26.55666666666667,18.3,33.9,48.13333333333333,19.0,87.0,2.8666666666666667,1.1,6.1
201806,14,대구,27.176666666666666,18.5,34.3,45.5,19.0,88.0,2.8366666666666664,0.9,6.1
201806,15,대구,27.796666666666667,19.2,34.5,42.86666666666667,20.0,90.0,2.6366666666666663,0.7,5.3
201806,16,대구,27.86,19.1,34.4,43.2,20.0,88.0,2.7733333333333334,0.5,6.1
201806,17,대구,27.576666666666664,18.9,34.7,43.63333333333333,20.0,85.0,2.853333333333333,0.6,6.1
201806,18,대구,26.95,18.3,33.9,46.53333333333333,21.0,88.0,2.8133333333333335,1.1,5.4
201806,19,대구,26.06551724137931,17.9,32.7,49.96666666666667,25.0,87.0,2.76,0.9,5.6
201806,20,대구,24.75714285714286,17.5,31.1,53.96666666666667,25.0,91.0,2.4699999999999998,0.7,5.8
201806,21,대구,23.7551724137931,17.2,29.4,56.7,30.0,93.0,2.3,0.6,5.4
201806,22,대구,22.92142857142857,16.9,28.7,60.0,27.0,90.0,2.027586206896552,0.2,4.7
201806,23,대구,22.403448275862072,16.5,27.8,62.7,27.0,91.0,1.7766666666666666,0.2,5.2
201807,0,대구,26.299999999999997,18.0,31.7,73.0,59.0,95.0,1.7258064516129032,0.2,4.0
201807,1,대구,25.851612903225806,17.8,31.5,75.3225806451613,57.0,96.0,1.6387096774193548,0.0,3.3
201807,2,대구,25.493548387096773,17.9,31.1,77.48387096774194,59.0,96.0,1.7580645161290323,0.6,4.1
201807,3,대구,25.038709677419355,17.8,30.2,80.09677419354838,63.0,96.0,1.570967741935484,0.1,3.5
201807,4,대구,24.719354838709677,18.0,29.2,82.38709677419355,66.0,96.0,1.5838709677419356,0.1,4.0
201807,5,대구,24.516129032258064,17.8,29.1,83.12903225806451,67.0,96.0,1.5,0.1,4.2
201807,6,대구,24.490322580645163,17.8,28.9,83.51612903225806,68.0,97.0,1.464516129032258,0.2,3.8
201807,7,대구,25.29032258064516,17.7,29.2,79.54838709677419,66.0,97.0,1.7903225806451613,0.1,3.6
201807,8,대구,26.393548387096775,18.1,30.8,74.12903225806451,60.0,97.0,1.9161290322580644,0.4,4.0
201807,9,대구,27.651612903225807,18.8,32.3,67.25806451612904,50.0,97.0,2.3225806451612905,0.6,4.5
201807,10,대구,28.925806451612903,19.5,33.9,61.96774193548387,46.0,97.0,2.341935483870968,0.5,4.9
201807,11,대구,29.82903225806452,19.8,35.2,58.32258064516129,41.0,96.0,2.3870967741935485,0.4,4.5
201807,12,대구,30.625806451612902,19.7,36.8,55.0,33.0,93.0,2.570967741935484,0.5,5.0
201807,13,대구,31.29032258064516,20.5,37.0,51.935483870967744,30.0,93.0,2.7838709677419353,1.3,5.2
201807,14,대구,31.91290322580645,20.2,37.1,49.354838709677416,26.0,89.0,2.967741935483871,1.2,6.1
201807,15,대구,32.122580645161285,20.3,37.9,48.54838709677419,27.0,87.0,2.929032258064516,1.2,5.3
201807,16,대구,31.929032258064513,19.9,38.4,49.03225806451613,30.0,87.0,2.6838709677419357,1.1,6.1
201807,17,대구,31.274193548387096,19.7,37.2,52.16129032258065,31.0,93.0,2.616129032258064,0.9,6.4
201807,18,대구,30.716129032258067,19.6,36.4,53.903225806451616,30.0,91.0,2.806451612903226,0.2,6.9
201807,19,대구,29.983870967741936,19.3,35.6,56.516129032258064,32.0,93.0,2.5935483870967744,0.5,5.5
201807,20,대구,29.05483870967742,18.9,34.1,60.483870967741936,41.0,93.0,2.3451612903225807,0.2,5.0
201807,21,대구,28.251612903225805,18.5,33.1,64.2258064516129,48.0,93.0,2.0193548387096776,0.3,4.3
201807,22,대구,27.574193548387097,18.2,32.7,67.19354838709677,48.0,94.0,1.8419354838709678,0.5,3.8
201807,23,대구,27.04516129032258,18.2,32.4,69.90322580645162,50.0,95.0,1.7419354838709677,0.1,4.5
201808,0,대구,26.23225806451613,20.6,31.2,72.3225806451613,54.0,96.0,1.8774193548387097,0.1,4.3
201808,1,대구,25.793548387096774,20.6,30.8,74.90322580645162,57.0,96.0,1.664516129032258,0.1,4.0
201808,2,대구,25.387096774193548,20.2,30.2,77.74193548387096,58.0,96.0,1.5741935483870966,0.0,4.5
201808,3,대구,25.0258064516129,19.4,29.7,79.93548387096774,59.0,97.0,1.5548387096774192,0.1,5.5
201808,4,대구,24.69677419354839,19.2,29.4,81.87096774193549,61.0,96.0,1.474193548387097,0.3,4.4
201808,5,대구,24.393548387096775,18.8,28.9,83.38709677419355,64.0,97.0,1.4129032258064516,0.5,4.5
201808,6,대구,24.24516129032258,18.5,28.8,83.87096774193549,62.0,97.0,1.5096774193548386,0.2,5.1
201808,7,대구,24.806451612903224,19.6,28.9,81.70967741935483,63.0,97.0,1.6612903225806452,0.2,6.1
201808,8,대구,25.81935483870968,19.9,30.0,76.96774193548387,57.0,97.0,1.6580645161290322,0.2,4.1
201808,9,대구,27.18064516129032,19.5,31.9,70.45161290322581,53.0,97.0,1.903225806451613,0.3,5.4
201808,10,대구,28.490322580645163,19.7,32.5,63.87096774193548,45.0,97.0,2.4000000000000004,0.7,5.8
201808,11,대구,29.45483870967742,19.9,33.5,59.54838709677419,42.0,96.0,2.6161290322580646,1.1,6.5
201808,12,대구,30.60967741935484,20.9,34.9,54.935483870967744,35.0,95.0,3.0258064516129033,0.8,6.9
201808,13,대구,31.048387096774192,21.0,36.1,53.83870967741935,34.0,95.0,3.1838709677419357,1.0,6.3
201808,14,대구,31.396774193548385,20.8,36.9,52.0,30.0,95.0,3.296774193548387,0.9,6.2
201808,15,대구,31.13225806451613,20.8,37.2,53.45161290322581,31.0,95.0,3.3354838709677415,0.9,6.0
201808,16,대구,31.200000000000003,20.5,36.9,53.87096774193548,31.0,95.0,3.3870967741935485,0.8,6.1
201808,17,대구,30.719354838709677,19.9,37.7,55.29032258064516,33.0,95.0,3.429032258064516,0.2,6.4
201808,18,대구,29.93548387096774,20.1,36.8,57.774193548387096,37.0,96.0,3.4645161290322584,0.2,5.7
201808,19,대구,28.929032258064517,20.1,35.1,61.32258064516129,41.0,96.0,3.170967741935484,0.5,5.7
201808,20,대구,28.148387096774194,20.1,34.1,64.29032258064517,43.0,96.0,2.7774193548387096,0.5,5.3
201808,21,대구,27.480645161290322,20.3,33.1,67.16129032258064,47.0,96.0,2.4064516129032256,0.7,4.4
201808,22,대구,27.029032258064515,20.3,32.7,69.0,47.0,96.0,2.2129032258064516,0.3,4.3
201808,23,대구,26.519354838709678,20.5,31.8,71.25806451612904,52.0,96.0,2.029032258064516,0.2,3.6
201809,0,대구,19.473333333333336,13.1,24.5,78.5,48.0,95.0,1.2533333333333334,0.0,3.6
201809,1,대구,19.253333333333334,12.9,23.9,79.53333333333333,46.0,94.0,1.1666666666666667,0.3,3.4
201809,2,대구,18.956666666666667,12.1,23.8,81.5,47.0,95.0,1.1,0.0,3.3
201809,3,대구,18.613333333333333,11.5,23.3,83.9,51.0,95.0,0.8966666666666666,0.2,3.2
201809,4,대구,18.256666666666668,11.4,23.1,85.96666666666667,68.0,95.0,0.9566666666666667,0.1,2.2
201809,5,대구,18.016666666666666,10.9,22.5,87.3,65.0,96.0,1.1666666666666667,0.1,3.2
201809,6,대구,17.84,10.7,22.1,88.13333333333334,65.0,96.0,1.0233333333333332,0.3,2.6
201809,7,대구,18.15666666666667,11.4,22.7,87.16666666666667,71.0,96.0,1.1333333333333333,0.2,4.1
201809,8,대구,19.116666666666667,13.5,23.4,83.03333333333333,61.0,96.0,1.29,0.2,4.8
201809,9,대구,20.40666666666667,15.0,25.5,76.23333333333333,54.0,95.0,1.3599999999999999,0.3,4.0
201809,10,대구,21.61,16.9,25.7,69.2,45.0,95.0,1.8566666666666667,0.6,4.8
201809,11,대구,22.696666666666665,18.6,27.1,64.13333333333334,43.0,96.0,2.2633333333333336,0.6,4.8
201809,12,대구,23.706666666666667,18.9,27.9,59.96666666666667,38.0,96.0,2.4766666666666666,0.5,5.1
201809,13,대구,24.136666666666667,18.8,28.5,56.3,32.0,96.0,2.9,1.0,5.6
201809,14,대구,24.533333333333335,19.6,29.6,54.46666666666667,28.0,95.0,3.143333333333333,0.6,5.9
201809,15,대구,24.42,19.6,30.1,55.56666666666667,26.0,94.0,3.2199999999999998,1.0,5.5
201809,16,대구,24.259999999999998,19.7,29.8,55.43333333333333,24.0,94.0,3.1633333333333336,0.8,5.4
201809,17,대구,23.83,19.3,29.0,55.6,26.0,95.0,3.1300000000000003,0.6,6.3
201809,18,대구,23.14333333333333,19.1,28.4,58.233333333333334,33.0,92.0,2.8766666666666665,0.7,6.6
201809,19,대구,22.136666666666667,18.2,27.1,62.43333333333333,38.0,92.0,2.4033333333333333,0.5,5.5
201809,20,대구,21.36,17.1,26.7,66.0,32.0,94.0,2.26,0.4,6.1
201809,21,대구,20.596666666666668,16.0,25.1,69.33333333333333,33.0,94.0,1.9,0.3,3.8
201809,22,대구,20.1,14.9,25.1,72.43333333333334,35.0,96.0,1.6266666666666665,0.3,6.5
201809,23,대구,19.736666666666668,14.2,25.9,74.56666666666666,40.0,95.0,1.4233333333333333,0.1,5.9
201810,0,대구,12.47741935483871,6.0,18.7,72.3225806451613,42.0,94.0,1.4612903225806453,0.1,4.4
201810,1,대구,11.964516129032257,4.5,18.5,74.45161290322581,41.0,94.0,1.5516129032258066,0.1,4.7
201810,2,대구,11.619354838709677,4.8,18.8,75.09677419354838,43.0,94.0,1.4709677419354839,0.1,6.1
201810,3,대구,11.12258064516129,4.3,18.7,77.41935483870968,39.0,95.0,1.335483870967742,0.1,5.1
201810,4,대구,10.735483870967743,4.0,18.8,79.25806451612904,37.0,96.0,1.3096774193548388,0.0,4.7
201810,5,대구,10.393548387096773,3.9,18.8,80.48387096774194,37.0,97.0,1.2645161290322582,0.0,5.9
201810,6,대구,10.041935483870969,2.8,19.1,81.80645161290323,35.0,96.0,1.2225806451612902,0.0,4.0
201810,7,대구,10.14516129032258,3.2,21.2,82.51612903225806,45.0,96.0,1.2806451612903225,0.1,4.0
201810,8,대구,11.59032258064516,5.9,22.4,77.29032258064517,42.0,97.0,1.3387096774193548,0.1,4.4
201810,9,대구,13.183870967741935,7.2,23.1,69.19354838709677,34.0,97.0,1.6806451612903226,0.2,6.4
201810,10,대구,15.09032258064516,8.5,23.1,59.483870967741936,30.0,96.0,2.129032258064516,0.6,6.5
201810,11,대구,16.703225806451613,9.5,23.2,52.29032258064516,27.0,96.0,2.164516129032258,0.4,6.1
201810,12,대구,17.76451612903226,11.5,23.6,46.54838709677419,25.0,96.0,2.545161290322581,0.3,6.2
201810,13,대구,18.5,12.2,24.1,42.903225806451616,26.0,97.0,2.77741935483871,0.6,6.9
201810,14,대구,18.83225806451613,11.9,25.8,42.45161290322581,24.0,96.0,2.9387096774193546,0.3,7.9
201810,15,대구,19.074193548387097,13.0,25.1,41.38709677419355,12.0,96.0,2.7548387096774194,1.0,6.1
201810,16,대구,18.848387096774193,12.2,24.9,41.96774193548387,17.0,96.0,2.609677419354839,0.4,6.9
201810,17,대구,18.299999999999997,12.1,24.1,43.354838709677416,21.0,95.0,2.332258064516129,0.3,5.8
201810,18,대구,16.919354838709676,10.8,22.5,49.54838709677419,31.0,95.0,2.203225806451613,0.4,5.4
201810,19,대구,15.687096774193549,10.4,21.1,56.61290322580645,36.0,94.0,1.867741935483871,0.3,5.1
201810,20,대구,14.893548387096773,8.9,20.9,59.645161290322584,37.0,95.0,1.6419354838709677,0.1,3.9
201810,21,대구,14.100000000000001,8.9,20.8,63.12903225806452,39.0,94.0,1.558064516129032,0.1,4.1
201810,22,대구,13.28709677419355,7.7,20.1,67.29032258064517,40.0,94.0,1.4709677419354839,0.1,4.8
201810,23,대구,12.670967741935485,6.2,19.4,70.90322580645162,43.0,95.0,1.5064516129032257,0.2,3.8
201811,0,대구,6.8933333333333335,-0.5,16.3,74.03333333333333,44.0,92.0,0.8966666666666667,0.0,3.1
201811,1,대구,6.376666666666666,-1.6,16.2,75.7,44.0,93.0,1.0266666666666666,0.0,4.1
201811,2,대구,5.77,-1.5,15.6,79.06666666666666,46.0,94.0,0.9,0.0,4.0
201811,3,대구,5.323333333333333,-2.1,15.2,81.26666666666667,49.0,94.0,0.94,0.0,3.3
201811,4,대구,4.953333333333333,-2.1,14.7,82.2,56.0,95.0,0.9766666666666667,0.1,4.2
201811,5,대구,4.7266666666666675,-2.6,14.5,82.56666666666666,56.0,95.0,0.8933333333333333,0.0,3.4
201811,6,대구,4.4399999999999995,-2.3,14.5,83.1,44.0,95.0,1.0033333333333334,0.0,4.5
201811,7,대구,4.11,-2.1,14.5,83.46666666666667,43.0,96.0,1.0799999999999998,0.0,3.8
201811,8,대구,4.79,-1.1,14.4,80.86666666666666,40.0,96.0,1.0933333333333333,0.0,4.7
201811,9,대구,6.363333333333333,-0.4,14.3,73.3,36.0,96.0,1.25,0.2,4.3
201811,10,대구,8.596666666666666,0.8,14.6,62.53333333333333,26.0,95.0,1.4400000000000002,0.2,6.2
201811,11,대구,10.463333333333333,1.5,15.5,52.3,21.0,93.0,1.65,0.5,4.2
201811,12,대구,12.286666666666667,2.9,17.9,45.0,16.0,93.0,1.7566666666666668,0.6,7.7
201811,13,대구,13.486666666666668,3.7,18.7,40.53333333333333,15.0,93.0,2.0433333333333334,0.6,5.6
201811,14,대구,14.186666666666667,4.3,20.9,37.03333333333333,14.0,93.0,1.9433333333333331,0.7,4.6
201811,15,대구,14.473333333333333,5.0,20.3,35.766666666666666,14.0,95.0,2.006666666666667,0.7,3.9
201811,16,대구,14.336666666666668,5.3,20.7,36.733333333333334,15.0,95.0,1.7433333333333334,0.2,4.9
201811,17,대구,13.479999999999999,4.9,18.9,39.2,16.0,96.0,1.4966666666666666,0.1,4.2
201811,18,대구,12.023333333333333,4.2,16.8,46.43333333333333,15.0,96.0,1.2866666666666666,0.1,3.6
201811,19,대구,10.7,2.8,16.3,54.2,30.0,96.0,1.2666666666666666,0.1,3.3
201811,20,대구,9.723333333333333,2.6,16.5,59.333333333333336,31.0,96.0,1.06,0.2,3.0
201811,21,대구,8.889999999999999,1.9,17.1,63.0,36.0,93.0,0.8366666666666667,0.1,2.6
201811,22,대구,8.16,0.9,16.8,67.0,39.0,96.0,0.9233333333333333,0.0,2.5
201811,23,대구,7.4,-0.2,16.8,70.53333333333333,43.0,91.0,0.8766666666666667,0.0,2.5
201812,0,대구,0.9838709677419355,-7.4,12.5,55.16129032258065,20.0,95.0,1.8709677419354838,0.1,6.8
201812,1,대구,0.6161290322580646,-7.6,12.5,56.354838709677416,19.0,96.0,1.8580645161290323,0.0,6.3
201812,2,대구,0.18387096774193545,-7.7,12.4,58.645161290322584,17.0,95.0,1.6935483870967742,0.1,5.3
201812,3,대구,-0.15806451612903222,-7.9,12.3,60.03225806451613,16.0,96.0,1.864516129032258,0.0,6.6
201812,4,대구,-0.42258064516129024,-7.8,12.2,62.064516129032256,17.0,96.0,1.8612903225806452,0.1,5.3
201812,5,대구,-0.7290322580645162,-8.0,12.0,63.41935483870968,20.0,96.0,1.7000000000000002,0.0,4.8
201812,6,대구,-0.9516129032258065,-8.4,11.6,63.38709677419355,22.0,97.0,1.729032258064516,0.0,5.3
201812,7,대구,-1.1967741935483869,-8.5,11.7,64.09677419354838,19.0,97.0,1.7806451612903227,0.1,5.3
201812,8,대구,-1.1580645161290322,-8.7,13.1,63.70967741935484,18.0,97.0,1.8387096774193548,0.1,4.9
201812,9,대구,-0.2451612903225806,-7.8,13.5,59.903225806451616,18.0,96.0,2.041935483870968,0.0,6.0
201812,10,대구,1.0258064516129033,-6.7,14.0,53.61290322580645,14.0,93.0,2.235483870967742,0.1,6.0
201812,11,대구,2.596774193548387,-6.0,14.7,46.774193548387096,14.0,88.0,2.5677419354838706,0.5,7.0
201812,12,대구,3.9741935483870967,-4.3,14.6,41.03225806451613,12.0,91.0,2.806451612903226,0.6,6.8
201812,13,대구,4.951612903225806,-3.6,14.9,37.645161290322584,10.0,92.0,3.041935483870968,0.3,7.0
201812,14,대구,5.716129032258064,-3.0,15.7,35.774193548387096,9.0,88.0,2.935483870967742,0.0,6.6
201812,15,대구,6.080645161290323,-2.8,14.8,34.645161290322584,9.0,91.0,2.835483870967742,0.6,6.9
201812,16,대구,5.890322580645161,-3.1,15.1,34.516129032258064,9.0,92.0,2.838709677419355,0.1,6.8
201812,17,대구,5.064516129032258,-3.7,15.2,36.70967741935484,12.0,94.0,2.5387096774193547,0.3,6.3
201812,18,대구,4.216129032258064,-4.2,14.7,40.16129032258065,12.0,94.0,2.161290322580645,0.1,6.2
201812,19,대구,3.4193548387096775,-4.6,14.2,43.806451612903224,14.0,95.0,1.9967741935483871,0.0,6.1
201812,20,대구,2.7516129032258063,-5.0,14.3,45.935483870967744,18.0,95.0,2.206451612903226,0.2,5.8
201812,21,대구,2.2,-5.6,13.6,47.935483870967744,19.0,95.0,1.8806451612903226,0.1,4.6
201812,22,대구,1.7451612903225806,-6.3,13.2,49.41935483870968,21.0,95.0,1.8580645161290323,0.0,4.6
201812,23,대구,1.1903225806451612,-6.9,12.3,52.12903225806452,23.0,96.0,1.832258064516129,0.2,4.2
201901,0,대구,0.27096774193548384,-3.6,6.8,45.354838709677416,26.0,98.0,1.9290322580645163,0.0,5.2
201901,1,대구,-0.2258064516129032,-4.0,6.5,48.74193548387097,29.0,98.0,2.0258064516129033,0.1,4.2
201901,2,대구,-0.7064516129032258,-4.6,6.3,51.16129032258065,30.0,98.0,1.632258064516129,0.0,4.4
201901,3,대구,-1.070967741935484,-4.9,6.1,53.483870967741936,32.0,98.0,1.6451612903225807,0.0,4.6
201901,4,대구,-1.4870967741935484,-5.4,5.7,55.12903225806452,33.0,98.0,1.3451612903225807,0.0,4.5
201901,5,대구,-1.8290322580645162,-5.9,4.5,57.935483870967744,31.0,98.0,1.3419354838709678,0.0,3.8
201901,6,대구,-2.009677419354839,-6.5,4.3,59.193548387096776,30.0,98.0,1.4516129032258065,0.0,4.4
201901,7,대구,-2.161290322580645,-6.9,4.1,60.0,31.0,98.0,1.506451612903226,0.1,4.1
201901,8,대구,-1.8741935483870968,-6.5,4.2,59.193548387096776,28.0,98.0,1.4580645161290324,0.1,4.4
201901,9,대구,-0.6161290322580646,-5.0,4.8,55.45161290322581,24.0,98.0,1.7967741935483872,0.1,4.9
201901,10,대구,1.0258064516129033,-3.6,5.3,48.806451612903224,19.0,98.0,2.074193548387097,0.3,5.9
201901,11,대구,2.725806451612903,-1.7,6.3,41.87096774193548,14.0,98.0,2.732258064516129,0.3,5.6
201901,12,대구,4.096774193548387,-0.9,8.3,36.45161290322581,18.0,94.0,2.9709677419354836,0.4,4.9
201901,13,대구,5.193548387096774,0.6,9.8,32.16129032258065,15.0,94.0,3.4322580645161294,0.9,6.7
201901,14,대구,5.945161290322581,1.4,10.9,29.35483870967742,14.0,93.0,3.4387096774193546,1.2,6.8
201901,15,대구,6.480645161290322,0.5,11.6,28.06451612903226,9.0,87.0,3.5870967741935487,0.8,7.4
201901,16,대구,6.483870967741935,1.9,11.9,27.387096774193548,10.0,78.0,3.4000000000000004,1.3,5.8
201901,17,대구,5.735483870967743,1.1,11.3,28.483870967741936,10.0,74.0,3.3193548387096774,0.9,7.1
201901,18,대구,4.693548387096774,0.4,10.0,31.483870967741936,14.0,75.0,2.570967741935484,0.1,5.8
201901,19,대구,3.6193548387096777,-0.4,9.1,34.12903225806452,14.0,90.0,2.2451612903225806,0.0,4.7
201901,20,대구,2.6225806451612903,-0.8,8.6,36.774193548387096,18.0,94.0,2.3225806451612905,0.1,5.5
201901,21,대구,1.941935483870968,-1.3,8.1,38.935483870967744,20.0,96.0,2.0935483870967744,0.0,4.9
201901,22,대구,1.2032258064516128,-2.0,7.3,42.03225806451613,22.0,97.0,1.993548387096774,0.0,4.7
201901,23,대구,0.8064516129032258,-2.7,7.2,43.61290322580645,24.0,97.0,2.0483870967741935,0.1,5.3
201902,0,대구,2.7178571428571425,-2.3,8.7,50.5,27.0,75.0,1.8821428571428573,0.0,5.9
201902,1,대구,2.1357142857142857,-2.8,7.9,53.32142857142857,27.0,85.0,1.917857142857143,0.0,6.4
201902,2,대구,1.6071428571428572,-3.3,7.4,56.0,28.0,91.0,1.8642857142857143,0.1,7.1
201902,3,대구,1.2249999999999999,-3.5,7.3,57.785714285714285,21.0,93.0,1.9749999999999999,0.1,5.6
201902,4,대구,0.85,-3.9,7.3,59.0,21.0,91.0,1.9285714285714286,0.0,5.1
201902,5,대구,0.4035714285714286,-4.1,7.2,60.714285714285715,21.0,92.0,1.7571428571428573,0.1,5.0
201902,6,대구,0.18928571428571425,-4.2,7.3,60.714285714285715,18.0,95.0,1.625,0.1,5.1
201902,7,대구,-0.18571428571428572,-4.5,7.0,62.67857142857143,18.0,96.0,1.5035714285714286,0.0,4.8
201902,8,대구,0.18928571428571428,-3.8,6.5,62.214285714285715,20.0,95.0,1.6964285714285714,0.1,5.4
201902,9,대구,1.3535714285714284,-3.4,7.5,57.32142857142857,24.0,96.0,1.7357142857142858,0.2,5.4
201902,10,대구,3.0214285714285714,-2.1,9.0,50.035714285714285,22.0,97.0,1.9749999999999999,0.3,5.8
201902,11,대구,4.489285714285715,-0.1,10.7,44.32142857142857,16.0,97.0,2.582142857142857,0.3,6.4
201902,12,대구,5.882142857142857,0.8,13.2,39.5,16.0,95.0,2.814285714285714,1.0,5.9
201902,13,대구,7.153571428571429,1.3,13.1,35.035714285714285,16.0,95.0,2.9250000000000003,0.6,6.2
201902,14,대구,7.814285714285715,2.1,14.3,32.67857142857143,15.0,93.0,3.0714285714285716,0.4,5.7
201902,15,대구,8.157142857142857,2.0,14.5,31.821428571428573,13.0,94.0,3.132142857142857,0.6,5.8
201902,16,대구,8.207142857142857,2.3,15.6,32.5,15.0,95.0,2.8535714285714286,0.7,5.4
201902,17,대구,7.810714285714285,1.9,15.0,32.642857142857146,14.0,95.0,2.8392857142857144,0.5,5.6
201902,18,대구,7.010714285714286,0.9,13.4,34.5,15.0,95.0,2.4678571428571425,0.6,5.2
201902,19,대구,6.057142857142857,0.0,12.3,38.17857142857143,16.0,93.0,2.1607142857142856,0.2,4.4
201902,20,대구,5.2821428571428575,-0.7,11.2,41.75,16.0,91.0,2.1107142857142858,0.0,4.4
201902,21,대구,4.607142857142857,-0.7,9.5,45.32142857142857,20.0,86.0,1.8214285714285714,0.2,4.8
201902,22,대구,4.192857142857143,-1.0,8.9,47.57142857142857,21.0,82.0,1.6428571428571428,0.1,4.2
201902,23,대구,3.5392857142857146,-1.2,8.6,50.142857142857146,26.0,78.0,1.6107142857142858,0.1,6.4
201903,0,대구,7.67741935483871,1.7,14.5,54.38709677419355,25.0,98.0,2.0258064516129033,0.1,5.3
201903,1,대구,7.061290322580645,1.2,14.4,57.774193548387096,25.0,98.0,1.9483870967741934,0.2,6.4
201903,2,대구,6.612903225806452,1.1,14.1,59.645161290322584,28.0,98.0,1.8516129032258064,0.1,6.5
201903,3,대구,6.103225806451612,1.1,13.6,62.903225806451616,31.0,98.0,1.5741935483870966,0.1,5.1
201903,4,대구,5.625806451612903,0.6,13.1,65.38709677419355,42.0,98.0,1.3741935483870968,0.0,5.1
201903,5,대구,5.261290322580645,0.0,18.1,66.7741935483871,41.0,97.0,1.7322580645161292,0.0,5.2
201903,6,대구,4.793548387096774,-0.7,17.8,69.06451612903226,40.0,98.0,1.3838709677419354,0.0,4.4
201903,7,대구,4.670967741935484,-1.0,16.3,70.6774193548387,39.0,97.0,1.4193548387096775,0.2,4.0
201903,8,대구,5.72258064516129,1.0,16.3,66.74193548387096,36.0,98.0,1.461290322580645,0.0,3.9
201903,9,대구,7.464516129032258,2.7,16.4,59.74193548387097,33.0,97.0,1.9709677419354839,0.2,4.8
201903,10,대구,9.125806451612902,5.1,17.0,52.12903225806452,23.0,86.0,2.3548387096774195,0.8,5.3
201903,11,대구,10.770967741935483,7.0,18.3,45.064516129032256,19.0,88.0,2.5032258064516126,0.3,5.3
201903,12,대구,12.209677419354838,7.6,21.0,39.25806451612903,17.0,86.0,3.2129032258064516,0.5,6.9
201903,13,대구,13.261290322580646,7.6,22.7,35.096774193548384,17.0,83.0,3.1225806451612903,0.4,6.2
201903,14,대구,14.05483870967742,7.4,23.7,32.96774193548387,16.0,89.0,3.190322580645161,0.8,6.0
201903,15,대구,14.390322580645162,8.1,23.3,31.806451612903224,16.0,91.0,3.454838709677419,0.4,7.2
201903,16,대구,14.225806451612904,8.1,22.8,32.67741935483871,16.0,86.0,3.332258064516129,0.8,6.6
201903,17,대구,13.667741935483871,3.2,21.8,34.645161290322584,17.0,90.0,3.0,0.7,7.0
201903,18,대구,13.048387096774194,4.9,20.2,35.41935483870968,17.0,89.0,2.9967741935483874,1.1,6.3
201903,19,대구,11.638709677419355,4.8,19.0,39.83870967741935,18.0,84.0,2.806451612903226,0.3,7.9
201903,20,대구,10.53225806451613,4.3,18.4,43.96774193548387,20.0,83.0,2.4645161290322584,0.3,6.8
201903,21,대구,9.629032258064516,4.3,17.9,47.54838709677419,24.0,91.0,2.7838709677419353,0.4,7.1
201903,22,대구,8.85483870967742,3.7,17.2,48.67741935483871,22.0,92.0,2.5387096774193547,0.1,5.8
201903,23,대구,8.25483870967742,2.5,16.2,50.935483870967744,23.0,96.0,2.435483870967742,0.1,6.8
201904,0,대구,11.593333333333334,4.5,18.3,56.333333333333336,24.0,98.0,1.6766666666666667,0.0,5.2
201904,1,대구,11.0,3.8,17.8,58.56666666666667,21.0,97.0,1.7133333333333334,0.0,4.1
201904,2,대구,10.54,3.5,16.9,60.63333333333333,24.0,98.0,1.6700000000000002,0.1,4.4
201904,3,대구,9.946666666666665,2.1,16.7,63.56666666666667,22.0,98.0,1.3266666666666667,0.0,3.9
201904,4,대구,9.483333333333333,1.6,16.2,65.6,21.0,98.0,1.2533333333333334,0.0,4.0
201904,5,대구,9.033333333333333,1.4,15.1,67.03333333333333,21.0,98.0,1.45,0.0,6.1
201904,6,대구,8.606666666666666,0.4,15.7,69.53333333333333,29.0,98.0,1.35,0.0,7.1
201904,7,대구,9.09,2.0,15.1,68.03333333333333,29.0,98.0,1.2533333333333334,0.0,6.9
201904,8,대구,10.59,4.2,17.0,62.233333333333334,27.0,98.0,1.52,0.0,6.0
201904,9,대구,12.29,6.3,18.7,53.833333333333336,22.0,98.0,2.033333333333333,0.0,7.0
201904,10,대구,13.770000000000001,7.3,20.6,47.4,20.0,97.0,2.35,0.1,5.7
201904,11,대구,15.263333333333332,8.7,22.1,44.03333333333333,13.0,91.0,2.6766666666666667,0.5,6.1
201904,12,대구,16.39,8.5,22.9,40.46666666666667,12.0,87.0,3.05,0.6,6.5
201904,13,대구,17.076666666666664,8.5,23.8,38.733333333333334,10.0,95.0,2.95,0.0,6.4
201904,14,대구,17.766666666666666,9.1,25.3,38.333333333333336,9.0,96.0,2.8800000000000003,0.0,6.9
201904,15,대구,18.096666666666668,9.6,26.2,37.46666666666667,9.0,96.0,3.19,0.0,7.1
201904,16,대구,18.146666666666665,9.7,26.4,38.6,11.0,97.0,3.2,0.4,6.3
201904,17,대구,17.703333333333333,8.9,25.3,39.9,11.0,97.0,3.1,0.7,5.8
201904,18,대구,16.88,8.5,24.1,42.43333333333333,12.0,98.0,2.8666666666666667,0.7,7.2
201904,19,대구,15.656666666666666,7.4,23.3,45.9,15.0,98.0,2.9233333333333333,0.2,5.9
201904,20,대구,14.793333333333333,6.5,22.3,48.93333333333333,16.0,98.0,2.6766666666666667,0.0,7.2
201904,21,대구,13.893333333333334,6.3,21.9,51.63333333333333,15.0,96.0,2.2866666666666666,0.0,6.4
201904,22,대구,13.16,5.6,20.6,54.3,18.0,97.0,1.98,0.0,5.5
201904,23,대구,12.523333333333333,5.4,19.6,56.06666666666667,21.0,98.0,1.81,0.0,6.0
201905,0,대구,18.280645161290323,10.7,23.9,53.38709677419355,27.0,94.0,1.5935483870967742,0.0,4.4
201905,1,대구,17.309677419354838,9.9,23.2,57.67741935483871,22.0,96.0,1.3774193548387097,0.0,5.6
201905,2,대구,16.5258064516129,9.3,21.9,60.70967741935484,29.0,97.0,1.2548387096774194,0.0,5.9
201905,3,대구,15.66451612903226,8.7,21.9,64.54838709677419,30.0,97.0,1.1612903225806452,0.0,3.8
201905,4,대구,14.95483870967742,8.5,21.4,68.03225806451613,33.0,98.0,0.9419354838709677,0.0,4.0
201905,5,대구,14.47741935483871,8.0,20.8,70.2258064516129,34.0,98.0,0.8258064516129032,0.0,4.4
201905,6,대구,14.26774193548387,7.5,19.7,73.03225806451613,33.0,98.0,0.8548387096774194,0.0,4.6
201905,7,대구,15.670967741935485,9.9,21.6,67.54838709677419,32.0,98.0,0.8741935483870968,0.0,3.7
201905,8,대구,17.477419354838712,11.7,24.3,60.38709677419355,31.0,96.0,1.261290322580645,0.0,4.3
201905,9,대구,19.425806451612903,14.3,26.8,51.45161290322581,28.0,96.0,1.8612903225806452,0.0,5.7
201905,10,대구,21.416129032258063,16.1,28.6,42.064516129032256,21.0,94.0,2.109677419354839,0.5,4.7
201905,11,대구,23.161290322580644,17.7,29.4,36.03225806451613,18.0,90.0,2.351612903225807,0.7,4.5
201905,12,대구,24.52258064516129,18.8,31.1,31.806451612903224,17.0,88.0,2.648387096774193,0.5,4.4
201905,13,대구,25.42258064516129,20.0,31.8,28.93548387096774,14.0,87.0,2.712903225806452,0.7,5.2
201905,14,대구,26.083870967741937,20.2,33.5,27.225806451612904,14.0,79.0,3.0612903225806454,1.0,5.8
201905,15,대구,26.616129032258065,19.4,34.1,26.580645161290324,12.0,74.0,3.135483870967742,0.8,5.9
201905,16,대구,26.351612903225806,17.9,33.9,27.612903225806452,12.0,77.0,3.4000000000000004,1.0,6.7
201905,17,대구,25.93548387096774,16.3,34.0,29.29032258064516,12.0,90.0,3.180645161290323,0.4,6.2
201905,18,대구,25.135483870967743,14.2,33.5,30.612903225806452,13.0,93.0,3.083870967741935,1.3,7.0
201905,19,대구,23.93548387096774,13.0,32.2,33.67741935483871,14.0,94.0,2.9322580645161294,0.6,6.5
201905,20,대구,22.5258064516129,12.4,29.8,38.29032258064516,16.0,95.0,2.5612903225806454,0.7,4.4
201905,21,대구,21.34193548387097,12.0,27.8,42.0,20.0,95.0,2.370967741935484,0.4,4.8
201905,22,대구,20.416129032258063,11.9,26.3,45.096774193548384,22.0,94.0,2.0193548387096776,0.1,4.1
201905,23,대구,19.37741935483871,11.6,24.6,49.54838709677419,21.0,95.0,1.9193548387096775,0.0,5.2
201906,0,대구,20.373333333333335,16.7,26.5,73.73333333333333,53.0,99.0,1.7366666666666668,0.0,3.8
201906,1,대구,19.933333333333334,16.6,25.9,76.1,51.0,99.0,1.68,0.0,3.3
201906,2,대구,19.376666666666665,16.4,25.2,79.0,56.0,99.0,1.5166666666666666,0.0,4.0
201906,3,대구,19.07,16.2,24.9,79.86666666666666,50.0,99.0,1.3066666666666669,0.0,3.0
201906,4,대구,18.71333333333333,15.2,24.3,81.63333333333334,49.0,99.0,1.22,0.0,2.8
201906,5,대구,18.35,14.7,22.8,83.53333333333333,61.0,99.0,1.1466666666666667,0.0,5.2
201906,6,대구,18.53666666666667,15.0,23.7,83.26666666666667,63.0,99.0,1.27,0.0,5.0
201906,7,대구,19.456666666666667,15.8,24.1,79.0,54.0,99.0,1.51,0.0,5.2
201906,8,대구,20.686666666666667,17.7,25.0,73.63333333333334,51.0,99.0,1.5599999999999998,0.0,5.8
201906,9,대구,22.34333333333333,18.5,26.9,66.26666666666667,40.0,99.0,1.7533333333333334,0.0,4.9
201906,10,대구,23.32,18.5,28.1,61.36666666666667,34.0,99.0,1.9033333333333333,0.0,4.3
201906,11,대구,24.576666666666664,18.3,29.5,56.96666666666667,30.0,98.0,2.013333333333333,0.0,5.0
201906,12,대구,25.636666666666667,19.0,32.0,52.766666666666666,27.0,99.0,2.1233333333333335,0.0,5.5
201906,13,대구,26.496666666666666,18.5,33.0,48.8,23.0,99.0,2.25,0.1,5.1
201906,14,대구,27.02,18.4,34.0,47.166666666666664,22.0,99.0,2.6266666666666665,0.9,4.3
201906,15,대구,27.263333333333332,18.6,34.3,46.96666666666667,21.0,99.0,2.746666666666667,0.4,6.4
201906,16,대구,27.25,18.6,35.1,47.96666666666667,16.0,99.0,3.07,1.8,6.5
201906,17,대구,26.81,19.0,34.5,49.56666666666667,16.0,99.0,3.3133333333333335,0.0,6.5
201906,18,대구,26.09333333333333,18.6,34.1,51.8,17.0,99.0,3.29,1.2,7.3
201906,19,대구,24.773333333333333,18.5,31.4,56.7,24.0,99.0,3.31,1.4,5.7
201906,20,대구,23.6,17.9,29.6,61.8,26.0,99.0,2.94,0.7,5.5
201906,21,대구,22.55,17.4,28.1,66.66666666666667,38.0,99.0,2.6633333333333336,0.0,5.1
201906,22,대구,21.84333333333333,17.0,27.7,68.63333333333334,36.0,99.0,2.31,0.0,4.0
201906,23,대구,21.066666666666666,16.6,27.1,72.0,43.0,99.0,1.9200000000000002,0.0,4.1
201907,0,대구,24.096774193548388,20.5,28.5,83.0,71.0,99.0,1.2096774193548387,0.0,4.0
201907,1,대구,23.59032258064516,19.9,27.9,85.80645161290323,75.0,99.0,1.1096774193548387,0.0,2.9
201907,2,대구,23.34193548387097,19.9,28.9,87.16129032258064,70.0,99.0,1.1451612903225807,0.0,3.3
201907,3,대구,23.051612903225806,19.3,27.2,88.48387096774194,73.0,99.0,0.8774193548387097,0.0,2.7
201907,4,대구,22.799999999999997,19.1,27.2,89.51612903225806,73.0,99.0,0.970967741935484,0.0,3.9
201907,5,대구,22.70967741935484,19.1,27.2,90.19354838709677,74.0,99.0,0.8709677419354839,0.0,5.4
201907,6,대구,22.761290322580646,19.2,28.1,90.16129032258064,76.0,99.0,0.9483870967741935,0.0,5.2
201907,7,대구,23.37741935483871,19.7,28.9,88.0,73.0,99.0,1.1548387096774193,0.0,5.0
201907,8,대구,24.419354838709676,21.4,29.7,83.09677419354838,69.0,99.0,1.4129032258064516,0.0,4.6
201907,9,대구,25.43548387096774,21.3,31.0,77.74193548387096,58.0,99.0,1.867741935483871,0.0,4.8
201907,10,대구,26.190322580645162,22.3,31.6,73.90322580645162,54.0,99.0,2.2870967741935484,0.0,4.9
201907,11,대구,27.14516129032258,22.8,32.9,68.51612903225806,42.0,98.0,2.403225806451613,0.0,5.1
201907,12,대구,28.05483870967742,23.0,33.6,64.16129032258064,39.0,99.0,2.732258064516129,0.0,6.6
201907,13,대구,28.44193548387097,22.0,35.0,62.32258064516129,36.0,99.0,2.6580645161290324,0.0,5.9
201907,14,대구,28.548387096774192,21.3,35.4,62.935483870967744,36.0,99.0,2.738709677419355,0.0,5.3
201907,15,대구,29.051612903225806,21.0,35.5,61.096774193548384,35.0,97.0,2.6806451612903226,0.7,5.9
201907,16,대구,28.903225806451612,20.9,34.8,60.806451612903224,36.0,99.0,2.7,0.9,5.9
201907,17,대구,28.5258064516129,20.6,35.4,62.38709677419355,38.0,99.0,2.667741935483871,0.0,7.3
201907,18,대구,28.12258064516129,20.4,34.7,64.12903225806451,38.0,99.0,2.5064516129032257,0.0,6.3
201907,19,대구,27.361290322580647,20.2,32.4,67.19354838709677,45.0,99.0,2.5903225806451613,0.0,5.7
201907,20,대구,26.396774193548385,20.3,31.2,71.51612903225806,48.0,99.0,2.0806451612903225,0.0,5.2
201907,21,대구,25.69677419354839,20.6,30.5,74.90322580645162,47.0,99.0,1.6774193548387097,0.0,4.6
201907,22,대구,25.10967741935484,20.8,30.0,77.83870967741936,52.0,99.0,1.4903225806451614,0.0,4.2
201907,23,대구,24.683870967741935,20.7,29.8,80.2258064516129,57.0,99.0,1.4096774193548387,0.0,3.5
201908,0,대구,25.92258064516129,21.3,29.6,81.48387096774194,62.0,99.0,1.5935483870967742,0.0,4.2
201908,1,대구,25.374193548387098,20.4,29.3,84.29032258064517,73.0,99.0,1.403225806451613,0.0,3.4
201908,2,대구,24.983870967741936,20.4,29.4,86.54838709677419,75.0,99.0,1.2032258064516128,0.0,3.7
201908,3,대구,24.758064516129032,19.4,28.6,86.7741935483871,68.0,99.0,1.3419354838709678,0.0,4.0
201908,4,대구,24.496774193548386,18.8,28.7,88.35483870967742,66.0,99.0,1.0451612903225806,0.0,3.7
201908,5,대구,24.325806451612905,18.5,28.6,88.41935483870968,67.0,99.0,1.1387096774193548,0.0,4.2
201908,6,대구,24.225806451612904,18.0,27.7,88.96774193548387,68.0,99.0,1.0483870967741935,0.0,3.8
201908,7,대구,24.73225806451613,19.5,28.6,86.74193548387096,73.0,99.0,1.2096774193548387,0.0,3.9
201908,8,대구,25.835483870967742,21.3,29.7,81.48387096774194,60.0,99.0,1.3483870967741935,0.0,4.8
201908,9,대구,27.019354838709678,21.9,31.2,76.48387096774194,51.0,99.0,1.6290322580645162,0.0,5.1
201908,10,대구,28.187096774193545,22.4,32.1,70.29032258064517,48.0,99.0,1.961290322580645,0.1,5.4
201908,11,대구,29.05483870967742,23.1,33.2,66.51612903225806,44.0,99.0,2.361290322580645,0.1,6.1
201908,12,대구,29.92258064516129,22.5,34.6,61.61290322580645,35.0,99.0,2.667741935483871,0.0,5.9
201908,13,대구,30.635483870967743,20.8,35.5,59.38709677419355,33.0,99.0,2.648387096774193,0.8,6.3
201908,14,대구,30.925806451612903,21.5,35.5,58.193548387096776,32.0,99.0,2.767741935483871,0.6,6.1
201908,15,대구,30.996774193548386,21.5,35.7,58.41935483870968,31.0,99.0,2.732258064516129,0.5,5.8
201908,16,대구,30.738709677419354,22.0,35.2,58.83870967741935,33.0,99.0,2.6225806451612903,0.0,5.8
201908,17,대구,30.18064516129032,22.7,35.3,61.45161290322581,37.0,99.0,2.767741935483871,0.0,5.8
201908,18,대구,29.629032258064516,22.3,34.8,63.12903225806452,38.0,99.0,2.490322580645161,0.0,5.9
201908,19,대구,28.706451612903226,22.3,33.8,66.12903225806451,40.0,99.0,2.2903225806451615,0.0,5.2
201908,20,대구,27.825806451612905,22.5,32.4,70.12903225806451,46.0,99.0,1.8419354838709678,0.0,5.0
201908,21,대구,27.0258064516129,22.5,32.3,75.16129032258064,60.0,99.0,1.9774193548387096,0.0,4.9
201908,22,대구,26.538709677419355,22.3,30.5,77.61290322580645,61.0,99.0,1.929032258064516,0.0,5.0
201908,23,대구,26.080645161290324,21.8,30.0,79.90322580645162,61.0,99.0,1.770967741935484,0.0,5.0
201909,0,대구,20.983333333333334,14.9,27.3,85.9,70.0,99.0,1.2266666666666666,0.0,4.3
201909,1,대구,20.673333333333336,14.4,27.5,87.33333333333333,73.0,99.0,1.1266666666666665,0.0,4.2
201909,2,대구,20.38,14.2,27.1,89.13333333333334,74.0,99.0,1.1733333333333333,0.0,4.1
201909,3,대구,20.186666666666667,13.6,27.4,89.9,72.0,99.0,1.1400000000000001,0.0,5.4
201909,4,대구,19.976666666666667,13.2,26.1,91.13333333333334,73.0,99.0,1.0,0.0,5.7
201909,5,대구,19.766666666666666,12.7,25.9,92.53333333333333,76.0,99.0,1.2066666666666668,0.0,5.3
201909,6,대구,19.66,12.8,25.4,93.1,74.0,99.0,1.1066666666666665,0.0,5.8
201909,7,대구,19.916666666666668,13.4,25.3,92.43333333333334,73.0,99.0,0.9233333333333333,0.0,5.7
201909,8,대구,20.82,14.9,26.6,88.6,66.0,99.0,1.2733333333333334,0.0,4.8
201909,9,대구,22.14,17.4,28.7,82.1,57.0,99.0,1.4566666666666668,0.0,6.7
201909,10,대구,23.28666666666667,18.6,28.5,75.83333333333333,54.0,99.0,1.7966666666666666,0.0,6.7
201909,11,대구,24.470000000000002,18.7,30.0,69.76666666666667,46.0,99.0,2.253333333333333,0.0,5.7
201909,12,대구,25.32,18.1,31.2,65.46666666666667,32.0,99.0,2.2866666666666666,0.0,5.4
201909,13,대구,25.723333333333336,18.3,31.1,62.9,34.0,97.0,2.42,0.0,5.0
201909,14,대구,25.98,18.1,31.5,62.5,32.0,99.0,2.356666666666667,0.0,4.9
201909,15,대구,25.94333333333333,18.2,30.8,61.733333333333334,30.0,93.0,2.7133333333333334,0.0,6.3
201909,16,대구,25.456666666666667,17.4,29.9,65.23333333333333,23.0,97.0,2.74,0.0,6.4
201909,17,대구,25.0,16.7,30.0,66.76666666666667,26.0,97.0,2.7233333333333336,0.0,7.0
201909,18,대구,24.209999999999997,16.7,29.0,69.6,31.0,99.0,2.27,0.0,5.7
201909,19,대구,23.189999999999998,16.7,27.9,74.8,53.0,97.0,2.2733333333333334,0.0,5.4
201909,20,대구,22.540000000000003,16.6,27.3,78.0,59.0,99.0,2.18,0.0,5.3
201909,21,대구,22.083333333333332,16.8,27.1,80.3,64.0,99.0,1.8933333333333333,0.0,5.1
201909,22,대구,21.67,17.0,27.3,82.83333333333333,67.0,97.0,1.5733333333333335,0.0,4.7
201909,23,대구,21.28666666666667,15.6,27.2,84.63333333333334,67.0,99.0,1.3266666666666667,0.0,5.0
201910,0,대구,15.180645161290323,8.0,23.2,79.90322580645162,48.0,98.0,0.9064516129032258,0.0,3.3
201910,1,대구,14.67741935483871,6.5,23.0,83.0,50.0,99.0,0.9741935483870967,0.0,3.5
201910,2,대구,14.3,6.5,22.7,84.70967741935483,49.0,99.0,0.9548387096774194,0.0,3.6
201910,3,대구,13.941935483870967,5.7,22.1,85.74193548387096,50.0,99.0,0.8903225806451613,0.0,3.4
201910,4,대구,13.709677419354838,5.4,22.6,86.45161290322581,50.0,99.0,1.0451612903225806,0.0,3.6
201910,5,대구,13.341935483870968,4.7,22.1,87.64516129032258,63.0,99.0,1.1,0.0,4.1
201910,6,대구,13.135483870967741,4.3,21.6,88.25806451612904,62.0,99.0,1.038709677419355,0.0,3.9
201910,7,대구,13.248387096774193,4.2,21.9,87.80645161290323,63.0,99.0,0.7967741935483871,0.0,2.8
201910,8,대구,14.229032258064517,6.7,22.2,84.03225806451613,61.0,99.0,1.0612903225806452,0.0,3.8
201910,9,대구,15.667741935483871,9.3,22.7,76.7741935483871,50.0,99.0,1.538709677419355,0.0,5.8
201910,10,대구,17.080645161290324,11.9,23.3,70.3225806451613,40.0,99.0,2.0064516129032257,0.0,5.2
201910,11,대구,18.69677419354839,13.7,25.8,63.16129032258065,34.0,99.0,2.3419354838709676,0.6,5.3
201910,12,대구,19.970967741935485,15.3,26.6,57.74193548387097,31.0,99.0,2.6870967741935483,0.8,5.4
201910,13,대구,20.648387096774194,16.1,27.7,53.58064516129032,27.0,99.0,2.9967741935483874,1.0,6.1
201910,14,대구,21.15806451612903,16.3,27.6,51.38709677419355,22.0,99.0,3.009677419354839,0.0,5.9
201910,15,대구,21.20967741935484,15.9,27.5,50.61290322580645,22.0,99.0,3.0999999999999996,0.0,5.7
201910,16,대구,21.051612903225806,15.7,26.9,51.03225806451613,24.0,99.0,2.883870967741936,0.3,5.2
201910,17,대구,20.24516129032258,15.7,26.5,54.03225806451613,29.0,98.0,2.7483870967741937,0.0,5.0
201910,18,대구,18.980645161290322,15.0,25.8,59.45161290322581,34.0,99.0,2.4064516129032256,0.0,5.6
201910,19,대구,17.845161290322583,13.0,25.1,65.16129032258064,39.0,99.0,1.9129032258064516,0.0,5.5
201910,20,대구,17.10967741935484,10.9,23.3,67.80645161290323,36.0,99.0,1.5774193548387097,0.0,4.2
201910,21,대구,16.364516129032257,9.9,22.6,71.54838709677419,37.0,99.0,1.403225806451613,0.0,4.0
201910,22,대구,15.803225806451612,9.2,22.4,74.7741935483871,49.0,99.0,1.103225806451613,0.0,4.0
201910,23,대구,15.303225806451612,8.1,22.7,77.3225806451613,45.0,99.0,1.1451612903225807,0.0,3.6
201911,0,대구,7.996666666666667,0.3,14.5,75.43333333333334,44.0,97.0,1.1666666666666667,0.0,5.0
201911,1,대구,7.543333333333334,-0.3,16.4,77.86666666666666,46.0,99.0,1.0166666666666666,0.0,6.0
201911,2,대구,7.243333333333334,-0.6,20.2,79.26666666666667,50.0,99.0,1.0533333333333335,0.0,5.8
201911,3,대구,6.819999999999999,-1.2,19.5,81.83333333333333,49.0,99.0,1.2133333333333334,0.0,6.4
201911,4,대구,6.319999999999999,-1.5,15.7,82.53333333333333,47.0,99.0,1.03,0.0,6.0
201911,5,대구,5.916666666666667,-2.1,14.4,82.96666666666667,38.0,99.0,1.1133333333333333,0.0,5.4
201911,6,대구,5.6066666666666665,-2.2,13.9,84.0,33.0,99.0,1.1866666666666668,0.0,5.9
201911,7,대구,5.489999999999999,-2.5,13.9,84.4,33.0,99.0,1.23,0.0,5.6
201911,8,대구,6.236666666666666,-1.1,13.1,82.06666666666666,34.0,99.0,1.2833333333333334,0.0,5.4
201911,9,대구,7.873333333333333,2.3,14.1,72.93333333333334,37.0,96.0,1.5933333333333333,0.0,7.1
201911,10,대구,9.78,4.0,17.5,63.4,36.0,91.0,1.8866666666666667,0.0,7.9
201911,11,대구,11.53,4.7,19.2,55.8,34.0,89.0,2.3,0.0,7.0
201911,12,대구,12.886666666666667,5.8,20.3,50.2,26.0,87.0,2.33,0.0,7.2
201911,13,대구,13.873333333333333,6.4,21.5,46.43333333333333,23.0,85.0,2.61,0.1,5.9
201911,14,대구,14.629999999999999,7.1,22.7,44.4,21.0,86.0,2.3666666666666667,0.0,5.8
201911,15,대구,14.889999999999999,7.2,22.6,43.733333333333334,20.0,85.0,2.496666666666667,0.0,6.2
201911,16,대구,14.746666666666666,6.8,22.4,44.3,19.0,85.0,2.26,0.4,5.9
201911,17,대구,13.926666666666668,6.1,20.1,47.4,23.0,87.0,2.26,0.0,6.1
201911,18,대구,12.616666666666667,5.2,18.3,52.733333333333334,26.0,88.0,1.98,0.0,4.9
201911,19,대구,11.516666666666667,4.2,17.3,58.166666666666664,32.0,91.0,1.76,0.0,5.0
201911,20,대구,10.69,2.8,16.8,62.333333333333336,39.0,88.0,1.6666666666666667,0.0,5.8
201911,21,대구,9.963333333333333,2.3,15.2,65.86666666666666,33.0,88.0,1.28,0.0,5.1
201911,22,대구,9.216666666666667,1.1,14.7,69.7,51.0,93.0,1.2966666666666666,0.0,7.4
201911,23,대구,8.389999999999999,0.3,14.7,73.06666666666666,46.0,96.0,1.2666666666666666,0.0,7.2
201912,0,대구,2.161290322580645,-3.5,9.4,63.83870967741935,34.0,98.0,1.9387096774193548,0.0,6.9
201912,1,대구,1.538709677419355,-4.8,8.8,66.61290322580645,36.0,98.0,1.9096774193548387,0.1,7.2
201912,2,대구,1.1741935483870967,-3.9,8.4,67.7741935483871,37.0,99.0,1.8451612903225807,0.1,6.3
201912,3,대구,0.9548387096774192,-3.9,8.0,68.12903225806451,36.0,99.0,1.9193548387096775,0.0,6.6
201912,4,대구,0.635483870967742,-4.6,7.5,69.54838709677419,43.0,98.0,1.9096774193548387,0.0,9.0
201912,5,대구,0.20322580645161287,-4.8,7.1,70.41935483870968,45.0,99.0,1.703225806451613,0.0,6.9
201912,6,대구,0.18709677419354837,-4.7,8.1,69.38709677419355,40.0,99.0,1.5838709677419356,0.1,6.3
201912,7,대구,0.02580645161290325,-4.7,7.3,69.83870967741936,39.0,99.0,1.667741935483871,0.0,6.0
201912,8,대구,0.1548387096774194,-5.0,7.6,70.74193548387096,39.0,98.0,1.435483870967742,0.0,6.2
201912,9,대구,1.403225806451613,-4.6,7.8,65.7741935483871,33.0,97.0,1.3741935483870968,0.0,5.4
201912,10,대구,2.664516129032258,-3.8,7.7,59.61290322580645,27.0,93.0,1.9903225806451614,0.2,5.6
201912,11,대구,4.309677419354839,-3.1,10.0,52.54838709677419,22.0,91.0,2.1806451612903226,0.2,5.5
201912,12,대구,5.867741935483871,-1.9,12.4,47.29032258064516,17.0,88.0,2.4612903225806453,0.5,5.7
201912,13,대구,7.1,-1.6,15.2,42.806451612903224,12.0,84.0,2.851612903225807,0.6,6.5
201912,14,대구,7.825806451612903,-0.8,15.5,41.70967741935484,11.0,88.0,2.8193548387096774,0.8,5.9
201912,15,대구,8.151612903225807,-0.5,14.8,41.61290322580645,12.0,91.0,2.674193548387097,0.2,6.7
201912,16,대구,8.051612903225806,-0.1,14.9,41.225806451612904,13.0,96.0,2.8193548387096774,0.4,6.6
201912,17,대구,7.174193548387097,-0.8,13.8,43.0,21.0,99.0,2.519354838709677,0.0,6.2
201912,18,대구,6.1,-1.6,13.1,47.0,24.0,99.0,2.0870967741935487,0.1,5.0
201912,19,대구,5.22258064516129,-2.1,12.8,50.58064516129032,25.0,99.0,1.9,0.1,5.4
201912,20,대구,4.296774193548386,-2.6,12.3,53.74193548387097,25.0,99.0,1.9580645161290324,0.1,5.1
201912,21,대구,3.6258064516129034,-3.1,11.3,55.903225806451616,27.0,99.0,2.3193548387096774,0.1,8.1
201912,22,대구,3.0064516129032257,-3.5,10.5,58.354838709677416,31.0,99.0,2.0258064516129033,0.0,7.0
201912,23,대구,2.396774193548387,-3.8,10.0,60.29032258064516,30.0,99.0,2.264516129032258,0.1,8.1
202001,0,대구,2.4645161290322584,-4.3,14.0,66.09677419354838,31.0,100.0,1.8451612903225805,0.0,5.1
202001,1,대구,2.129032258064516,-4.6,12.6,67.6774193548387,31.0,100.0,1.7451612903225806,0.3,4.9
202001,2,대구,1.967741935483871,-4.8,13.6,67.51612903225806,33.0,100.0,1.835483870967742,0.1,5.3
202001,3,대구,1.6387096774193548,-4.6,12.2,69.0,37.0,100.0,1.6935483870967742,0.1,4.8
202001,4,대구,1.4580645161290324,-4.5,10.8,69.06451612903226,41.0,100.0,1.632258064516129,0.2,5.9
202001,5,대구,1.3483870967741938,-4.3,10.4,69.48387096774194,41.0,100.0,1.6580645161290322,0.2,5.8
202001,6,대구,1.270967741935484,-4.5,9.5,69.90322580645162,42.0,100.0,1.7000000000000002,0.0,5.0
202001,7,대구,1.2322580645161292,-3.9,8.5,70.45161290322581,40.0,100.0,1.7225806451612902,0.1,6.3
202001,8,대구,1.1741935483870967,-4.0,8.6,72.19354838709677,42.0,100.0,1.8580645161290323,0.3,6.4
202001,9,대구,1.9806451612903226,-3.4,8.5,70.12903225806451,40.0,100.0,1.964516129032258,0.0,8.1
202001,10,대구,3.1806451612903226,-1.3,7.6,65.2258064516129,37.0,100.0,2.138709677419355,0.2,6.9
202001,11,대구,4.354838709677419,1.0,8.8,59.58064516129032,34.0,100.0,2.4645161290322584,0.4,6.5
202001,12,대구,5.396774193548388,1.7,9.2,54.064516129032256,29.0,98.0,2.929032258064516,0.4,6.4
202001,13,대구,6.254838709677419,1.4,10.2,50.25806451612903,24.0,98.0,2.8225806451612905,0.3,6.3
202001,14,대구,6.84516129032258,1.5,10.9,48.516129032258064,21.0,98.0,2.6774193548387095,0.4,5.6
202001,15,대구,7.245161290322581,1.6,11.4,46.483870967741936,18.0,97.0,3.103225806451613,0.3,6.5
202001,16,대구,7.293548387096774,2.1,11.5,46.70967741935484,17.0,97.0,2.954838709677419,0.3,6.4
202001,17,대구,6.709677419354839,2.2,10.4,48.193548387096776,18.0,97.0,2.667741935483871,0.3,4.9
202001,18,대구,5.887096774193548,2.4,9.4,51.25806451612903,26.0,99.0,2.293548387096774,0.2,4.8
202001,19,대구,5.270967741935484,2.0,8.8,53.96774193548387,26.0,99.0,2.164516129032258,0.1,5.6
202001,20,대구,4.596774193548387,1.2,9.5,57.74193548387097,27.0,100.0,1.9967741935483871,0.2,5.1
202001,21,대구,3.9935483870967743,0.6,11.5,61.70967741935484,29.0,100.0,1.8709677419354838,0.0,4.1
202001,22,대구,3.396774193548387,0.0,13.6,64.93548387096774,41.0,100.0,1.7225806451612902,0.0,4.1
202001,23,대구,3.093548387096774,-0.2,15.7,65.2258064516129,40.0,100.0,1.8612903225806452,0.0,5.1
202002,0,대구,3.4103448275862065,-4.9,12.0,63.44827586206897,30.0,100.0,2.0827586206896553,0.0,7.0
202002,1,대구,3.1379310344827585,-5.4,11.6,65.17241379310344,33.0,100.0,1.9310344827586208,0.0,5.2
202002,2,대구,2.706896551724138,-6.0,11.1,69.17241379310344,36.0,100.0,1.986206896551724,0.1,6.1
202002,3,대구,2.2655172413793103,-6.2,10.4,71.93103448275862,37.0,100.0,2.079310344827586,0.3,5.6
202002,4,대구,1.9896551724137932,-6.5,10.2,73.41379310344827,38.0,100.0,2.037931034482759,0.0,5.6
202002,5,대구,1.8344827586206898,-6.9,10.1,73.03448275862068,33.0,100.0,2.124137931034483,0.2,5.8
202002,6,대구,1.493103448275862,-7.1,9.5,74.0,32.0,100.0,2.037931034482759,0.3,6.2
202002,7,대구,1.3586206896551725,-7.1,8.9,74.34482758620689,36.0,100.0,1.8241379310344827,0.0,4.8
202002,8,대구,1.6137931034482758,-7.4,9.1,72.96551724137932,38.0,100.0,1.9448275862068964,0.0,6.1
202002,9,대구,2.7448275862068963,-5.6,10.0,68.34482758620689,30.0,100.0,2.086206896551724,0.3,5.4
202002,10,대구,4.106896551724137,-4.9,11.9,61.3448275862069,28.0,100.0,2.8517241379310345,0.6,6.0
202002,11,대구,5.413793103448276,-3.4,13.5,54.689655172413794,25.0,97.0,2.8758620689655174,0.5,7.1
202002,12,대구,6.810344827586207,-0.9,14.9,49.44827586206897,23.0,97.0,3.203448275862069,0.8,7.4
202002,13,대구,8.03448275862069,-0.2,16.1,44.793103448275865,19.0,98.0,3.3344827586206898,0.8,7.9
202002,14,대구,8.724137931034482,0.2,17.0,43.0,17.0,99.0,3.4000000000000004,0.3,8.9
202002,15,대구,9.237931034482758,-0.2,17.2,40.793103448275865,18.0,98.0,3.3344827586206898,0.4,8.7
202002,16,대구,9.427586206896551,0.8,18.1,40.689655172413794,18.0,98.0,3.013793103448276,0.9,8.1
202002,17,대구,8.879310344827585,-0.7,17.2,41.96551724137931,19.0,98.0,3.0448275862068965,0.8,7.5
202002,18,대구,7.893103448275863,-1.4,15.6,44.62068965517241,19.0,99.0,2.7724137931034485,0.4,8.5
202002,19,대구,6.8517241379310345,-2.2,13.7,48.03448275862069,23.0,99.0,2.572413793103448,0.6,6.7
202002,20,대구,6.1482758620689655,-2.8,13.2,50.827586206896555,23.0,99.0,2.4586206896551723,0.4,6.4
202002,21,대구,5.241379310344827,-3.4,12.6,55.13793103448276,26.0,98.0,2.282758620689655,0.3,6.8
202002,22,대구,4.672413793103448,-3.7,12.4,58.6551724137931,25.0,98.0,2.1344827586206896,0.2,5.9
202002,23,대구,4.06551724137931,-4.5,12.1,61.310344827586206,26.0,100.0,2.0827586206896553,0.3,6.0
202003,0,대구,7.464516129032258,1.0,14.8,67.87096774193549,29.0,100.0,2.325806451612903,0.4,5.9
202003,1,대구,6.780645161290322,-0.1,15.1,69.7741935483871,29.0,100.0,2.029032258064516,0.0,6.5
202003,2,대구,6.164516129032258,-0.5,14.6,71.64516129032258,32.0,100.0,1.7096774193548387,0.0,6.4
202003,3,대구,5.62258064516129,-1.2,14.1,73.51612903225806,38.0,100.0,1.7483870967741937,0.2,5.0
202003,4,대구,5.138709677419355,-1.7,14.1,75.54838709677419,43.0,100.0,1.7193548387096775,0.0,6.0
202003,5,대구,4.961290322580646,-2.2,13.8,77.3225806451613,44.0,100.0,1.570967741935484,0.0,5.6
202003,6,대구,4.590322580645162,-2.4,14.0,78.83870967741936,46.0,100.0,1.6741935483870967,0.0,4.8
202003,7,대구,4.580645161290323,-2.6,14.1,78.29032258064517,47.0,100.0,1.6483870967741936,0.0,4.6
202003,8,대구,5.67741935483871,-0.4,14.4,74.48387096774194,46.0,100.0,1.7870967741935484,0.2,4.6
202003,9,대구,7.425806451612903,1.1,15.7,67.64516129032258,42.0,100.0,1.9161290322580644,0.3,5.5
202003,10,대구,9.280645161290321,2.7,17.2,60.58064516129032,38.0,100.0,2.1258064516129034,0.3,5.7
202003,11,대구,10.990322580645161,4.1,18.8,54.645161290322584,32.0,100.0,2.7451612903225806,1.0,6.6
202003,12,대구,12.451612903225806,6.0,19.0,50.483870967741936,28.0,100.0,3.2129032258064516,0.4,7.6
202003,13,대구,13.529032258064515,7.6,19.9,46.41935483870968,27.0,100.0,3.3225806451612905,0.8,7.5
202003,14,대구,14.19032258064516,8.5,21.1,44.774193548387096,25.0,99.0,3.1806451612903226,0.8,6.6
202003,15,대구,14.680645161290323,9.5,23.1,43.38709677419355,24.0,95.0,3.5516129032258066,1.1,9.3
202003,16,대구,14.703225806451613,9.1,25.3,42.96774193548387,25.0,84.0,3.5677419354838706,0.8,10.1
202003,17,대구,14.316129032258065,8.0,24.6,43.806451612903224,25.0,84.0,3.5903225806451613,0.4,9.3
202003,18,대구,13.32258064516129,6.5,22.8,46.12903225806452,26.0,89.0,3.6193548387096777,0.4,9.2
202003,19,대구,11.961290322580645,4.6,20.3,50.54838709677419,28.0,100.0,3.070967741935484,0.6,8.9
202003,20,대구,10.748387096774193,3.4,19.1,54.29032258064516,29.0,100.0,3.148387096774193,0.2,7.1
202003,21,대구,9.85483870967742,2.8,17.6,57.74193548387097,27.0,100.0,2.858064516129032,0.0,7.6
202003,22,대구,8.980645161290322,1.8,15.6,62.0,27.0,100.0,2.638709677419355,0.6,6.8
202003,23,대구,8.251612903225807,1.3,14.9,65.09677419354838,32.0,100.0,2.2225806451612904,0.0,6.1
202004,0,대구,10.24,5.7,15.9,61.86666666666667,30.0,100.0,2.1933333333333334,0.3,6.7
202004,1,대구,9.629999999999999,5.4,15.1,63.1,31.0,100.0,2.146666666666667,0.5,7.1
202004,2,대구,8.783333333333333,4.4,14.0,66.2,33.0,100.0,1.9133333333333333,0.2,5.4
202004,3,대구,8.24,3.9,12.5,68.33333333333333,35.0,100.0,1.9366666666666668,0.1,4.4
202004,4,대구,7.776666666666667,2.9,11.4,69.23333333333333,40.0,100.0,1.7433333333333334,0.0,4.5
202004,5,대구,7.42,2.3,11.6,70.2,43.0,100.0,1.6366666666666667,0.0,4.1
202004,6,대구,7.093333333333334,1.3,10.7,71.5,43.0,99.0,1.5100000000000002,0.0,3.6
202004,7,대구,7.953333333333333,2.6,12.6,69.36666666666666,42.0,98.0,1.4833333333333334,0.1,3.9
202004,8,대구,9.75,5.7,14.8,61.96666666666667,36.0,91.0,1.96,0.4,6.0
202004,9,대구,11.543333333333333,7.8,16.4,53.9,32.0,99.0,2.7800000000000002,0.3,6.4
202004,10,대구,13.123333333333333,8.3,19.1,48.03333333333333,31.0,100.0,3.24,1.1,6.2
202004,11,대구,14.473333333333333,8.9,21.1,43.86666666666667,26.0,100.0,3.6199999999999997,0.8,6.9
202004,12,대구,15.633333333333333,9.2,22.6,40.7,23.0,100.0,3.8666666666666667,2.2,7.7
202004,13,대구,16.683333333333334,9.9,23.6,38.166666666666664,22.0,100.0,3.93,0.9,7.8
202004,14,대구,17.39333333333333,10.5,24.6,37.03333333333333,19.0,100.0,3.856666666666667,1.4,7.9
202004,15,대구,17.959999999999997,11.2,26.4,36.03333333333333,18.0,92.0,3.94,1.6,7.6
202004,16,대구,18.076666666666664,10.4,26.8,36.56666666666667,18.0,99.0,3.683333333333333,1.5,7.5
202004,17,대구,17.803333333333335,10.3,26.8,37.166666666666664,18.0,100.0,3.6133333333333337,0.8,7.1
202004,18,대구,16.71,10.3,25.6,39.833333333333336,18.0,99.0,3.5633333333333335,1.3,7.4
202004,19,대구,15.196666666666665,9.0,23.3,45.6,19.0,100.0,3.46,0.5,7.1
202004,20,대구,13.94,7.8,22.2,50.46666666666667,20.0,100.0,3.3400000000000003,0.4,7.0
202004,21,대구,12.896666666666667,7.1,20.0,53.9,20.0,100.0,3.19,0.1,6.3
202004,22,대구,12.013333333333332,6.6,19.6,57.2,22.0,100.0,2.98,0.3,6.7
202004,23,대구,11.166666666666666,6.1,18.4,59.86666666666667,26.0,100.0,2.68,0.2,7.7
202005,0,대구,17.20967741935484,12.6,21.6,71.74193548387096,43.0,100.0,2.093548387096774,0.4,5.6
202005,1,대구,16.55806451612903,12.1,20.3,73.80645161290323,44.0,100.0,1.9903225806451614,0.4,4.2
202005,2,대구,16.048387096774192,11.8,19.4,75.61290322580645,48.0,100.0,1.8129032258064515,0.1,4.5
202005,3,대구,15.506451612903225,11.1,19.4,78.51612903225806,47.0,100.0,1.6935483870967742,0.0,4.7
202005,4,대구,15.151612903225805,10.3,19.0,80.29032258064517,48.0,100.0,1.7967741935483872,0.1,4.8
202005,5,대구,14.841935483870968,9.2,19.0,82.41935483870968,53.0,100.0,1.4483870967741934,0.0,3.6
202005,6,대구,14.832258064516129,9.2,18.5,82.58064516129032,58.0,100.0,1.5193548387096774,0.0,4.3
202005,7,대구,15.703225806451613,10.4,19.2,78.06451612903226,51.0,100.0,1.832258064516129,0.0,4.5
202005,8,대구,17.009677419354837,13.0,20.6,73.29032258064517,45.0,100.0,2.2129032258064516,0.2,5.2
202005,9,대구,18.483870967741936,14.3,22.0,66.45161290322581,40.0,100.0,2.6451612903225805,0.6,4.4
202005,10,대구,20.03548387096774,15.4,25.1,59.935483870967744,35.0,94.0,2.532258064516129,1.2,4.6
202005,11,대구,21.312903225806455,16.6,25.5,55.74193548387097,29.0,98.0,2.7903225806451615,0.8,5.7
202005,12,대구,22.490322580645163,16.6,26.8,52.0,27.0,100.0,2.7903225806451615,1.0,5.8
202005,13,대구,23.55483870967742,16.5,28.3,49.0,28.0,100.0,2.9451612903225803,0.8,6.6
202005,14,대구,24.01290322580645,15.8,29.8,48.29032258064516,24.0,100.0,3.2161290322580647,1.3,5.8
202005,15,대구,24.361290322580647,16.1,31.2,47.483870967741936,23.0,99.0,3.109677419354839,0.5,6.5
202005,16,대구,24.177419354838708,15.9,30.8,47.87096774193548,23.0,99.0,3.1838709677419357,0.8,7.6
202005,17,대구,23.76774193548387,15.4,29.9,49.32258064516129,24.0,100.0,2.954838709677419,0.8,6.2
202005,18,대구,22.9741935483871,15.3,28.4,50.903225806451616,25.0,100.0,3.3451612903225807,1.6,7.8
202005,19,대구,21.683870967741935,15.3,25.8,54.29032258064516,25.0,100.0,3.064516129032258,0.5,6.4
202005,20,대구,20.34193548387097,15.2,24.3,58.96774193548387,27.0,100.0,2.864516129032258,0.3,6.9
202005,21,대구,19.393548387096775,14.5,23.9,62.806451612903224,28.0,100.0,2.5,0.4,7.4
202005,22,대구,18.690322580645162,13.6,23.0,64.7741935483871,33.0,100.0,2.4870967741935486,0.2,5.9
202005,23,대구,17.948387096774194,12.7,22.6,68.06451612903226,38.0,100.0,2.4516129032258065,0.0,6.6
202006,0,대구,22.283333333333335,17.9,27.0,69.8,40.0,100.0,1.9666666666666666,0.1,6.1
202006,1,대구,21.666666666666668,17.7,25.3,72.73333333333333,47.0,100.0,1.8466666666666667,0.2,4.7
202006,2,대구,21.173333333333336,17.1,24.1,75.73333333333333,49.0,100.0,1.7066666666666666,0.2,4.6
202006,3,대구,20.743333333333332,16.5,24.5,78.36666666666666,56.0,100.0,1.7466666666666666,0.2,4.7
202006,4,대구,20.46333333333333,16.1,24.2,79.0,58.0,100.0,1.6033333333333333,0.2,4.2
202006,5,대구,19.976666666666667,16.0,23.3,81.3,61.0,100.0,1.5066666666666668,0.0,3.5
202006,6,대구,20.043333333333333,15.8,23.4,81.86666666666666,60.0,100.0,1.2666666666666666,0.0,3.2
202006,7,대구,21.063333333333333,16.8,24.6,77.96666666666667,50.0,100.0,1.51,0.1,4.6
202006,8,대구,22.273333333333333,18.6,26.0,72.53333333333333,47.0,100.0,1.62,0.2,5.2
202006,9,대구,23.686666666666667,18.1,27.8,66.5,40.0,100.0,1.9033333333333333,0.3,4.9
202006,10,대구,25.05,18.2,29.8,60.96666666666667,32.0,100.0,2.1599999999999997,0.9,5.1
202006,11,대구,26.383333333333333,18.5,31.6,55.56666666666667,29.0,100.0,2.1766666666666667,0.3,5.1
202006,12,대구,27.476666666666667,18.5,32.7,51.9,27.0,92.0,2.4733333333333336,0.8,6.3
202006,13,대구,28.273333333333333,18.4,33.5,49.9,28.0,86.0,2.6599999999999997,0.8,5.5
202006,14,대구,28.763333333333332,18.8,34.7,48.13333333333333,24.0,88.0,2.6966666666666668,0.9,5.8
202006,15,대구,29.253333333333334,19.4,35.6,45.96666666666667,26.0,89.0,2.58,0.9,5.5
202006,16,대구,29.279999999999998,20.0,36.3,46.0,26.0,84.0,2.6300000000000003,0.5,5.5
202006,17,대구,28.86,20.1,35.5,46.733333333333334,25.0,88.0,2.9699999999999998,0.5,5.6
202006,18,대구,28.02,20.0,34.1,48.9,27.0,92.0,2.8766666666666665,0.8,5.6
202006,19,대구,26.776666666666664,19.7,32.6,53.1,30.0,100.0,2.77,0.0,5.3
202006,20,대구,25.553333333333335,19.6,31.3,56.56666666666667,31.0,100.0,2.5133333333333336,0.7,4.9
202006,21,대구,24.46333333333333,18.5,29.6,60.93333333333333,31.0,100.0,2.4066666666666667,0.2,5.1
202006,22,대구,23.553333333333335,17.9,28.8,64.53333333333333,32.0,99.0,2.2766666666666664,0.5,5.5
202006,23,대구,22.790000000000003,17.9,27.4,67.86666666666666,38.0,100.0,2.03,0.1,4.5
202007,0,대구,21.780645161290323,18.0,27.5,84.83870967741936,65.0,96.0,2.0,0.0,4.1
202007,1,대구,21.593548387096774,18.1,28.8,85.41935483870968,65.0,96.0,2.0483870967741935,0.1,5.3
202007,2,대구,21.312903225806455,18.2,28.3,87.3225806451613,66.0,96.0,1.8451612903225807,0.0,4.6
202007,3,대구,21.106451612903225,18.1,28.1,87.96774193548387,68.0,97.0,1.832258064516129,0.0,4.8
202007,4,대구,20.9,17.4,28.6,89.25806451612904,67.0,97.0,1.935483870967742,0.0,5.7
202007,5,대구,20.77741935483871,16.9,27.8,89.70967741935483,71.0,97.0,1.7580645161290323,0.0,6.5
202007,6,대구,20.770967741935483,17.3,28.6,89.61290322580645,66.0,97.0,1.7548387096774194,0.0,5.9
202007,7,대구,21.280645161290323,17.8,28.7,87.61290322580645,65.0,97.0,2.074193548387097,0.5,4.2
202007,8,대구,21.94516129032258,18.2,29.1,84.3225806451613,64.0,97.0,1.9483870967741934,0.0,4.3
202007,9,대구,22.712903225806453,18.4,30.0,79.80645161290323,61.0,96.0,2.325806451612903,0.4,6.6
202007,10,대구,23.38064516129032,18.5,28.5,76.48387096774194,56.0,96.0,2.509677419354839,0.6,6.1
202007,11,대구,24.07741935483871,18.9,29.6,72.6774193548387,47.0,95.0,2.5806451612903225,0.8,5.8
202007,12,대구,24.674193548387095,18.6,30.4,70.93548387096774,44.0,97.0,2.4741935483870967,0.6,4.8
202007,13,대구,25.17096774193548,19.4,30.6,69.35483870967742,41.0,97.0,2.4967741935483874,0.4,4.9
202007,14,대구,25.503225806451614,19.7,32.0,68.45161290322581,41.0,96.0,2.5258064516129033,1.0,4.9
202007,15,대구,25.75483870967742,19.9,31.7,67.80645161290323,42.0,94.0,2.5677419354838706,0.6,4.8
202007,16,대구,25.838709677419356,20.6,31.6,67.80645161290323,44.0,94.0,2.5580645161290323,0.4,5.3
202007,17,대구,25.45483870967742,20.3,30.9,69.12903225806451,47.0,93.0,2.725806451612903,0.5,5.2
202007,18,대구,25.029032258064515,20.1,30.5,71.09677419354838,47.0,94.0,2.6322580645161286,0.3,5.5
202007,19,대구,24.325806451612905,19.5,29.7,73.19354838709677,53.0,95.0,2.5935483870967744,0.0,5.8
202007,20,대구,23.68064516129032,19.1,29.3,75.45161290322581,52.0,96.0,2.332258064516129,0.2,6.4
202007,21,대구,23.18064516129032,18.7,28.7,78.16129032258064,57.0,96.0,2.3161290322580643,0.0,8.3
202007,22,대구,22.648387096774194,18.4,28.0,80.90322580645162,62.0,96.0,2.041935483870968,0.0,7.8
202007,23,대구,22.261290322580646,18.2,26.8,82.83870967741936,64.0,96.0,1.9451612903225806,0.0,6.5
202008,0,대구,26.87741935483871,23.1,30.5,78.54838709677419,65.0,97.0,1.6225806451612903,0.0,4.3
202008,1,대구,26.593548387096774,23.1,30.0,80.38709677419355,66.0,97.0,1.564516129032258,0.0,5.1
202008,2,대구,26.293548387096774,23.0,29.6,81.74193548387096,66.0,97.0,1.2516129032258063,0.0,4.2
202008,3,대구,25.993333333333332,23.1,29.5,83.06451612903226,65.0,97.0,1.1290322580645162,0.0,3.4
202008,4,대구,25.69677419354839,23.3,28.8,85.70967741935483,65.0,97.0,0.9903225806451613,0.0,3.6
202008,5,대구,25.396666666666665,23.1,27.5,87.2258064516129,75.0,97.0,1.0935483870967742,0.0,3.4
202008,6,대구,25.283333333333335,23.3,28.6,87.54838709677419,67.0,97.0,0.9483870967741935,0.0,3.3
202008,7,대구,26.16774193548387,23.3,29.2,84.09677419354838,62.0,97.0,1.1741935483870967,0.0,3.6
202008,8,대구,27.238709677419354,23.4,29.6,78.2258064516129,62.0,97.0,1.4967741935483871,0.0,4.1
202008,9,대구,28.496774193548386,23.7,31.5,72.12903225806451,60.0,97.0,1.6806451612903226,0.0,4.2
202008,10,대구,29.574193548387097,24.0,33.1,65.35483870967742,50.0,97.0,2.0806451612903225,0.0,4.7
202008,11,대구,30.283870967741933,24.4,33.2,62.45161290322581,45.0,97.0,2.2870967741935484,0.7,5.8
202008,12,대구,31.06451612903226,24.3,34.2,59.16129032258065,40.0,97.0,2.393548387096774,0.8,5.7
202008,13,대구,31.345161290322583,22.7,34.7,57.83870967741935,37.0,97.0,2.4000000000000004,0.7,6.0
202008,14,대구,31.893548387096775,22.7,35.4,55.74193548387097,35.0,97.0,2.4709677419354836,0.3,6.6
202008,15,대구,32.00967741935484,22.9,36.0,55.45161290322581,35.0,97.0,2.4935483870967743,0.4,6.5
202008,16,대구,31.809677419354838,23.2,35.7,56.41935483870968,36.0,97.0,2.3,0.1,4.7
202008,17,대구,31.496774193548386,23.0,35.5,58.064516129032256,38.0,96.0,2.5580645161290323,0.0,5.7
202008,18,대구,30.541935483870965,23.3,34.9,61.74193548387097,44.0,97.0,2.674193548387097,0.1,5.3
202008,19,대구,29.47741935483871,23.2,33.9,66.0,49.0,97.0,2.332258064516129,0.6,4.9
202008,20,대구,28.65666666666667,23.1,32.8,69.2258064516129,53.0,97.0,1.9451612903225806,0.0,4.1
202008,21,대구,28.13225806451613,23.0,31.8,71.61290322580645,54.0,97.0,1.6903225806451612,0.0,4.1
202008,22,대구,27.68064516129032,23.3,31.5,74.03225806451613,54.0,97.0,1.729032258064516,0.2,5.2
202008,23,대구,27.25,23.2,30.9,75.7741935483871,57.0,97.0,1.835483870967742,0.0,5.7
202009,0,대구,19.416666666666668,14.5,26.7,81.33333333333333,55.0,96.0,1.5966666666666667,0.2,10.1
202009,1,대구,19.09,13.9,26.1,83.66666666666667,59.0,96.0,1.5233333333333334,0.0,10.8
202009,2,대구,18.80666666666667,13.1,26.1,85.4,59.0,96.0,1.46,0.1,10.2
202009,3,대구,18.42,12.6,26.5,87.66666666666667,60.0,96.0,1.43,0.0,10.1
202009,4,대구,18.176666666666666,12.3,24.7,89.16666666666667,63.0,97.0,1.1866666666666668,0.1,8.6
202009,5,대구,17.996666666666666,12.0,24.8,89.9,60.0,98.0,1.3933333333333335,0.0,9.3
202009,6,대구,17.94,11.7,25.7,90.1,60.0,98.0,1.3766666666666665,0.1,7.6
202009,7,대구,18.39333333333333,12.2,25.1,87.86666666666666,59.0,98.0,1.21,0.1,5.9
202009,8,대구,19.46333333333333,13.7,25.9,83.0,57.0,95.0,1.49,0.3,6.7
202009,9,대구,20.886666666666667,16.5,27.3,75.33333333333333,53.0,96.0,1.6166666666666667,0.4,6.6
202009,10,대구,21.81,17.6,28.2,71.3,50.0,96.0,1.9833333333333334,0.0,7.5
202009,11,대구,22.883333333333333,19.6,27.7,66.63333333333334,40.0,94.0,2.2800000000000002,0.3,6.8
202009,12,대구,23.873333333333335,19.6,28.7,61.7,39.0,92.0,2.33,0.8,5.6
202009,13,대구,24.58,19.8,29.5,57.233333333333334,35.0,93.0,2.8133333333333335,0.7,6.7
202009,14,대구,24.836666666666666,20.0,29.7,55.9,34.0,93.0,2.9633333333333334,1.3,5.7
202009,15,대구,25.103333333333335,20.2,30.2,54.3,33.0,91.0,2.756666666666667,0.6,5.7
202009,16,대구,24.956666666666667,20.5,29.8,54.333333333333336,33.0,91.0,2.9,0.5,6.7
202009,17,대구,24.509999999999998,20.5,29.9,56.7,35.0,91.0,2.9699999999999998,0.6,5.5
202009,18,대구,23.526666666666664,19.8,28.8,60.766666666666666,37.0,94.0,2.95,0.0,5.5
202009,19,대구,22.373333333333335,18.6,27.4,66.83333333333333,46.0,95.0,2.31,0.2,5.6
202009,20,대구,21.36,17.6,26.6,72.2,47.0,95.0,2.1233333333333335,0.4,4.7
202009,21,대구,20.733333333333334,16.7,26.6,74.83333333333333,50.0,95.0,2.086666666666667,0.4,4.3
202009,22,대구,20.206666666666667,16.1,26.7,76.4,50.0,96.0,2.146666666666667,0.6,7.8
202009,23,대구,19.740000000000002,15.6,27.1,78.73333333333333,51.0,96.0,1.7033333333333334,0.1,8.8
202010,0,대구,13.503225806451614,8.9,20.9,71.48387096774194,35.0,100.0,1.3741935483870968,0.0,5.3
202010,1,대구,12.958064516129031,8.3,21.0,74.38709677419355,38.0,100.0,1.5612903225806452,0.2,5.9
202010,2,대구,12.390322580645162,8.0,20.5,76.90322580645162,48.0,100.0,1.3516129032258064,0.0,4.9
202010,3,대구,12.116129032258065,7.3,20.0,77.58064516129032,45.0,100.0,1.596774193548387,0.0,4.6
202010,4,대구,11.561290322580644,6.4,19.7,80.35483870967742,48.0,100.0,1.2516129032258065,0.0,4.7
202010,5,대구,11.174193548387096,6.0,19.9,81.48387096774194,48.0,100.0,1.267741935483871,0.0,4.3
202010,6,대구,10.90967741935484,5.7,19.2,83.41935483870968,54.0,100.0,1.3806451612903226,0.0,4.0
202010,7,대구,10.990322580645161,5.3,19.5,83.6774193548387,52.0,100.0,1.3290322580645162,0.2,3.4
202010,8,대구,12.36774193548387,7.0,20.0,77.09677419354838,45.0,98.0,1.5225806451612904,0.0,4.2
202010,9,대구,14.03225806451613,8.7,20.0,68.93548387096774,43.0,93.0,1.8483870967741935,0.6,6.0
202010,10,대구,15.87741935483871,11.5,21.4,60.58064516129032,38.0,83.0,2.138709677419355,0.6,5.9
202010,11,대구,17.606451612903225,13.3,22.4,53.74193548387097,35.0,81.0,2.2903225806451615,0.4,5.6
202010,12,대구,18.86774193548387,14.1,25.4,48.935483870967744,26.0,75.0,2.5548387096774197,0.9,6.7
202010,13,대구,20.009677419354837,15.2,26.0,45.29032258064516,25.0,72.0,2.932258064516129,1.0,7.8
202010,14,대구,20.309677419354838,15.9,25.6,43.45161290322581,25.0,71.0,3.306451612903226,1.0,7.1
202010,15,대구,20.52258064516129,16.0,25.6,42.806451612903224,26.0,66.0,2.9516129032258065,1.2,5.7
202010,16,대구,20.219354838709677,15.9,26.4,43.54838709677419,26.0,67.0,2.8419354838709676,0.6,5.4
202010,17,대구,19.538709677419355,15.1,25.4,45.645161290322584,27.0,71.0,2.635483870967742,0.4,6.2
202010,18,대구,18.190322580645162,13.7,24.6,50.61290322580645,30.0,88.0,2.606451612903226,0.3,6.2
202010,19,대구,16.92258064516129,12.3,23.6,57.16129032258065,33.0,98.0,2.074193548387097,0.2,4.6
202010,20,대구,16.051612903225806,11.4,22.5,60.61290322580645,36.0,100.0,2.1258064516129034,0.4,4.0
202010,21,대구,15.283870967741937,10.4,21.9,64.09677419354838,38.0,100.0,1.8193548387096774,0.2,4.0
202010,22,대구,14.67741935483871,10.4,22.1,66.83870967741936,40.0,100.0,1.6258064516129032,0.1,4.3
202010,23,대구,13.899999999999999,9.9,21.6,69.51612903225806,33.0,100.0,1.670967741935484,0.0,5.7
202011,0,대구,8.22,2.0,21.6,64.9,36.0,96.0,1.71,0.0,5.4
202011,1,대구,7.6,1.8,21.7,68.16666666666667,41.0,96.0,1.5799999999999998,0.0,4.6
202011,2,대구,7.136666666666667,1.0,21.7,70.33333333333333,48.0,93.0,1.3133333333333332,0.2,4.1
202011,3,대구,6.756666666666666,1.1,22.1,71.36666666666666,39.0,96.0,1.4033333333333333,0.0,5.0
202011,4,대구,6.233333333333333,-0.4,20.3,74.26666666666667,35.0,97.0,1.35,0.0,4.2
202011,5,대구,6.1466666666666665,0.1,19.3,74.96666666666667,35.0,98.0,1.26,0.0,3.8
202011,6,대구,5.973333333333333,-0.8,20.0,75.53333333333333,36.0,98.0,1.4400000000000002,0.0,4.0
202011,7,대구,5.8566666666666665,-0.6,18.9,76.7,36.0,99.0,1.4366666666666668,0.0,4.7
202011,8,대구,6.543333333333334,1.0,18.8,73.2,35.0,100.0,1.6966666666666665,0.0,6.8
202011,9,대구,8.1,2.4,22.5,66.26666666666667,31.0,97.0,2.0166666666666666,0.0,7.1
202011,10,대구,9.776666666666667,3.7,24.0,58.5,27.0,92.0,2.1733333333333333,0.0,6.2
202011,11,대구,11.333333333333334,4.5,24.6,52.56666666666667,22.0,93.0,2.6566666666666667,0.6,8.1
202011,12,대구,12.71,5.5,23.2,47.333333333333336,21.0,89.0,2.8800000000000003,0.6,6.4
202011,13,대구,13.783333333333333,6.1,24.6,43.93333333333333,20.0,89.0,3.203333333333333,1.1,5.9
202011,14,대구,14.45,6.5,25.2,41.86666666666667,19.0,86.0,3.08,0.9,5.5
202011,15,대구,14.423333333333334,6.3,22.9,42.6,18.0,97.0,3.2933333333333334,0.3,5.8
202011,16,대구,14.286666666666667,6.2,22.8,42.7,19.0,86.0,3.0799999999999996,0.5,6.6
202011,17,대구,13.34,5.2,22.0,44.43333333333333,21.0,85.0,2.9733333333333336,0.3,5.5
202011,18,대구,12.186666666666667,4.8,21.5,47.4,19.0,85.0,2.5866666666666664,0.5,5.6
202011,19,대구,11.316666666666666,4.2,21.3,50.13333333333333,20.0,93.0,2.3866666666666663,0.2,5.2
202011,20,대구,10.443333333333333,3.7,21.0,53.5,20.0,95.0,2.503333333333333,0.1,6.9
202011,21,대구,9.703333333333335,3.2,21.1,56.5,22.0,95.0,2.1333333333333333,0.0,4.6
202011,22,대구,9.006666666666666,2.7,21.2,59.3,26.0,93.0,2.2,0.0,5.1
202011,23,대구,8.59,2.3,21.2,61.266666666666666,33.0,94.0,2.0733333333333333,0.3,5.1
202012,0,대구,0.02580645161290325,-8.6,7.8,60.193548387096776,40.0,98.0,1.9161290322580644,0.1,4.9
202012,1,대구,-0.3612903225806452,-8.6,7.6,60.70967741935484,39.0,98.0,1.9548387096774194,0.1,6.0
202012,2,대구,-0.7,-8.5,7.3,62.25806451612903,37.0,98.0,1.8225806451612903,0.0,4.8
202012,3,대구,-1.0193548387096774,-8.9,6.8,63.74193548387097,41.0,98.0,2.0387096774193547,0.0,5.5
202012,4,대구,-1.3935483870967742,-9.5,6.8,65.29032258064517,43.0,98.0,1.803225806451613,0.0,5.6
202012,5,대구,-1.596774193548387,-9.9,6.8,65.96774193548387,42.0,99.0,1.7838709677419353,0.0,6.6
202012,6,대구,-1.8483870967741935,-10.0,6.7,66.70967741935483,42.0,100.0,1.729032258064516,0.0,4.6
202012,7,대구,-2.0935483870967744,-10.1,6.5,66.96774193548387,37.0,100.0,1.8870967741935485,0.0,7.1
202012,8,대구,-1.8806451612903226,-9.9,5.5,65.16129032258064,35.0,100.0,2.035483870967742,0.0,7.0
202012,9,대구,-0.8935483870967742,-8.5,5.0,61.806451612903224,33.0,100.0,2.0677419354838706,0.0,6.8
202012,10,대구,0.7483870967741937,-6.5,5.8,55.806451612903224,29.0,100.0,2.4193548387096775,0.2,9.0
202012,11,대구,2.429032258064516,-6.0,8.2,49.96774193548387,24.0,100.0,2.7483870967741937,0.5,9.5
202012,12,대구,3.9516129032258065,-5.4,9.5,44.74193548387097,21.0,100.0,3.0903225806451613,0.3,7.2
202012,13,대구,5.261290322580645,-4.3,11.2,40.41935483870968,19.0,92.0,3.351612903225807,0.8,6.9
202012,14,대구,6.15483870967742,-4.4,11.6,37.74193548387097,19.0,72.0,3.6580645161290324,1.0,8.0
202012,15,대구,6.438709677419355,-4.5,11.8,37.225806451612904,20.0,59.0,3.732258064516129,0.6,7.9
202012,16,대구,6.170967741935484,-5.0,12.3,37.58064516129032,19.0,69.0,3.8096774193548386,0.6,7.3
202012,17,대구,5.219354838709678,-6.0,11.2,40.193548387096776,20.0,83.0,3.3419354838709676,0.8,7.2
202012,18,대구,4.33225806451613,-6.6,9.4,42.87096774193548,20.0,91.0,2.8193548387096774,0.3,5.6
202012,19,대구,3.393548387096774,-7.6,9.0,45.83870967741935,21.0,91.0,2.5999999999999996,0.1,5.6
202012,20,대구,2.5064516129032257,-7.8,8.9,48.58064516129032,23.0,88.0,2.5806451612903225,0.4,6.2
202012,21,대구,1.664516129032258,-8.0,8.0,52.0,27.0,91.0,2.3774193548387097,0.2,6.4
202012,22,대구,0.9903225806451613,-8.2,7.0,55.225806451612904,34.0,93.0,2.161290322580645,0.2,6.5
202012,23,대구,0.4354838709677419,-8.3,7.9,57.516129032258064,38.0,96.0,2.1903225806451614,0.0,5.6
202101,0,대구,-0.9096774193548387,-12.2,10.1,61.58064516129032,34.0,100.0,2.0258064516129033,0.1,8.6
202101,1,대구,-1.335483870967742,-12.4,9.8,62.774193548387096,36.0,100.0,2.1129032258064515,0.2,7.5
202101,2,대구,-1.738709677419355,-12.3,9.7,65.45161290322581,38.0,100.0,1.9709677419354839,0.0,6.3
202101,3,대구,-2.0483870967741935,-12.6,9.6,66.80645161290323,41.0,100.0,1.9419354838709677,0.1,5.8
202101,4,대구,-2.325806451612903,-12.7,9.4,67.58064516129032,43.0,100.0,2.0161290322580645,0.1,6.7
202101,5,대구,-2.5935483870967744,-13.0,9.3,68.87096774193549,46.0,100.0,2.148387096774193,0.0,7.4
202101,6,대구,-2.97741935483871,-13.4,9.1,70.3225806451613,45.0,100.0,2.009677419354839,0.1,5.7
202101,7,대구,-3.229032258064516,-13.5,9.1,71.09677419354838,41.0,100.0,1.7935483870967743,0.1,7.0
202101,8,대구,-3.1870967741935483,-13.2,9.2,71.03225806451613,38.0,100.0,1.8806451612903226,0.2,6.7
202101,9,대구,-2.0774193548387094,-12.4,9.5,66.96774193548387,36.0,100.0,2.2451612903225806,0.1,8.1
202101,10,대구,-0.5709677419354838,-11.7,10.8,60.03225806451613,35.0,100.0,2.606451612903226,0.4,8.7
202101,11,대구,1.0193548387096774,-10.5,11.2,53.516129032258064,32.0,100.0,2.761290322580645,0.5,6.9
202101,12,대구,2.3774193548387097,-9.5,11.6,49.516129032258064,27.0,100.0,2.893548387096774,0.2,6.4
202101,13,대구,3.7451612903225806,-7.5,13.7,47.645161290322584,25.0,100.0,3.138709677419355,0.8,8.2
202101,14,대구,4.393548387096774,-8.0,15.5,46.54838709677419,23.0,100.0,3.6193548387096777,0.5,9.0
202101,15,대구,4.709677419354839,-7.5,16.1,46.67741935483871,20.0,100.0,3.42258064516129,0.6,6.4
202101,16,대구,4.680645161290323,-8.1,15.8,45.935483870967744,21.0,98.0,3.490322580645161,0.4,9.1
202101,17,대구,3.980645161290323,-9.0,15.3,47.903225806451616,23.0,97.0,3.264516129032258,0.1,7.2
202101,18,대구,3.1129032258064515,-9.9,14.0,48.903225806451616,25.0,94.0,2.8451612903225807,0.1,8.9
202101,19,대구,2.370967741935484,-10.5,14.2,51.483870967741936,28.0,89.0,2.735483870967742,0.1,6.9
202101,20,대구,1.7129032258064516,-10.9,13.5,53.806451612903224,30.0,94.0,2.6322580645161286,0.0,7.6
202101,21,대구,1.1838709677419355,-11.3,13.1,55.83870967741935,31.0,89.0,2.6806451612903226,0.2,8.2
202101,22,대구,0.529032258064516,-11.7,12.1,58.16129032258065,32.0,100.0,2.509677419354839,0.0,7.6
202101,23,대구,-0.019354838709677465,-11.9,10.7,60.354838709677416,33.0,100.0,2.148387096774193,0.3,5.5
202102,0,대구,3.225,-6.4,13.2,61.714285714285715,32.0,100.0,2.1607142857142856,0.1,8.1
202102,1,대구,2.65,-7.1,11.0,63.5,38.0,100.0,2.153571428571429,0.1,7.4
202102,2,대구,1.9535714285714287,-7.8,9.4,67.21428571428571,38.0,100.0,2.1142857142857143,0.2,7.6
202102,3,대구,1.6321428571428573,-8.2,9.1,69.32142857142857,38.0,100.0,2.0464285714285713,0.1,8.2
202102,4,대구,1.2285714285714289,-8.1,8.8,70.75,39.0,100.0,2.2535714285714286,0.2,8.2
202102,5,대구,0.9107142857142857,-8.4,8.7,72.0,37.0,100.0,2.267857142857143,0.1,7.1
202102,6,대구,0.5607142857142857,-8.4,8.6,71.85714285714286,40.0,100.0,2.125,0.3,6.6
202102,7,대구,0.3857142857142857,-8.4,8.7,72.67857142857143,40.0,100.0,1.9892857142857143,0.2,5.9
202102,8,대구,0.8107142857142857,-7.9,8.9,70.78571428571429,38.0,100.0,2.0535714285714284,0.1,6.4
202102,9,대구,2.378571428571429,-7.3,12.9,65.5,37.0,100.0,2.0964285714285715,0.1,6.7
202102,10,대구,4.114285714285715,-6.0,13.8,60.17857142857143,35.0,100.0,2.6964285714285716,0.2,7.3
202102,11,대구,5.7821428571428575,-4.9,16.3,56.535714285714285,32.0,100.0,3.0357142857142856,0.8,6.8
202102,12,대구,7.257142857142857,-3.6,18.5,52.42857142857143,30.0,100.0,3.325,0.8,6.5
202102,13,대구,8.55,-3.8,22.0,48.5,30.0,98.0,3.8035714285714284,0.5,7.0
202102,14,대구,9.525,-2.6,23.7,45.714285714285715,28.0,95.0,3.7535714285714286,0.8,8.2
202102,15,대구,10.060714285714285,-2.7,23.7,44.32142857142857,28.0,90.0,3.792857142857143,0.6,8.3
202102,16,대구,9.967857142857143,-3.6,23.8,43.964285714285715,27.0,89.0,3.9250000000000003,0.8,8.8
202102,17,대구,9.478571428571428,-3.8,23.3,46.57142857142857,28.0,93.0,3.757142857142857,0.6,8.0
202102,18,대구,8.189285714285715,-4.8,21.9,50.357142857142854,29.0,100.0,3.082142857142857,0.1,7.1
202102,19,대구,7.021428571428571,-5.3,20.9,52.607142857142854,30.0,100.0,3.0357142857142856,0.1,7.2
202102,20,대구,6.1571428571428575,-5.7,20.3,54.535714285714285,31.0,100.0,2.5500000000000003,0.2,6.0
202102,21,대구,5.321428571428571,-5.8,18.6,56.785714285714285,30.0,100.0,2.314285714285714,0.1,5.6
202102,22,대구,4.585714285714286,-6.1,18.0,59.07142857142857,30.0,100.0,2.4499999999999997,0.0,7.4
202102,23,대구,3.8392857142857144,-6.3,15.6,60.42857142857143,36.0,100.0,2.0107142857142857,0.0,6.3
202103,0,대구,8.62258064516129,0.9,15.2,73.61290322580645,42.0,100.0,1.9709677419354839,0.4,5.4
202103,1,대구,8.07741935483871,1.0,15.1,75.64516129032258,39.0,100.0,1.8290322580645162,0.1,5.8
202103,2,대구,7.490322580645161,0.3,15.1,78.3225806451613,39.0,100.0,1.6870967741935483,0.3,5.4
202103,3,대구,6.935483870967742,-0.3,15.0,81.2258064516129,39.0,100.0,1.4967741935483871,0.0,4.7
202103,4,대구,6.432258064516129,-0.8,14.9,83.6774193548387,40.0,100.0,1.4870967741935484,0.0,4.9
202103,5,대구,6.006451612903225,-1.2,14.9,85.54838709677419,40.0,100.0,1.464516129032258,0.1,4.9
202103,6,대구,5.658064516129032,-1.5,15.8,87.09677419354838,40.0,100.0,1.535483870967742,0.3,3.7
202103,7,대구,5.587096774193548,-1.4,15.9,86.80645161290323,39.0,100.0,1.4870967741935484,0.2,4.4
202103,8,대구,6.558064516129033,0.1,15.4,83.16129032258064,41.0,100.0,1.770967741935484,0.3,4.7
202103,9,대구,8.048387096774194,1.6,15.2,77.70967741935483,37.0,100.0,2.1774193548387095,0.4,6.6
202103,10,대구,9.761290322580646,2.7,16.0,70.58064516129032,36.0,100.0,2.57741935483871,0.4,6.1
202103,11,대구,11.474193548387097,3.5,18.5,64.25806451612904,35.0,100.0,2.7903225806451615,0.5,7.0
202103,12,대구,13.051612903225807,4.4,20.9,58.29032258064516,30.0,100.0,3.019354838709677,0.5,6.5
202103,13,대구,13.890322580645162,4.2,21.7,56.29032258064516,29.0,100.0,3.174193548387097,1.0,7.1
202103,14,대구,14.577419354838709,4.5,23.1,53.70967741935484,27.0,100.0,3.2870967741935484,1.0,8.1
202103,15,대구,15.087096774193547,6.0,23.0,52.774193548387096,26.0,100.0,3.0903225806451613,0.8,7.6
202103,16,대구,15.138709677419355,5.8,23.2,52.806451612903224,28.0,100.0,3.019354838709677,0.7,7.5
202103,17,대구,14.8,5.1,22.1,54.193548387096776,27.0,100.0,3.3870967741935485,0.9,6.7
202103,18,대구,13.754838709677419,4.3,21.0,57.12903225806452,28.0,100.0,3.267741935483871,0.7,8.0
202103,19,대구,12.55483870967742,3.5,19.7,60.193548387096776,30.0,100.0,2.8193548387096774,0.2,6.8
202103,20,대구,11.396774193548387,2.6,17.7,63.61290322580645,33.0,100.0,2.806451612903226,0.3,7.1
202103,21,대구,10.574193548387097,1.9,15.5,66.41935483870968,34.0,100.0,2.7516129032258063,0.1,7.2
202103,22,대구,9.922580645161291,1.6,15.1,68.2258064516129,38.0,100.0,2.796774193548387,0.4,7.0
202103,23,대구,9.296774193548387,1.1,15.0,71.09677419354838,41.0,100.0,2.1774193548387095,0.4,4.6
202104,0,대구,12.556666666666667,6.5,17.6,65.5,45.0,100.0,2.3033333333333332,0.5,4.8
202104,1,대구,12.003333333333334,5.9,17.8,67.8,46.0,100.0,2.386666666666667,0.3,4.4
202104,2,대구,11.363333333333333,4.6,16.9,70.1,44.0,100.0,2.1766666666666667,0.1,5.1
202104,3,대구,10.876666666666667,4.2,16.4,72.8,43.0,100.0,2.2866666666666666,0.3,5.6
202104,4,대구,10.453333333333335,3.4,16.0,75.1,44.0,100.0,2.33,0.6,6.7
202104,5,대구,9.94,3.1,15.8,77.7,43.0,100.0,2.106666666666667,0.1,5.4
202104,6,대구,9.596666666666666,2.6,15.2,79.76666666666667,44.0,100.0,1.6566666666666667,0.0,5.2
202104,7,대구,10.236666666666668,3.3,15.8,78.66666666666667,44.0,100.0,2.2866666666666666,0.5,5.1
202104,8,대구,11.66,5.2,17.1,72.56666666666666,40.0,100.0,2.44,0.5,5.7
202104,9,대구,13.45,8.0,18.5,64.93333333333334,40.0,100.0,2.8800000000000003,0.5,6.0
202104,10,대구,15.006666666666666,9.6,19.8,57.8,35.0,100.0,3.243333333333333,1.1,7.2
202104,11,대구,16.58,10.1,22.9,53.833333333333336,32.0,98.0,3.2366666666666664,0.6,7.0
202104,12,대구,17.663333333333334,10.3,25.2,50.03333333333333,31.0,90.0,3.57,0.6,7.1
202104,13,대구,18.626666666666665,9.7,27.0,47.63333333333333,29.0,86.0,3.6666666666666665,0.1,7.0
202104,14,대구,18.916666666666668,9.5,27.5,46.9,30.0,100.0,3.8666666666666667,0.9,7.4
202104,15,대구,19.296666666666667,9.1,28.8,46.766666666666666,28.0,100.0,3.8633333333333337,0.3,7.8
202104,16,대구,19.263333333333332,9.4,28.6,46.5,29.0,100.0,3.9266666666666667,1.2,7.8
202104,17,대구,18.78666666666667,9.8,28.7,46.86666666666667,29.0,100.0,3.6199999999999997,1.3,6.3
202104,18,대구,17.8,9.7,26.4,49.2,30.0,100.0,3.74,1.3,7.1
202104,19,대구,16.56,9.6,24.9,51.96666666666667,31.0,100.0,3.316666666666667,1.0,5.3
202104,20,대구,15.576666666666666,9.2,23.4,54.766666666666666,33.0,100.0,3.0466666666666664,0.9,6.0
202104,21,대구,14.713333333333335,8.4,22.2,57.36666666666667,38.0,100.0,2.7266666666666666,0.6,5.7
202104,22,대구,13.923333333333334,7.8,19.4,59.766666666666666,41.0,100.0,2.5533333333333332,0.6,6.1
202104,23,대구,13.17,7.1,18.3,63.233333333333334,43.0,100.0,2.61,0.6,6.7
202105,0,대구,16.322580645161292,10.9,24.0,67.09677419354838,32.0,100.0,1.803225806451613,0.1,5.2
202105,1,대구,15.72258064516129,10.2,23.7,70.12903225806451,33.0,100.0,1.7419354838709677,0.1,4.4
202105,2,대구,15.04516129032258,9.4,22.1,74.2258064516129,43.0,100.0,1.761290322580645,0.2,5.7
202105,3,대구,14.52258064516129,8.0,21.8,76.90322580645162,44.0,100.0,1.796774193548387,0.2,5.1
202105,4,대구,14.025806451612903,7.9,21.0,78.61290322580645,44.0,100.0,1.867741935483871,0.2,5.4
202105,5,대구,13.687096774193549,7.2,20.8,79.80645161290323,47.0,100.0,1.4903225806451614,0.1,5.4
202105,6,대구,13.69032258064516,7.9,20.6,79.90322580645162,45.0,100.0,1.7935483870967743,0.4,4.5
202105,7,대구,14.574193548387097,8.7,21.3,76.87096774193549,48.0,100.0,1.6193548387096774,0.2,4.5
202105,8,대구,15.896774193548387,9.5,21.5,71.7741935483871,35.0,95.0,1.770967741935484,0.2,4.8
202105,9,대구,17.361290322580647,10.7,22.6,64.61290322580645,30.0,96.0,2.196774193548387,0.3,6.3
202105,10,대구,18.75161290322581,12.9,23.5,59.61290322580645,27.0,94.0,2.358064516129032,0.6,5.9
202105,11,대구,20.16774193548387,13.1,25.4,54.38709677419355,21.0,95.0,2.706451612903226,0.4,5.9
202105,12,대구,21.416129032258063,13.3,27.5,51.54838709677419,21.0,94.0,2.9967741935483874,0.7,7.2
202105,13,대구,22.280645161290323,13.3,28.8,48.935483870967744,17.0,93.0,3.332258064516129,1.1,7.3
202105,14,대구,22.606451612903225,13.9,29.8,47.96774193548387,17.0,93.0,3.1548387096774193,0.7,5.9
202105,15,대구,22.635483870967743,13.1,29.6,48.83870967741935,17.0,91.0,3.5,0.3,7.5
202105,16,대구,22.616129032258065,13.2,29.6,50.03225806451613,18.0,96.0,3.351612903225807,0.8,8.9
202105,17,대구,22.38064516129032,14.3,29.6,50.096774193548384,17.0,100.0,3.454838709677419,0.5,6.2
202105,18,대구,21.6,12.9,28.9,50.774193548387096,18.0,100.0,3.325806451612903,0.4,6.0
202105,19,대구,20.5,12.4,26.7,52.935483870967744,20.0,99.0,3.164516129032258,0.7,5.5
202105,20,대구,19.396774193548385,12.5,26.3,55.87096774193548,22.0,100.0,2.7096774193548385,0.4,5.6
202105,21,대구,18.561290322580643,11.9,24.9,58.74193548387097,24.0,100.0,2.454838709677419,0.1,5.0
202105,22,대구,17.796774193548387,11.4,23.9,61.61290322580645,24.0,100.0,2.4000000000000004,0.3,4.8
202105,23,대구,17.05806451612903,11.4,23.8,64.48387096774194,27.0,100.0,2.135483870967742,0.1,5.5
202106,0,대구,21.07,17.9,23.7,72.9,52.0,93.0,1.9766666666666666,0.3,4.8
202106,1,대구,20.633333333333333,17.0,22.8,75.26666666666667,56.0,91.0,1.79,0.2,4.4
202106,2,대구,20.18,16.0,22.5,77.03333333333333,58.0,92.0,1.5833333333333333,0.1,3.8
202106,3,대구,19.84,15.3,21.9,78.73333333333333,56.0,92.0,1.5433333333333332,0.1,3.6
202106,4,대구,19.459999999999997,14.7,22.0,80.13333333333334,62.0,92.0,1.4233333333333333,0.3,2.9
202106,5,대구,19.25,13.9,22.0,81.26666666666667,58.0,92.0,1.4666666666666666,0.4,3.0
202106,6,대구,19.37,15.0,22.0,80.76666666666667,63.0,94.0,1.7066666666666668,0.1,3.7
202106,7,대구,20.116666666666667,16.6,22.9,76.43333333333334,54.0,89.0,1.9333333333333333,0.3,4.0
202106,8,대구,21.263333333333332,18.5,24.0,71.3,48.0,92.0,2.0733333333333333,0.4,3.6
202106,9,대구,22.35666666666667,18.7,25.7,65.83333333333333,42.0,90.0,2.2933333333333334,0.6,4.1
202106,10,대구,23.673333333333336,18.6,27.5,61.1,38.0,90.0,2.0966666666666667,0.4,3.8
202106,11,대구,24.94333333333333,18.9,28.4,56.233333333333334,37.0,91.0,2.356666666666667,0.7,5.1
202106,12,대구,25.96333333333333,18.8,30.1,52.233333333333334,30.0,93.0,2.4866666666666664,1.1,5.1
202106,13,대구,26.746666666666666,18.3,32.2,48.733333333333334,24.0,92.0,2.48,1.0,4.8
202106,14,대구,27.186666666666667,19.0,33.5,47.1,13.0,93.0,2.6233333333333335,1.1,5.3
202106,15,대구,27.566666666666666,19.1,33.3,46.233333333333334,19.0,93.0,2.506666666666667,0.7,3.9
202106,16,대구,27.513333333333332,19.5,32.5,46.666666666666664,24.0,95.0,2.5166666666666666,0.8,4.1
202106,17,대구,27.076666666666664,19.3,32.4,49.2,24.0,93.0,3.066666666666667,0.6,6.1
202106,18,대구,26.17,19.3,31.2,51.8,25.0,94.0,3.2199999999999998,0.4,5.5
202106,19,대구,25.083333333333332,19.3,30.0,56.5,28.0,95.0,2.9166666666666665,0.7,4.7
202106,20,대구,24.033333333333335,19.1,29.3,60.266666666666666,31.0,95.0,2.51,0.6,5.1
202106,21,대구,23.10666666666667,19.1,28.9,64.46666666666667,28.0,97.0,2.5133333333333336,0.3,5.3
202106,22,대구,22.493333333333332,19.1,28.2,67.16666666666667,27.0,95.0,2.356666666666667,0.3,4.8
202106,23,대구,21.846666666666668,19.1,25.8,69.13333333333334,39.0,94.0,2.066666666666667,0.3,4.7
202107,0,대구,24.796774193548387,20.8,28.7,76.0,57.0,97.0,1.7741935483870968,0.4,5.0
202107,1,대구,24.393548387096775,20.7,28.3,78.35483870967742,59.0,95.0,1.5032258064516129,0.2,4.4
202107,2,대구,24.038709677419355,20.9,27.9,81.09677419354838,62.0,97.0,1.335483870967742,0.4,2.8
202107,3,대구,23.83225806451613,20.4,27.1,83.19354838709677,65.0,98.0,1.2935483870967743,0.1,2.9
202107,4,대구,23.664516129032258,20.2,27.0,83.80645161290323,69.0,98.0,1.103225806451613,0.2,3.5
202107,5,대구,23.403225806451612,19.9,26.0,85.25806451612904,71.0,95.0,1.0774193548387097,0.0,3.7
202107,6,대구,23.529032258064515,19.9,26.3,85.51612903225806,71.0,98.0,1.2838709677419353,0.0,4.1
202107,7,대구,24.335483870967742,20.8,28.0,81.3225806451613,68.0,96.0,1.2935483870967743,0.1,4.8
202107,8,대구,25.538709677419355,21.8,28.7,75.06451612903226,63.0,98.0,1.5451612903225806,0.3,4.0
202107,9,대구,26.9741935483871,22.7,30.1,68.48387096774194,57.0,94.0,1.9483870967741934,0.6,5.3
202107,10,대구,28.0258064516129,23.0,31.7,63.83870967741935,53.0,99.0,2.2387096774193544,0.5,4.8
202107,11,대구,28.864516129032257,23.7,32.6,59.29032258064516,44.0,94.0,2.616129032258064,0.4,5.0
202107,12,대구,29.903225806451612,24.0,34.4,54.96774193548387,39.0,94.0,2.541935483870968,0.5,5.9
202107,13,대구,30.56451612903226,23.4,35.4,52.29032258064516,35.0,94.0,2.6258064516129034,0.9,5.9
202107,14,대구,30.75483870967742,22.7,35.1,51.29032258064516,28.0,92.0,2.9645161290322584,0.3,5.1
202107,15,대구,30.893548387096775,21.8,35.7,50.96774193548387,27.0,90.0,2.980645161290323,0.6,5.4
202107,16,대구,30.725806451612904,21.6,36.2,52.354838709677416,29.0,91.0,3.193548387096774,1.3,5.3
202107,17,대구,29.94516129032258,21.5,34.7,55.32258064516129,32.0,91.0,3.1838709677419357,0.7,5.9
202107,18,대구,29.16774193548387,21.5,34.8,58.935483870967744,32.0,93.0,3.2451612903225806,0.9,5.2
202107,19,대구,27.996774193548386,21.7,32.9,63.32258064516129,39.0,97.0,3.129032258064516,0.1,5.2
202107,20,대구,26.835483870967742,22.0,31.7,67.45161290322581,41.0,98.0,2.9322580645161294,0.5,4.8
202107,21,대구,26.18064516129032,21.8,31.1,70.35483870967742,45.0,97.0,2.4322580645161294,0.3,4.5
202107,22,대구,25.719354838709677,21.0,29.9,72.25806451612904,48.0,98.0,2.161290322580645,0.5,5.0
202107,23,대구,25.316129032258065,20.9,29.0,74.19354838709677,52.0,96.0,1.9,0.3,6.0
202108,0,대구,24.187096774193545,21.5,29.1,81.29032258064517,68.0,93.0,1.167741935483871,0.1,3.9
202108,1,대구,23.89032258064516,21.2,28.3,82.93548387096774,71.0,94.0,1.1096774193548387,0.1,3.8
202108,2,대구,23.654838709677417,20.6,27.2,84.83870967741936,70.0,94.0,1.0451612903225806,0.1,2.4
202108,3,대구,23.490322580645163,20.2,26.4,85.2258064516129,67.0,94.0,1.0516129032258066,0.1,3.2
202108,4,대구,23.20967741935484,20.0,26.4,86.64516129032258,71.0,94.0,0.9580645161290322,0.1,3.5
202108,5,대구,23.067741935483873,19.9,26.0,87.6774193548387,71.0,95.0,1.032258064516129,0.0,3.2
202108,6,대구,22.983870967741936,19.9,26.3,87.7741935483871,68.0,94.0,1.0741935483870966,0.1,3.5
202108,7,대구,23.519354838709678,21.2,26.9,84.80645161290323,61.0,93.0,1.0870967741935484,0.1,2.8
202108,8,대구,24.448387096774194,21.2,29.7,81.16129032258064,60.0,93.0,1.1419354838709677,0.1,3.1
202108,9,대구,25.309677419354838,21.4,30.2,76.16129032258064,49.0,93.0,1.3580645161290323,0.3,3.2
202108,10,대구,26.229032258064517,21.9,31.6,71.03225806451613,51.0,93.0,1.6870967741935483,0.4,3.3
202108,11,대구,27.187096774193545,22.8,32.9,65.70967741935483,46.0,93.0,1.9,0.6,3.8
202108,12,대구,27.883870967741935,21.4,34.6,62.74193548387097,41.0,93.0,1.9193548387096775,0.7,4.7
202108,13,대구,28.55806451612903,22.6,34.9,59.61290322580645,40.0,95.0,2.138709677419355,0.2,4.4
202108,14,대구,28.806451612903224,23.1,36.1,57.83870967741935,35.0,93.0,2.4419354838709677,1.1,4.3
202108,15,대구,29.138709677419353,23.9,36.0,56.903225806451616,26.0,93.0,2.42258064516129,0.9,5.1
202108,16,대구,28.85483870967742,22.5,35.6,57.064516129032256,27.0,90.0,2.390322580645161,0.7,4.8
202108,17,대구,28.283870967741933,22.1,35.9,59.61290322580645,29.0,89.0,2.4129032258064513,0.7,4.2
202108,18,대구,27.516129032258064,22.3,34.2,63.41935483870968,42.0,88.0,2.609677419354839,0.9,4.0
202108,19,대구,26.593548387096774,22.1,32.9,67.48387096774194,48.0,89.0,1.9967741935483871,0.6,4.4
202108,20,대구,25.825806451612905,21.6,32.1,71.7741935483871,54.0,91.0,1.8935483870967742,0.4,4.3
202108,21,대구,25.270967741935483,21.7,31.3,74.58064516129032,59.0,93.0,1.4709677419354839,0.2,4.2
202108,22,대구,24.77741935483871,21.6,30.6,77.38709677419355,56.0,95.0,1.4161290322580644,0.0,4.9
202108,23,대구,24.30322580645161,21.3,29.8,79.3225806451613,66.0,93.0,1.3483870967741935,0.2,4.7
202109,0,대구,20.44333333333333,17.8,22.6,83.4,59.0,100.0,1.34,0.1,3.9
202109,1,대구,20.16,16.9,22.9,85.13333333333334,62.0,100.0,1.29,0.1,3.3
202109,2,대구,19.883333333333333,16.7,22.8,86.1,70.0,100.0,1.43,0.1,4.8
202109,3,대구,19.696666666666665,16.1,22.2,87.83333333333333,66.0,100.0,1.2333333333333334,0.0,3.9
202109,4,대구,19.46333333333333,15.5,22.0,89.03333333333333,70.0,100.0,1.25,0.1,3.6
202109,5,대구,19.293333333333333,15.4,22.1,90.26666666666667,73.0,100.0,1.1133333333333333,0.2,3.9
202109,6,대구,19.2,15.1,22.2,90.13333333333334,73.0,100.0,1.1433333333333333,0.0,3.5
202109,7,대구,19.526666666666664,15.9,23.1,89.13333333333334,70.0,100.0,1.2,0.0,3.1
202109,8,대구,20.453333333333333,17.9,23.6,84.66666666666667,65.0,100.0,1.5966666666666667,0.3,4.8
202109,9,대구,21.7,18.7,25.5,79.23333333333333,58.0,100.0,1.7133333333333334,0.5,4.6
202109,10,대구,22.833333333333332,19.1,25.1,73.23333333333333,48.0,100.0,2.1566666666666667,0.4,5.9
202109,11,대구,23.959999999999997,20.7,28.0,67.6,48.0,98.0,2.52,0.6,5.4
202109,12,대구,24.85666666666667,21.2,29.4,63.06666666666667,46.0,97.0,2.743333333333333,0.5,7.0
202109,13,대구,25.35,21.3,29.0,59.86666666666667,42.0,91.0,3.01,0.5,7.4
202109,14,대구,25.433333333333334,21.8,29.7,58.9,35.0,100.0,3.1533333333333333,1.0,6.6
202109,15,대구,25.436666666666667,21.7,30.6,58.56666666666667,33.0,94.0,3.2800000000000002,1.0,6.9
202109,16,대구,25.16,21.4,30.9,59.53333333333333,26.0,88.0,3.2366666666666664,0.4,5.6
202109,17,대구,24.623333333333335,20.5,30.1,61.4,29.0,95.0,3.19,0.6,6.3
202109,18,대구,23.723333333333336,20.5,29.4,65.76666666666667,28.0,98.0,3.0633333333333335,0.5,5.6
202109,19,대구,22.779999999999998,20.1,26.4,70.83333333333333,47.0,100.0,2.6266666666666665,0.5,4.6
202109,20,대구,22.15,19.8,25.4,73.56666666666666,52.0,100.0,2.3333333333333335,0.5,4.6
202109,21,대구,21.616666666666667,18.9,24.2,76.43333333333334,57.0,100.0,1.72,0.2,3.8
202109,22,대구,21.2,18.6,23.6,78.46666666666667,56.0,100.0,1.69,0.3,4.6
202109,23,대구,20.776666666666664,18.2,23.2,80.9,58.0,100.0,1.2966666666666666,0.3,3.2
202110,0,대구,14.561290322580644,4.5,25.2,83.54838709677419,41.0,99.0,1.0806451612903225,0.0,4.2
202110,1,대구,14.080645161290322,4.1,24.6,85.41935483870968,44.0,99.0,1.196774193548387,0.3,3.8
202110,2,대구,13.583870967741936,3.3,24.6,88.48387096774194,46.0,99.0,1.0741935483870966,0.0,4.1
202110,3,대구,13.180645161290323,3.0,22.5,89.25806451612904,48.0,100.0,1.1870967741935485,0.0,5.3
202110,4,대구,12.796774193548387,3.0,21.5,91.09677419354838,47.0,100.0,1.0161290322580645,0.0,4.6
202110,5,대구,12.55483870967742,2.3,21.5,91.58064516129032,47.0,100.0,1.0516129032258066,0.0,3.5
202110,6,대구,12.309677419354838,2.2,21.7,91.96774193548387,47.0,100.0,1.1451612903225807,0.0,3.3
202110,7,대구,12.225806451612904,2.9,21.4,91.54838709677419,47.0,100.0,1.2322580645161292,0.0,4.6
202110,8,대구,13.461290322580645,4.9,22.0,86.35483870967742,46.0,100.0,1.2870967741935484,0.1,3.5
202110,9,대구,15.319354838709677,6.1,23.9,77.48387096774194,42.0,99.0,1.3193548387096774,0.2,3.3
202110,10,대구,17.038709677419355,7.7,25.8,68.87096774193549,40.0,97.0,1.564516129032258,0.6,3.4
202110,11,대구,18.82903225806452,9.3,28.2,60.87096774193548,31.0,99.0,1.8064516129032258,0.6,4.2
202110,12,대구,20.093548387096774,10.4,29.9,55.54838709677419,27.0,95.0,2.083870967741935,0.4,4.3
202110,13,대구,20.874193548387098,11.8,29.7,52.25806451612903,26.0,95.0,2.3677419354838714,1.0,4.2
202110,14,대구,21.480645161290322,13.3,31.4,49.25806451612903,25.0,95.0,2.42258064516129,0.5,4.6
202110,15,대구,21.538709677419355,13.0,31.0,48.29032258064516,23.0,94.0,2.674193548387097,0.7,6.3
202110,16,대구,21.306451612903224,12.4,30.8,48.67741935483871,21.0,94.0,2.425806451612903,0.7,5.6
202110,17,대구,20.58709677419355,12.5,29.7,50.83870967741935,24.0,95.0,2.364516129032258,0.5,6.0
202110,18,대구,19.23225806451613,11.1,27.8,57.16129032258065,33.0,95.0,1.8709677419354838,0.1,4.7
202110,19,대구,17.751612903225805,9.6,27.3,65.58064516129032,37.0,97.0,1.7032258064516128,0.3,5.9
202110,20,대구,16.674193548387095,8.2,27.2,71.16129032258064,38.0,97.0,1.3419354838709678,0.1,4.0
202110,21,대구,16.01290322580645,8.3,27.0,74.6774193548387,40.0,98.0,1.3258064516129033,0.1,3.8
202110,22,대구,15.383870967741935,6.5,26.6,78.35483870967742,42.0,98.0,1.1419354838709677,0.0,3.5
202110,23,대구,14.838709677419354,5.8,26.4,80.7741935483871,37.0,99.0,0.970967741935484,0.0,3.9
202111,0,대구,7.6033333333333335,1.7,13.4,71.6,45.0,91.0,1.3933333333333335,0.2,4.4
202111,1,대구,7.026666666666667,0.7,12.7,74.16666666666667,52.0,94.0,1.25,0.2,4.0
202111,2,대구,6.546666666666667,0.5,12.2,76.56666666666666,54.0,95.0,1.43,0.1,5.0
202111,3,대구,6.183333333333334,-0.3,11.8,78.56666666666666,55.0,97.0,1.37,0.0,6.6
202111,4,대구,5.876666666666667,-0.6,11.5,79.66666666666667,57.0,97.0,1.53,0.0,5.3
202111,5,대구,5.553333333333333,-1.1,11.4,80.43333333333334,54.0,98.0,1.6,0.0,5.2
202111,6,대구,5.283333333333333,-1.4,11.4,80.9,52.0,98.0,1.5466666666666666,0.0,4.6
202111,7,대구,5.166666666666667,-2.1,12.2,80.5,46.0,98.0,1.4433333333333331,0.1,5.0
202111,8,대구,5.986666666666666,-1.0,12.3,76.86666666666666,44.0,96.0,1.34,0.1,6.6
202111,9,대구,7.766666666666667,1.5,14.0,69.76666666666667,37.0,88.0,1.4366666666666668,0.3,5.2
202111,10,대구,9.966666666666667,3.9,17.1,61.766666666666666,32.0,94.0,1.8866666666666667,0.5,6.5
202111,11,대구,11.87,5.1,18.0,55.7,29.0,97.0,2.35,0.5,6.2
202111,12,대구,13.193333333333333,5.9,19.2,50.333333333333336,27.0,98.0,3.0166666666666666,0.9,7.0
202111,13,대구,14.123333333333333,7.3,20.0,46.233333333333334,25.0,98.0,3.0633333333333335,0.5,5.8
202111,14,대구,14.616666666666667,6.5,20.0,43.96666666666667,22.0,98.0,3.2666666666666666,0.6,7.5
202111,15,대구,14.626666666666667,6.6,19.6,42.86666666666667,19.0,98.0,3.2666666666666666,0.7,8.3
202111,16,대구,14.286666666666667,6.1,19.8,43.46666666666667,20.0,97.0,2.8433333333333333,0.3,5.1
202111,17,대구,13.556666666666667,5.5,18.8,45.2,21.0,91.0,2.5366666666666666,0.6,5.4
202111,18,대구,12.193333333333333,4.9,17.0,50.53333333333333,30.0,72.0,2.2666666666666666,0.2,5.4
202111,19,대구,11.16,4.8,15.8,54.833333333333336,37.0,73.0,1.8066666666666669,0.0,6.5
202111,20,대구,10.106666666666666,4.2,14.8,59.8,35.0,85.0,1.79,0.1,7.4
202111,21,대구,9.266666666666667,3.7,15.7,63.36666666666667,37.0,81.0,1.5733333333333335,0.2,4.0
202111,22,대구,8.506666666666666,2.9,14.9,66.06666666666666,41.0,83.0,1.6966666666666665,0.1,5.4
202111,23,대구,7.966666666666667,2.9,13.9,68.16666666666667,47.0,87.0,1.5666666666666667,0.2,5.3
202112,0,대구,1.6258064516129032,-8.1,9.1,65.3225806451613,36.0,89.0,2.2129032258064516,0.2,7.6
202112,1,대구,1.2451612903225806,-8.3,8.9,65.70967741935483,36.0,92.0,2.02258064516129,0.0,7.0
202112,2,대구,0.7032258064516129,-8.6,8.5,67.93548387096774,37.0,93.0,2.135483870967742,0.0,9.1
202112,3,대구,0.2741935483870967,-9.0,8.6,68.80645161290323,38.0,95.0,2.2193548387096773,0.2,8.4
202112,4,대구,-0.1354838709677419,-9.6,7.9,69.25806451612904,39.0,97.0,2.070967741935484,0.1,7.0
202112,5,대구,-0.3516129032258064,-10.0,7.5,70.06451612903226,40.0,98.0,2.009677419354839,0.1,7.3
202112,6,대구,-0.5225806451612904,-10.3,7.3,70.87096774193549,38.0,98.0,2.02258064516129,0.0,7.4
202112,7,대구,-0.6645161290322581,-10.6,6.8,71.48387096774194,38.0,99.0,2.1870967741935483,0.1,6.7
202112,8,대구,-0.567741935483871,-10.7,7.3,70.51612903225806,36.0,98.0,2.3806451612903223,0.2,7.3
202112,9,대구,0.7322580645161288,-9.8,8.4,65.03225806451613,34.0,93.0,2.3161290322580643,0.1,7.8
202112,10,대구,2.351612903225807,-9.0,8.9,58.32258064516129,30.0,87.0,2.6516129032258067,0.2,8.4
202112,11,대구,4.361290322580645,-7.6,10.6,49.516129032258064,26.0,85.0,2.693548387096774,0.3,7.9
202112,12,대구,5.770967741935484,-6.2,12.1,44.29032258064516,22.0,81.0,3.238709677419355,0.4,8.6
202112,13,대구,6.883870967741935,-5.3,13.0,41.064516129032256,20.0,76.0,3.325806451612903,0.2,8.3
202112,14,대구,7.7,-4.6,14.5,39.54838709677419,19.0,74.0,3.5677419354838706,0.9,7.5
202112,15,대구,7.9,-3.7,14.7,39.16129032258065,17.0,69.0,3.403225806451613,1.0,8.6
202112,16,대구,7.683870967741936,-3.5,14.2,39.774193548387096,18.0,69.0,3.429032258064516,0.6,9.0
202112,17,대구,6.912903225806452,-4.4,13.2,42.354838709677416,20.0,70.0,2.9645161290322584,0.2,6.8
202112,18,대구,5.867741935483871,-4.9,12.0,46.645161290322584,25.0,75.0,2.6451612903225805,0.2,7.2
202112,19,대구,4.787096774193548,-5.7,11.6,51.12903225806452,26.0,80.0,2.329032258064516,0.0,7.1
202112,20,대구,3.8677419354838714,-6.8,10.7,54.354838709677416,26.0,84.0,2.3677419354838714,0.2,6.1
202112,21,대구,3.096774193548387,-7.3,10.0,56.67741935483871,27.0,86.0,2.170967741935484,0.1,6.9
202112,22,대구,2.454838709677419,-7.6,9.7,59.12903225806452,29.0,85.0,1.964516129032258,0.2,5.8
202112,23,대구,1.835483870967742,-7.8,8.4,62.38709677419355,31.0,86.0,2.0,0.2,5.9
202201,0,대구,-0.7451612903225807,-5.4,6.8,52.38709677419355,31.0,80.0,1.867741935483871,0.2,5.7
202201,1,대구,-1.3096774193548388,-6.2,6.6,53.96774193548387,31.0,84.0,1.9,0.1,4.6
202201,2,대구,-1.664516129032258,-6.3,6.6,54.12903225806452,33.0,85.0,1.896774193548387,0.1,4.1
202201,3,대구,-2.07741935483871,-7.1,5.9,55.41935483870968,35.0,89.0,1.7935483870967743,0.2,4.4
202201,4,대구,-2.4064516129032256,-7.1,5.7,58.12903225806452,39.0,89.0,1.9709677419354839,0.1,4.9
202201,5,대구,-2.6580645161290324,-7.5,5.1,59.54838709677419,38.0,91.0,1.9129032258064516,0.0,5.8
202201,6,대구,-2.948387096774194,-8.2,4.6,61.064516129032256,40.0,91.0,1.8548387096774193,0.1,5.3
202201,7,대구,-3.3129032258064517,-8.6,4.7,62.29032258064516,39.0,92.0,1.8451612903225807,0.2,5.0
202201,8,대구,-3.170967741935484,-8.3,4.7,62.516129032258064,39.0,91.0,1.6258064516129032,0.3,5.4
202201,9,대구,-1.9096774193548387,-7.2,5.1,56.67741935483871,37.0,86.0,1.8548387096774193,0.2,5.3
202201,10,대구,-0.08709677419354839,-4.9,5.4,49.225806451612904,33.0,78.0,2.1774193548387095,0.1,7.3
202201,11,대구,1.7419354838709677,-3.5,6.7,42.41935483870968,27.0,71.0,2.7,0.3,6.9
202201,12,대구,3.3870967741935485,-2.3,8.8,35.96774193548387,23.0,65.0,2.9967741935483874,0.6,6.7
202201,13,대구,4.729032258064516,-1.3,11.0,32.32258064516129,18.0,61.0,3.2838709677419353,1.0,7.8
202201,14,대구,5.616129032258065,0.2,11.4,30.70967741935484,16.0,59.0,3.3,0.5,6.6
202201,15,대구,5.964516129032258,0.2,11.6,29.193548387096776,15.0,56.0,3.487096774193548,0.7,9.2
202201,16,대구,6.0,0.0,11.2,29.677419354838708,15.0,54.0,3.1838709677419357,0.2,8.2
202201,17,대구,5.283870967741936,-0.7,10.9,31.806451612903224,18.0,54.0,2.796774193548387,0.5,6.1
202201,18,대구,4.251612903225807,-1.9,10.1,34.774193548387096,21.0,56.0,2.6451612903225805,0.8,7.7
202201,19,대구,3.1129032258064515,-2.6,8.7,39.483870967741936,23.0,69.0,2.383870967741936,0.7,6.5
202201,20,대구,2.148387096774193,-3.1,7.7,43.193548387096776,22.0,75.0,1.8612903225806452,0.2,5.1
202201,21,대구,1.3580645161290323,-3.8,6.9,45.806451612903224,21.0,78.0,1.9096774193548387,0.2,4.5
202201,22,대구,0.5903225806451613,-4.3,6.9,49.0,28.0,76.0,1.829032258064516,0.2,4.5
202201,23,대구,-0.16774193548387095,-5.0,7.0,51.0,31.0,80.0,1.8870967741935485,0.2,5.7
202202,0,대구,-0.003571428571428527,-6.1,6.9,50.25,35.0,85.0,3.0714285714285716,0.1,7.5
202202,1,대구,-0.6535714285714286,-6.7,5.7,53.07142857142857,36.0,88.0,2.960714285714286,0.4,7.6
202202,2,대구,-1.2321428571428572,-7.4,4.3,53.535714285714285,38.0,87.0,2.9214285714285713,0.1,6.9
202202,3,대구,-1.6464285714285716,-7.8,3.6,54.892857142857146,40.0,85.0,2.65,0.1,7.4
202202,4,대구,-1.9857142857142858,-8.2,2.9,56.392857142857146,39.0,89.0,2.6571428571428575,0.2,5.4
202202,5,대구,-2.3214285714285716,-8.5,3.0,58.535714285714285,40.0,89.0,2.4071428571428575,0.1,4.6
202202,6,대구,-2.5964285714285715,-9.3,3.4,59.035714285714285,40.0,89.0,2.439285714285714,0.2,5.6
202202,7,대구,-2.8964285714285714,-9.0,2.8,59.607142857142854,38.0,90.0,2.0035714285714286,0.1,4.9
202202,8,대구,-2.292857142857143,-8.0,3.3,58.5,37.0,89.0,1.8392857142857142,0.1,4.4
202202,9,대구,-0.8571428571428571,-7.0,4.2,52.142857142857146,33.0,83.0,2.617857142857143,0.5,5.6
202202,10,대구,0.8142857142857143,-5.6,6.4,45.357142857142854,26.0,71.0,3.1107142857142853,0.3,6.5
202202,11,대구,2.560714285714286,-3.6,8.8,39.25,22.0,65.0,3.3357142857142854,0.8,6.8
202202,12,대구,3.942857142857143,-3.1,10.4,35.464285714285715,19.0,60.0,3.792857142857143,1.2,7.4
202202,13,대구,5.117857142857143,-1.9,12.9,31.642857142857142,16.0,53.0,3.9857142857142853,1.1,7.9
202202,14,대구,6.014285714285714,-0.5,13.6,28.25,16.0,47.0,4.0928571428571425,0.8,9.1
202202,15,대구,6.425,-0.8,14.1,27.178571428571427,16.0,47.0,4.264285714285714,1.4,7.1
202202,16,대구,6.571428571428571,-1.1,14.4,27.285714285714285,16.0,46.0,4.132142857142857,1.0,7.2
202202,17,대구,5.964285714285714,-1.0,14.3,29.571428571428573,16.0,50.0,3.7785714285714285,0.9,7.6
202202,18,대구,4.910714285714286,-2.6,13.9,32.892857142857146,18.0,64.0,3.6750000000000003,0.6,6.5
202202,19,대구,3.939285714285714,-3.3,12.9,35.5,20.0,72.0,3.225,0.7,6.9
202202,20,대구,3.117857142857143,-3.9,12.1,38.67857142857143,20.0,76.0,2.8607142857142853,0.1,6.6
202202,21,대구,2.367857142857143,-4.7,11.2,40.82142857142857,25.0,78.0,2.775,0.4,6.3
202202,22,대구,1.5964285714285715,-5.1,9.5,43.357142857142854,26.0,82.0,2.8892857142857147,0.1,6.9
202202,23,대구,0.9321428571428572,-5.9,8.9,45.392857142857146,30.0,85.0,2.9499999999999997,0.2,6.3
202203,0,대구,8.103225806451613,1.4,17.4,62.225806451612904,34.0,93.0,2.1451612903225805,0.4,5.5
202203,1,대구,7.377419354838709,0.8,17.0,64.96774193548387,36.0,93.0,1.9483870967741934,0.1,6.5
202203,2,대구,6.829032258064516,-0.3,16.1,67.74193548387096,39.0,94.0,2.035483870967742,0.1,6.0
202203,3,대구,6.390322580645161,-0.8,16.2,67.6774193548387,37.0,96.0,2.0161290322580645,0.0,5.5
202203,4,대구,5.883870967741935,-1.0,16.7,69.96774193548387,40.0,96.0,2.1870967741935483,0.1,6.0
202203,5,대구,5.535483870967742,-0.9,16.5,71.74193548387096,32.0,99.0,2.0258064516129033,0.1,6.4
202203,6,대구,5.112903225806452,-1.2,15.6,73.96774193548387,40.0,100.0,1.8290322580645162,0.1,5.9
202203,7,대구,4.967741935483871,-2.1,15.4,75.2258064516129,40.0,100.0,1.9967741935483871,0.1,5.7
202203,8,대구,6.009677419354839,-1.1,16.1,71.19354838709677,35.0,100.0,1.8096774193548388,0.2,6.0
202203,9,대구,7.458064516129032,1.0,17.1,64.80645161290323,33.0,100.0,1.967741935483871,0.5,6.1
202203,10,대구,9.296774193548387,2.9,18.2,57.354838709677416,19.0,99.0,2.270967741935484,0.7,6.7
202203,11,대구,10.974193548387097,3.5,19.4,51.16129032258065,19.0,98.0,2.9612903225806453,1.1,7.6
202203,12,대구,12.258064516129032,4.3,19.1,47.193548387096776,17.0,94.0,2.735483870967742,0.7,6.1
202203,13,대구,13.26774193548387,5.7,20.7,45.29032258064516,16.0,96.0,3.0870967741935487,1.1,6.3
202203,14,대구,14.096774193548388,6.2,21.7,43.58064516129032,16.0,97.0,3.0064516129032257,1.0,6.4
202203,15,대구,14.638709677419355,6.8,22.2,41.935483870967744,15.0,96.0,3.2225806451612904,0.5,7.2
202203,16,대구,14.64516129032258,7.2,21.7,41.806451612903224,14.0,85.0,3.1548387096774193,0.8,6.6
202203,17,대구,14.154838709677419,6.5,21.8,43.29032258064516,14.0,93.0,3.141935483870968,0.7,7.0
202203,18,대구,13.403225806451612,6.0,21.0,45.25806451612903,15.0,93.0,2.7903225806451615,0.2,6.2
202203,19,대구,12.251612903225807,5.2,19.4,50.03225806451613,17.0,95.0,2.6258064516129034,0.2,6.7
202203,20,대구,11.23225806451613,4.4,18.3,54.12903225806452,21.0,96.0,2.364516129032258,0.1,5.4
202203,21,대구,10.419354838709678,3.9,17.1,57.12903225806452,23.0,98.0,2.490322580645161,0.4,5.0
202203,22,대구,9.648387096774194,3.0,17.6,58.87096774193548,24.0,98.0,2.338709677419355,0.4,5.5
202203,23,대구,8.82258064516129,2.3,16.2,61.29032258064516,30.0,97.0,2.2516129032258063,0.2,5.1
202204,0,대구,13.83,5.7,22.2,63.46666666666667,26.0,96.0,1.7533333333333334,0.1,5.3
202204,1,대구,13.133333333333333,4.9,21.1,65.68333333333334,28.0,100.0,1.5599999999999998,0.2,4.9
202204,2,대구,12.206666666666667,4.0,19.2,68.76666666666667,27.0,100.0,1.4366666666666668,0.3,4.7
202204,3,대구,11.356666666666666,3.3,18.6,72.16666666666667,31.0,100.0,1.3599999999999999,0.2,5.5
202204,4,대구,10.883333333333333,2.6,17.8,75.26666666666667,34.0,100.0,1.3666666666666667,0.2,5.3
202204,5,대구,10.44,2.3,17.5,76.63333333333334,30.0,100.0,1.2733333333333334,0.1,4.3
202204,6,대구,10.043333333333333,1.5,16.8,78.1,29.0,100.0,1.26,0.2,5.9
202204,7,대구,10.783333333333333,2.3,16.9,76.26666666666667,40.0,100.0,1.2,0.0,5.2
202204,8,대구,12.443333333333333,4.7,19.2,68.9,38.0,99.0,1.45,0.4,6.5
202204,9,대구,14.229999999999999,7.9,20.9,60.833333333333336,31.0,99.0,1.6366666666666667,0.0,5.7
202204,10,대구,16.16,10.0,23.1,52.53333333333333,24.0,97.0,2.253333333333333,0.5,7.0
202204,11,대구,17.740000000000002,10.4,25.0,44.4,19.0,96.0,2.5733333333333333,0.7,7.8
202204,12,대구,19.3,11.8,27.0,39.833333333333336,14.0,99.0,3.0533333333333332,0.8,6.3
202204,13,대구,20.3,12.2,27.9,37.766666666666666,15.0,99.0,3.003333333333333,1.0,7.7
202204,14,대구,20.95,12.3,28.8,36.2,14.0,95.0,3.05,0.8,7.7
202204,15,대구,21.433333333333334,12.0,29.1,35.833333333333336,14.0,95.0,3.19,1.1,7.8
202204,16,대구,21.296666666666667,12.1,29.0,36.96666666666667,15.0,89.0,3.35,0.9,6.6
202204,17,대구,20.959999999999997,11.6,29.9,38.233333333333334,17.0,89.0,3.3733333333333335,1.0,6.4
202204,18,대구,20.033333333333335,11.4,28.9,40.13333333333333,18.0,88.0,3.1,0.8,6.7
202204,19,대구,18.743333333333332,10.4,27.3,44.93333333333333,20.0,88.0,2.9633333333333334,1.2,8.0
202204,20,대구,17.459999999999997,9.2,26.0,49.06666666666667,21.0,89.0,2.493333333333333,1.1,7.0
202204,21,대구,16.62333333333333,8.4,25.1,52.13333333333333,24.0,94.0,2.25,0.4,6.0
202204,22,대구,15.66,7.5,24.2,56.46666666666667,25.0,92.0,2.06,0.2,7.5
202204,23,대구,14.883333333333333,6.6,22.9,59.53333333333333,26.0,98.0,2.04,0.3,6.0
202205,0,대구,17.961290322580645,8.7,24.3,60.03225806451613,32.0,98.0,2.1806451612903226,0.1,6.0
202205,1,대구,17.33225806451613,8.2,23.8,62.096774193548384,28.0,99.0,1.8129032258064517,0.0,5.0
202205,2,대구,16.5,7.5,23.0,65.74193548387096,38.0,100.0,1.5870967741935484,0.1,4.2
202205,3,대구,16.032258064516128,7.1,22.6,67.3225806451613,42.0,100.0,1.4580645161290324,0.1,4.3
202205,4,대구,15.412903225806453,6.6,22.2,69.58064516129032,45.0,100.0,1.4709677419354839,0.2,4.1
202205,5,대구,14.95483870967742,6.6,21.4,71.38709677419355,49.0,100.0,1.4096774193548387,0.0,4.5
202205,6,대구,14.85483870967742,6.8,22.0,72.45161290322581,46.0,100.0,1.525806451612903,0.1,4.2
202205,7,대구,16.24516129032258,7.4,22.8,66.25806451612904,40.0,100.0,1.4161290322580644,0.2,4.7
202205,8,대구,17.85483870967742,8.9,23.6,59.29032258064516,35.0,96.0,1.935483870967742,0.4,5.8
202205,9,대구,19.725806451612904,11.9,25.3,51.064516129032256,28.0,81.0,2.096774193548387,0.9,4.8
202205,10,대구,21.583870967741937,13.8,27.5,44.354838709677416,24.0,77.0,2.5999999999999996,1.3,5.5
202205,11,대구,23.138709677419353,17.0,28.6,38.03225806451613,21.0,76.0,3.0483870967741935,1.1,7.1
202205,12,대구,24.32903225806452,17.4,30.3,34.41935483870968,21.0,76.0,3.0548387096774197,1.8,6.7
202205,13,대구,25.270967741935483,17.6,31.1,32.516129032258064,21.0,75.0,3.2483870967741937,1.4,6.3
202205,14,대구,26.11935483870968,18.0,31.8,30.419354838709676,20.0,73.0,3.361290322580645,1.3,7.5
202205,15,대구,26.529032258064515,18.7,33.2,29.93548387096774,19.0,71.0,3.296774193548387,1.1,7.3
202205,16,대구,26.41290322580645,19.3,32.5,30.387096774193548,21.0,70.0,3.351612903225807,0.7,5.9
202205,17,대구,26.200000000000003,16.0,33.0,32.70967741935484,20.0,100.0,3.429032258064516,1.1,7.5
202205,18,대구,24.98709677419355,15.8,32.3,36.32258064516129,19.0,100.0,3.7129032258064516,1.0,7.0
202205,19,대구,23.5,12.8,30.1,42.03225806451613,24.0,100.0,3.503225806451613,0.4,6.9
202205,20,대구,22.164516129032258,10.4,28.4,46.903225806451616,28.0,100.0,2.8129032258064517,0.5,7.3
202205,21,대구,20.89032258064516,9.8,27.9,50.903225806451616,29.0,99.0,2.570967741935484,0.4,6.3
202205,22,대구,19.86774193548387,9.4,25.6,53.935483870967744,30.0,99.0,2.296774193548387,0.2,5.7
202205,23,대구,18.990322580645163,9.2,25.1,57.03225806451613,32.0,98.0,2.2161290322580647,0.2,5.6
202206,0,대구,22.316666666666666,14.7,28.5,77.7,43.0,100.0,1.9733333333333334,0.3,4.5
202206,1,대구,21.853333333333335,14.5,28.4,80.43333333333334,50.0,100.0,1.9666666666666666,0.1,4.2
202206,2,대구,21.366666666666667,14.7,28.3,82.73333333333333,50.0,100.0,1.8866666666666667,0.1,3.7
202206,3,대구,20.990000000000002,14.2,28.4,83.96666666666667,49.0,100.0,1.72,0.3,4.0
202206,4,대구,20.623333333333335,13.8,28.2,85.8,51.0,100.0,1.5866666666666667,0.0,3.8
202206,5,대구,20.416666666666668,13.5,28.1,86.7,52.0,100.0,1.5033333333333334,0.1,4.0
202206,6,대구,20.466666666666665,13.3,28.0,87.13333333333334,56.0,100.0,1.4200000000000002,0.1,3.9
202206,7,대구,21.36,14.7,28.5,83.06666666666666,55.0,100.0,1.6933333333333331,0.4,3.9
202206,8,대구,22.603333333333335,16.2,29.8,77.66666666666667,51.0,94.0,1.9966666666666666,0.3,4.7
202206,9,대구,23.833333333333332,16.7,30.5,72.0,43.0,91.0,2.33,0.8,4.5
202206,10,대구,25.063333333333333,17.4,30.9,66.9,39.0,87.0,2.4099999999999997,0.7,4.6
202206,11,대구,26.15666666666667,17.3,31.5,62.06666666666667,34.0,88.0,2.5433333333333334,1.1,4.3
202206,12,대구,26.959999999999997,17.9,33.7,59.166666666666664,29.0,92.0,3.006666666666667,0.6,5.1
202206,13,대구,27.626666666666665,17.7,34.3,57.53333333333333,26.0,97.0,2.8433333333333333,0.8,6.0
202206,14,대구,28.243333333333332,17.5,35.7,55.666666666666664,23.0,99.0,2.8400000000000003,0.9,6.2
202206,15,대구,28.55666666666667,16.9,36.4,55.36666666666667,21.0,100.0,3.1633333333333336,0.7,6.1
202206,16,대구,28.236666666666668,16.1,36.4,56.733333333333334,21.0,100.0,3.066666666666667,0.8,6.6
202206,17,대구,27.703333333333333,16.2,35.8,58.833333333333336,21.0,100.0,3.1666666666666665,1.1,7.5
202206,18,대구,27.116666666666667,15.7,34.1,60.6,22.0,100.0,2.933333333333333,1.0,7.6
202206,19,대구,25.896666666666665,15.2,32.8,65.93333333333334,26.0,100.0,2.753333333333333,0.5,5.4
202206,20,대구,24.759999999999998,15.0,31.2,70.3,33.0,100.0,2.5566666666666666,0.7,4.8
202206,21,대구,24.029999999999998,15.1,30.1,73.26666666666667,39.0,100.0,2.4033333333333333,0.5,4.2
202206,22,대구,23.44333333333333,15.0,29.4,75.36666666666666,43.0,100.0,2.466666666666667,0.1,6.4
202206,23,대구,22.926666666666666,14.6,29.1,77.43333333333334,49.0,100.0,2.3333333333333335,0.6,5.6
202207,0,대구,25.870967741935484,22.8,28.7,82.7741935483871,68.0,99.0,1.9064516129032258,0.3,4.0
202207,1,대구,25.567741935483873,22.7,28.7,83.96774193548387,69.0,100.0,1.603225806451613,0.0,3.0
202207,2,대구,25.15806451612903,22.5,28.5,86.3225806451613,72.0,100.0,1.538709677419355,0.3,3.1
202207,3,대구,24.929032258064513,22.3,28.3,87.7741935483871,73.0,99.0,1.664516129032258,0.4,4.0
202207,4,대구,24.45483870967742,21.8,27.7,89.41935483870968,75.0,100.0,1.5903225806451613,0.2,3.8
202207,5,대구,24.248387096774195,21.7,27.8,90.54838709677419,75.0,100.0,1.6516129032258065,0.2,4.3
202207,6,대구,24.299999999999997,22.0,27.1,90.35483870967742,75.0,100.0,1.7451612903225806,0.4,3.8
202207,7,대구,25.05483870967742,22.0,27.8,87.12903225806451,73.0,99.0,1.8612903225806452,0.1,4.5
202207,8,대구,25.94193548387097,21.8,30.2,82.96774193548387,68.0,100.0,2.1903225806451614,0.5,4.8
202207,9,대구,26.9,22.2,30.1,78.3225806451613,63.0,100.0,2.4419354838709677,1.0,4.6
202207,10,대구,28.138709677419353,21.8,31.2,73.58064516129032,55.0,100.0,2.3774193548387097,0.8,4.8
202207,11,대구,29.083870967741937,21.9,32.9,69.58064516129032,43.0,100.0,2.4419354838709677,0.8,3.7
202207,12,대구,29.783870967741933,22.1,33.7,67.61290322580645,48.0,100.0,2.5,0.9,4.3
202207,13,대구,30.53548387096774,22.2,34.5,64.16129032258064,42.0,100.0,2.480645161290323,0.8,4.5
202207,14,대구,30.82903225806452,22.0,35.7,63.25806451612903,37.0,99.0,2.8129032258064517,0.9,5.1
202207,15,대구,31.180645161290318,22.1,35.9,60.96774193548387,40.0,95.0,2.8806451612903223,0.8,5.1
202207,16,대구,31.05806451612903,22.1,36.6,61.54838709677419,40.0,97.0,2.8870967741935485,0.2,5.6
202207,17,대구,30.503225806451614,22.8,35.8,63.806451612903224,42.0,97.0,3.0548387096774197,1.0,5.4
202207,18,대구,29.73225806451613,22.4,34.6,67.2258064516129,42.0,97.0,2.9838709677419355,0.1,5.5
202207,19,대구,28.91290322580645,22.5,33.6,70.7741935483871,44.0,96.0,2.648387096774193,0.9,5.5
202207,20,대구,27.796774193548387,22.5,32.1,75.87096774193549,51.0,99.0,2.4741935483870967,0.5,5.3
202207,21,대구,27.141935483870967,22.6,31.1,78.58064516129032,59.0,100.0,2.358064516129032,0.9,4.4
202207,22,대구,26.648387096774194,22.6,30.2,80.61290322580645,62.0,100.0,2.009677419354839,0.3,4.4
202207,23,대구,26.270967741935483,22.6,29.2,81.51612903225806,65.0,100.0,1.7419354838709677,0.4,3.4
202208,0,대구,25.59032258064516,18.3,30.8,87.38709677419355,69.0,100.0,1.464516129032258,0.2,4.4
202208,1,대구,25.306451612903224,17.8,30.1,88.58064516129032,70.0,100.0,1.3612903225806452,0.2,4.4
202208,2,대구,25.04516129032258,16.9,29.7,89.35483870967742,62.0,100.0,1.3258064516129033,0.3,3.2
202208,3,대구,24.780645161290323,16.6,29.4,90.03225806451613,59.0,100.0,1.0838709677419356,0.0,3.3
202208,4,대구,24.53548387096774,16.5,29.6,91.0,66.0,100.0,1.2129032258064516,0.0,3.3
202208,5,대구,24.35483870967742,16.6,29.3,91.83870967741936,71.0,100.0,1.2774193548387098,0.2,3.0
202208,6,대구,24.219354838709677,16.6,28.7,92.29032258064517,74.0,100.0,1.096774193548387,0.1,3.8
202208,7,대구,24.751612903225805,16.8,29.4,90.03225806451613,72.0,100.0,1.2483870967741937,0.2,3.3
202208,8,대구,25.529032258064515,18.0,30.4,87.03225806451613,66.0,100.0,1.4129032258064516,0.5,3.8
202208,9,대구,26.48709677419355,19.6,32.1,81.61290322580645,64.0,100.0,1.6258064516129032,0.1,3.7
202208,10,대구,27.39032258064516,20.8,32.3,77.06451612903226,62.0,100.0,1.864516129032258,0.5,4.1
202208,11,대구,28.18064516129032,20.0,34.8,73.93548387096774,58.0,100.0,2.2580645161290325,0.5,4.4
202208,12,대구,28.887096774193548,20.1,34.3,71.41935483870968,51.0,99.0,2.3870967741935485,0.6,4.9
202208,13,대구,29.451612903225808,20.6,35.6,69.2258064516129,51.0,100.0,2.264516129032258,0.5,4.1
202208,14,대구,29.774193548387096,20.5,36.8,66.87096774193549,33.0,100.0,2.6516129032258067,0.3,4.7
202208,15,대구,29.81612903225807,20.1,37.1,67.80645161290323,30.0,100.0,2.5870967741935487,0.7,5.0
202208,16,대구,29.677419354838708,20.3,36.0,68.87096774193549,34.0,100.0,2.4225806451612906,0.8,4.4
202208,17,대구,29.256666666666668,20.3,35.6,70.2,38.0,99.0,2.183333333333333,0.2,3.9
202208,18,대구,28.990322580645163,20.3,35.6,72.54838709677419,43.0,100.0,2.1870967741935483,0.5,5.1
202208,19,대구,28.07741935483871,20.3,34.7,76.0,48.0,100.0,2.338709677419355,0.8,5.6
202208,20,대구,27.36774193548387,20.9,33.7,78.41935483870968,58.0,100.0,1.7064516129032257,0.5,3.8
202208,21,대구,26.787096774193547,21.1,32.6,81.03225806451613,60.0,100.0,1.467741935483871,0.2,3.8
202208,22,대구,26.283870967741933,20.7,32.0,83.09677419354838,68.0,100.0,1.2129032258064516,0.1,3.9
202208,23,대구,25.787096774193547,19.6,31.4,85.41935483870968,69.0,100.0,1.3290322580645162,0.1,4.4
202209,0,대구,19.846666666666668,14.1,25.7,89.36666666666666,67.0,100.0,1.6866666666666668,0.1,4.7
202209,1,대구,19.54,13.4,26.2,91.0,70.0,100.0,1.98,0.4,6.1
202209,2,대구,19.173333333333336,13.3,25.5,92.63333333333334,71.0,100.0,1.7966666666666666,0.0,6.7
202209,3,대구,18.973333333333336,12.9,25.6,93.0,72.0,100.0,1.5233333333333334,0.0,4.5
202209,4,대구,18.790000000000003,12.4,26.5,93.3,64.0,100.0,1.4,0.0,3.7
202209,5,대구,18.486666666666668,12.2,25.0,94.33333333333333,74.0,100.0,1.2233333333333334,0.1,3.5
202209,6,대구,18.44333333333333,11.7,26.1,94.53333333333333,73.0,100.0,1.35,0.0,4.4
202209,7,대구,18.876666666666665,12.4,25.9,92.83333333333333,72.0,100.0,1.3233333333333333,0.1,5.1
202209,8,대구,20.033333333333335,13.9,25.9,87.86666666666666,60.0,100.0,1.84,0.0,8.4
202209,9,대구,21.10666666666667,15.8,25.6,82.73333333333333,56.0,99.0,2.07,0.5,8.0
202209,10,대구,22.540000000000003,18.6,26.5,76.83333333333333,54.0,97.0,2.5366666666666666,0.9,5.4
202209,11,대구,24.026666666666664,19.7,28.7,70.56666666666666,45.0,89.0,2.83,0.7,6.2
202209,12,대구,24.903333333333332,20.3,29.6,67.16666666666667,42.0,88.0,3.0933333333333333,0.8,6.5
202209,13,대구,25.62,21.2,32.0,63.93333333333333,40.0,86.0,3.44,1.0,7.2
202209,14,대구,25.9,21.7,32.0,62.833333333333336,32.0,92.0,3.24,1.1,6.0
202209,15,대구,25.970000000000002,21.5,31.5,61.833333333333336,27.0,91.0,3.2733333333333334,0.5,6.5
202209,16,대구,25.706666666666667,21.0,30.9,62.93333333333333,25.0,97.0,3.3433333333333333,0.5,5.4
202209,17,대구,25.259999999999998,19.9,29.8,64.73333333333333,31.0,97.0,3.1666666666666665,1.5,5.4
202209,18,대구,24.446666666666665,19.1,29.3,68.7,35.0,100.0,2.796666666666667,0.3,5.3
202209,19,대구,23.259999999999998,18.4,28.8,75.36666666666666,50.0,97.0,2.5866666666666664,0.3,5.3
202209,20,대구,22.21333333333333,17.8,28.3,79.66666666666667,53.0,98.0,2.396666666666667,0.4,5.7
202209,21,대구,21.543333333333333,16.1,28.2,80.9,63.0,98.0,2.21,0.2,4.4
202209,22,대구,20.896666666666665,15.9,28.2,84.4,61.0,100.0,2.2866666666666666,0.2,5.5
202209,23,대구,20.35,15.2,27.7,86.3,66.0,100.0,1.9,0.4,5.1
202210,0,대구,13.66451612903226,7.0,24.9,81.41935483870968,54.0,97.0,1.3548387096774193,0.0,4.4
202210,1,대구,13.148387096774194,6.0,24.6,83.33548387096775,56.0,99.0,1.5483870967741935,0.1,5.2
202210,2,대구,12.551612903225807,5.2,24.6,85.16129032258064,60.0,99.0,1.429032258064516,0.4,4.8
202210,3,대구,12.180645161290323,5.5,25.4,86.45161290322581,57.0,99.0,1.3161290322580643,0.0,4.2
202210,4,대구,11.874193548387098,4.3,26.8,88.06451612903226,63.0,100.0,1.4516129032258065,0.2,4.4
202210,5,대구,11.587096774193547,4.1,25.7,88.74193548387096,64.0,100.0,1.4838709677419355,0.2,6.6
202210,6,대구,11.241935483870968,3.8,26.0,89.90322580645162,64.0,100.0,1.2096774193548387,0.0,4.9
202210,7,대구,11.358064516129033,3.9,26.9,89.81935483870969,65.0,100.0,1.2096774193548387,0.0,4.2
202210,8,대구,12.735483870967743,5.7,24.8,84.09032258064516,61.0,100.0,1.464516129032258,0.2,3.9
202210,9,대구,14.503225806451614,9.1,23.3,76.41935483870968,53.0,100.0,1.532258064516129,0.3,4.0
202210,10,대구,16.37741935483871,11.9,23.3,67.80000000000001,49.0,100.0,1.9838709677419355,0.5,6.4
202210,11,대구,18.13225806451613,13.6,25.7,61.193548387096776,42.0,100.0,2.5677419354838706,0.9,8.7
202210,12,대구,19.23225806451613,14.6,27.4,56.193548387096776,38.0,99.0,2.7870967741935484,1.1,6.3
202210,13,대구,20.048387096774192,15.1,29.2,52.87096774193548,26.0,100.0,2.9838709677419355,1.1,6.4
202210,14,대구,20.625806451612902,15.7,29.7,49.903225806451616,30.0,83.0,3.0354838709677416,1.2,7.3
202210,15,대구,20.677419354838708,15.6,30.1,50.096774193548384,28.0,84.0,3.203225806451613,1.1,7.0
202210,16,대구,20.261290322580646,15.3,29.1,51.45161290322581,26.0,87.0,3.2451612903225806,0.7,8.4
202210,17,대구,19.283870967741933,13.7,29.1,55.67741935483871,30.0,90.0,3.2193548387096773,0.9,6.5
202210,18,대구,17.983870967741936,13.5,27.0,61.58064516129032,34.0,92.0,2.774193548387097,0.5,5.5
202210,19,대구,16.84193548387097,12.8,26.5,66.3225806451613,39.0,100.0,2.6322580645161286,0.4,6.8
202210,20,대구,15.8,11.1,26.5,71.35483870967742,48.0,97.0,2.0483870967741935,0.2,4.8
202210,21,대구,15.051612903225806,10.6,26.5,74.54838709677419,54.0,100.0,1.7838709677419353,0.0,5.1
202210,22,대구,14.490322580645161,9.2,26.7,77.19354838709677,52.0,100.0,1.738709677419355,0.3,5.8
202210,23,대구,13.94516129032258,7.4,25.1,79.25806451612904,55.0,99.0,1.6838709677419355,0.1,4.5
202211,0,대구,9.203333333333335,4.8,20.7,73.66666666666667,36.0,100.0,1.2933333333333332,0.1,5.2
202211,1,대구,8.47,4.4,18.7,75.93333333333334,33.0,100.0,1.2166666666666666,0.1,5.0
202211,2,대구,7.923333333333333,3.4,18.2,78.43333333333334,39.0,100.0,1.3633333333333333,0.2,5.0
202211,3,대구,7.5233333333333325,2.8,18.1,80.86666666666666,44.0,100.0,1.2333333333333334,0.2,6.1
202211,4,대구,7.11,1.9,18.1,82.4,46.0,100.0,1.3133333333333332,0.1,4.7
202211,5,대구,6.673333333333334,0.8,18.5,84.2,46.0,100.0,1.4933333333333332,0.1,6.2
202211,6,대구,6.51,0.3,18.9,84.26666666666667,44.0,100.0,1.3133333333333332,0.2,6.7
202211,7,대구,6.236666666666666,-0.3,18.3,84.43333333333334,32.0,100.0,1.3666666666666667,0.0,6.0
202211,8,대구,7.036666666666666,-1.1,18.7,80.7,30.0,99.0,1.4,0.2,8.0
202211,9,대구,8.796666666666665,-1.4,17.9,73.3,36.0,98.0,1.3833333333333333,0.2,6.0
202211,10,대구,10.823333333333332,-1.4,16.8,65.0,32.0,95.0,1.47,0.3,6.7
202211,11,대구,12.873333333333333,-1.2,16.9,56.6,27.0,95.0,1.9833333333333334,0.5,6.0
202211,12,대구,14.72,-0.3,20.3,50.24666666666667,24.0,86.0,2.26,0.5,5.7
202211,13,대구,15.71,0.3,21.5,47.13333333333333,25.0,73.0,2.5266666666666664,0.6,6.0
202211,14,대구,16.62666666666667,1.1,23.0,43.733333333333334,24.0,68.0,2.5133333333333336,0.8,5.7
202211,15,대구,16.86,0.7,23.4,42.766666666666666,22.0,63.0,2.4166666666666665,0.8,4.9
202211,16,대구,16.62666666666667,1.0,22.9,42.46666666666667,24.0,62.0,2.506666666666667,0.3,6.1
202211,17,대구,15.536666666666667,0.4,21.7,46.43333333333333,26.0,97.0,1.9066666666666667,0.1,5.3
202211,18,대구,14.073333333333332,-0.3,21.2,51.513333333333335,27.0,100.0,1.95,0.1,5.4
202211,19,대구,12.860000000000001,-1.0,20.8,55.8,29.0,100.0,1.6233333333333335,0.1,4.8
202211,20,대구,11.876666666666667,-1.7,20.6,59.53333333333333,32.0,100.0,1.41,0.0,4.6
202211,21,대구,11.023333333333333,-2.0,20.3,63.03333333333333,33.0,100.0,1.6266666666666665,0.0,4.7
202211,22,대구,10.243333333333334,-2.5,19.9,66.23333333333333,33.0,100.0,1.4033333333333333,0.2,4.5
202211,23,대구,9.473333333333333,-2.7,20.9,69.1,33.0,99.0,1.3599999999999999,0.1,6.3
202212,0,대구,-0.9096774193548388,-7.3,6.7,69.70967741935483,32.0,98.0,2.0,0.2,4.7
202212,1,대구,-1.3548387096774193,-7.5,6.2,71.12903225806451,33.0,95.0,2.1870967741935483,0.1,4.8
202212,2,대구,-1.6451612903225807,-7.9,6.0,72.19354838709677,35.0,95.0,2.135483870967742,0.2,5.5
202212,3,대구,-1.967741935483871,-9.0,5.9,71.64516129032258,37.0,96.0,2.148387096774193,0.2,5.4
202212,4,대구,-2.3483870967741933,-8.7,5.3,71.93548387096774,38.0,99.0,2.116129032258064,0.0,4.5
202212,5,대구,-2.603225806451613,-8.9,4.3,71.45161290322581,38.0,100.0,2.0677419354838706,0.1,5.9
202212,6,대구,-2.9741935483870967,-8.8,3.7,72.06451612903226,33.0,99.0,1.9451612903225806,0.1,6.6
202212,7,대구,-3.170967741935484,-8.9,4.0,73.0,33.0,100.0,1.9258064516129034,0.2,5.0
202212,8,대구,-3.0935483870967744,-9.1,3.6,73.54838709677419,35.0,99.0,1.6870967741935483,0.2,5.1
202212,9,대구,-1.7903225806451613,-7.8,5.3,68.2258064516129,37.0,100.0,1.8774193548387097,0.3,4.8
202212,10,대구,-0.07096774193548383,-6.6,6.5,61.29032258064516,33.0,100.0,2.164516129032258,0.5,5.5
202212,11,대구,1.6870967741935483,-5.2,7.9,54.70967741935484,30.0,100.0,2.8129032258064517,0.9,6.1
202212,12,대구,2.954838709677419,-3.9,9.5,51.16129032258065,26.0,100.0,3.329032258064516,0.2,7.4
202212,13,대구,3.6774193548387095,-2.9,10.1,51.064516129032256,26.0,99.0,3.5258064516129033,0.4,5.9
202212,14,대구,4.33225806451613,-2.7,12.3,49.87096774193548,26.0,98.0,3.6193548387096777,0.6,8.1
202212,15,대구,4.493548387096775,-2.9,12.2,48.774193548387096,26.0,94.0,3.5064516129032257,0.8,7.0
202212,16,대구,4.212903225806452,-3.1,12.2,50.064516129032256,27.0,97.0,3.361290322580645,1.1,6.5
202212,17,대구,3.390322580645161,-3.9,11.0,53.54838709677419,26.0,97.0,3.074193548387097,0.5,6.3
202212,18,대구,2.574193548387097,-4.8,8.7,55.806451612903224,28.0,99.0,2.667741935483871,0.5,5.5
202212,19,대구,1.9451612903225808,-5.3,8.3,58.193548387096776,32.0,100.0,2.4645161290322584,0.5,6.5
202212,20,대구,1.2838709677419353,-6.2,7.9,60.87096774193548,32.0,99.0,2.1451612903225805,0.4,5.9
202212,21,대구,0.6516129032258066,-6.5,7.6,64.96774193548387,33.0,98.0,2.2870967741935484,0.0,6.3
202212,22,대구,-0.11290322580645162,-6.9,7.1,67.80645161290323,33.0,100.0,2.009677419354839,0.1,5.8
202212,23,대구,-0.5645161290322581,-7.2,6.7,69.93548387096774,31.0,100.0,1.9548387096774194,0.2,5.3
202301,0,대구,-0.5709677419354839,-11.9,12.2,67.61290322580645,43.0,100.0,1.8709677419354838,0.0,5.9
202301,1,대구,-1.1,-12.1,12.1,69.74193548387096,44.0,100.0,2.0161290322580645,0.1,6.6
202301,2,대구,-1.6032258064516127,-12.3,11.8,70.19354838709677,42.0,100.0,1.9129032258064518,0.1,6.2
202301,3,대구,-1.9451612903225808,-12.9,11.1,70.93548387096774,40.0,100.0,1.9806451612903226,0.2,5.2
202301,4,대구,-2.296774193548387,-13.1,11.0,72.80645161290323,38.0,100.0,2.02258064516129,0.0,6.2
202301,5,대구,-2.6322580645161286,-13.4,10.6,73.90322580645162,39.0,100.0,1.9161290322580644,0.1,7.3
202301,6,대구,-2.735483870967742,-13.7,10.8,74.90322580645162,37.0,100.0,1.9838709677419355,0.1,6.0
202301,7,대구,-2.925806451612903,-14.0,10.7,76.3225806451613,41.0,100.0,1.7225806451612902,0.1,6.7
202301,8,대구,-2.893548387096774,-13.8,10.6,75.45161290322581,43.0,100.0,1.893548387096774,0.3,8.6
202301,9,대구,-1.6483870967741936,-12.7,10.5,70.2258064516129,39.0,100.0,2.0548387096774197,0.3,8.0
202301,10,대구,0.12258064516129034,-11.1,10.4,64.0,32.0,100.0,2.3032258064516125,0.4,8.2
202301,11,대구,1.974193548387097,-9.5,12.5,57.41935483870968,25.0,100.0,2.793548387096774,0.5,7.0
202301,12,대구,3.264516129032258,-8.3,14.1,53.61290322580645,22.0,100.0,3.116129032258064,0.7,7.1
202301,13,대구,4.34516129032258,-8.3,13.3,49.645161290322584,21.0,100.0,3.5064516129032257,0.5,10.4
202301,14,대구,5.070967741935483,-8.1,14.3,47.54838709677419,20.0,100.0,3.6258064516129034,0.6,8.2
202301,15,대구,5.622580645161291,-8.4,15.5,44.806451612903224,17.0,96.0,3.4419354838709677,0.8,7.9
202301,16,대구,5.670967741935484,-8.2,15.4,44.70967741935484,16.0,94.0,3.3548387096774195,0.7,7.6
202301,17,대구,4.987096774193549,-9.0,15.0,46.225806451612904,17.0,95.0,3.1870967741935483,0.5,7.7
202301,18,대구,3.793548387096774,-10.2,14.1,48.96774193548387,20.0,99.0,2.5032258064516126,0.3,7.0
202301,19,대구,2.796774193548387,-10.9,13.7,52.0,21.0,99.0,2.303225806451613,0.2,5.9
202301,20,대구,1.9387096774193548,-11.2,13.2,54.61290322580645,26.0,100.0,2.074193548387097,0.3,8.3
202301,21,대구,1.2580645161290323,-11.5,12.9,58.064516129032256,28.0,100.0,1.8516129032258064,0.3,4.2
202301,22,대구,0.535483870967742,-11.4,12.9,62.16129032258065,36.0,100.0,1.8193548387096774,0.1,4.1
202301,23,대구,-0.045161290322580684,-11.8,12.7,64.38709677419355,41.0,100.0,1.770967741935484,0.1,4.7
202302,0,대구,2.5035714285714286,-1.7,7.3,56.392857142857146,30.0,89.0,1.925,0.1,4.3
202302,1,대구,1.842857142857143,-2.4,7.0,58.785714285714285,33.0,90.0,1.8214285714285714,0.2,4.7
202302,2,대구,1.3535714285714284,-3.0,6.6,61.75,35.0,93.0,1.8142857142857143,0.5,3.7
202302,3,대구,0.9035714285714285,-3.5,6.5,63.75,39.0,95.0,1.6214285714285714,0.0,4.7
202302,4,대구,0.5821428571428572,-3.9,6.7,65.89285714285714,36.0,96.0,1.757142857142857,0.6,4.3
202302,5,대구,0.21785714285714283,-4.4,7.3,68.25,38.0,96.0,1.457142857142857,0.1,4.1
202302,6,대구,0.025000000000000015,-5.2,7.5,69.57142857142857,36.0,96.0,1.4749999999999999,0.2,3.4
202302,7,대구,-0.2035714285714286,-5.1,7.1,70.53571428571429,37.0,97.0,1.4749999999999999,0.0,4.3
202302,8,대구,0.2571428571428572,-4.3,7.1,69.28571428571429,39.0,98.0,1.5250000000000001,0.1,4.9
202302,9,대구,1.8178571428571428,-2.0,7.7,63.25,29.0,99.0,1.6392857142857142,0.2,4.2
202302,10,대구,3.6571428571428575,0.2,8.3,55.714285714285715,20.0,95.0,2.032142857142857,0.5,4.3
202302,11,대구,5.539285714285714,2.1,9.7,47.642857142857146,23.0,84.0,2.275,0.5,4.6
202302,12,대구,7.178571428571429,3.7,12.4,42.285714285714285,20.0,79.0,2.757142857142857,1.1,6.3
202302,13,대구,8.364285714285714,4.9,14.8,37.607142857142854,15.0,75.0,3.0892857142857144,0.7,8.7
202302,14,대구,9.15,4.8,15.7,34.32142857142857,11.0,71.0,3.2178571428571425,0.7,7.5
202302,15,대구,9.6,4.7,16.9,32.42857142857143,13.0,70.0,3.1714285714285713,0.3,6.7
202302,16,대구,9.778571428571428,4.3,18.0,31.464285714285715,11.0,70.0,2.8892857142857147,0.9,5.9
202302,17,대구,9.10357142857143,3.5,17.6,32.642857142857146,10.0,68.0,3.335714285714286,0.8,7.1
202302,18,대구,8.05,3.0,16.2,36.535714285714285,13.0,67.0,3.0964285714285715,1.2,6.1
202302,19,대구,7.0,2.3,14.2,40.464285714285715,13.0,72.0,2.725,0.7,4.9
202302,20,대구,5.817857142857143,1.5,12.0,44.107142857142854,22.0,74.0,2.292857142857143,0.3,6.0
202302,21,대구,4.9678571428571425,0.5,10.8,46.607142857142854,23.0,81.0,2.189285714285714,0.1,4.6
202302,22,대구,4.289285714285714,-0.7,9.6,49.07142857142857,26.0,85.0,2.157142857142857,0.1,5.4
202302,23,대구,3.5321428571428575,-1.2,9.1,53.285714285714285,29.0,85.0,1.875,0.0,4.9
202303,0,대구,9.46774193548387,2.4,15.5,52.13333333333333,25.0,97.0,1.474193548387097,0.1,5.0
202303,1,대구,8.72258064516129,1.8,15.2,55.25806451612903,27.0,98.0,1.4548387096774194,0.0,6.5
202303,2,대구,8.019354838709678,1.6,15.0,57.58064516129032,29.0,97.0,1.4451612903225806,0.0,7.4
202303,3,대구,7.390322580645161,1.2,14.8,60.935483870967744,30.0,97.0,1.564516129032258,0.1,7.4
202303,4,대구,6.941935483870967,0.9,14.7,61.935483870967744,31.0,97.0,1.7419354838709677,0.1,7.4
202303,5,대구,6.548387096774194,0.5,14.6,62.25806451612903,22.0,97.0,1.5806451612903225,0.2,6.0
202303,6,대구,6.103225806451612,0.3,14.6,64.38709677419355,26.0,97.0,1.6774193548387097,0.1,4.7
202303,7,대구,5.990322580645161,0.3,14.5,64.12903225806451,30.0,98.0,1.538709677419355,0.0,5.2
202303,8,대구,7.235483870967743,1.1,14.7,60.935483870967744,28.0,98.0,1.5870967741935484,0.3,6.6
202303,9,대구,9.32258064516129,2.5,14.9,53.16129032258065,23.0,98.0,1.8741935483870968,0.1,6.0
202303,10,대구,11.51290322580645,3.5,17.7,47.38709677419355,20.0,97.0,2.1129032258064515,0.5,5.0
202303,11,대구,13.325806451612904,4.6,20.2,41.54838709677419,18.0,96.0,2.383870967741936,1.0,6.3
202303,12,대구,15.064516129032258,5.6,22.1,36.935483870967744,13.0,97.0,2.6548387096774193,0.7,5.8
202303,13,대구,16.10967741935484,6.4,23.0,34.16129032258065,13.0,95.0,2.890322580645161,1.3,5.4
202303,14,대구,17.216129032258067,8.0,23.7,30.741935483870968,11.0,95.0,2.903225806451613,1.2,6.4
202303,15,대구,17.66774193548387,8.0,24.9,29.387096774193548,10.0,91.0,2.770967741935484,0.7,5.3
202303,16,대구,17.84193548387097,8.6,25.5,28.096774193548388,10.0,88.0,3.019354838709677,0.9,6.0
202303,17,대구,17.593548387096774,8.9,25.3,27.806451612903224,10.0,88.0,2.8774193548387097,0.3,4.7
202303,18,대구,16.241935483870968,7.4,22.5,30.967741935483872,12.0,93.0,2.806451612903226,0.6,5.7
202303,19,대구,14.719354838709679,6.1,21.1,34.0,15.0,94.0,2.6322580645161286,0.4,6.5
202303,20,대구,13.52258064516129,5.6,20.2,37.61290322580645,16.0,93.0,2.458064516129032,0.3,6.4
202303,21,대구,12.493548387096775,4.5,19.6,41.6,17.0,94.0,2.2451612903225806,0.3,7.2
202303,22,대구,11.396774193548387,4.0,17.3,45.166666666666664,19.0,97.0,1.832258064516129,0.2,6.2
202303,23,대구,10.496774193548386,3.1,16.4,48.46666666666667,21.0,96.0,1.7741935483870968,0.1,6.3
202304,0,대구,12.753333333333334,8.3,21.7,63.56666666666667,17.0,93.0,2.49,0.0,6.9
202304,1,대구,12.123333333333333,7.0,21.0,65.46666666666667,17.0,92.0,2.1666666666666665,0.0,5.3
202304,2,대구,11.386666666666667,5.8,18.9,68.36666666666666,25.0,94.0,1.9366666666666668,0.0,5.2
202304,3,대구,10.836666666666668,5.2,18.1,70.26666666666667,31.0,96.0,1.7633333333333332,0.1,4.4
202304,4,대구,10.313333333333333,4.9,17.8,71.8,24.0,94.0,1.62,0.2,5.6
202304,5,대구,9.936666666666667,4.8,17.6,74.1,26.0,96.0,1.6433333333333333,0.0,4.8
202304,6,대구,9.706666666666667,4.5,17.8,74.03333333333333,27.0,97.0,1.4666666666666666,0.0,4.3
202304,7,대구,10.58,5.4,18.0,70.56666666666666,24.0,98.0,1.6400000000000001,0.1,4.6
202304,8,대구,12.203333333333335,6.8,18.9,63.7,21.0,95.0,1.7966666666666666,0.4,4.9
202304,9,대구,13.803333333333335,8.5,20.6,56.733333333333334,15.0,91.0,2.39,0.6,5.3
202304,10,대구,15.29,9.8,22.5,51.06666666666667,12.0,89.0,3.046666666666667,0.7,7.5
202304,11,대구,16.76,10.2,23.9,45.86666666666667,12.0,86.0,3.24,1.1,6.7
202304,12,대구,18.040000000000003,11.1,25.9,41.733333333333334,12.0,90.0,3.5866666666666664,0.8,7.4
202304,13,대구,19.02,11.1,25.6,38.6,10.0,90.0,3.7366666666666664,0.9,7.3
202304,14,대구,19.416666666666668,10.9,26.9,38.06666666666667,9.0,94.0,3.6933333333333334,0.9,7.7
202304,15,대구,19.790000000000003,10.7,28.0,37.733333333333334,9.0,89.0,3.71,0.9,6.6
202304,16,대구,19.823333333333334,10.2,29.4,38.266666666666666,10.0,93.0,3.6966666666666668,1.2,6.5
202304,17,대구,19.32,10.1,29.5,40.1,11.0,92.0,3.5533333333333332,1.0,6.6
202304,18,대구,18.48,9.7,28.1,41.9,11.0,93.0,3.2666666666666666,1.4,6.3
202304,19,대구,17.073333333333334,9.2,26.1,46.2,12.0,92.0,3.353333333333333,0.7,7.1
202304,20,대구,16.026666666666667,9.0,24.9,50.8,15.0,93.0,2.7233333333333336,0.6,5.4
202304,21,대구,15.139999999999999,9.2,24.2,55.2,16.0,91.0,2.74,0.0,6.1
202304,22,대구,14.31,9.6,23.5,59.333333333333336,16.0,93.0,2.4433333333333334,0.0,5.2
202304,23,대구,13.55,8.9,22.7,61.0,18.0,93.0,2.3,0.1,4.9
202305,0,대구,17.293548387096774,9.3,22.9,69.03225806451613,35.0,99.0,1.6741935483870967,0.3,3.7
202305,1,대구,16.80322580645161,8.6,22.7,71.25806451612904,36.0,99.0,1.6870967741935483,0.4,3.3
202305,2,대구,16.232258064516127,8.2,22.6,73.6774193548387,36.0,99.0,1.5,0.0,3.9
202305,3,대구,15.541935483870969,7.2,22.8,76.83870967741936,42.0,98.0,1.2548387096774194,0.2,3.7
202305,4,대구,15.070967741935483,6.7,22.5,79.90322580645162,43.0,99.0,1.4,0.0,5.3
202305,5,대구,14.667741935483871,6.1,21.6,81.0,46.0,99.0,1.4,0.0,5.9
202305,6,대구,14.609677419354838,6.1,21.0,82.29032258064517,44.0,98.0,1.3903225806451613,0.0,7.0
202305,7,대구,15.606451612903227,7.6,20.9,78.45161290322581,54.0,99.0,1.532258064516129,0.2,6.0
202305,8,대구,17.009677419354837,9.8,22.0,72.0,49.0,98.0,1.8129032258064517,0.0,5.2
202305,9,대구,18.506451612903227,11.9,24.0,66.03225806451613,43.0,98.0,1.9903225806451614,0.0,6.7
202305,10,대구,19.893548387096775,13.5,25.7,59.32258064516129,33.0,98.0,2.0806451612903225,0.0,4.3
202305,11,대구,21.280645161290323,13.3,27.6,53.45161290322581,22.0,97.0,2.3870967741935485,0.9,5.5
202305,12,대구,22.316129032258065,12.8,29.2,49.935483870967744,20.0,98.0,2.5161290322580645,0.7,5.0
202305,13,대구,23.0258064516129,12.6,31.8,46.87096774193548,20.0,98.0,2.6225806451612903,1.1,5.1
202305,14,대구,23.574193548387097,12.1,32.3,45.225806451612904,18.0,96.0,2.796774193548387,0.8,5.4
202305,15,대구,23.851612903225806,11.3,32.8,45.903225806451616,17.0,97.0,2.870967741935484,1.1,4.9
202305,16,대구,23.896774193548385,10.7,33.5,46.32258064516129,18.0,98.0,2.8483870967741933,1.3,4.6
202305,17,대구,23.4,11.8,33.2,47.516129032258064,18.0,98.0,2.8903225806451616,0.2,4.9
202305,18,대구,22.741935483870968,12.0,32.5,49.03225806451613,19.0,98.0,2.838709677419355,0.3,4.8
202305,19,대구,21.509677419354837,11.5,30.4,51.935483870967744,24.0,97.0,2.6516129032258067,0.6,4.6
202305,20,대구,20.345161290322583,10.9,28.0,55.193548387096776,27.0,97.0,2.0935483870967744,0.4,4.1
202305,21,대구,19.325806451612905,10.8,26.2,59.74193548387097,32.0,96.0,1.961290322580645,0.2,4.3
202305,22,대구,18.654838709677417,10.9,26.0,63.58064516129032,38.0,97.0,1.903225806451613,0.3,3.6
202305,23,대구,17.893548387096775,10.2,24.3,66.83870967741936,40.0,98.0,1.729032258064516,0.3,4.1
202306,0,대구,21.836666666666666,16.8,25.7,74.8,40.0,96.0,1.6433333333333333,0.1,4.0
202306,1,대구,21.17,16.4,24.9,77.76666666666667,44.0,97.0,1.7966666666666666,0.0,4.1
202306,2,대구,20.71333333333333,15.7,24.6,79.56666666666666,48.0,97.0,1.6633333333333333,0.3,4.4
202306,3,대구,20.363333333333333,15.3,24.3,81.1,48.0,97.0,1.5366666666666666,0.0,3.8
202306,4,대구,19.976666666666667,14.4,24.0,82.86666666666666,53.0,97.0,1.4366666666666668,0.0,4.7
202306,5,대구,19.720000000000002,13.9,24.0,84.3,53.0,98.0,1.52,0.0,4.0
202306,6,대구,19.756666666666668,14.3,23.9,84.96666666666667,59.0,98.0,1.5733333333333335,0.0,3.8
202306,7,대구,20.68,15.2,25.0,80.83333333333333,56.0,98.0,1.46,0.3,5.0
202306,8,대구,22.19333333333333,16.5,26.9,73.36666666666666,43.0,98.0,2.01,0.8,4.4
202306,9,대구,23.576666666666664,18.1,28.1,66.63333333333334,38.0,97.0,2.14,0.4,3.9
202306,10,대구,24.793333333333333,19.6,29.1,61.7,35.0,98.0,2.3400000000000003,0.7,4.9
202306,11,대구,25.913333333333334,20.4,30.1,57.333333333333336,30.0,97.0,2.4699999999999998,1.0,4.8
202306,12,대구,26.766666666666666,20.1,31.0,54.233333333333334,30.0,95.0,2.5166666666666666,1.0,4.4
202306,13,대구,27.723333333333336,19.8,32.1,50.266666666666666,24.0,92.0,2.3866666666666663,0.9,4.1
202306,14,대구,28.3,19.4,33.4,48.53333333333333,22.0,88.0,2.6933333333333334,0.5,5.7
202306,15,대구,28.466666666666665,20.3,33.9,48.36666666666667,24.0,91.0,2.92,0.9,4.7
202306,16,대구,28.533333333333335,20.6,34.0,48.266666666666666,23.0,90.0,2.853333333333333,1.0,5.5
202306,17,대구,28.18,20.9,33.2,49.4,25.0,93.0,3.0133333333333336,1.0,4.7
202306,18,대구,27.243333333333332,20.9,31.6,52.733333333333334,25.0,94.0,3.0766666666666667,0.9,5.4
202306,19,대구,26.233333333333334,19.9,30.5,56.3,27.0,91.0,2.81,0.8,5.3
202306,20,대구,24.976666666666667,18.3,29.8,60.56666666666667,27.0,93.0,2.4233333333333333,0.6,4.7
202306,21,대구,24.026666666666664,17.9,28.9,65.66666666666667,31.0,93.0,2.0833333333333335,0.3,4.2
202306,22,대구,23.246666666666666,17.4,27.9,69.4,38.0,95.0,2.0366666666666666,0.0,5.1
202306,23,대구,22.60666666666667,16.9,26.7,72.86666666666666,35.0,95.0,1.7933333333333332,0.0,5.0
202307,0,대구,24.774193548387096,19.8,28.0,86.06451612903226,72.0,96.0,1.1741935483870967,0.0,3.4
202307,1,대구,24.561290322580643,20.0,27.4,86.93548387096774,75.0,97.0,1.2032258064516128,0.0,4.1
202307,2,대구,24.325806451612905,20.1,26.9,88.0,75.0,98.0,1.2193548387096773,0.1,2.9
202307,3,대구,24.125806451612902,20.2,26.5,88.58064516129032,76.0,98.0,1.070967741935484,0.0,2.7
202307,4,대구,23.980645161290322,20.3,26.7,89.41935483870968,75.0,98.0,1.167741935483871,0.0,3.8
202307,5,대구,23.864516129032257,20.4,27.7,90.0,70.0,98.0,0.9903225806451613,0.0,3.5
202307,6,대구,23.90967741935484,20.5,28.2,90.29032258064517,66.0,98.0,0.8290322580645161,0.0,2.8
202307,7,대구,24.603225806451615,21.0,28.1,87.70967741935483,66.0,97.0,1.238709677419355,0.1,3.0
202307,8,대구,25.690322580645162,21.5,28.6,82.70967741935483,67.0,97.0,1.6129032258064515,0.2,3.3
202307,9,대구,26.73225806451613,22.6,30.0,78.3225806451613,65.0,97.0,1.770967741935484,0.2,3.7
202307,10,대구,27.583870967741937,24.3,31.3,74.35483870967742,61.0,97.0,2.0903225806451613,0.7,4.4
202307,11,대구,28.493548387096773,23.9,32.3,70.58064516129032,50.0,97.0,2.02258064516129,0.6,5.7
202307,12,대구,29.074193548387097,24.1,33.5,68.3225806451613,37.0,97.0,2.2,0.8,5.8
202307,13,대구,29.606451612903225,23.6,34.3,65.83870967741936,36.0,96.0,2.2580645161290325,1.0,6.4
202307,14,대구,29.809677419354838,22.7,34.5,65.45161290322581,36.0,97.0,2.2,0.6,5.3
202307,15,대구,29.70967741935484,19.4,34.8,65.03225806451613,35.0,95.0,2.3129032258064517,0.9,5.2
202307,16,대구,29.661290322580644,18.0,34.5,65.45161290322581,34.0,98.0,2.1225806451612903,0.4,3.7
202307,17,대구,29.40967741935484,18.2,34.1,66.74193548387096,39.0,99.0,1.929032258064516,0.7,5.3
202307,18,대구,28.75483870967742,19.0,33.6,69.41935483870968,37.0,98.0,2.235483870967742,0.4,4.9
202307,19,대구,27.961290322580645,18.9,33.7,72.83870967741936,42.0,98.0,1.9548387096774194,0.3,4.4
202307,20,대구,27.0,19.3,31.4,76.93548387096774,50.0,97.0,1.6903225806451612,0.1,3.8
202307,21,대구,26.27741935483871,19.3,29.9,79.70967741935483,60.0,97.0,1.558064516129032,0.3,3.1
202307,22,대구,25.758064516129032,19.6,29.4,81.96774193548387,66.0,97.0,1.3193548387096774,0.0,3.3
202307,23,대구,25.312903225806455,19.7,28.6,83.87096774193549,68.0,97.0,1.3774193548387097,0.2,3.1
202308,0,대구,25.82903225806452,22.3,29.7,82.38709677419355,69.0,98.0,1.867741935483871,0.0,4.1
202308,1,대구,25.548387096774192,22.1,29.3,83.29032258064517,72.0,98.0,1.832258064516129,0.0,3.7
202308,2,대구,25.22258064516129,22.0,28.9,84.7741935483871,71.0,97.0,1.5516129032258066,0.1,3.3
202308,3,대구,24.938709677419357,21.5,28.3,86.19354838709677,73.0,98.0,1.696774193548387,0.0,6.1
202308,4,대구,24.690322580645162,21.3,27.9,87.12903225806451,75.0,98.0,1.564516129032258,0.1,4.3
202308,5,대구,24.46451612903226,21.4,27.0,88.2258064516129,78.0,98.0,1.432258064516129,0.0,3.6
202308,6,대구,24.306451612903224,21.3,27.0,89.3225806451613,79.0,98.0,1.335483870967742,0.0,4.0
202308,7,대구,25.038709677419355,21.4,28.1,86.35483870967742,74.0,98.0,1.4774193548387098,0.2,3.4
202308,8,대구,26.22258064516129,21.3,30.1,81.19354838709677,67.0,98.0,1.7225806451612902,0.0,4.3
202308,9,대구,27.33225806451613,21.7,31.2,76.06451612903226,63.0,97.0,2.1193548387096777,0.0,5.2
202308,10,대구,28.43548387096774,23.3,32.7,71.51612903225806,58.0,97.0,2.332258064516129,0.8,7.5
202308,11,대구,29.438709677419357,24.5,34.1,67.06451612903226,50.0,97.0,2.3741935483870966,0.5,6.4
202308,12,대구,30.07741935483871,24.7,35.0,64.58064516129032,47.0,96.0,2.735483870967742,1.3,5.6
202308,13,대구,30.541935483870965,24.4,35.9,62.774193548387096,40.0,95.0,2.796774193548387,1.1,5.1
202308,14,대구,30.79032258064516,22.8,36.9,61.96774193548387,39.0,96.0,2.696774193548387,0.9,5.1
202308,15,대구,30.929032258064513,24.2,37.6,61.193548387096776,40.0,97.0,2.648387096774193,1.0,6.1
202308,16,대구,30.938709677419357,24.6,36.4,62.0,43.0,95.0,2.648387096774194,0.9,6.2
202308,17,대구,30.161290322580644,24.1,36.2,64.96774193548387,42.0,95.0,2.829032258064516,0.5,6.0
202308,18,대구,29.358064516129033,24.4,35.8,68.25806451612904,45.0,95.0,2.706451612903226,0.8,5.5
202308,19,대구,28.532258064516128,24.2,34.9,70.80645161290323,49.0,95.0,2.390322580645161,0.3,5.0
202308,20,대구,27.580645161290324,23.9,32.5,75.0,55.0,96.0,2.390322580645161,0.9,4.8
202308,21,대구,27.04516129032258,23.6,31.6,77.0,57.0,96.0,2.064516129032258,0.0,4.3
202308,22,대구,26.458064516129035,23.0,30.8,79.06451612903226,63.0,96.0,2.0548387096774197,0.4,4.8
202308,23,대구,26.003225806451614,22.5,30.2,81.48387096774194,66.0,97.0,1.9,0.5,4.1
202309,0,대구,21.970000000000002,17.5,25.0,85.16666666666667,69.0,98.0,1.2633333333333332,0.1,3.0
202309,1,대구,21.65,17.2,24.5,87.46666666666667,75.0,98.0,1.1666666666666667,0.0,2.8
202309,2,대구,21.326666666666664,16.8,24.2,89.23333333333333,79.0,97.0,1.0466666666666666,0.0,2.5
202309,3,대구,21.113333333333333,16.3,23.7,90.23333333333333,80.0,98.0,0.8966666666666667,0.0,2.7
202309,4,대구,20.936666666666667,15.9,24.0,90.36666666666666,78.0,98.0,1.1033333333333333,0.0,2.6
202309,5,대구,20.623333333333335,15.5,23.3,91.43333333333334,79.0,99.0,1.1400000000000001,0.0,3.5
202309,6,대구,20.290000000000003,15.4,23.1,91.96666666666667,76.0,99.0,1.2566666666666668,0.0,4.5
202309,7,대구,20.636666666666667,15.6,23.6,90.83333333333333,78.0,98.0,1.35,0.1,3.6
202309,8,대구,21.736666666666668,15.9,25.5,85.36666666666666,71.0,98.0,1.5966666666666667,0.6,3.1
202309,9,대구,23.029999999999998,16.0,26.9,78.86666666666666,57.0,98.0,1.66,0.0,4.1
202309,10,대구,24.123333333333335,16.9,28.2,74.06666666666666,49.0,97.0,1.7433333333333332,0.5,3.9
202309,11,대구,25.14333333333333,18.1,28.9,69.96666666666667,48.0,96.0,2.06,0.2,4.5
202309,12,대구,25.990000000000002,19.9,29.6,65.56666666666666,43.0,97.0,2.5166666666666666,0.9,4.6
202309,13,대구,26.58,20.3,30.6,61.5,43.0,98.0,2.61,1.0,4.6
202309,14,대구,27.02,21.0,31.2,60.233333333333334,44.0,95.0,2.503333333333333,0.3,5.0
202309,15,대구,27.163333333333334,19.9,31.3,60.333333333333336,40.0,92.0,2.58,1.0,4.8
202309,16,대구,26.95,20.3,32.6,60.7,42.0,95.0,2.933333333333333,0.5,5.7
202309,17,대구,26.4,19.9,31.5,63.3,43.0,96.0,2.753333333333333,0.5,5.0
202309,18,대구,25.32,18.5,28.9,67.83333333333333,47.0,97.0,2.8066666666666666,0.2,5.4
202309,19,대구,24.333333333333332,18.5,27.7,72.8,55.0,97.0,2.4066666666666667,0.7,4.4
202309,20,대구,23.64333333333333,18.5,26.9,75.83333333333333,58.0,97.0,2.2866666666666666,0.3,4.3
202309,21,대구,23.029999999999998,18.7,26.2,78.66666666666667,61.0,96.0,2.0266666666666664,0.1,3.8
202309,22,대구,22.466666666666665,18.5,25.8,81.66666666666667,64.0,97.0,1.6866666666666668,0.2,3.2
202309,23,대구,22.116666666666667,18.0,25.4,83.4,67.0,98.0,1.7333333333333334,0.6,2.9
202310,0,대구,13.600000000000001,10.0,19.7,79.3225806451613,49.0,96.0,1.103225806451613,0.0,4.7
202310,1,대구,13.0,8.6,19.6,81.48387096774194,43.0,96.0,1.1903225806451612,0.0,5.4
202310,2,대구,12.538709677419355,7.8,19.3,83.2258064516129,42.0,96.0,1.1903225806451612,0.2,5.2
202310,3,대구,12.025806451612903,6.6,18.0,84.61290322580645,41.0,96.0,1.0548387096774194,0.0,4.6
202310,4,대구,11.687096774193549,6.4,17.3,85.51612903225806,37.0,97.0,1.235483870967742,0.0,5.4
202310,5,대구,11.274193548387096,5.9,16.5,87.03225806451613,32.0,96.0,1.167741935483871,0.0,4.9
202310,6,대구,11.02258064516129,5.6,17.2,87.38709677419355,32.0,97.0,1.2258064516129032,0.0,5.5
202310,7,대구,11.067741935483872,5.9,17.2,86.83870967741936,34.0,97.0,1.1709677419354838,0.0,4.0
202310,8,대구,12.619354838709677,8.0,18.7,80.19354838709677,35.0,95.0,1.3225806451612903,0.0,3.9
202310,9,대구,14.658064516129032,10.9,19.7,69.7741935483871,36.0,87.0,1.4838709677419355,0.2,5.0
202310,10,대구,16.735483870967744,12.8,21.1,60.354838709677416,34.0,79.0,1.8387096774193548,0.7,5.2
202310,11,대구,18.64516129032258,15.2,22.1,51.96774193548387,34.0,67.0,2.351612903225807,0.6,6.6
202310,12,대구,20.16774193548387,16.2,23.1,45.903225806451616,30.0,61.0,2.7,0.9,6.3
202310,13,대구,20.993548387096773,17.1,24.0,41.83870967741935,28.0,61.0,2.696774193548387,0.9,5.2
202310,14,대구,21.458064516129035,16.3,24.3,40.61290322580645,25.0,60.0,2.606451612903226,0.7,7.2
202310,15,대구,21.65806451612903,17.2,24.5,40.03225806451613,25.0,61.0,2.6548387096774193,0.8,5.7
202310,16,대구,21.40967741935484,17.1,24.8,42.064516129032256,25.0,72.0,2.6258064516129034,1.1,5.8
202310,17,대구,20.651612903225807,15.9,24.0,44.25806451612903,27.0,81.0,2.3096774193548386,0.0,6.0
202310,18,대구,18.938709677419357,14.3,22.5,51.483870967741936,32.0,87.0,1.9580645161290324,0.7,4.4
202310,19,대구,17.383870967741935,13.7,21.5,58.70967741935484,39.0,87.0,1.4580645161290324,0.2,3.1
202310,20,대구,16.30322580645161,13.1,21.3,63.96774193548387,42.0,88.0,1.3838709677419354,0.0,3.7
202310,21,대구,15.387096774193548,11.6,20.4,69.61290322580645,42.0,92.0,1.2451612903225806,0.0,2.7
202310,22,대구,14.687096774193549,11.4,19.4,73.29032258064517,41.0,92.0,1.364516129032258,0.1,4.0
202310,23,대구,14.048387096774194,11.0,19.6,76.35483870967742,48.0,95.0,1.229032258064516,0.0,5.1
202311,0,대구,7.546666666666667,-1.5,18.9,66.26666666666667,39.0,97.0,2.1599999999999997,0.0,6.6
202311,1,대구,7.0600000000000005,-2.0,19.2,68.56666666666666,38.0,98.0,2.11,0.0,6.4
202311,2,대구,6.703333333333333,-2.0,20.1,70.13333333333334,32.0,99.0,2.0266666666666664,0.2,5.2
202311,3,대구,6.303333333333333,-2.3,22.1,71.06666666666666,35.0,99.0,2.0366666666666666,0.1,6.1
202311,4,대구,6.0600000000000005,-2.1,21.5,71.83333333333333,38.0,98.0,2.1166666666666667,0.0,7.7
202311,5,대구,5.836666666666667,-2.1,21.1,72.96666666666667,41.0,98.0,2.23,0.0,7.1
202311,6,대구,5.510000000000001,-1.8,20.2,74.1,35.0,96.0,2.1933333333333334,0.1,6.3
202311,7,대구,5.326666666666667,-2.0,20.5,72.3,37.0,97.0,2.1766666666666667,0.0,7.4
202311,8,대구,5.986666666666666,-2.0,20.5,69.73333333333333,36.0,95.0,2.503333333333333,0.3,8.6
202311,9,대구,7.653333333333333,-1.5,20.7,61.766666666666666,30.0,87.0,2.4366666666666665,0.3,7.4
202311,10,대구,9.34,-0.6,20.7,54.9,26.0,88.0,2.853333333333333,0.6,6.6
202311,11,대구,10.93,0.7,22.4,48.0,22.0,77.0,3.246666666666667,1.1,7.0
202311,12,대구,12.23,1.4,23.8,42.06666666666667,19.0,71.0,3.3666666666666667,0.7,7.3
202311,13,대구,13.276666666666667,2.4,25.1,39.56666666666667,16.0,69.0,3.48,0.9,7.6
202311,14,대구,13.94,3.0,26.0,38.03333333333333,14.0,72.0,3.3066666666666666,1.2,7.7
202311,15,대구,14.256666666666666,3.1,26.6,38.333333333333336,14.0,84.0,3.3033333333333332,0.7,7.3
202311,16,대구,14.09,2.7,26.8,38.2,13.0,91.0,3.32,0.9,6.9
202311,17,대구,12.94,1.3,25.7,41.1,14.0,94.0,2.6199999999999997,0.1,8.0
202311,18,대구,11.533333333333333,0.7,22.5,45.63333333333333,19.0,96.0,2.4433333333333334,0.1,6.0
202311,19,대구,10.360000000000001,0.3,20.1,50.36666666666667,20.0,95.0,2.1533333333333333,0.0,4.2
202311,20,대구,9.57,0.3,19.8,53.4,20.0,93.0,2.3233333333333333,0.0,5.8
202311,21,대구,8.889999999999999,-0.2,20.5,56.96666666666667,31.0,93.0,2.04,0.1,4.3
202311,22,대구,8.563333333333333,-0.7,20.9,58.86666666666667,34.0,93.0,2.2066666666666666,0.3,5.0
202311,23,대구,7.826666666666667,-1.4,20.1,62.2,38.0,96.0,2.2366666666666664,0.0,7.0
202312,0,대구,1.9870967741935484,-7.3,12.1,68.90322580645162,42.0,97.0,1.9129032258064516,0.1,5.9
202312,1,대구,1.532258064516129,-8.1,11.6,71.19354838709677,41.0,98.0,1.6677419354838707,0.1,5.0
202312,2,대구,1.2032258064516128,-7.9,11.2,72.25806451612904,42.0,98.0,1.7774193548387098,0.0,6.2
202312,3,대구,0.7935483870967742,-8.1,10.5,73.48387096774194,40.0,97.0,1.6161290322580646,0.0,6.1
202312,4,대구,0.4419354838709677,-8.6,10.5,74.93548387096774,38.0,97.0,1.864516129032258,0.0,6.2
202312,5,대구,0.2161290322580646,-9.2,11.3,76.35483870967742,36.0,96.0,1.903225806451613,0.1,5.7
202312,6,대구,0.012903225806451596,-9.2,11.2,75.64516129032258,34.0,97.0,1.9,0.0,6.2
202312,7,대구,-0.09999999999999995,-9.5,11.4,75.70967741935483,34.0,98.0,1.867741935483871,0.0,6.1
202312,8,대구,0.00967741935483876,-9.5,12.3,74.90322580645162,36.0,98.0,1.7516129032258063,0.0,5.0
202312,9,대구,1.4709677419354839,-8.6,13.1,69.58064516129032,37.0,99.0,2.0580645161290323,0.1,6.1
202312,10,대구,3.041935483870968,-7.5,13.4,62.38709677419355,31.0,98.0,2.351612903225807,0.1,6.8
202312,11,대구,4.780645161290322,-6.2,16.6,55.74193548387097,28.0,96.0,2.8129032258064517,0.5,8.4
202312,12,대구,6.254838709677419,-5.0,17.8,50.25806451612903,23.0,98.0,3.270967741935484,1.0,8.6
202312,13,대구,7.135483870967742,-4.4,18.5,47.096774193548384,22.0,97.0,3.332258064516129,1.1,9.7
202312,14,대구,7.616129032258065,-3.5,19.6,45.58064516129032,22.0,96.0,3.4129032258064513,1.0,7.0
202312,15,대구,7.925806451612903,-3.6,19.8,44.45161290322581,20.0,95.0,3.364516129032258,1.0,8.1
202312,16,대구,7.687096774193549,-3.8,19.6,44.806451612903224,18.0,96.0,3.041935483870968,0.4,10.3
202312,17,대구,6.729032258064516,-4.9,17.7,47.96774193548387,26.0,96.0,2.8225806451612905,0.5,6.0
202312,18,대구,5.758064516129032,-5.4,15.8,51.41935483870968,28.0,93.0,2.770967741935484,0.4,6.8
202312,19,대구,4.874193548387097,-5.9,15.1,55.32258064516129,37.0,93.0,2.47741935483871,0.2,8.6
202312,20,대구,4.087096774193548,-6.3,13.1,60.25806451612903,40.0,93.0,2.238709677419355,0.2,6.9
202312,21,대구,3.4516129032258065,-6.7,12.8,63.806451612903224,43.0,95.0,2.032258064516129,0.0,6.4
202312,22,대구,2.9322580645161294,-6.8,12.4,66.25806451612904,44.0,96.0,1.9838709677419355,0.0,6.3
202312,23,대구,2.4935483870967743,-7.4,12.3,68.06451612903226,44.0,96.0,1.896774193548387,0.0,6.0
202401,0,대구,0.7967741935483872,-7.2,7.2,65.58064516129032,27.0,95.0,2.2451612903225806,0.0,6.7
202401,1,대구,0.45161290322580644,-7.4,6.9,66.93548387096774,27.0,95.0,2.2451612903225806,0.3,6.6
202401,2,대구,0.1258064516129033,-8.1,6.5,68.29032258064517,27.0,96.0,2.074193548387097,0.1,4.5
202401,3,대구,-0.15806451612903233,-8.4,6.5,69.41935483870968,31.0,95.0,2.070967741935484,0.0,4.9
202401,4,대구,-0.5129032258064516,-8.5,6.1,71.58064516129032,39.0,96.0,1.967741935483871,0.0,5.5
202401,5,대구,-0.8129032258064517,-8.6,6.1,72.54838709677419,42.0,96.0,2.003225806451613,0.0,5.1
202401,6,대구,-1.0290322580645161,-8.5,5.9,73.09677419354838,40.0,97.0,1.9580645161290324,0.1,5.8
202401,7,대구,-1.1387096774193548,-8.6,6.6,73.35483870967742,39.0,97.0,2.041935483870968,0.3,5.7
202401,8,대구,-1.058064516129032,-8.6,6.1,72.80645161290323,39.0,97.0,1.9806451612903226,0.2,4.8
202401,9,대구,0.2161290322580645,-7.6,6.4,67.09677419354838,35.0,98.0,2.1806451612903226,0.0,6.5
202401,10,대구,1.7677419354838708,-6.5,7.4,59.903225806451616,32.0,89.0,2.47741935483871,0.4,7.3
202401,11,대구,3.2451612903225806,-5.4,8.4,52.29032258064516,30.0,85.0,3.1225806451612903,0.7,7.1
202401,12,대구,4.564516129032258,-4.1,10.0,46.516129032258064,24.0,89.0,3.3677419354838714,0.6,8.2
202401,13,대구,5.567741935483871,-3.4,12.0,42.935483870967744,20.0,89.0,3.335483870967742,1.0,7.4
202401,14,대구,6.461290322580646,-2.6,13.3,41.064516129032256,18.0,94.0,3.3483870967741933,0.5,7.6
202401,15,대구,6.816129032258065,-2.7,14.6,39.87096774193548,17.0,95.0,3.4064516129032256,0.9,7.3
202401,16,대구,6.735483870967743,-3.7,15.1,39.83870967741935,17.0,86.0,3.3225806451612905,0.8,8.7
202401,17,대구,5.967741935483871,-4.1,14.8,42.483870967741936,19.0,86.0,2.8806451612903223,0.7,6.2
202401,18,대구,4.690322580645161,-5.5,12.5,46.74193548387097,24.0,88.0,2.5612903225806454,0.2,7.9
202401,19,대구,3.829032258064516,-6.2,11.1,50.54838709677419,27.0,89.0,2.235483870967742,0.2,6.8
202401,20,대구,3.161290322580645,-6.9,9.8,54.32258064516129,28.0,92.0,2.3741935483870966,0.1,7.6
202401,21,대구,2.5903225806451613,-7.1,8.9,57.41935483870968,27.0,93.0,2.3806451612903223,0.5,6.4
202401,22,대구,1.9870967741935484,-7.2,8.3,61.096774193548384,27.0,94.0,2.135483870967742,0.2,5.4
202401,23,대구,1.4709677419354839,-7.1,7.1,62.903225806451616,27.0,93.0,2.167741935483871,0.2,6.6
202402,0,대구,4.289655172413793,0.1,13.0,75.34482758620689,51.0,95.0,1.817241379310345,0.0,4.4
202402,1,대구,3.913793103448276,-0.5,13.1,76.86206896551724,50.0,96.0,1.8862068965517242,0.2,4.3
202402,2,대구,3.524137931034483,-0.7,12.8,78.48275862068965,52.0,97.0,1.793103448275862,0.1,4.8
202402,3,대구,3.0517241379310347,-1.4,12.6,80.86206896551724,55.0,98.0,1.6448275862068966,0.0,5.5
202402,4,대구,2.720689655172414,-1.7,12.5,82.13793103448276,58.0,98.0,1.7551724137931033,0.3,5.7
202402,5,대구,2.617241379310345,-2.3,12.5,82.37931034482759,57.0,99.0,1.8413793103448275,0.0,5.2
202402,6,대구,2.468965517241379,-2.2,12.4,83.24137931034483,58.0,99.0,1.9241379310344828,0.5,7.0
202402,7,대구,2.3793103448275863,-2.5,12.5,83.20689655172414,43.0,99.0,2.1206896551724137,0.2,6.5
202402,8,대구,2.5931034482758624,-2.3,12.8,82.62068965517241,44.0,98.0,1.7551724137931033,0.3,5.8
202402,9,대구,3.627586206896552,-0.4,13.0,78.03448275862068,44.0,98.0,1.786206896551724,0.1,5.2
202402,10,대구,4.927586206896552,2.4,13.2,72.37931034482759,43.0,98.0,2.0172413793103448,0.5,4.6
202402,11,대구,6.386206896551724,2.7,15.0,65.62068965517241,38.0,95.0,2.3275862068965516,0.4,5.6
202402,12,대구,7.406896551724138,3.0,16.4,63.06896551724138,36.0,95.0,2.6448275862068966,0.3,6.8
202402,13,대구,8.413793103448276,3.7,17.6,58.48275862068966,23.0,90.0,2.6310344827586207,0.6,4.8
202402,14,대구,8.862068965517242,4.0,17.6,56.86206896551724,24.0,92.0,2.8551724137931034,0.8,4.9
202402,15,대구,9.213793103448275,4.5,18.8,55.10344827586207,20.0,91.0,3.1517241379310343,1.0,6.6
202402,16,대구,9.182758620689656,4.1,18.3,55.206896551724135,18.0,91.0,3.237931034482759,1.2,6.2
202402,17,대구,8.744827586206897,3.8,18.7,57.10344827586207,21.0,92.0,3.086206896551724,1.0,6.8
202402,18,대구,7.796551724137931,3.4,18.4,60.13793103448276,27.0,94.0,2.820689655172414,0.9,5.0
202402,19,대구,6.862068965517241,2.9,17.4,64.41379310344827,34.0,92.0,2.6620689655172414,0.6,4.9
202402,20,대구,6.062068965517242,2.3,16.0,68.6896551724138,43.0,93.0,2.5206896551724136,0.0,5.0
202402,21,대구,5.413793103448276,2.1,15.0,71.48275862068965,47.0,95.0,2.2344827586206897,0.1,4.7
202402,22,대구,5.124137931034483,1.8,14.1,72.79310344827586,48.0,95.0,2.168965517241379,0.4,5.6
202402,23,대구,4.641379310344828,0.9,13.1,75.3103448275862,51.0,95.0,1.993103448275862,0.2,4.6
202403,0,대구,6.758064516129032,-4.0,13.8,61.774193548387096,22.0,91.0,2.3,0.1,5.6
202403,1,대구,6.270967741935484,-4.3,14.3,64.03225806451613,23.0,92.0,2.174193548387097,0.4,5.3
202403,2,대구,5.919354838709677,-4.6,14.5,64.61290322580645,31.0,95.0,1.9870967741935484,0.0,6.8
202403,3,대구,5.390322580645161,-4.9,13.2,66.3225806451613,34.0,96.0,2.029032258064516,0.0,5.4
202403,4,대구,4.861290322580645,-5.2,12.4,68.58064516129032,39.0,97.0,1.941935483870968,0.4,6.2
202403,5,대구,4.416129032258064,-5.3,12.4,71.25806451612904,43.0,99.0,1.9451612903225806,0.2,6.3
202403,6,대구,4.061290322580645,-5.4,12.2,73.03225806451613,47.0,99.0,2.1580645161290324,0.3,8.0
202403,7,대구,3.9387096774193546,-5.5,12.2,73.90322580645162,47.0,100.0,1.6548387096774193,0.0,4.7
202403,8,대구,5.003225806451613,-4.7,13.2,69.48387096774194,37.0,100.0,1.935483870967742,0.0,6.6
202403,9,대구,6.583870967741936,-3.5,15.4,62.45161290322581,30.0,100.0,2.3161290322580643,0.3,5.1
202403,10,대구,8.416129032258064,-2.3,17.4,53.29032258064516,24.0,93.0,2.5,1.2,6.9
202403,11,대구,10.04516129032258,-0.5,19.3,46.483870967741936,19.0,94.0,3.074193548387097,0.8,6.7
202403,12,대구,11.051612903225807,1.1,20.2,43.193548387096776,20.0,96.0,3.193548387096774,1.3,7.1
202403,13,대구,11.90967741935484,3.1,22.1,40.25806451612903,14.0,96.0,3.57741935483871,1.2,7.9
202403,14,대구,12.864516129032259,3.7,22.9,38.12903225806452,17.0,96.0,3.3741935483870966,1.3,7.4
202403,15,대구,13.080645161290322,3.6,22.9,37.903225806451616,16.0,97.0,3.4516129032258065,1.3,6.8
202403,16,대구,13.380645161290323,3.2,23.7,37.83870967741935,13.0,96.0,3.096774193548387,1.0,7.5
202403,17,대구,12.932258064516128,2.4,23.5,38.483870967741936,13.0,97.0,3.167741935483871,0.5,7.7
202403,18,대구,12.070967741935483,0.3,22.2,40.70967741935484,15.0,97.0,2.893548387096774,0.6,6.0
202403,19,대구,10.83548387096774,-1.0,18.1,43.935483870967744,20.0,96.0,3.02258064516129,0.9,6.1
202403,20,대구,9.667741935483871,-1.8,16.4,49.12903225806452,23.0,95.0,2.990322580645161,0.5,7.4
202403,21,대구,8.970967741935485,-2.4,15.8,52.74193548387097,26.0,95.0,2.774193548387097,0.3,5.8
202403,22,대구,8.193548387096774,-3.0,14.5,56.0,27.0,94.0,2.661290322580645,0.4,6.5
202403,23,대구,7.574193548387096,-3.5,13.9,58.193548387096776,23.0,91.0,2.364516129032258,0.1,5.4
202404,0,대구,13.85,8.5,19.2,69.33333333333333,40.0,95.0,1.3733333333333335,0.1,4.6
202404,1,대구,13.24,8.1,18.2,72.63333333333334,47.0,96.0,1.3599999999999999,0.0,4.0
202404,2,대구,12.793333333333333,6.9,17.4,75.16666666666667,55.0,96.0,1.4366666666666668,0.0,5.8
202404,3,대구,12.406666666666666,6.6,17.0,77.36666666666666,59.0,97.0,1.4833333333333334,0.0,5.3
202404,4,대구,11.963333333333335,6.0,16.1,80.33333333333333,62.0,97.0,1.6633333333333333,0.4,5.3
202404,5,대구,11.643333333333334,5.4,15.9,81.86666666666666,63.0,96.0,1.6566666666666667,0.0,5.5
202404,6,대구,11.436666666666667,4.8,16.4,82.86666666666666,65.0,94.0,1.71,0.0,5.1
202404,7,대구,11.976666666666667,5.6,16.2,80.33333333333333,52.0,93.0,1.7333333333333334,0.2,5.9
202404,8,대구,13.283333333333333,7.9,17.0,74.13333333333334,44.0,96.0,1.9866666666666668,0.4,4.2
202404,9,대구,15.026666666666667,9.9,19.5,66.4,32.0,97.0,2.07,0.8,4.3
202404,10,대구,16.67,12.1,21.6,58.833333333333336,25.0,95.0,2.4733333333333336,0.9,6.1
202404,11,대구,18.296666666666667,12.7,24.0,52.5,22.0,94.0,2.53,0.9,7.1
202404,12,대구,19.39333333333333,12.6,25.9,49.333333333333336,17.0,96.0,2.8366666666666664,0.9,5.7
202404,13,대구,20.326666666666664,12.4,27.6,45.333333333333336,18.0,95.0,2.746666666666667,0.4,5.7
202404,14,대구,20.916666666666668,12.2,28.4,43.2,17.0,95.0,3.0133333333333336,0.9,7.0
202404,15,대구,21.290000000000003,12.1,29.4,42.2,17.0,96.0,3.0533333333333332,1.0,6.8
202404,16,대구,21.456666666666667,12.0,30.1,41.53333333333333,16.0,97.0,2.896666666666667,0.5,7.2
202404,17,대구,21.21333333333333,12.0,29.9,41.93333333333333,15.0,95.0,2.8,0.8,7.4
202404,18,대구,20.28666666666667,11.5,29.2,44.266666666666666,16.0,95.0,2.6533333333333333,0.5,6.0
202404,19,대구,18.783333333333335,10.0,27.1,49.0,19.0,95.0,2.48,0.4,6.9
202404,20,대구,17.323333333333334,9.1,23.6,54.733333333333334,21.0,94.0,2.4366666666666665,0.1,5.6
202404,21,대구,16.226666666666667,8.9,21.5,59.4,34.0,93.0,2.17,0.0,5.9
202404,22,대구,15.343333333333334,8.7,20.8,63.03333333333333,34.0,94.0,1.96,0.1,5.1
202404,23,대구,14.566666666666666,8.4,19.8,67.06666666666666,37.0,92.0,1.7666666666666666,0.4,5.0
202405,0,대구,16.432258064516127,9.6,24.1,68.64516129032258,46.0,95.0,1.6806451612903226,0.0,4.5
202405,1,대구,15.72258064516129,8.7,23.0,72.19354838709677,49.0,96.0,1.5290322580645161,0.0,4.5
202405,2,대구,15.254838709677419,8.0,21.8,73.70967741935483,53.0,94.0,1.761290322580645,0.0,4.3
202405,3,대구,14.661290322580646,7.7,21.4,77.29032258064517,55.0,94.0,1.567741935483871,0.0,4.9
202405,4,대구,14.12258064516129,7.3,21.2,79.6774193548387,57.0,94.0,1.606451612903226,0.2,5.7
202405,5,대구,13.683870967741935,6.9,20.3,81.06451612903226,60.0,95.0,1.4483870967741934,0.1,5.5
202405,6,대구,13.703225806451613,6.7,20.3,81.0,57.0,96.0,1.6516129032258065,0.0,5.9
202405,7,대구,15.22258064516129,9.0,20.4,73.70967741935483,56.0,91.0,1.6548387096774193,0.0,5.7
202405,8,대구,16.925806451612903,10.8,22.0,65.61290322580645,50.0,86.0,1.829032258064516,0.0,5.3
202405,9,대구,18.83225806451613,12.1,24.1,57.16129032258065,33.0,77.0,2.1193548387096777,0.9,7.6
202405,10,대구,20.461290322580645,13.9,25.9,49.32258064516129,26.0,78.0,2.635483870967742,1.0,6.7
202405,11,대구,21.94193548387097,14.5,27.5,43.41935483870968,22.0,80.0,2.832258064516129,0.8,6.8
202405,12,대구,23.03548387096774,14.9,28.5,40.32258064516129,21.0,86.0,2.829032258064516,1.1,8.1
202405,13,대구,23.951612903225808,15.3,29.7,38.225806451612904,18.0,88.0,3.019354838709677,0.6,8.2
202405,14,대구,24.596774193548388,15.4,30.3,36.87096774193548,19.0,89.0,3.361290322580645,1.1,6.3
202405,15,대구,24.90967741935484,13.5,31.1,36.193548387096776,18.0,88.0,3.196774193548387,0.4,6.3
202405,16,대구,25.106451612903225,12.3,32.1,36.774193548387096,16.0,91.0,3.229032258064516,1.4,5.5
202405,17,대구,24.716129032258067,11.8,32.1,37.516129032258064,18.0,96.0,3.4387096774193546,1.4,6.9
202405,18,대구,23.77741935483871,11.3,30.9,40.38709677419355,22.0,95.0,3.232258064516129,0.9,7.0
202405,19,대구,22.52258064516129,11.3,29.3,43.74193548387097,23.0,93.0,2.870967741935484,0.0,6.6
202405,20,대구,20.61935483870968,11.3,27.1,49.806451612903224,17.0,92.0,2.7903225806451615,1.3,6.4
202405,21,대구,19.348387096774193,11.1,26.5,54.645161290322584,30.0,94.0,2.3483870967741933,0.0,4.9
202405,22,대구,18.47741935483871,11.0,26.0,59.25806451612903,32.0,95.0,2.129032258064516,0.3,4.9
202405,23,대구,17.606451612903225,10.5,25.4,63.03225806451613,42.0,95.0,1.9193548387096775,0.2,4.8
202406,0,대구,22.37,16.8,27.2,68.8,42.0,96.0,1.3099999999999998,0.0,3.4
202406,1,대구,21.740000000000002,16.4,25.3,71.93333333333334,50.0,96.0,1.1700000000000002,0.0,3.7
202406,2,대구,21.163333333333334,15.0,24.6,74.56666666666666,52.0,97.0,0.9633333333333333,0.0,3.9
202406,3,대구,20.55666666666667,14.0,24.2,77.16666666666667,54.0,97.0,1.2166666666666666,0.0,4.2
202406,4,대구,20.116666666666667,13.2,24.2,78.43333333333334,49.0,97.0,1.0666666666666667,0.0,3.3
202406,5,대구,19.746666666666666,12.7,24.3,80.0,59.0,97.0,1.23,0.0,3.6
202406,6,대구,19.94,13.2,24.4,79.03333333333333,47.0,96.0,1.0833333333333333,0.0,2.7
202406,7,대구,21.21333333333333,15.3,24.4,73.7,43.0,95.0,1.29,0.0,2.8
202406,8,대구,22.75,17.7,26.2,67.03333333333333,38.0,95.0,1.5766666666666667,0.0,4.3
202406,9,대구,24.15,18.5,28.0,60.06666666666667,36.0,96.0,1.7833333333333334,0.6,5.8
202406,10,대구,25.466666666666665,20.4,30.7,55.93333333333333,36.0,95.0,1.9666666666666666,0.9,3.9
202406,11,대구,26.566666666666666,21.5,31.8,50.833333333333336,26.0,93.0,2.4766666666666666,0.3,6.7
202406,12,대구,27.62,20.2,34.2,47.9,28.0,95.0,2.2266666666666666,0.5,4.1
202406,13,대구,28.326666666666664,19.8,35.0,44.35,25.0,94.0,2.36,0.5,5.4
202406,14,대구,28.94333333333333,19.5,35.9,42.8,24.0,94.0,2.743333333333333,0.9,4.4
202406,15,대구,29.163333333333334,19.1,36.3,42.9,21.0,94.0,2.7866666666666666,1.0,5.2
202406,16,대구,29.333333333333332,19.3,36.4,42.63333333333333,18.0,94.0,2.703333333333333,0.9,4.6
202406,17,대구,28.913333333333334,19.5,36.8,45.03333333333333,22.0,94.0,2.8066666666666666,0.0,5.2
202406,18,대구,28.06,19.8,34.7,48.3,22.0,95.0,2.7066666666666666,0.0,6.0
202406,19,대구,26.990000000000002,19.1,33.4,52.2,25.0,95.0,2.82,0.1,5.5
202406,20,대구,25.78666666666667,18.8,31.6,56.63333333333333,29.0,96.0,2.3233333333333333,0.0,5.0
202406,21,대구,24.753333333333334,18.2,30.3,60.93333333333333,32.0,96.0,2.0633333333333335,0.0,4.3
202406,22,대구,23.826666666666664,17.7,29.6,64.3,33.0,97.0,1.8666666666666667,0.0,3.8
202406,23,대구,23.166666666666668,17.6,28.9,67.3,35.0,97.0,1.7766666666666666,0.1,5.0
202407,0,대구,26.35483870967742,22.5,29.2,80.38709677419355,67.0,96.0,1.435483870967742,0.0,3.7
202407,1,대구,25.94516129032258,22.4,29.2,82.41935483870968,67.0,97.0,1.464516129032258,0.0,3.8
202407,2,대구,25.64516129032258,22.2,28.8,83.29032258064517,70.0,97.0,1.2129032258064516,0.0,3.0
202407,3,대구,25.451612903225808,21.8,28.9,84.06451612903226,66.0,98.0,1.303225806451613,0.0,4.6
202407,4,대구,25.248387096774195,21.8,28.9,85.41935483870968,68.0,98.0,1.367741935483871,0.0,6.4
202407,5,대구,25.05483870967742,21.9,28.7,86.87096774193549,69.0,99.0,1.4806451612903226,0.0,5.0
202407,6,대구,25.02258064516129,22.0,27.9,86.70967741935483,72.0,98.0,1.2774193548387098,0.1,4.5
202407,7,대구,25.64516129032258,21.9,29.2,84.38709677419355,70.0,98.0,1.5451612903225806,0.0,4.9
202407,8,대구,26.551612903225806,22.1,30.0,80.25806451612904,65.0,98.0,1.9258064516129034,0.0,4.9
202407,9,대구,27.44516129032258,22.5,30.6,75.70967741935483,59.0,97.0,2.193548387096774,0.1,5.3
202407,10,대구,28.299999999999997,22.4,31.7,71.80645161290323,55.0,97.0,2.148387096774193,0.0,5.1
202407,11,대구,29.0258064516129,22.6,32.4,68.2258064516129,53.0,96.0,2.5935483870967744,0.0,5.0
202407,12,대구,29.57741935483871,23.7,33.5,66.70967741935483,47.0,93.0,2.5677419354838706,0.9,5.3
202407,13,대구,29.93548387096774,24.4,34.1,65.51612903225806,44.0,95.0,2.729032258064516,0.9,5.7
202407,14,대구,30.361290322580643,25.0,34.9,63.806451612903224,42.0,88.0,2.564516129032258,0.9,4.6
202407,15,대구,30.6,23.8,34.8,63.41935483870968,45.0,92.0,2.6548387096774193,0.6,4.7
202407,16,대구,30.73548387096774,24.0,35.5,63.58064516129032,45.0,92.0,2.3806451612903223,0.0,4.2
202407,17,대구,30.47741935483871,23.6,35.2,64.58064516129032,44.0,93.0,2.5032258064516126,0.3,4.4
202407,18,대구,30.219354838709677,23.7,34.7,65.58064516129032,46.0,92.0,2.364516129032258,0.0,4.8
202407,19,대구,29.309677419354838,23.2,33.6,68.58064516129032,50.0,92.0,2.229032258064516,0.3,3.7
202407,20,대구,28.225806451612904,23.0,32.6,72.3225806451613,56.0,95.0,2.135483870967742,0.0,4.3
202407,21,대구,27.712903225806453,23.0,31.6,74.54838709677419,56.0,94.0,1.9129032258064518,0.2,3.7
202407,22,대구,27.283870967741933,22.8,30.5,76.25806451612904,57.0,95.0,1.832258064516129,0.0,4.1
202407,23,대구,26.799999999999997,22.2,29.7,78.58064516129032,62.0,96.0,1.558064516129032,0.2,3.4
202408,0,대구,27.13225806451613,24.3,29.9,78.45161290322581,68.0,93.0,1.6580645161290322,0.2,3.2
202408,1,대구,26.73548387096774,24.3,29.3,80.3225806451613,68.0,92.0,1.4870967741935484,0.0,3.3
202408,2,대구,26.261290322580646,24.1,28.8,82.7741935483871,73.0,93.0,1.493548387096774,0.0,3.9
202408,3,대구,26.05483870967742,23.9,28.2,83.58064516129032,70.0,93.0,1.4064516129032258,0.0,3.5
202408,4,대구,25.719354838709677,23.4,28.2,85.09677419354838,70.0,96.0,1.5032258064516129,0.0,3.8
202408,5,대구,25.44516129032258,23.1,28.1,86.25806451612904,71.0,95.0,1.4387096774193548,0.0,3.5
202408,6,대구,25.335483870967742,23.1,28.1,86.93548387096774,71.0,95.0,1.3935483870967742,0.0,2.6
202408,7,대구,26.148387096774194,24.4,29.1,83.3225806451613,68.0,95.0,1.5516129032258066,0.0,3.0
202408,8,대구,27.34193548387097,25.1,30.7,77.45161290322581,61.0,93.0,1.903225806451613,0.4,3.3
202408,9,대구,28.74516129032258,25.6,32.1,71.48387096774194,57.0,91.0,2.0161290322580645,0.7,3.6
202408,10,대구,30.083870967741937,26.6,33.0,65.45161290322581,52.0,87.0,2.490322580645161,0.9,5.1
202408,11,대구,31.174193548387095,27.5,34.2,60.67741935483871,50.0,77.0,2.4064516129032256,1.0,3.7
202408,12,대구,32.20967741935484,28.4,34.7,55.54838709677419,43.0,72.0,2.761290322580645,1.1,4.6
202408,13,대구,32.935483870967744,29.4,35.4,53.354838709677416,43.0,82.0,2.7419354838709675,0.4,6.7
202408,14,대구,33.07419354838709,27.2,36.2,52.645161290322584,43.0,84.0,2.774193548387097,0.6,4.6
202408,15,대구,33.009677419354844,25.6,36.1,52.87096774193548,40.0,88.0,2.806451612903226,0.1,5.8
202408,16,대구,33.0258064516129,26.8,36.6,52.38709677419355,36.0,83.0,2.9709677419354836,0.0,6.1
202408,17,대구,32.42903225806452,26.3,36.4,53.96774193548387,38.0,81.0,3.116129032258064,0.4,5.9
202408,18,대구,31.519354838709678,25.5,36.0,58.32258064516129,42.0,88.0,3.3161290322580643,0.9,5.9
202408,19,대구,30.206451612903226,24.6,34.8,63.58064516129032,49.0,89.0,3.051612903225806,0.1,6.0
202408,20,대구,29.27741935483871,25.0,33.2,67.83870967741936,55.0,93.0,2.641935483870968,0.0,5.4
202408,21,대구,28.580645161290324,24.8,32.4,70.45161290322581,61.0,93.0,2.403225806451613,0.3,4.5
202408,22,대구,28.05483870967742,24.7,31.1,73.25806451612904,63.0,92.0,2.3451612903225807,0.0,4.4
202408,23,대구,27.5,24.6,30.5,75.87096774193549,69.0,92.0,2.1903225806451614,0.4,4.9
202409,0,대구,23.776666666666664,15.2,29.2,82.66666666666667,58.0,97.0,1.6266666666666667,0.4,3.2
202409,1,대구,23.43,14.7,28.8,84.3,61.0,96.0,1.3866666666666667,0.3,2.9
202409,2,대구,23.14333333333333,14.1,28.2,85.36666666666666,62.0,97.0,1.3766666666666665,0.0,4.4
202409,3,대구,22.88,13.9,27.7,87.06666666666666,63.0,97.0,1.3299999999999998,0.2,4.2
202409,4,대구,22.543333333333333,13.8,26.4,88.33333333333333,66.0,97.0,1.23,0.0,2.9
202409,5,대구,22.273333333333333,13.8,26.4,89.06666666666666,71.0,97.0,1.21,0.0,3.4
202409,6,대구,22.06,14.1,26.3,90.06666666666666,74.0,97.0,1.1900000000000002,0.0,4.3
202409,7,대구,22.42,14.3,26.4,88.3,70.0,96.0,1.4233333333333333,0.0,5.6
202409,8,대구,23.509999999999998,15.2,27.7,83.26666666666667,67.0,96.0,1.6,0.0,4.0
202409,9,대구,24.709999999999997,17.2,29.5,77.83333333333333,55.0,96.0,1.7066666666666668,0.0,3.6
202409,10,대구,26.09333333333333,19.0,31.6,71.83333333333333,49.0,95.0,1.8766666666666667,0.0,4.5
202409,11,대구,27.266666666666666,21.4,31.6,66.83333333333333,46.0,93.0,2.05,0.0,3.8
202409,12,대구,28.3,21.3,33.2,62.96666666666667,41.0,95.0,1.9666666666666666,0.2,4.0
202409,13,대구,28.94,20.8,34.1,59.53333333333333,36.0,97.0,2.253333333333333,0.0,4.9
202409,14,대구,29.446666666666665,21.1,35.4,57.266666666666666,37.0,96.0,2.2666666666666666,0.3,5.2
202409,15,대구,29.466666666666665,21.3,35.2,56.8,36.0,96.0,2.2666666666666666,0.1,4.8
202409,16,대구,29.28666666666667,21.4,35.5,57.7,38.0,94.0,2.4466666666666668,0.0,5.2
202409,17,대구,28.636666666666667,21.1,34.7,60.6,37.0,96.0,2.683333333333333,0.0,4.8
202409,18,대구,27.55,20.6,33.6,64.93333333333334,40.0,97.0,2.8133333333333335,0.8,5.3
202409,19,대구,26.45,19.6,32.5,69.66666666666667,44.0,97.0,2.5266666666666664,0.0,4.6
202409,20,대구,25.513333333333332,18.5,31.4,74.46666666666667,49.0,97.0,2.2800000000000002,0.0,4.5
202409,21,대구,24.903333333333332,17.3,30.5,77.36666666666666,52.0,97.0,2.2133333333333334,0.0,4.1
202409,22,대구,24.433333333333334,16.5,30.0,79.23333333333333,55.0,97.0,2.05,0.0,4.0
202409,23,대구,23.936666666666667,15.7,29.5,81.46666666666667,57.0,97.0,1.74,0.2,3.7
202410,0,대구,15.422580645161291,10.7,21.2,85.06451612903226,51.0,97.0,1.1483870967741936,0.0,3.6
202410,1,대구,15.029032258064515,10.1,21.1,86.3225806451613,50.0,97.0,1.1225806451612903,0.1,4.0
202410,2,대구,14.72258064516129,10.0,21.1,87.7741935483871,48.0,98.0,1.2258064516129032,0.0,5.1
202410,3,대구,14.480645161290322,9.5,21.0,87.93548387096774,52.0,98.0,1.1709677419354838,0.1,4.7
202410,4,대구,14.229032258064517,9.3,21.0,88.41935483870968,49.0,98.0,1.1548387096774193,0.1,3.6
202410,5,대구,13.864516129032259,8.4,20.9,89.25806451612904,50.0,98.0,1.1290322580645162,0.2,4.4
202410,6,대구,13.587096774193547,7.8,20.7,89.3225806451613,48.0,98.0,1.032258064516129,0.0,3.7
202410,7,대구,13.651612903225805,7.8,20.7,89.80645161290323,49.0,98.0,1.103225806451613,0.0,6.6
202410,8,대구,14.745161290322581,10.0,21.2,86.51612903225806,47.0,99.0,1.103225806451613,0.2,4.8
202410,9,대구,16.225806451612904,11.9,21.9,79.58064516129032,44.0,97.0,1.335483870967742,0.4,6.6
202410,10,대구,17.835483870967742,13.9,23.1,71.74193548387096,41.0,96.0,1.603225806451613,0.6,4.7
202410,11,대구,19.283870967741933,15.1,25.2,65.7741935483871,37.0,96.0,1.9516129032258065,0.3,6.5
202410,12,대구,20.26451612903226,15.0,27.4,61.354838709677416,34.0,94.0,2.358064516129032,0.5,6.3
202410,13,대구,20.693548387096776,15.1,27.1,59.67741935483871,33.0,93.0,2.4645161290322584,0.8,5.7
202410,14,대구,20.990322580645163,15.1,26.0,58.74193548387097,31.0,93.0,2.361290322580645,0.5,4.6
202410,15,대구,21.0258064516129,15.1,26.2,58.45161290322581,27.0,93.0,2.509677419354839,0.5,4.7
202410,16,대구,20.690322580645162,15.2,24.8,60.225806451612904,29.0,95.0,2.603225806451613,0.5,5.2
202410,17,대구,19.94193548387097,15.1,24.1,63.45161290322581,31.0,95.0,2.5806451612903225,0.5,5.6
202410,18,대구,18.799999999999997,14.8,22.3,68.61290322580645,36.0,95.0,2.2516129032258063,0.4,4.2
202410,19,대구,17.874193548387098,14.2,21.6,73.06451612903226,37.0,96.0,2.064516129032258,0.7,4.3
202410,20,대구,17.141935483870967,13.6,21.7,76.29032258064517,47.0,95.0,1.7096774193548387,0.1,4.5
202410,21,대구,16.57741935483871,12.7,21.4,79.25806451612904,48.0,96.0,1.6161290322580646,0.1,3.4
202410,22,대구,16.07741935483871,11.8,21.1,81.51612903225806,48.0,96.0,1.4870967741935484,0.4,5.1
202410,23,대구,15.712903225806452,11.3,21.2,83.2258064516129,55.0,97.0,1.441935483870968,0.2,4.9
202411,0,대구,8.9,1.2,14.7,78.93333333333334,37.0,97.0,1.54,0.1,4.4
202411,1,대구,8.476666666666667,0.6,14.7,80.43333333333334,36.0,97.0,1.5633333333333332,0.0,4.3
202411,2,대구,8.006666666666666,0.3,14.4,81.9,33.0,97.0,1.32,0.0,4.9
202411,3,대구,7.723333333333333,0.0,14.3,83.03333333333333,32.0,98.0,1.49,0.0,5.5
202411,4,대구,7.533333333333333,0.0,15.6,83.26666666666667,31.0,98.0,1.6433333333333333,0.2,5.6
202411,5,대구,7.263333333333334,-0.4,16.5,84.5,33.0,98.0,1.6666666666666667,0.1,6.1
202411,6,대구,7.126666666666667,0.2,16.3,84.76666666666667,34.0,99.0,1.5833333333333333,0.2,6.0
202411,7,대구,7.003333333333333,-0.1,15.9,84.5,35.0,99.0,1.49,0.3,5.0
202411,8,대구,7.6033333333333335,0.7,15.6,83.2,33.0,99.0,1.41,0.4,3.8
202411,9,대구,9.04,2.6,15.5,76.93333333333334,30.0,100.0,1.71,0.3,5.5
202411,10,대구,10.773333333333333,4.7,18.0,67.86666666666666,27.0,97.0,2.1866666666666665,0.4,6.0
202411,11,대구,12.523333333333333,4.4,20.2,60.56666666666667,27.0,93.0,2.246666666666667,0.6,5.0
202411,12,대구,13.906666666666666,5.2,21.2,54.4,23.0,93.0,2.42,0.7,6.3
202411,13,대구,14.966666666666667,6.3,21.6,49.9,23.0,93.0,2.753333333333333,0.8,7.4
202411,14,대구,15.46,7.3,22.8,47.7,21.0,96.0,2.9833333333333334,0.6,6.9
202411,15,대구,15.456666666666667,6.4,22.3,46.86666666666667,20.0,94.0,2.8233333333333333,0.4,7.0
202411,16,대구,15.25,5.8,22.2,47.36666666666667,21.0,93.0,2.5366666666666666,0.5,6.3
202411,17,대구,14.26,5.1,21.5,51.266666666666666,23.0,94.0,2.5833333333333335,0.2,5.7
202411,18,대구,12.883333333333333,4.2,19.3,57.3,28.0,93.0,2.1,0.1,4.4
202411,19,대구,11.889999999999999,3.5,17.9,62.63333333333333,34.0,93.0,2.066666666666667,0.4,5.0
202411,20,대구,10.99,2.6,16.8,66.4,33.0,95.0,1.6033333333333333,0.2,4.7
202411,21,대구,10.360000000000001,2.9,15.8,69.6,33.0,94.0,1.6966666666666665,0.2,4.7
202411,22,대구,9.729999999999999,2.2,15.1,72.7,36.0,96.0,1.62,0.2,4.3
202411,23,대구,9.120000000000001,1.6,14.6,75.6,36.0,96.0,1.54,0.0,4.1
202412,0,대구,1.8935483870967742,-2.2,10.1,57.903225806451616,30.0,80.0,2.1451612903225805,0.1,4.8
202412,1,대구,1.5290322580645161,-2.7,9.1,59.806451612903224,29.0,84.0,2.335483870967742,0.3,6.6
202412,2,대구,1.2903225806451613,-2.8,8.0,61.193548387096776,29.0,87.0,2.1870967741935483,0.2,5.3
202412,3,대구,1.1419354838709677,-2.9,7.6,61.903225806451616,29.0,91.0,2.2903225806451615,0.2,5.9
202412,4,대구,1.032258064516129,-2.6,6.9,61.03225806451613,27.0,93.0,2.338709677419355,0.2,5.8
202412,5,대구,0.6709677419354838,-3.0,6.8,61.0,26.0,95.0,2.47741935483871,0.2,6.0
202412,6,대구,0.3870967741935484,-4.3,6.3,61.38709677419355,27.0,95.0,2.3225806451612905,0.1,7.8
202412,7,대구,0.3806451612903226,-4.8,5.4,61.12903225806452,25.0,96.0,2.261290322580645,0.4,6.4
202412,8,대구,0.4451612903225806,-4.9,5.5,61.38709677419355,27.0,96.0,2.170967741935484,0.2,6.1
202412,9,대구,1.8806451612903228,-2.8,6.9,55.61290322580645,28.0,83.0,2.4322580645161294,0.1,5.6
202412,10,대구,3.393548387096774,-1.8,9.5,49.645161290322584,25.0,76.0,2.9064516129032256,0.5,5.7
202412,11,대구,4.674193548387097,-0.6,11.4,44.483870967741936,22.0,72.0,3.641935483870968,0.7,7.1
202412,12,대구,6.090322580645162,1.0,14.3,39.12903225806452,18.0,63.0,3.732258064516129,0.8,6.6
202412,13,대구,7.032258064516129,1.8,16.7,35.935483870967744,16.0,62.0,4.083870967741936,0.7,7.7
202412,14,대구,7.664516129032258,2.2,18.1,33.03225806451613,15.0,58.0,4.303225806451613,1.3,7.3
202412,15,대구,7.864516129032259,2.5,18.5,32.806451612903224,16.0,61.0,4.090322580645161,1.6,7.7
202412,16,대구,7.441935483870968,2.3,18.3,34.32258064516129,15.0,66.0,3.629032258064516,0.9,5.9
202412,17,대구,6.358064516129032,1.2,16.7,36.87096774193548,18.0,74.0,3.5387096774193547,1.2,5.8
202412,18,대구,5.364516129032259,0.4,15.2,40.193548387096776,21.0,67.0,3.103225806451613,0.4,6.4
202412,19,대구,4.525806451612903,0.1,13.7,43.41935483870968,21.0,67.0,2.770967741935484,0.3,5.7
202412,20,대구,3.8129032258064517,-0.3,13.6,46.61290322580645,24.0,72.0,2.519354838709677,0.4,6.0
202412,21,대구,3.2225806451612904,-0.8,14.0,49.74193548387097,26.0,75.0,2.490322580645161,0.0,7.0
202412,22,대구,2.6258064516129034,-1.3,12.7,52.12903225806452,25.0,74.0,2.361290322580645,0.0,5.3
202412,23,대구,2.203225806451613,-2.2,11.4,54.41935483870968,28.0,76.0,2.496774193548387,0.3,5.8
202501,0,대구,-0.2967741935483871,-10.1,3.9,58.83870967741935,29.0,80.0,2.232258064516129,0.0,6.4
202501,1,대구,-0.7870967741935483,-10.4,3.7,61.12903225806452,30.0,86.0,2.148387096774193,0.0,6.5
202501,2,대구,-1.2935483870967743,-10.3,3.6,62.70967741935484,33.0,90.0,1.896774193548387,0.2,5.8
202501,3,대구,-1.6129032258064515,-10.4,3.5,65.0,38.0,90.0,1.9161290322580644,0.0,5.4
202501,4,대구,-1.8774193548387097,-10.6,3.7,65.83870967741936,40.0,93.0,1.9709677419354839,0.0,5.0
202501,5,대구,-2.061290322580645,-10.5,3.6,66.06451612903226,39.0,93.0,2.0516129032258066,0.0,6.6
202501,6,대구,-2.338709677419355,-10.4,3.6,66.64516129032258,32.0,93.0,2.0387096774193547,0.1,6.6
202501,7,대구,-2.5161290322580645,-10.0,3.4,67.3225806451613,31.0,95.0,1.9451612903225806,0.0,6.4
202501,8,대구,-2.4419354838709677,-9.7,2.5,67.45161290322581,33.0,95.0,1.941935483870968,0.1,4.4
202501,9,대구,-0.9548387096774194,-8.1,3.6,62.354838709677416,23.0,94.0,1.929032258064516,0.2,5.3
202501,10,대구,0.8,-6.9,5.4,55.064516129032256,23.0,93.0,2.2451612903225806,0.4,7.0
202501,11,대구,2.6451612903225805,-5.5,6.4,49.16129032258065,21.0,93.0,2.706451612903226,0.5,7.8
202501,12,대구,4.170967741935484,-4.3,8.9,42.83870967741935,20.0,88.0,3.135483870967742,0.7,6.3
202501,13,대구,5.316129032258065,-3.7,10.4,40.225806451612904,20.0,78.0,3.274193548387097,0.7,7.7
202501,14,대구,5.993548387096775,-3.7,11.3,37.25806451612903,19.0,69.0,3.551612903225806,0.9,6.7
202501,15,대구,6.341935483870968,-3.6,12.0,34.87096774193548,13.0,59.0,3.4967741935483874,1.5,6.7
202501,16,대구,6.212903225806452,-4.1,12.5,35.29032258064516,14.0,75.0,3.4709677419354836,0.6,6.4
202501,17,대구,5.380645161290323,-5.7,10.9,37.16129032258065,15.0,68.0,3.1548387096774193,0.8,5.8
202501,18,대구,4.158064516129032,-6.3,9.3,42.483870967741936,19.0,94.0,2.896774193548387,0.4,6.9
202501,19,대구,3.196774193548387,-6.9,7.8,45.61290322580645,22.0,91.0,2.370967741935484,0.2,5.5
202501,20,대구,2.203225806451613,-7.6,6.4,48.74193548387097,26.0,84.0,2.064516129032258,0.0,6.8
202501,21,대구,1.3225806451612903,-8.8,5.7,52.03225806451613,28.0,72.0,2.0548387096774197,0.4,5.7
202501,22,대구,0.8096774193548387,-9.2,5.5,54.38709677419355,26.0,74.0,2.174193548387097,0.1,6.7
202501,23,대구,0.25806451612903225,-9.9,4.6,57.096774193548384,29.0,81.0,2.061290322580645,0.1,5.3
202502,0,대구,-0.30357142857142866,-8.0,9.0,50.42857142857143,29.0,97.0,3.25,0.1,8.0
202502,1,대구,-0.7392857142857142,-8.5,8.5,52.857142857142854,27.0,98.0,2.8428571428571425,0.3,6.9
202502,2,대구,-1.1714285714285713,-8.8,7.0,56.17857142857143,35.0,98.0,2.992857142857143,0.5,6.6
202502,3,대구,-1.5857142857142856,-8.9,6.2,58.142857142857146,38.0,98.0,2.560714285714286,0.1,6.2
202502,4,대구,-1.8571428571428572,-9.1,6.1,60.107142857142854,40.0,99.0,2.8285714285714287,0.9,6.7
202502,5,대구,-2.3178571428571426,-9.2,6.5,62.964285714285715,37.0,99.0,2.5,0.3,6.9
202502,6,대구,-2.585714285714286,-9.1,6.4,63.535714285714285,34.0,98.0,2.632142857142857,0.0,5.7
202502,7,대구,-2.7785714285714285,-9.3,6.1,63.535714285714285,23.0,99.0,2.664285714285714,0.5,7.7
202502,8,대구,-2.4214285714285713,-9.0,6.8,61.035714285714285,25.0,99.0,2.4250000000000003,0.2,6.6
202502,9,대구,-0.9071428571428571,-7.3,9.0,55.392857142857146,23.0,99.0,2.9250000000000003,0.3,6.0
202502,10,대구,0.6107142857142858,-5.9,11.0,49.464285714285715,21.0,98.0,3.5535714285714284,0.8,6.0
202502,11,대구,1.9214285714285713,-4.6,12.0,42.25,19.0,97.0,3.8964285714285714,0.3,7.9
202502,12,대구,3.2535714285714286,-3.4,14.2,38.0,16.0,97.0,3.9785714285714286,1.0,8.9
202502,13,대구,4.160714285714286,-5.0,15.1,35.07142857142857,14.0,96.0,4.160714285714286,0.6,8.2
202502,14,대구,5.075,-4.1,16.1,31.642857142857142,11.0,96.0,4.2214285714285715,0.6,8.5
202502,15,대구,5.7,-3.5,17.5,29.892857142857142,10.0,94.0,4.389285714285714,0.3,9.0
202502,16,대구,5.917857142857143,-4.8,17.5,29.178571428571427,10.0,95.0,4.025,0.9,8.6
202502,17,대구,5.578571428571428,-5.2,17.8,29.285714285714285,10.0,92.0,3.7714285714285714,0.3,7.5
202502,18,대구,4.378571428571428,-6.3,16.7,31.821428571428573,12.0,90.0,3.835714285714286,0.4,9.7
202502,19,대구,3.2964285714285713,-6.9,14.4,35.214285714285715,14.0,92.0,3.3214285714285716,0.3,6.8
202502,20,대구,2.5107142857142857,-7.3,12.5,38.464285714285715,18.0,93.0,3.0749999999999997,0.7,6.7
202502,21,대구,1.6821428571428572,-7.6,10.4,41.25,18.0,93.0,3.107142857142857,0.2,6.5
202502,22,대구,0.9428571428571428,-7.9,9.4,44.107142857142854,21.0,96.0,2.8785714285714286,0.1,6.7
202502,23,대구,0.30357142857142855,-8.0,9.1,46.714285714285715,21.0,97.0,2.807142857142857,0.2,6.9
202503,0,대구,7.916129032258064,0.7,18.0,55.32258064516129,24.0,94.0,2.4935483870967743,0.2,5.6
202503,1,대구,7.274193548387097,0.4,16.6,57.41935483870968,23.0,92.0,2.1838709677419357,0.4,5.1
202503,2,대구,6.696774193548387,0.7,16.8,59.87096774193548,26.0,90.0,2.0258064516129033,0.2,6.9
202503,3,대구,6.283870967741936,0.7,17.3,61.354838709677416,28.0,93.0,2.061290322580645,0.2,5.8
202503,4,대구,5.6,0.1,17.4,63.87096774193548,30.0,95.0,1.8935483870967742,0.3,6.3
202503,5,대구,5.206451612903226,0.0,17.1,65.19354838709677,29.0,95.0,1.7516129032258063,0.5,4.6
202503,6,대구,4.787096774193548,-0.6,16.7,67.61290322580645,33.0,96.0,1.7000000000000002,0.2,5.6
202503,7,대구,4.780645161290323,-0.5,17.0,68.48387096774194,35.0,96.0,1.6193548387096774,0.1,4.1
202503,8,대구,6.067741935483871,-0.3,19.5,64.48387096774194,30.0,97.0,1.635483870967742,0.1,3.9
202503,9,대구,7.693548387096774,1.4,20.4,58.45161290322581,25.0,95.0,2.0193548387096776,0.7,5.2
202503,10,대구,9.603225806451613,2.1,23.2,51.38709677419355,23.0,95.0,2.2806451612903227,0.6,4.7
202503,11,대구,11.254838709677419,2.8,25.1,44.645161290322584,18.0,91.0,2.825806451612903,1.1,6.3
202503,12,대구,12.654838709677419,3.4,25.4,39.064516129032256,16.0,86.0,3.0483870967741935,1.2,5.8
202503,13,대구,13.654838709677419,3.6,26.4,35.29032258064516,12.0,78.0,3.2096774193548385,1.3,5.9
202503,14,대구,14.229032258064517,2.4,26.8,35.354838709677416,11.0,82.0,3.332258064516129,1.1,6.3
202503,15,대구,14.422580645161291,1.8,27.4,36.0,11.0,92.0,3.4419354838709677,0.6,7.9
202503,16,대구,14.483870967741936,4.0,27.2,35.61290322580645,12.0,89.0,3.870967741935484,0.9,8.3
202503,17,대구,13.874193548387098,4.1,26.8,37.67741935483871,11.0,82.0,3.609677419354839,0.7,7.0
202503,18,대구,12.906451612903227,4.0,25.6,39.87096774193548,12.0,82.0,3.829032258064516,1.1,6.8
202503,19,대구,11.638709677419355,3.8,24.0,43.38709677419355,15.0,87.0,3.635483870967742,0.8,6.9
202503,20,대구,10.567741935483872,3.5,22.9,47.12903225806452,17.0,91.0,3.541935483870968,0.3,10.4
202503,21,대구,9.680645161290322,2.1,20.0,49.29032258064516,17.0,89.0,3.3741935483870966,0.5,7.4
202503,22,대구,9.093548387096773,1.4,19.1,51.903225806451616,17.0,88.0,2.92258064516129,0.5,8.2
202503,23,대구,8.52258064516129,1.0,17.8,52.935483870967744,21.0,91.0,2.635483870967742,0.5,7.8
202504,0,대구,12.496666666666666,5.5,19.9,60.13333333333333,19.0,95.0,1.91,0.4,4.5
202504,1,대구,11.770000000000001,5.1,19.7,63.63333333333333,18.0,96.0,1.8733333333333335,0.1,4.6
202504,2,대구,10.783333333333333,4.3,19.5,66.76666666666667,20.0,94.0,1.5866666666666667,0.1,5.5
202504,3,대구,10.19,3.8,19.5,68.8,27.0,95.0,1.63,0.0,5.1
202504,4,대구,9.639999999999999,3.3,19.3,70.03333333333333,25.0,96.0,1.6066666666666667,0.0,5.8
202504,5,대구,9.306666666666667,2.6,18.9,71.93333333333334,29.0,97.0,1.4333333333333333,0.0,4.2
202504,6,대구,9.110000000000001,2.1,18.8,73.73333333333333,28.0,96.0,1.59,0.2,4.5
202504,7,대구,9.729999999999999,2.7,17.3,71.83333333333333,31.0,97.0,1.8266666666666667,0.2,4.7
202504,8,대구,11.433333333333334,4.4,19.5,65.16666666666667,27.0,94.0,1.8299999999999998,0.6,5.1
202504,9,대구,13.55,6.0,21.9,56.8,18.0,91.0,2.1333333333333333,0.6,4.8
202504,10,대구,15.360000000000001,8.1,23.6,48.9,16.0,94.0,2.48,1.0,5.4
202504,11,대구,17.19,9.6,25.3,42.233333333333334,15.0,93.0,2.7366666666666664,0.9,5.9
202504,12,대구,18.383333333333333,11.6,26.4,38.4,15.0,91.0,2.893333333333333,0.9,6.7
202504,13,대구,19.383333333333333,10.4,27.1,36.03333333333333,13.0,94.0,3.1566666666666667,1.3,7.6
202504,14,대구,20.2,7.3,28.0,35.166666666666664,13.0,87.0,3.3433333333333333,1.3,6.8
202504,15,대구,20.596666666666668,8.1,28.8,33.13333333333333,12.0,92.0,3.29,1.1,6.4
202504,16,대구,20.85,8.3,29.3,32.93333333333333,13.0,92.0,3.0300000000000002,1.1,7.0
202504,17,대구,20.42,7.6,28.8,34.266666666666666,11.0,94.0,3.4166666666666665,0.2,6.6
202504,18,대구,19.34,6.8,26.4,36.43333333333333,12.0,95.0,3.506666666666667,1.3,7.5
202504,19,대구,17.563333333333333,6.6,25.0,41.8,14.0,96.0,3.006666666666667,0.7,6.1
202504,20,대구,16.243333333333332,6.8,23.8,46.06666666666667,13.0,96.0,2.8266666666666667,0.3,6.4
202504,21,대구,15.123333333333333,6.1,22.8,49.9,14.0,96.0,2.7333333333333334,0.7,6.1
202504,22,대구,14.276666666666667,5.9,21.8,52.2,15.0,95.0,2.23,0.1,4.3
202504,23,대구,13.446666666666665,5.5,20.8,55.86666666666667,17.0,95.0,2.296666666666667,0.9,5.9
202505,0,대구,15.97741935483871,10.3,23.3,71.48387096774194,22.0,96.0,1.7903225806451613,0.3,4.8
202505,1,대구,15.419354838709678,9.9,23.4,73.35483870967742,29.0,97.0,1.6935483870967742,0.3,4.6
202505,2,대구,14.85483870967742,9.8,22.8,75.54838709677419,40.0,97.0,1.3709677419354838,0.3,3.5
202505,3,대구,14.399999999999999,8.5,22.9,77.90322580645162,44.0,97.0,1.5161290322580645,0.0,3.7
202505,4,대구,14.077419354838709,7.7,22.1,78.0,44.0,96.0,1.5516129032258066,0.2,4.0
202505,5,대구,13.696774193548386,7.1,21.5,79.80645161290323,51.0,95.0,1.364516129032258,0.0,3.5
202505,6,대구,13.580645161290322,6.7,21.3,81.61290322580645,59.0,93.0,1.2999999999999998,0.1,3.5
202505,7,대구,14.680645161290323,9.3,22.6,77.06451612903226,54.0,94.0,1.5032258064516129,0.0,4.3
202505,8,대구,16.177419354838708,11.1,24.5,71.0,50.0,90.0,1.8290322580645162,0.2,5.2
202505,9,대구,17.570967741935487,10.8,25.9,64.64516129032258,43.0,88.0,2.116129032258064,0.6,5.3
202505,10,대구,18.983870967741936,10.9,27.4,59.45161290322581,28.0,90.0,2.2225806451612904,0.5,5.6
202505,11,대구,20.251612903225805,9.9,28.5,54.41935483870968,28.0,95.0,2.545161290322581,0.5,7.2
202505,12,대구,21.325806451612905,9.9,29.8,50.483870967741936,24.0,96.0,2.638709677419355,1.1,5.9
202505,13,대구,22.19677419354839,10.1,30.7,47.483870967741936,19.0,94.0,2.929032258064516,0.6,7.7
202505,14,대구,22.738709677419354,10.1,31.6,45.645161290322584,18.0,93.0,2.8483870967741933,0.8,6.4
202505,15,대구,22.86774193548387,10.9,33.1,45.70967741935484,18.0,93.0,2.864516129032258,0.9,6.3
202505,16,대구,22.606451612903225,12.0,33.2,48.70967741935484,19.0,95.0,2.8,1.0,6.4
202505,17,대구,22.138709677419353,12.1,32.1,50.516129032258064,21.0,94.0,3.0161290322580645,0.7,5.7
202505,18,대구,21.33225806451613,12.3,30.2,52.41935483870968,17.0,94.0,2.9064516129032256,0.2,5.7
202505,19,대구,20.09032258064516,12.5,28.1,55.903225806451616,20.0,95.0,2.6258064516129034,0.1,6.1
202505,20,대구,18.94516129032258,11.5,26.4,59.25806451612903,21.0,94.0,2.196774193548387,0.3,4.4
202505,21,대구,18.019354838709678,11.2,25.3,63.225806451612904,23.0,95.0,2.164516129032258,0.6,5.1
202505,22,대구,17.22258064516129,11.1,24.4,66.38709677419355,22.0,95.0,1.9709677419354839,0.4,4.6
202505,23,대구,16.51290322580645,10.8,23.7,70.03225806451613,31.0,97.0,1.8,0.2,5.4
202506,0,대구,22.366666666666667,17.3,28.3,69.86666666666666,32.0,96.0,1.4633333333333334,0.0,3.1
202506,1,대구,21.82,16.2,27.9,72.6,31.0,97.0,1.38,0.0,3.8
202506,2,대구,21.246666666666666,15.2,27.4,75.2,34.0,97.0,1.2933333333333334,0.0,3.5
202506,3,대구,20.833333333333332,14.5,27.0,76.7,35.0,96.0,1.1733333333333333,0.1,3.5
202506,4,대구,20.466666666666665,14.1,26.2,78.36666666666666,52.0,96.0,1.1900000000000002,0.0,4.7
202506,5,대구,20.183333333333334,13.4,26.4,79.26666666666667,52.0,97.0,1.23,0.1,4.0
202506,6,대구,20.246666666666666,13.4,26.7,79.7,54.0,97.0,1.0966666666666667,0.1,3.9
202506,7,대구,21.396666666666665,14.6,27.2,75.53333333333333,47.0,97.0,1.3733333333333335,0.3,3.9
202506,8,대구,22.846666666666668,17.8,28.6,69.56666666666666,38.0,97.0,1.5133333333333332,0.5,4.1
202506,9,대구,24.14333333333333,19.5,29.9,64.56666666666666,29.0,97.0,1.7266666666666666,0.8,4.5
202506,10,대구,25.470000000000002,19.6,31.0,59.4,23.0,96.0,1.8266666666666667,0.7,4.2
202506,11,대구,26.613333333333333,20.2,32.8,55.46666666666667,22.0,95.0,1.9433333333333331,0.5,4.6
202506,12,대구,27.53666666666667,21.1,33.5,52.86666666666667,22.0,92.0,1.9333333333333333,0.7,4.6
202506,13,대구,28.483333333333334,22.2,34.0,49.266666666666666,16.0,91.0,2.0966666666666667,0.6,6.5
202506,14,대구,29.029999999999998,21.6,35.4,46.93333333333333,16.0,92.0,2.4566666666666666,1.2,7.8
202506,15,대구,29.473333333333336,20.8,35.7,46.233333333333334,17.0,94.0,2.2866666666666666,0.9,5.0
202506,16,대구,29.483333333333334,20.3,36.3,46.13333333333333,16.0,95.0,2.4566666666666666,1.0,5.1
202506,17,대구,29.17,20.0,36.3,46.56666666666667,16.0,96.0,2.5266666666666664,1.0,4.7
202506,18,대구,28.459999999999997,19.8,36.0,49.6,20.0,95.0,2.57,0.8,6.7
202506,19,대구,27.38,19.5,33.4,53.1,22.0,94.0,2.3266666666666667,0.4,5.9
202506,20,대구,26.073333333333334,19.6,32.1,56.96666666666667,23.0,93.0,2.25,0.5,5.3
202506,21,대구,25.023333333333333,19.4,30.8,60.5,26.0,90.0,2.02,0.6,6.1
202506,22,대구,24.15,18.6,29.9,64.33333333333333,30.0,95.0,1.74,0.4,4.7
202506,23,대구,23.383333333333333,17.8,29.2,67.36666666666666,31.0,96.0,1.6700000000000002,0.3,5.4
202507,0,대구,25.80322580645161,20.1,30.0,77.16129032258064,61.0,97.0,1.5741935483870966,0.1,4.8
202507,1,대구,25.387096774193548,20.5,29.2,79.2258064516129,66.0,96.0,1.403225806451613,0.0,3.2
202507,2,대구,24.98709677419355,20.4,29.2,81.19354838709677,68.0,97.0,1.5774193548387097,0.1,3.6
202507,3,대구,24.654838709677417,20.6,28.8,82.74193548387096,71.0,96.0,1.570967741935484,0.1,3.7
202507,4,대구,24.296774193548387,20.6,28.2,84.25806451612904,73.0,97.0,1.596774193548387,0.2,3.6
202507,5,대구,24.0258064516129,20.1,27.2,85.29032258064517,72.0,97.0,1.4387096774193548,0.2,3.9
202507,6,대구,24.051612903225806,20.2,27.7,85.61290322580645,72.0,97.0,1.3193548387096774,0.1,4.4
202507,7,대구,25.216129032258067,21.2,28.9,80.54838709677419,68.0,97.0,1.429032258064516,0.0,3.3
202507,8,대구,26.38064516129032,22.4,30.3,75.3225806451613,61.0,97.0,1.8774193548387095,0.6,4.2
202507,9,대구,27.687096774193545,21.8,31.7,69.25806451612904,46.0,97.0,1.8161290322580643,0.3,4.1
202507,10,대구,29.029032258064515,21.3,32.9,63.483870967741936,45.0,97.0,2.029032258064516,0.4,4.7
202507,11,대구,30.13225806451613,21.6,34.0,59.096774193548384,40.0,98.0,2.274193548387097,0.7,5.6
202507,12,대구,30.83225806451613,21.3,35.0,56.516129032258064,37.0,96.0,2.329032258064516,0.9,5.8
202507,13,대구,31.606451612903225,21.4,36.0,53.935483870967744,34.0,97.0,2.2193548387096773,0.6,5.8
202507,14,대구,31.86774193548387,21.2,37.4,53.354838709677416,33.0,95.0,2.351612903225807,0.8,5.6
202507,15,대구,32.10645161290322,21.3,36.8,52.87096774193548,32.0,96.0,2.103225806451613,0.8,4.9
202507,16,대구,31.84193548387097,21.6,36.4,53.354838709677416,33.0,97.0,2.4451612903225803,0.6,4.8
202507,17,대구,31.532258064516128,22.1,35.9,54.54838709677419,34.0,97.0,2.2,0.6,5.2
202507,18,대구,31.019354838709678,22.0,35.4,56.03225806451613,37.0,96.0,2.2419354838709675,0.7,5.6
202507,19,대구,29.83225806451613,21.7,34.1,59.806451612903224,38.0,95.0,2.512903225806452,0.4,5.7
202507,20,대구,28.583870967741937,21.5,32.7,64.7741935483871,44.0,96.0,2.232258064516129,0.5,4.6
202507,21,대구,27.719354838709677,21.1,31.8,68.41935483870968,42.0,95.0,2.0677419354838706,0.2,4.2
202507,22,대구,26.906451612903226,20.5,30.9,72.09677419354838,53.0,96.0,1.903225806451613,0.0,3.9
202507,23,대구,26.293548387096774,20.2,30.2,75.03225806451613,57.0,97.0,1.7419354838709677,0.1,3.6
202508,0,대구,26.603225806451615,21.6,29.4,78.3225806451613,64.0,94.0,1.196774193548387,0.0,3.0
202508,1,대구,26.15806451612903,21.7,28.9,80.45161290322581,66.0,95.0,1.1161290322580646,0.1,3.2
202508,2,대구,25.80322580645161,20.4,28.5,82.6774193548387,71.0,96.0,1.0032258064516129,0.0,2.6
202508,3,대구,25.503225806451614,20.3,28.2,84.03225806451613,70.0,97.0,0.9870967741935485,0.1,2.4
202508,4,대구,25.20967741935484,20.6,27.8,85.38709677419355,73.0,97.0,0.8677419354838709,0.0,2.7
202508,5,대구,24.958064516129035,20.6,27.4,86.45161290322581,75.0,96.0,0.7548387096774193,0.1,1.7
202508,6,대구,24.809677419354838,20.5,27.3,87.19354838709677,78.0,96.0,0.7774193548387096,0.0,1.9
202508,7,대구,25.687096774193545,21.4,27.8,83.64516129032258,73.0,95.0,0.8774193548387097,0.1,1.9
202508,8,대구,27.125806451612902,22.0,29.3,77.61290322580645,66.0,93.0,0.9741935483870967,0.0,2.6
202508,9,대구,28.574193548387097,22.6,31.5,70.7741935483871,60.0,85.0,1.3483870967741938,0.5,4.1
202508,10,대구,29.851612903225806,23.4,32.1,64.06451612903226,52.0,81.0,1.5774193548387097,0.6,3.1
202508,11,대구,30.925806451612903,23.8,33.8,58.83870967741935,45.0,82.0,1.7580645161290323,0.9,4.5
202508,12,대구,31.85483870967742,24.3,35.0,54.67741935483871,39.0,81.0,1.8096774193548388,1.0,3.8
202508,13,대구,32.5,23.7,36.3,52.32258064516129,35.0,87.0,1.8903225806451613,0.9,4.4
202508,14,대구,32.6,23.5,36.8,52.58064516129032,34.0,92.0,1.7677419354838708,0.2,3.3
202508,15,대구,32.8,23.6,36.6,52.16129032258065,32.0,92.0,1.6709677419354838,0.7,4.0
202508,16,대구,32.516129032258064,23.6,36.9,53.45161290322581,34.0,95.0,1.6806451612903226,0.4,3.5
202508,17,대구,32.05806451612903,23.5,36.4,55.70967741935484,35.0,93.0,1.7677419354838708,0.5,3.6
202508,18,대구,31.519354838709678,23.5,36.8,57.516129032258064,31.0,92.0,1.7322580645161292,0.8,3.9
202508,19,대구,30.38064516129032,23.4,35.5,62.096774193548384,33.0,92.0,1.6258064516129032,0.0,4.6
202508,20,대구,29.23548387096774,22.9,32.6,66.7741935483871,48.0,93.0,1.3903225806451613,0.1,4.4
202508,21,대구,28.309677419354838,22.9,31.2,71.38709677419355,53.0,93.0,1.1483870967741936,0.3,3.2
202508,22,대구,27.574193548387097,22.8,30.2,74.38709677419355,59.0,94.0,1.4064516129032258,0.1,3.2
202508,23,대구,27.10967741935484,22.2,29.7,76.54838709677419,60.0,95.0,1.3838709677419354,0.4,4.0
202509,0,대구,22.35,17.8,27.1,82.66666666666667,67.0,95.0,1.3900000000000001,0.0,4.8
202509,1,대구,22.14,17.6,26.7,84.16666666666667,69.0,96.0,1.25,0.0,4.5
202509,2,대구,21.94,17.0,27.9,85.1,70.0,96.0,1.25,0.0,3.4
202509,3,대구,21.686666666666667,16.5,28.3,85.86666666666666,67.0,96.0,1.25,0.0,4.0
202509,4,대구,21.506666666666668,16.0,27.4,86.9,73.0,96.0,1.0366666666666666,0.0,3.1
202509,5,대구,21.323333333333334,15.8,26.7,87.63333333333334,74.0,96.0,1.1133333333333333,0.0,2.9
202509,6,대구,21.163333333333334,15.9,25.3,88.76666666666667,73.0,95.0,1.1033333333333333,0.0,2.9
202509,7,대구,21.470000000000002,16.1,26.0,88.26666666666667,71.0,96.0,0.92,0.0,2.6
202509,8,대구,22.41,17.1,27.2,83.63333333333334,71.0,96.0,1.35,0.0,4.2
202509,9,대구,23.55666666666667,18.6,29.0,78.46666666666667,66.0,96.0,1.6133333333333333,0.0,5.0
202509,10,대구,24.796666666666667,19.5,30.3,72.76666666666667,58.0,96.0,1.9266666666666665,0.0,5.0
202509,11,대구,25.759999999999998,19.9,31.0,68.16666666666667,54.0,92.0,2.146666666666667,0.2,4.9
202509,12,대구,26.523333333333333,20.5,32.4,64.3,48.0,86.0,2.256666666666667,0.5,4.9
202509,13,대구,27.25,21.6,32.8,60.766666666666666,46.0,88.0,2.4233333333333333,1.0,4.9
202509,14,대구,27.433333333333334,20.5,32.9,59.46666666666667,45.0,89.0,2.4166666666666665,0.6,5.2
202509,15,대구,27.313333333333333,20.2,33.8,60.0,43.0,93.0,2.4366666666666665,0.8,4.8
202509,16,대구,27.043333333333333,20.3,33.7,61.3,44.0,94.0,2.5300000000000002,0.7,5.0
202509,17,대구,26.616666666666667,20.3,33.2,62.9,45.0,92.0,2.55,0.6,4.9
202509,18,대구,25.566666666666666,20.5,31.6,67.1,53.0,92.0,2.4,0.4,4.9
202509,19,대구,24.493333333333332,20.2,30.6,71.56666666666666,52.0,94.0,1.99,0.0,4.2
202509,20,대구,23.756666666666668,19.8,29.9,75.03333333333333,51.0,95.0,1.9433333333333336,0.0,4.7
202509,21,대구,23.256666666666668,19.2,29.4,77.5,65.0,96.0,1.76,0.0,4.5
202509,22,대구,22.883333333333333,18.7,28.7,79.0,63.0,96.0,1.9166666666666667,0.3,4.7
202509,23,대구,22.496666666666666,18.3,27.8,80.86666666666666,68.0,96.0,1.5166666666666666,0.0,4.8
202510,0,대구,16.18064516129032,4.5,20.8,84.06451612903226,56.0,97.0,1.261290322580645,0.0,3.3
202510,1,대구,15.925806451612903,4.0,20.8,85.09677419354838,60.0,97.0,1.2967741935483872,0.2,3.7
202510,2,대구,15.706451612903226,3.6,20.6,85.96774193548387,55.0,97.0,1.2258064516129032,0.0,3.2
202510,3,대구,15.45483870967742,3.1,20.4,87.2258064516129,63.0,97.0,0.9709677419354839,0.0,2.6
202510,4,대구,15.312903225806451,2.9,20.3,88.03225806451613,63.0,97.0,1.1838709677419357,0.0,3.3
202510,5,대구,15.109677419354838,2.4,20.2,88.96774193548387,62.0,97.0,1.1419354838709677,0.0,3.1
202510,6,대구,15.01290322580645,2.1,20.1,89.54838709677419,65.0,97.0,1.1548387096774193,0.0,2.7
202510,7,대구,14.980645161290322,2.1,20.0,89.35483870967742,62.0,97.0,1.1064516129032258,0.0,3.0
202510,8,대구,15.774193548387096,4.1,20.4,85.7741935483871,55.0,97.0,1.303225806451613,0.0,3.1
202510,9,대구,16.916129032258063,7.3,21.9,78.74193548387096,38.0,97.0,1.7354838709677418,0.5,7.1
202510,10,대구,17.93548387096774,9.9,23.4,73.70967741935483,27.0,94.0,1.961290322580645,0.5,6.6
202510,11,대구,18.903225806451612,11.3,24.4,68.64516129032258,18.0,94.0,2.235483870967742,0.5,5.3
202510,12,대구,19.73548387096774,12.4,25.4,65.41935483870968,18.0,91.0,2.42258064516129,0.7,4.5
202510,13,대구,20.358064516129033,12.7,26.8,62.67741935483871,16.0,93.0,2.5,0.6,4.6
202510,14,대구,20.641935483870967,13.1,28.3,61.193548387096776,17.0,93.0,2.5870967741935487,0.5,4.9
202510,15,대구,20.606451612903225,13.6,29.4,61.12903225806452,19.0,93.0,2.6580645161290324,0.4,5.4
202510,16,대구,20.26774193548387,12.9,29.3,62.96774193548387,19.0,93.0,2.732258064516129,0.6,5.5
202510,17,대구,19.674193548387095,12.5,28.3,65.48387096774194,21.0,93.0,2.635483870967742,0.3,5.8
202510,18,대구,18.848387096774193,11.3,27.0,69.64516129032258,28.0,94.0,2.545161290322581,0.8,4.7
202510,19,대구,18.048387096774192,9.8,24.7,73.6774193548387,35.0,95.0,2.229032258064516,0.3,5.6
202510,20,대구,17.41290322580645,8.1,23.5,76.41935483870968,41.0,96.0,1.967741935483871,0.3,4.8
202510,21,대구,16.861290322580647,7.4,22.3,79.19354838709677,45.0,96.0,1.9516129032258065,0.0,4.8
202510,22,대구,16.416129032258063,6.1,21.8,81.74193548387096,48.0,96.0,1.5903225806451613,0.1,4.0
202510,23,대구,16.164516129032258,5.4,21.0,82.74193548387096,45.0,96.0,1.3451612903225807,0.1,3.2
202511,0,대구,7.266666666666667,0.1,12.9,71.0,43.0,95.0,1.6033333333333333,0.1,5.3
202511,1,대구,6.8933333333333335,-0.4,12.9,71.93333333333334,39.0,95.0,1.4899999999999998,0.1,4.8
202511,2,대구,6.54,-1.3,12.6,72.86666666666666,37.0,95.0,1.5166666666666666,0.1,6.0
202511,3,대구,6.096666666666667,-1.5,12.6,75.73333333333333,37.0,96.0,1.63,0.0,7.4
202511,4,대구,5.733333333333333,-1.7,12.3,78.06666666666666,38.0,96.0,1.48,0.0,4.8
202511,5,대구,5.426666666666667,-2.1,12.3,79.23333333333333,41.0,96.0,1.3399999999999999,0.0,4.4
202511,6,대구,5.286666666666666,-2.6,12.3,79.33333333333333,35.0,96.0,1.54,0.1,5.7
202511,7,대구,4.953333333333333,-2.7,12.3,79.76666666666667,32.0,96.0,1.3466666666666667,0.0,5.2
202511,8,대구,5.760000000000001,-1.8,12.5,78.03333333333333,29.0,97.0,1.28,0.1,4.7
202511,9,대구,7.72,0.8,13.9,67.96666666666667,26.0,90.0,1.5933333333333333,0.1,4.8
202511,10,대구,9.706666666666667,3.5,15.6,57.56666666666667,16.0,84.0,2.1333333333333333,0.5,6.9
202511,11,대구,11.596666666666666,5.0,17.0,48.733333333333334,15.0,73.0,2.56,0.7,7.3
202511,12,대구,13.193333333333333,6.4,17.9,43.03333333333333,18.0,80.0,2.7199999999999998,0.8,6.2
202511,13,대구,14.370000000000001,6.6,18.3,39.6,15.0,64.0,3.103333333333333,0.8,7.5
202511,14,대구,15.22,7.7,19.6,36.36666666666667,15.0,61.0,2.67,0.6,5.7
202511,15,대구,15.59,8.0,20.7,34.06666666666667,15.0,58.0,2.8033333333333332,0.7,6.4
202511,16,대구,15.379999999999999,8.0,20.7,35.166666666666664,16.0,60.0,2.7333333333333334,0.4,7.3
202511,17,대구,14.086666666666668,6.7,18.3,38.2,17.0,63.0,2.73,0.2,6.9
202511,18,대구,12.246666666666666,6.0,16.9,45.46666666666667,21.0,71.0,1.95,0.1,5.4
202511,19,대구,10.876666666666667,5.3,15.6,52.333333333333336,30.0,80.0,1.8366666666666667,0.1,7.0
202511,20,대구,9.886666666666667,4.8,14.7,56.833333333333336,35.0,84.0,1.6566666666666667,0.2,5.5
202511,21,대구,9.006666666666666,3.4,13.8,61.86666666666667,40.0,89.0,1.6533333333333333,0.1,6.2
202511,22,대구,8.353333333333333,1.8,13.9,65.46666666666667,45.0,93.0,1.6566666666666667,0.1,5.7
202511,23,대구,7.806666666666667,1.1,13.2,67.96666666666667,45.0,94.0,1.4733333333333334,0.0,5.2
202512,0,대구,2.2225806451612904,-4.5,10.9,62.483870967741936,22.0,89.0,1.9129032258064516,0.0,5.5
202512,1,대구,1.7967741935483872,-4.6,9.6,62.96774193548387,21.0,88.0,1.8870967741935485,0.1,5.3
202512,2,대구,1.3838709677419354,-4.9,8.4,64.3225806451613,21.0,92.0,2.0548387096774197,0.1,7.1
202512,3,대구,1.1935483870967742,-5.5,9.0,64.09677419354838,26.0,93.0,2.070967741935484,0.2,5.8
202512,4,대구,0.7129032258064517,-6.0,9.1,65.19354838709677,31.0,94.0,2.0387096774193547,0.0,5.7
202512,5,대구,0.5129032258064516,-6.5,8.5,66.16129032258064,36.0,96.0,2.1870967741935483,0.3,5.6
202512,6,대구,0.2064516129032258,-6.9,7.9,66.6774193548387,32.0,96.0,2.2129032258064516,0.1,5.8
202512,7,대구,0.04838709677419356,-7.3,7.1,66.35483870967742,30.0,96.0,2.2935483870967746,0.3,7.1
202512,8,대구,0.2419354838709677,-7.4,8.7,65.16129032258064,23.0,96.0,2.1451612903225805,0.2,8.2
202512,9,대구,1.4161290322580644,-6.7,10.3,60.225806451612904,21.0,94.0,2.2774193548387096,0.2,7.1
202512,10,대구,3.0064516129032257,-5.9,12.0,52.25806451612903,17.0,92.0,2.583870967741935,0.2,6.0
202512,11,대구,4.793548387096774,-4.3,12.3,46.32258064516129,17.0,90.0,2.838709677419355,0.3,6.7
202512,12,대구,6.074193548387097,-3.2,13.0,41.74193548387097,15.0,88.0,2.858064516129032,0.5,5.7
202512,13,대구,7.080645161290323,-2.0,14.3,38.903225806451616,15.0,80.0,3.193548387096774,0.9,7.3
202512,14,대구,7.764516129032257,-1.3,14.0,37.41935483870968,15.0,78.0,3.390322580645161,0.7,7.0
202512,15,대구,8.012903225806452,-1.1,15.2,36.74193548387097,13.0,78.0,3.4709677419354836,0.5,7.2
202512,16,대구,7.887096774193548,-0.9,15.0,36.806451612903224,12.0,79.0,3.274193548387097,0.3,7.8
202512,17,대구,6.916129032258064,-1.9,13.4,39.70967741935484,13.0,77.0,2.8741935483870966,0.1,8.2
202512,18,대구,5.745161290322581,-2.3,12.6,43.516129032258064,15.0,84.0,2.435483870967742,0.1,7.1
202512,19,대구,4.858064516129032,-2.9,11.9,47.58064516129032,17.0,91.0,2.261290322580645,0.1,6.9
202512,20,대구,3.987096774193548,-3.2,11.6,51.38709677419355,22.0,89.0,2.1258064516129034,0.1,8.3
202512,21,대구,3.2838709677419353,-3.6,12.3,53.806451612903224,22.0,89.0,1.8548387096774193,0.1,5.2
202512,22,대구,2.8,-4.0,12.3,55.70967741935484,21.0,88.0,2.148387096774193,0.1,5.8
202512,23,대구,2.296774193548387,-4.3,11.5,57.354838709677416,22.0,89.0,1.9129032258064516,0.1,4.6
