연월,시간대,지역,평균기온,중앙기온,최저기온,최고기온,기온표준편차,평균습도,중앙습도,최저습도,최고습도,습도표준편차,평균풍속,중앙풍속,최저풍속,최고풍속,풍속표준편차
201701,0,서울,-2.6322580645161286,-1.9,-10.9,4.3,4.729509283690659,60.12903225806452,58.0,30.0,92.0,16.308978990081652,2.1129032258064515,2.1,0.3,4.7,1.1256825886201585
201701,1,서울,-2.92258064516129,-2.6,-11.1,4.6,4.875497217544028,60.70967741935484,60.0,31.0,91.0,15.509553074126275,2.074193548387097,2.1,0.2,4.8,1.1398736017458202
201701,2,서울,-3.196774193548387,-3.4,-10.9,4.9,4.960946406413985,61.67741935483871,60.0,33.0,90.0,15.175390377788625,1.835483870967742,1.6,0.3,4.4,1.0400475588794884
201701,3,서울,-3.541935483870968,-3.7,-11.0,4.8,4.969961381040326,62.54838709677419,62.0,33.0,86.0,15.180774485463337,1.9258064516129034,1.8,0.2,5.9,1.348818678680344
201701,4,서울,-3.9516129032258065,-4.1,-11.3,4.4,4.96399509587066,63.32258064516129,65.0,34.0,91.0,15.898400541719479,1.7935483870967743,1.7,0.3,5.0,1.0996773720417479
201701,5,서울,-4.283870967741936,-4.5,-12.2,4.1,5.03117592445302,63.12903225806452,64.0,35.0,91.0,15.497831967695506,1.7032258064516128,1.4,0.3,3.9,0.9796202907139554
201701,6,서울,-4.52258064516129,-4.6,-12.6,4.0,5.074098256663895,63.41935483870968,63.0,37.0,93.0,16.06190979418572,1.9838709677419355,1.6,0.8,4.8,1.0872279044105848
201701,7,서울,-4.648387096774194,-5.3,-12.4,4.2,5.094367541232305,63.54838709677419,63.0,37.0,93.0,15.770941019646267,1.9516129032258065,1.4,0.6,4.1,1.0776118558311971
201701,8,서울,-4.767741935483872,-5.4,-12.3,4.1,5.041982883533964,62.774193548387096,64.0,28.0,92.0,16.66875255764381,1.9451612903225806,1.6,0.7,4.2,0.9848311901632074
201701,9,서울,-4.1967741935483875,-4.8,-11.8,4.8,4.863913641706491,59.25806451612903,60.0,27.0,87.0,14.742156653478451,2.1774193548387095,2.0,0.1,4.7,1.2661515647608057
201701,10,서울,-2.6193548387096777,-4.0,-10.2,6.7,4.717302856141329,53.54838709677419,52.0,25.0,86.0,14.950671578399458,2.3870967741935485,2.4,0.7,5.1,1.1943595035230865
201701,11,서울,-1.0032258064516129,-1.9,-8.6,9.2,4.860828727077153,49.903225806451616,51.0,27.0,82.0,15.05181016513668,2.458064516129032,2.3,0.7,5.1,1.0468282869533052
201701,12,서울,0.09999999999999999,-0.4,-7.6,10.3,4.995331153520588,46.61290322580645,46.0,25.0,81.0,14.994837821407826,2.509677419354839,2.3,0.7,5.7,1.2897945156004962
201701,13,서울,1.1580645161290322,0.7,-6.7,10.4,4.971503742567795,44.54838709677419,45.0,22.0,89.0,16.235431848639813,2.754838709677419,2.8,0.9,5.0,1.1963384999454014
201701,14,서울,1.8774193548387095,1.0,-6.1,10.6,4.805948375185301,42.87096774193548,44.0,21.0,91.0,15.58576687340915,2.8129032258064517,2.8,0.7,5.5,1.23146036219438
201701,15,서울,2.141935483870968,1.0,-5.7,10.9,4.649356528492116,42.58064516129032,39.0,17.0,92.0,17.41412107754008,2.97741935483871,3.0,0.9,5.7,1.2973587726401037
201701,16,서울,2.0548387096774197,0.6,-5.5,11.0,4.539077638293007,42.32258064516129,35.0,18.0,93.0,18.456050673196934,3.0,2.9,0.5,6.2,1.2633289357883006
201701,17,서울,1.164516129032258,0.7,-6.5,9.1,4.446387926328274,44.96774193548387,42.0,19.0,94.0,19.03765369115943,2.661290322580645,2.3,0.7,5.6,1.3647166786198612
201701,18,서울,-0.012903225806451625,0.0,-7.5,8.2,4.495163470181692,48.096774193548384,44.0,25.0,94.0,17.795795081441156,2.3451612903225807,2.3,0.6,4.3,0.8751528284352851
201701,19,서울,-0.6903225806451614,-1.2,-8.3,7.4,4.524036165395502,50.935483870967744,48.0,28.0,95.0,16.984179862195226,2.448387096774194,2.2,0.6,4.9,0.9982888585781626
201701,20,서울,-1.3129032258064515,-2.2,-8.7,6.7,4.499462333470809,53.645161290322584,51.0,29.0,95.0,16.333091944672272,2.629032258064516,2.2,0.7,5.9,1.213862581016236
201701,21,서울,-1.8129032258064517,-2.8,-9.5,6.0,4.525390733441983,55.096774193548384,53.0,31.0,95.0,15.79737285903298,2.232258064516129,2.1,0.3,4.8,1.1335452047372419
201701,22,서울,-2.2225806451612904,-2.7,-10.0,5.4,4.607943118675212,56.225806451612904,54.0,31.0,95.0,15.894883196423839,2.1806451612903226,1.9,0.3,4.2,1.1139776642999355
201701,23,서울,-2.5870967741935487,-2.5,-10.4,4.6,4.663956970605101,57.38709677419355,57.0,29.0,94.0,15.555657961772493,2.174193548387097,2.1,0.2,5.1,1.163032743000094
201702,0,서울,-1.467857142857143,-1.6,-7.4,9.1,3.8438072919118227,61.785714285714285,59.0,34.0,93.0,16.191806668022046,2.1142857142857143,1.85,0.3,5.9,1.2610149603231242
201702,1,서울,-1.7964285714285713,-1.9,-7.5,7.7,3.7398239355326695,62.42857142857143,60.5,31.0,94.0,16.439402916589408,1.9642857142857142,1.8,0.2,5.5,1.2407328436927867
201702,2,서울,-2.1535714285714285,-2.25,-7.8,7.2,3.78774653448773,62.642857142857146,60.0,31.0,95.0,16.007438746973083,1.832142857142857,1.55,0.3,4.1,1.1135706904097658
201702,3,서울,-2.4857142857142853,-2.45,-8.3,6.6,3.7634415185428436,63.07142857142857,60.0,30.0,95.0,15.995204307746771,1.792857142857143,1.6,0.3,4.1,1.1501782700564522
201702,4,서울,-2.9,-2.8,-8.7,5.3,3.662118391192605,63.785714285714285,60.5,32.0,94.0,15.68523047412613,1.6428571428571428,1.2000000000000002,0.0,5.0,1.2697122950374673
201702,5,서울,-3.257142857142857,-3.05,-9.2,4.1,3.519093798696074,63.464285714285715,60.0,34.0,91.0,15.348982697275733,1.8785714285714286,1.75,0.2,4.7,1.1640787624037152
201702,6,서울,-3.5535714285714284,-3.5,-9.1,2.7,3.320696283842262,64.21428571428571,60.5,36.0,88.0,14.106360905258946,1.6214285714285714,1.45,0.1,4.3,1.1669387437847933
201702,7,서울,-3.8785714285714286,-3.8,-9.2,2.1,3.173543076968652,64.07142857142857,61.0,36.0,88.0,13.15696849984145,1.8714285714285714,1.65,0.3,4.5,1.1375272541650392
201702,8,서울,-3.95,-3.8,-9.3,2.5,3.074687578227047,62.57142857142857,61.0,34.0,87.0,12.939828184298023,1.7785714285714285,1.4,0.2,4.8,1.2841936922261528
201702,9,서울,-2.7142857142857144,-2.75,-8.5,2.8,3.070011977985354,54.892857142857146,54.0,39.0,75.0,10.73015579505924,2.075,1.7000000000000002,0.3,5.4,1.1964840467277758
201702,10,서울,-0.9892857142857144,-1.0,-7.8,5.4,3.1843761277134526,49.92857142857143,48.0,29.0,83.0,13.673246577081535,2.692857142857143,2.55,0.3,7.2,1.552519713342623
201702,11,서울,0.6428571428571429,0.9,-6.5,8.1,3.5325395933854695,45.285714285714285,41.5,24.0,90.0,15.83212192525325,2.642857142857143,2.35,1.0,5.5,1.2588732679511092
201702,12,서울,1.7321428571428572,1.8,-5.6,9.7,3.7658360511340856,40.92857142857143,38.5,24.0,90.0,16.619775305849693,3.060714285714286,3.0,0.8,6.3,1.4487131673557196
201702,13,서울,2.7821428571428575,2.55,-4.2,10.6,3.7203199356077463,38.607142857142854,34.5,22.0,91.0,16.83105437975861,3.2142857142857144,3.2,0.6,6.2,1.2732909491824096
201702,14,서울,3.5107142857142857,3.15,-3.2,11.5,3.845472497646905,37.785714285714285,34.5,21.0,91.0,17.214027748401925,3.1964285714285716,3.0,0.6,6.3,1.300564590463793
201702,15,서울,3.789285714285714,3.1500000000000004,-3.4,12.2,3.9427701566204068,38.42857142857143,33.5,20.0,91.0,17.668613250051465,3.5928571428571425,3.6,1.2,5.5,1.1831935978305028
201702,16,서울,3.8035714285714284,3.05,-3.9,11.7,3.846545553924027,40.17857142857143,35.5,20.0,91.0,17.569024871080206,3.207142857142857,3.1500000000000004,1.7,5.3,0.9337017413494214
201702,17,서울,3.4107142857142856,2.8,-3.5,10.6,3.7509839978838824,42.42857142857143,36.0,24.0,92.0,17.239980603728394,3.1714285714285713,3.3,1.4,4.7,0.8405717379027483
201702,18,서울,2.1214285714285714,1.8,-5.0,10.1,3.8034445541101913,47.392857142857146,43.5,29.0,90.0,15.229939533729548,2.9714285714285715,2.9,1.5,5.3,0.9388160956096042
201702,19,서울,1.207142857142857,1.25,-6.2,10.0,3.739571036147266,52.07142857142857,49.0,36.0,92.0,14.199448532402188,2.857142857142857,2.6500000000000004,0.9,5.2,0.9723696033415717
201702,20,서울,0.5642857142857142,0.44999999999999996,-6.8,10.2,3.7819468125717597,56.285714285714285,51.0,36.0,93.0,14.948943088757128,2.5357142857142856,2.3499999999999996,1.1,4.6,0.9930179535560553
201702,21,서울,0.09285714285714289,0.2,-7.1,10.2,3.854571943513944,58.214285714285715,53.5,33.0,91.0,15.590493643996396,2.7464285714285714,2.6500000000000004,0.9,5.0,1.1040270202199134
201702,22,서울,-0.3071428571428571,-0.05,-7.2,9.8,3.8878660786481123,60.07142857142857,57.0,33.0,91.0,16.243354359446847,2.207142857142857,2.3499999999999996,0.0,4.5,1.0420523095665668
201702,23,서울,-0.675,-0.45,-7.1,9.7,3.9162174683307946,60.535714285714285,59.0,35.0,93.0,16.06810077245791,2.107142857142857,2.1,0.3,4.5,0.957979575839103
201703,0,서울,4.406451612903226,5.0,-3.6,10.8,3.1682735029109006,55.064516129032256,54.0,30.0,93.0,16.566905733763253,1.7161290322580647,1.5,0.4,3.9,0.8714343632554121
201703,1,서울,3.9129032258064513,4.4,-4.3,10.5,3.218254385582746,56.225806451612904,56.0,32.0,93.0,16.04100927294239,1.6193548387096774,1.7,0.1,4.7,0.908632435710836
201703,2,서울,3.4967741935483874,3.9,-4.6,10.4,3.243915727529282,58.41935483870968,58.0,33.0,93.0,15.226674387509107,1.364516129032258,1.4,0.0,3.4,0.8931399244973783
201703,3,서울,3.1258064516129034,3.4,-4.9,10.1,3.2497146276696856,60.064516129032256,58.0,33.0,93.0,15.569062236523148,1.464516129032258,1.2,0.1,4.6,1.1620523187007756
201703,4,서울,2.770967741935484,2.8,-5.1,9.9,3.2869634972506256,61.67741935483871,60.0,35.0,93.0,14.790508435647045,1.4967741935483871,1.3,0.2,3.9,0.9541082646351833
201703,5,서울,2.5354838709677416,2.6,-5.2,9.9,3.303891481984719,61.096774193548384,58.0,41.0,93.0,14.293016566863876,1.5838709677419356,1.2,0.1,4.8,1.1944585312164249
201703,6,서울,2.303225806451613,2.4,-5.2,9.7,3.356435000708117,62.03225806451613,60.0,34.0,90.0,14.309632818414642,1.596774193548387,1.4,0.1,5.5,1.0584529184829912
201703,7,서울,2.0677419354838706,1.9,-5.2,9.6,3.386481664576988,62.12903225806452,60.0,36.0,86.0,13.303488102709181,1.5161290322580645,1.3,0.4,4.7,0.9359831815417585
201703,8,서울,2.7580645161290325,3.2,-4.0,9.9,3.4187496928505294,56.74193548387097,55.0,35.0,82.0,13.263905261863828,1.7354838709677418,1.6,0.2,3.6,0.9027913701761422
201703,9,서울,4.645161290322581,4.8,-2.9,10.2,3.302709868141354,50.354838709677416,48.0,31.0,77.0,12.983446864108092,2.035483870967742,2.1,0.0,6.1,1.3151801871725346
201703,10,서울,6.738709677419355,7.3,-1.9,11.7,3.5386134214175695,45.16129032258065,46.0,25.0,71.0,12.759563143497632,2.3451612903225807,2.0,0.5,5.1,1.1755392265332025
201703,11,서울,8.425806451612903,9.4,-1.4,13.3,3.6305158257870636,40.096774193548384,40.0,23.0,64.0,12.06746269577737,2.5580645161290323,2.2,1.3,5.0,1.0541265558266355
201703,12,서울,9.76774193548387,10.3,0.4,14.9,3.518369612644867,35.483870967741936,34.0,20.0,55.0,10.356546939792674,2.7903225806451615,2.3,1.1,6.2,1.2223896920130604
201703,13,서울,10.751612903225807,11.4,0.4,16.5,3.7209202237924903,33.38709677419355,30.0,20.0,86.0,13.867654017785028,2.9709677419354836,3.0,1.1,5.9,1.0504581693677277
201703,14,서울,11.27741935483871,12.0,1.8,18.1,3.803832249843075,31.548387096774192,28.0,17.0,87.0,14.21463731434941,3.167741935483871,3.2,0.5,6.2,1.1467016748844472
201703,15,서울,11.506451612903225,12.2,2.2,18.8,3.956592429845912,30.548387096774192,26.0,15.0,89.0,15.500190772325825,3.764516129032258,3.7,1.1,7.6,1.2109358328986095
201703,16,서울,11.058064516129033,11.5,2.6,17.3,3.8094421458220884,32.70967741935484,30.0,17.0,85.0,15.520295418981982,3.8129032258064517,3.8,1.9,5.7,0.9397666148159236
201703,17,서울,10.183870967741935,10.7,2.2,17.4,3.6722469755535734,37.70967741935484,31.0,19.0,84.0,16.972906937012088,3.8193548387096774,3.7,2.3,6.2,0.9060608349107359
201703,18,서울,8.929032258064517,9.5,0.6,16.4,3.6146178726929623,39.87096774193548,35.0,21.0,86.0,17.300755157861115,3.454838709677419,3.6,1.7,5.1,0.8476786772031877
201703,19,서울,7.548387096774194,7.9,-0.6,14.7,3.414075860096642,44.193548387096776,38.0,24.0,89.0,17.300133631157706,2.9322580645161294,2.9,0.6,5.4,1.0300120053585762
201703,20,서울,6.648387096774194,6.7,-1.3,13.7,3.2257165578872478,48.03225806451613,45.0,25.0,91.0,17.36372439113173,2.770967741935484,2.9,0.8,5.1,1.0718188741222703
201703,21,서울,5.958064516129032,6.1,-1.8,12.5,3.1113527811921706,50.45161290322581,45.0,29.0,92.0,17.971901605334587,2.2903225806451615,2.2,0.7,4.7,0.9997849231075243
201703,22,서울,5.348387096774194,5.7,-2.7,11.5,3.1872528367171142,51.96774193548387,48.0,30.0,92.0,18.153941483816936,2.135483870967742,2.0,0.6,4.9,0.9904707254959715
201703,23,서울,4.838709677419355,5.7,-3.1,10.8,3.176127350443706,54.12903225806452,51.0,32.0,92.0,17.32193587234381,1.9387096774193548,1.9,0.6,4.6,0.9604434459681768
201704,0,서울,11.526666666666667,11.5,4.9,17.9,2.8369402329018976,60.266666666666666,62.0,23.0,99.0,18.948083941588166,1.903448275862069,1.7,0.2,4.3,0.9663934272115243
201704,1,서울,11.166666666666666,11.25,4.9,17.4,2.8272483678186697,61.53333333333333,65.0,22.0,98.0,18.922224359536692,1.6586206896551725,1.6,0.3,3.5,0.916716672766498
201704,2,서울,10.833333333333334,10.75,4.6,17.1,2.7743074107235133,62.833333333333336,65.0,20.0,98.0,18.42240639740814,1.7482758620689656,1.6,0.0,3.9,1.0574972778266796
201704,3,서울,10.466666666666667,10.45,4.2,16.4,2.754849433689408,64.23333333333333,66.0,14.0,98.0,19.563659719213973,1.4766666666666666,1.45,0.0,4.2,0.9894907548951575
201704,4,서울,10.133333333333333,10.05,4.0,16.2,2.7967139995720505,65.6,69.5,10.0,98.0,19.888655577732127,1.3233333333333335,1.0,0.1,3.8,0.9518342848138673
201704,5,서울,9.78,9.850000000000001,3.3,16.0,2.760984332218968,67.56666666666666,73.0,12.0,99.0,19.611191972307868,1.3533333333333333,1.2,0.1,3.6,0.9061983239329294
201704,6,서울,9.520000000000001,9.45,3.1,16.2,2.812092116017098,67.86666666666666,74.0,14.0,99.0,19.786329891486005,1.1433333333333333,1.0,0.2,2.9,0.7161599384713336
201704,7,서울,9.663333333333332,9.75,3.2,16.6,2.8136959781524493,65.46666666666667,69.5,17.0,99.0,19.586648044246758,1.7433333333333332,1.7999999999999998,0.1,5.3,1.1842889131816854
201704,8,서울,11.21,11.350000000000001,4.9,17.1,2.717548337291766,59.766666666666666,61.0,17.0,99.0,18.806974739457026,1.9133333333333333,1.85,0.3,4.2,1.0264546728435207
201704,9,서울,13.043333333333333,13.100000000000001,7.7,18.2,2.555950910614533,53.53333333333333,53.5,18.0,99.0,17.600417967868783,2.2333333333333334,2.0,0.3,7.3,1.3618783512774408
201704,10,서울,14.853333333333332,14.95,9.3,20.3,2.774232833792426,47.3,45.0,13.0,99.0,18.253294459376082,2.6,2.4,0.9,5.5,1.105160309794388
201704,11,서울,16.48,17.05,9.9,22.3,2.9449430648439376,41.766666666666666,42.0,14.0,91.0,16.568943389892766,3.006896551724138,2.8,1.2,7.7,1.3700706536741505
201704,12,서울,17.673333333333336,18.2,10.3,24.5,3.130928399640938,38.2,36.0,12.0,89.0,17.020069289538444,3.396551724137931,3.2,1.3,7.5,1.4681092696343165
201704,13,서울,18.21333333333333,18.85,11.2,26.3,3.4927247868650637,37.3,31.5,12.0,81.0,19.88267310135064,3.703333333333333,3.5,1.7,6.7,1.1885903947267882
201704,14,서울,18.746666666666666,19.45,12.0,27.4,3.834483585545268,37.9,32.0,12.0,89.0,21.956618670648627,3.83,3.9,1.3,6.0,1.0869603298284114
201704,15,서울,18.903333333333332,19.549999999999997,11.6,27.2,3.963582786538857,37.43333333333333,31.5,11.0,92.0,22.224067931013412,3.8699999999999997,3.8,1.1,5.9,1.0629010399325305
201704,16,서울,18.446666666666665,19.55,9.5,26.6,4.1812993635730145,40.833333333333336,35.0,11.0,91.0,23.387416795529514,3.8133333333333335,4.0,1.4,5.8,1.0601669788238575
201704,17,서울,17.743333333333332,18.1,10.6,25.6,3.7987006247902206,42.166666666666664,38.0,11.0,91.0,22.137631143455213,3.6366666666666663,3.75,0.9,5.4,1.0675409491728736
201704,18,서울,16.62333333333333,16.75,10.6,22.5,3.4137332515361645,44.3,40.0,12.0,92.0,21.828721983851366,3.5300000000000002,3.7,0.8,5.2,1.0983216035513397
201704,19,서울,15.203333333333335,15.25,10.2,21.5,3.1087732732329996,47.46666666666667,43.5,13.0,94.0,21.68224020321436,3.189655172413793,3.3,1.0,4.9,0.922475252314665
201704,20,서울,14.106666666666666,13.75,9.2,20.4,2.8864646474397597,50.2,48.0,14.0,94.0,20.999835795745543,2.9066666666666667,3.0,0.1,6.0,1.2139798706884648
201704,21,서울,13.373333333333333,13.05,8.4,19.9,2.7386043932975253,53.1,54.0,20.0,95.0,20.22519766750513,2.52,2.5,0.8,5.1,0.8802037381706893
201704,22,서울,12.733333333333333,12.45,7.3,19.2,2.654642431059523,55.93333333333333,57.5,22.0,98.0,19.424359632338895,2.3,2.1,0.4,4.6,0.8654279387917745
201704,23,서울,12.173333333333334,11.95,5.9,18.5,2.646394207001401,58.86666666666667,57.5,23.0,98.0,19.297549126737586,2.0517241379310347,2.0,0.5,3.8,0.9865599285450619
201705,0,서울,16.700000000000003,17.3,12.4,20.0,2.269654893003192,60.645161290322584,61.0,31.0,91.0,16.082181417325973,1.7741935483870968,1.6,0.6,5.4,0.9479689664173205
201705,1,서울,16.24516129032258,17.1,12.3,19.8,2.270805834893187,61.903225806451616,64.0,33.0,91.0,16.12731603772448,1.6096774193548387,1.4,0.1,4.9,1.1347113696764999
201705,2,서울,15.8,16.3,11.9,19.4,2.2461819457322094,63.41935483870968,64.0,25.0,91.0,16.355986047007146,1.5,1.3,0.5,3.2,0.8049844718999242
201705,3,서울,15.45483870967742,15.9,11.5,18.9,2.2486794213015218,64.90322580645162,65.0,22.0,91.0,15.992404110930657,1.3451612903225805,1.3,0.1,2.8,0.8519932353711966
201705,4,서울,15.13225806451613,15.4,11.5,19.0,2.2787989668206357,66.38709677419355,68.0,21.0,91.0,15.90110566251047,1.270967741935484,1.0,0.2,2.5,0.6644263432400899
201705,5,서울,14.890322580645162,14.9,11.0,19.4,2.334859715801598,67.25806451612904,69.0,25.0,93.0,15.414209336270401,1.3096774193548388,1.1,0.1,3.9,0.8630777634758362
201705,6,서울,14.77741935483871,14.8,10.1,19.5,2.4282654546567937,68.0,67.0,29.0,94.0,14.445299120013633,1.3774193548387097,1.3,0.1,3.3,0.7675544182312004
201705,7,서울,15.441935483870967,15.5,10.6,19.5,2.330918873684565,62.67741935483871,64.0,22.0,94.0,13.86455215474387,1.525806451612903,1.4,0.3,3.3,0.7589324703975023
201705,8,서울,17.325806451612905,17.4,13.4,21.3,2.209972509924875,55.903225806451616,57.0,21.0,94.0,13.998463817409101,1.7483870967741937,1.5,0.3,4.8,1.0935785195835843
201705,9,서울,19.338709677419356,19.8,15.4,23.3,2.376787386277933,49.774193548387096,48.0,19.0,84.0,13.980247201961664,2.0161290322580645,1.8,0.3,5.0,1.0497926062461254
201705,10,서울,21.083870967741937,22.0,16.8,24.4,2.6066705167311994,45.25806451612903,42.0,16.0,74.0,12.635842517578013,2.3741935483870966,2.3,0.2,5.3,1.089638393209871
201705,11,서울,22.338709677419356,23.1,17.4,26.1,2.8114856593806836,42.516129032258064,39.0,18.0,74.0,13.058511828795645,2.541935483870968,2.5,1.5,5.3,0.9387133724939282
201705,12,서울,23.38064516129032,24.0,17.9,27.3,2.8582534707799803,40.354838709677416,38.0,18.0,70.0,12.109358328986097,3.2096774193548385,3.4,1.7,6.0,0.9863585685775997
201705,13,서울,24.15806451612903,24.6,18.8,28.4,3.0553531376420175,37.83870967741935,36.0,16.0,71.0,13.223960007485275,3.3483870967741933,3.4,1.2,6.0,1.3749838708731423
201705,14,서울,24.64516129032258,25.8,18.7,29.6,3.1260026348546583,36.903225806451616,34.0,20.0,75.0,13.419773566668148,3.7096774193548385,3.6,1.7,6.4,1.0609287876540625
201705,15,서울,24.716129032258067,26.1,18.4,30.0,3.545240638207186,36.74193548387097,34.0,14.0,77.0,15.440137611509995,3.7709677419354835,3.7,1.3,8.0,1.368744813904841
201705,16,서울,24.322580645161292,25.1,16.3,29.8,3.693932834384816,38.645161290322584,37.0,12.0,88.0,16.104964839238807,3.803225806451613,3.5,0.9,7.1,1.306773092001245
201705,17,서울,23.68064516129032,24.6,15.2,29.5,3.685052632354903,40.41935483870968,35.0,7.0,84.0,17.231316826345353,4.051612903225807,3.9,1.9,7.4,1.2735438659483322
201705,18,서울,22.687096774193545,23.5,14.8,28.7,3.5317362996580837,42.87096774193548,40.0,8.0,88.0,17.647930823912226,3.6580645161290324,3.7,0.7,7.0,1.2186807603711993
201705,19,서울,21.083870967741937,21.8,15.0,27.7,3.1332727058879435,47.67741935483871,46.0,9.0,89.0,18.148254455592863,3.361290322580645,3.2,1.5,5.3,1.009844020746055
201705,20,서울,19.55806451612903,19.9,14.2,25.6,2.758474722686239,52.096774193548384,52.0,11.0,91.0,17.8929312648127,2.6548387096774193,2.9,0.2,4.6,0.95806705042929
201705,21,서울,18.66774193548387,18.8,13.6,23.4,2.548906575608999,54.774193548387096,54.0,29.0,92.0,16.764465748360635,2.47741935483871,2.6,0.3,4.6,0.9824152813073687
201705,22,서울,18.016129032258064,18.2,13.1,22.2,2.4678056074433887,56.83870967741935,57.0,29.0,92.0,16.605414326244215,2.0935483870967744,2.2,0.3,3.7,0.7505266967807641
201705,23,서울,17.43548387096774,17.9,12.8,21.5,2.396184242651467,59.29032258064516,61.0,31.0,87.0,16.258728011721573,1.8709677419354838,1.8,0.3,4.5,0.9277907624700361
201706,0,서울,20.986666666666668,21.299999999999997,15.1,24.7,2.3330804460661216,65.0,70.0,31.0,98.0,17.636169730375716,1.84,1.75,0.4,3.6,0.8079774663979784
201706,1,서울,20.6,21.05,15.3,24.1,2.3277930942536864,67.26666666666667,72.0,32.0,100.0,17.254551290308452,1.8233333333333335,1.75,0.1,3.8,0.9514719389318388
201706,2,서울,20.203333333333333,20.65,15.5,24.3,2.3759547385293813,68.7,70.5,41.0,100.0,15.82697391949187,1.6366666666666667,1.6,0.2,3.4,0.8409696100677309
201706,3,서울,19.853333333333335,20.25,15.5,24.1,2.406848466403706,69.6,73.0,42.0,100.0,15.176206422532292,1.5433333333333332,1.65,0.0,3.1,0.7591662092936786
201706,4,서울,19.516666666666666,20.05,15.3,23.3,2.3869015167314127,71.03333333333333,75.0,44.0,100.0,15.275590926734052,1.6033333333333333,1.65,0.1,3.2,0.7941524796407426
201706,5,서울,19.243333333333332,19.8,15.2,22.8,2.403400368921778,72.33333333333333,76.5,45.0,100.0,15.457022359752385,1.3966666666666667,1.4,0.4,3.4,0.6567859743416831
201706,6,서울,19.19,19.7,14.9,22.5,2.405360393099056,71.9,76.5,45.0,100.0,15.191535755830936,1.4533333333333334,1.35,0.3,2.9,0.7780317045810751
201706,7,서울,19.846666666666668,20.200000000000003,16.3,23.6,2.2581245396969583,67.7,70.0,43.0,100.0,16.536584311448816,1.4466666666666665,1.3,0.3,3.9,0.7722485455421423
201706,8,서울,21.266666666666666,21.549999999999997,17.0,25.3,2.3817312355009594,62.36666666666667,67.5,35.0,100.0,16.914558783798494,1.6466666666666667,1.4,0.3,4.3,0.8681066728244283
201706,9,서울,22.683333333333334,23.4,17.5,26.9,2.6138996278296185,57.1,57.5,30.0,100.0,17.129023564577817,1.9200000000000002,1.85,0.3,4.3,0.9252772184780531
201706,10,서울,24.11,24.700000000000003,18.4,28.5,2.6193379000203025,52.36666666666667,54.5,27.0,100.0,17.012132249608246,2.1866666666666665,2.1500000000000004,0.3,4.3,0.9449441995323773
201706,11,서울,25.43,26.1,18.9,30.1,2.751946019919673,47.03333333333333,45.0,23.0,98.0,16.480884085202618,2.6366666666666663,2.4,0.9,5.0,0.8699914122974228
201706,12,서울,26.63,27.35,19.0,31.6,2.7900253366789243,42.766666666666666,41.5,23.0,95.0,14.882721602544695,2.8366666666666664,3.1,1.2,4.7,0.8996103882096472
201706,13,서울,27.473333333333336,28.1,18.9,32.7,2.922201972454348,40.56666666666667,42.5,18.0,95.0,15.041742684559715,2.9033333333333333,2.8,1.3,4.5,0.8294091512817333
201706,14,서울,28.040000000000003,28.35,19.1,33.8,2.987514247549348,38.9,38.0,19.0,92.0,14.884266166336342,3.14,3.4,1.4,5.7,1.0627225933162556
201706,15,서울,28.16,28.799999999999997,18.1,33.0,3.12427646796436,39.46666666666667,38.5,18.0,92.0,15.203750293546188,3.4233333333333333,3.4,1.6,5.2,0.9729738747363879
201706,16,서울,27.720000000000002,28.700000000000003,18.4,32.9,3.195406185394147,42.36666666666667,41.0,18.0,88.0,15.280105012577707,3.5733333333333333,3.4,1.5,5.4,0.9620141705649746
201706,17,서울,26.92,27.75,18.8,31.2,3.2191667373341515,45.36666666666667,42.0,16.0,81.0,17.889475490727317,3.5366666666666666,3.6,0.9,5.9,1.1651500815962201
201706,18,서울,26.023333333333333,26.95,17.4,29.6,3.083625646286654,47.166666666666664,45.5,18.0,89.0,18.493397392757142,3.57,3.9,0.3,5.3,1.2830862577502675
201706,19,서울,24.803333333333335,25.25,16.6,28.1,2.8585604447154784,50.56666666666667,50.5,20.0,87.0,17.934138767538663,3.4066666666666667,3.4,1.1,5.4,0.8901504457629364
201706,20,서울,23.42,23.7,15.4,26.8,2.747337268877906,54.666666666666664,56.0,22.0,88.0,18.573866203543258,3.0566666666666666,3.1,1.3,4.3,0.7323478226453148
201706,21,서울,22.523333333333333,22.8,14.6,25.9,2.6254304518442804,59.7,61.5,26.0,93.0,17.915799230538546,2.6866666666666665,2.9,1.1,4.0,0.7907802054511315
201706,22,서울,21.926666666666666,22.05,14.6,25.6,2.5032300972024593,61.9,63.5,26.0,94.0,16.88572137064024,2.3366666666666664,2.25,0.7,3.9,0.9672154605497356
201706,23,서울,21.476666666666667,21.7,14.8,25.1,2.4081303855943923,63.06666666666667,66.0,26.0,97.0,16.32627105118562,1.9633333333333334,1.7999999999999998,0.1,4.3,0.9448529655119793
201707,0,서울,25.770967741935483,25.8,22.0,29.5,1.7278490575253957,81.7741935483871,83.0,59.0,100.0,9.621883659725384,1.474193548387097,1.4,0.0,3.3,0.8504774117852804
201707,1,서울,25.509677419354837,25.6,22.0,29.2,1.612938279188984,83.16129032258064,83.0,59.0,100.0,9.626687814589706,1.6,1.5,0.0,3.2,0.7357535819371411
201707,2,서울,25.322580645161292,25.3,22.1,28.9,1.5493460292263845,83.25806451612904,83.0,59.0,100.0,9.553246365975928,1.6129032258064515,1.6,0.0,3.9,0.8325630848906169
201707,3,서울,25.18064516129032,25.1,22.6,28.7,1.414076696373222,84.3225806451613,85.0,60.0,99.0,9.177461874157412,1.5032258064516129,1.4,0.1,5.0,1.0625390568406545
201707,4,서울,24.96451612903226,24.9,22.3,28.5,1.3905750338371492,85.3225806451613,85.0,57.0,99.0,8.844535400551738,1.8129032258064517,1.7,0.2,6.0,1.1828614839965754
201707,5,서울,24.809677419354838,24.7,22.3,28.3,1.3862070164564597,86.06451612903226,85.0,67.0,100.0,8.176941090126412,1.474193548387097,1.3,0.0,5.6,1.1549798676269887
201707,6,서울,24.738709677419354,24.6,22.4,27.9,1.344043010064495,86.25806451612904,86.0,68.0,100.0,8.082770737544086,1.5258064516129033,1.4,0.0,4.0,0.8906805420334438
201707,7,서울,24.932258064516127,24.9,22.5,27.7,1.2592026833871761,84.58064516129032,85.0,60.0,100.0,9.305103236211789,1.6516129032258065,1.5,0.1,3.7,0.9936031963656098
201707,8,서울,25.425806451612903,25.3,22.8,27.8,1.3071515448831188,82.29032258064517,82.0,51.0,98.0,10.997555935713162,1.6161290322580646,1.4,0.6,3.2,0.7554675259703088
201707,9,서울,26.016129032258064,26.0,23.3,29.0,1.5176949131700892,79.87096774193549,79.0,49.0,99.0,12.433132980022561,1.9451612903225806,2.0,0.2,3.8,0.9258648964355506
201707,10,서울,26.816129032258065,26.9,23.6,29.9,1.7173811019870822,75.90322580645162,75.0,46.0,99.0,13.080149944883855,1.9709677419354839,1.8,0.5,3.9,0.8319429260821107
201707,11,서울,27.66774193548387,27.8,24.5,31.5,2.006221506011436,71.93548387096774,71.0,48.0,100.0,13.783892734809392,2.074193548387097,1.9,0.7,4.4,0.8433930447644143
201707,12,서울,28.451612903225808,28.3,24.8,32.3,2.2104103642750643,69.87096774193549,68.0,45.0,100.0,14.775524661827005,2.0516129032258066,2.2,0.1,3.8,0.828199238405001
201707,13,서울,29.05483870967742,28.8,24.8,33.0,2.354830313727852,68.29032258064517,67.0,47.0,100.0,15.260392193271873,2.332258064516129,2.2,0.0,4.0,0.9676042912865409
201707,14,서울,29.451612903225808,29.6,24.3,33.9,2.6935566286655193,67.16129032258064,65.0,46.0,100.0,16.22980134237333,2.6548387096774193,2.5,0.6,5.8,1.0726411980643602
201707,15,서울,29.73548387096774,30.0,24.3,34.9,2.896382615965045,65.96774193548387,62.0,40.0,99.0,16.628256815769436,2.7129032258064516,2.7,0.8,4.8,0.986827217393829
201707,16,서울,29.690322580645162,29.7,24.5,34.9,2.8942880343542954,66.38709677419355,64.0,43.0,97.0,15.99724438636196,2.7903225806451615,2.8,1.0,5.3,0.9235275988331108
201707,17,서울,29.241935483870968,29.1,23.8,34.2,2.7012064210334352,68.54838709677419,67.0,42.0,99.0,14.347679741982487,2.838709677419355,2.7,1.1,4.5,0.9436374372094537
201707,18,서울,28.638709677419353,28.4,23.8,34.0,2.4716630594743068,70.35483870967742,69.0,42.0,96.0,13.20996691163349,2.8677419354838714,2.8,1.2,5.1,0.9159283439127734
201707,19,서울,27.983870967741936,27.9,24.0,32.7,2.26069263341917,73.45161290322581,71.0,47.0,96.0,12.667119403340864,2.2225806451612904,2.2,0.1,3.7,0.8200445831048273
201707,20,서울,27.296774193548387,27.4,23.7,30.9,1.9872063927312216,76.2258064516129,74.0,50.0,99.0,11.125675042948647,2.103225806451613,2.2,0.1,4.2,0.911220379845162
201707,21,서울,26.758064516129032,26.6,22.5,30.1,1.928518290216333,78.45161290322581,80.0,52.0,100.0,10.710862740468729,1.9225806451612903,1.9,0.3,3.5,0.8305458756823149
201707,22,서울,26.43548387096774,26.5,22.5,29.8,1.8285783890036498,78.7741935483871,81.0,54.0,99.0,10.197090033989614,1.8129032258064517,1.7,0.1,4.0,0.8958206425707737
201707,23,서울,26.106451612903225,25.9,22.5,29.7,1.7304980947443935,80.80645161290323,82.0,57.0,100.0,9.617412523954346,1.6516129032258065,1.6,0.2,4.2,1.0012894911868846
201708,0,서울,24.73548387096774,24.9,17.1,30.2,3.142880673002268,77.45161290322581,78.0,36.0,99.0,12.706530367432906,2.009677419354839,2.0,0.4,4.6,1.1004104805964234
201708,1,서울,24.406451612903226,24.3,17.0,29.9,3.133574687570194,78.25806451612904,81.0,39.0,99.0,12.651660607565802,1.7516129032258063,1.5,0.0,4.7,1.1439320981427572
201708,2,서울,24.174193548387095,24.2,17.4,29.6,3.083825302221846,78.03225806451613,82.0,34.0,97.0,12.6635536638753,1.8774193548387097,1.8,0.0,4.9,1.2087761517114064
201708,3,서울,23.903225806451612,24.2,17.1,29.2,3.0708830294632135,79.51612903225806,84.0,39.0,98.0,11.871172275002824,2.02258064516129,2.0,0.1,4.1,1.14679544163126
201708,4,서울,23.68064516129032,24.0,16.6,29.0,3.122437013492156,80.58064516129032,85.0,43.0,97.0,11.092863151739762,1.7129032258064516,1.3,0.3,4.0,1.0585341863425641
201708,5,서울,23.44516129032258,23.9,16.3,28.9,3.1790814931022062,81.16129032258064,84.0,45.0,98.0,11.045653064119985,1.9096774193548387,1.7,0.4,4.2,1.026110727848828
201708,6,서울,23.248387096774195,23.7,16.1,28.7,3.1917467493251976,81.38709677419355,85.0,45.0,98.0,11.176396018260501,1.9387096774193548,1.8,0.4,4.5,0.9958840024001586
201708,7,서울,23.35483870967742,23.7,16.2,28.8,3.2357213219185392,79.80645161290323,83.0,46.0,98.0,12.386603932848073,2.061290322580645,1.9,0.2,5.0,1.1609414051693387
201708,8,서울,24.125806451612902,24.4,16.7,30.0,3.1848566416648967,75.06451612903226,75.0,45.0,99.0,13.584146357355861,2.261290322580645,1.8,0.3,5.3,1.264826053746743
201708,9,서울,25.216129032258067,25.5,17.3,31.6,3.2817776457476566,71.96774193548387,71.0,44.0,99.0,12.9292533194245,2.2129032258064516,1.9,0.4,4.8,1.178909647508768
201708,10,서울,26.080645161290324,25.9,18.4,31.9,3.3290057930097503,68.70967741935483,66.0,32.0,99.0,14.651947648434769,2.3193548387096774,2.4,0.4,5.2,1.1925936314992098
201708,11,서울,26.838709677419356,26.9,19.1,33.2,3.3775412575180415,66.38709677419355,64.0,30.0,99.0,15.529922556911087,2.225806451612903,2.0,0.2,5.7,1.4567012372561698
201708,12,서울,27.62258064516129,27.8,20.1,33.8,3.4244911716846693,63.29032258064516,61.0,36.0,99.0,16.190930688479266,2.193548387096774,1.8,0.7,5.2,0.9695137901274598
201708,13,서울,28.125806451612902,28.1,21.3,34.5,3.4561025970434307,61.03225806451613,58.0,29.0,99.0,16.82950557991874,2.5677419354838706,2.4,0.7,7.4,1.2838450313476812
201708,14,서울,28.52258064516129,28.7,21.6,34.3,3.4842225031723926,60.58064516129032,58.0,26.0,99.0,18.18016170362333,2.648387096774193,2.5,0.9,5.8,1.182334123035711
201708,15,서울,28.75483870967742,28.8,21.5,34.5,3.5330665348652777,60.16129032258065,58.0,29.0,98.0,17.54631352391635,2.767741935483871,2.6,1.0,4.5,1.028716707610083
201708,16,서울,28.89032258064516,28.9,22.4,34.6,3.560744757183031,58.67741935483871,55.0,26.0,97.0,18.26542653352538,2.829032258064516,3.0,0.6,5.4,1.099452454144667
201708,17,서울,28.729032258064517,29.0,22.1,35.0,3.6739799988919466,60.03225806451613,56.0,33.0,97.0,16.785874758196236,2.9806451612903224,3.0,0.3,5.6,1.1819248015669777
201708,18,서울,28.141935483870967,28.4,19.7,34.3,3.759146551505926,61.935483870967744,60.0,34.0,94.0,16.443713051641687,2.8225806451612905,2.8,0.7,5.9,1.1241914657267702
201708,19,서울,27.125806451612902,27.4,18.7,33.3,3.640143563280208,66.45161290322581,64.0,39.0,93.0,13.91842593992443,2.806451612903226,2.5,0.8,5.5,1.2290743085403657
201708,20,서울,26.29032258064516,26.9,18.5,32.3,3.4224119018327492,70.3225806451613,69.0,38.0,92.0,12.544287137376372,2.42258064516129,2.4,0.4,5.1,1.115858317595131
201708,21,서울,25.80322580645161,26.3,18.7,31.6,3.2509981924497944,71.61290322580645,72.0,38.0,92.0,12.249292277120444,2.0806451612903225,2.0,0.7,4.5,0.9994729794042156
201708,22,서울,25.358064516129033,25.7,17.9,31.2,3.215770948885961,74.29032258064517,75.0,40.0,97.0,11.944855373443128,2.0064516129032257,1.9,0.4,4.8,1.0770129940011457
201708,23,서울,24.94193548387097,25.2,17.3,30.8,3.2758484085346393,75.61290322580645,75.0,40.0,99.0,12.026851678237433,1.967741935483871,1.6,0.1,4.6,1.299586369266312
201709,0,서울,20.173333333333336,20.35,14.3,24.3,2.06279578164723,69.03333333333333,70.0,47.0,88.0,11.853948369805858,1.3566666666666667,1.15,0.1,3.8,1.0023019482183495
201709,1,서울,19.676666666666666,19.65,13.9,24.1,2.0503462000915573,69.53333333333333,70.0,48.0,89.0,10.915769463876822,1.3533333333333333,1.2999999999999998,0.0,3.3,0.9317145238875416
201709,2,서울,19.23,19.299999999999997,13.8,23.8,2.032689741747839,71.53333333333333,73.5,48.0,92.0,11.23336573548313,1.48,1.45,0.0,3.6,0.8293745046512565
201709,3,서울,18.853333333333335,18.8,13.1,23.2,2.023437384891046,72.2,75.0,45.0,93.0,11.550190325346337,1.43,1.4,0.0,3.6,0.9348243427105105
201709,4,서울,18.496666666666666,18.7,12.3,22.8,2.101146375661158,73.8,75.0,51.0,93.0,10.707393513926206,1.4866666666666668,1.35,0.2,3.3,0.8593234441170541
201709,5,서울,18.14,18.549999999999997,11.7,22.3,2.212908836179514,73.86666666666666,76.0,52.0,93.0,10.32817817273773,1.5933333333333333,1.5,0.0,3.9,0.8650028237280335
201709,6,서울,17.85,18.4,11.4,21.6,2.272284282846,74.23333333333333,77.0,55.0,92.0,10.384615057143783,1.5566666666666669,1.55,0.1,2.9,0.7632432311426401
201709,7,서울,17.84333333333333,18.3,11.3,20.9,2.3049696435031977,73.0,74.5,54.0,90.0,11.088981794618444,1.5966666666666667,1.7000000000000002,0.2,3.5,0.7599833633992775
201709,8,서울,19.163333333333334,19.55,13.4,21.3,1.8903536128484528,66.26666666666667,64.0,35.0,91.0,12.233175168885781,1.54,1.45,0.0,3.4,0.8826293008724675
201709,9,서울,21.0,21.25,16.7,23.7,1.7602899447690918,61.233333333333334,61.0,27.0,91.0,12.618222546376536,2.0,1.9500000000000002,0.5,4.1,0.9384506674154022
201709,10,서울,22.813333333333333,23.25,18.7,25.4,1.8288367007912214,56.266666666666666,55.5,28.0,89.0,12.350996981490262,2.0733333333333333,2.1,0.3,5.6,1.078930931071581
201709,11,서울,24.209999999999997,24.35,20.4,27.7,1.8540449721138625,52.93333333333333,50.5,27.0,81.0,12.958643323342502,2.2333333333333334,2.1500000000000004,0.3,4.8,0.9806167423628349
201709,12,서울,25.2,25.299999999999997,21.7,28.7,1.9436900561773625,49.5,47.0,21.0,74.0,13.85080602658946,2.393333333333333,2.2,1.0,4.5,0.9533727184212295
201709,13,서울,25.970000000000002,26.25,22.2,29.3,2.045710398488203,47.166666666666664,42.5,25.0,72.0,13.26671576263081,2.4166666666666665,2.3499999999999996,1.0,4.6,0.8473420240653277
201709,14,서울,26.61,26.8,22.9,30.7,2.181797740238619,45.53333333333333,41.5,27.0,75.0,13.482385272780114,2.5833333333333335,2.3499999999999996,1.0,5.7,1.026908092228831
201709,15,서울,26.93,27.1,22.4,31.1,2.210344020657231,45.666666666666664,40.5,27.0,76.0,13.391539617733779,2.6866666666666665,2.5,1.3,5.3,1.0601669788238577
201709,16,서울,26.63,26.85,21.3,30.4,2.345523983808456,45.666666666666664,42.0,29.0,75.0,12.93040611500082,2.5900000000000003,2.4,1.1,4.8,1.030684406027173
201709,17,서울,26.048275862068966,26.4,20.4,29.0,2.2801348158223282,47.0,42.0,31.0,79.0,13.106704936242146,2.6655172413793102,2.6,0.2,6.0,1.3215996427676375
201709,18,서울,24.993333333333332,24.95,19.5,27.9,2.1907223392790085,50.266666666666666,47.0,30.0,80.0,13.503341434069476,2.7551724137931037,3.0,0.8,4.8,1.0012799690169976
201709,19,서울,23.523333333333333,23.700000000000003,18.4,26.4,1.9634036831452932,57.56666666666667,60.0,31.0,86.0,13.127185094518442,2.424137931034483,2.4,0.7,4.6,1.0466460625710903
201709,20,서울,22.65,22.8,17.9,25.9,1.9116250534107329,61.3,64.5,32.0,86.0,13.411652164931187,2.23,1.95,0.3,6.2,1.3057300771915912
201709,21,서울,21.866666666666667,21.9,16.6,25.5,1.9633422125748121,64.4,65.5,36.0,88.0,14.148473781465885,2.0466666666666664,1.8,0.3,6.0,1.148532296795179
201709,22,서울,21.186666666666667,21.2,15.7,25.0,1.9567272700086238,67.03333333333333,69.0,41.0,87.0,13.360991428558846,1.6733333333333333,1.4,0.2,4.6,1.068977382210756
201709,23,서울,20.6,20.55,14.7,24.6,2.02348282884256,67.56666666666666,69.5,43.0,86.0,12.746015830063522,1.3,1.05,0.3,3.5,0.8300394672793454
201710,0,서울,14.758064516129032,14.6,6.2,21.7,3.733610780781198,63.354838709677416,62.0,28.0,92.0,16.537932936327067,1.8225806451612903,1.3,0.3,5.2,1.3509773443497255
201710,1,서울,14.280645161290321,14.1,5.5,21.5,3.8586197320491613,64.45161290322581,64.0,28.0,93.0,16.148970472195053,1.6870967741935483,1.4,0.6,3.4,0.843698972969179
201710,2,서울,13.82258064516129,13.4,5.1,21.1,3.926975908373545,66.03225806451613,65.0,28.0,93.0,14.94765058678173,1.5129032258064516,1.3,0.1,3.7,0.8127082032660393
201710,3,서울,13.399999999999999,12.8,4.9,20.8,3.9996666527766185,67.09677419354838,67.0,27.0,93.0,14.119383458469848,1.7064516129032257,1.7,0.3,4.1,0.9546152746424315
201710,4,서울,13.003225806451614,12.3,4.5,20.4,3.973536113754578,68.87096774193549,68.0,28.0,92.0,13.522184082669172,1.432258064516129,1.3,0.1,3.5,0.8912115711300707
201710,5,서울,12.667741935483871,11.9,4.1,20.3,4.03719267947206,68.58064516129032,69.0,29.0,92.0,13.308579171718232,1.461290322580645,1.3,0.0,2.9,0.7981968927337993
201710,6,서울,12.403225806451612,11.5,3.3,20.3,4.198133225690338,69.3225806451613,71.0,31.0,92.0,13.63668360654254,1.425806451612903,1.4,0.3,2.8,0.7145944033438285
201710,7,서울,12.193548387096774,11.2,2.9,20.0,4.1988042332606215,70.0,72.0,33.0,92.0,13.183322798141594,1.3741935483870968,1.2,0.4,3.2,0.703310145874722
201710,8,서울,12.851612903225806,11.9,2.7,20.5,4.202290721954866,64.2258064516129,68.0,30.0,92.0,13.215419472266365,1.603225806451613,1.6,0.2,3.3,0.7717874798015932
201710,9,서울,15.13225806451613,15.2,5.4,22.6,3.8767157145169673,57.87096774193548,58.0,26.0,92.0,13.308498376310455,1.9161290322580644,1.8,0.4,5.5,1.0798446722232935
201710,10,서울,17.24516129032258,17.6,7.4,24.6,3.868060557064522,52.54838709677419,51.0,25.0,91.0,12.961066596226868,1.9870967741935484,2.1,0.5,4.7,0.9660027382583244
201710,11,서울,18.919354838709676,19.4,9.6,25.6,3.765759715722596,47.83870967741935,48.0,21.0,86.0,12.728175502125323,1.867741935483871,1.8,0.6,3.7,0.7913646849058461
201710,12,서울,20.12258064516129,20.9,10.5,26.4,3.7763924299450435,44.16129032258065,40.0,23.0,79.0,11.584750822218977,2.2516129032258063,2.0,0.7,4.4,0.8898954873998539
201710,13,서울,20.84193548387097,21.8,11.4,27.6,3.9425688912643757,41.67741935483871,38.0,18.0,74.0,12.765545024986052,2.466666666666667,2.0,0.9,6.0,1.2658194383776513
201710,14,서울,21.16774193548387,21.3,12.0,28.3,4.061476504653138,41.32258064516129,38.0,18.0,73.0,13.034280690482289,2.52,2.3499999999999996,0.9,6.9,1.3042106874433208
201710,15,서울,21.553333333333335,22.0,12.8,29.0,3.9983387354847966,40.333333333333336,35.5,17.0,77.0,13.894512271554113,2.5172413793103448,2.0,1.1,6.5,1.4575098542958322
201710,16,서울,21.116666666666667,21.45,12.5,28.9,3.8163968684442735,40.13333333333333,35.0,17.0,73.0,13.369376570545745,2.424137931034483,2.4,0.4,5.6,1.2379866063243266
201710,17,서울,20.113333333333333,20.15,11.8,27.7,3.8216022396582447,43.43333333333333,39.5,19.0,78.0,14.177892779893664,2.3620689655172415,2.4,0.7,5.9,1.029706543876683
201710,18,서울,18.383870967741935,18.9,10.0,25.8,3.804129052682409,48.61290322580645,48.0,22.0,79.0,12.611310847422743,2.44,2.25,0.8,5.5,1.1766697600167735
201710,19,서울,17.338709677419356,18.0,9.0,24.4,3.6541918777713183,52.903225806451616,53.0,25.0,79.0,13.389933628687084,2.2870967741935484,2.2,0.4,4.3,0.9043384084452275
201710,20,서울,16.603225806451615,17.0,8.3,23.0,3.640923314304375,56.25806451612903,59.0,27.0,78.0,13.762189123186962,2.0516129032258066,1.8,0.3,4.5,1.1147110141921492
201710,21,서울,16.0,16.1,7.5,22.1,3.6701498607005143,58.096774193548384,58.0,27.0,83.0,13.682969557591605,1.9129032258064516,1.6,0.4,4.8,1.2260347834880463
201710,22,서울,15.48709677419355,15.7,7.1,22.3,3.663217341398486,60.38709677419355,61.0,25.0,89.0,15.365930754659454,1.9548387096774194,1.9,0.2,6.6,1.3465607325522353
201710,23,서울,14.974193548387097,15.1,6.8,22.1,3.644719261427916,62.41935483870968,64.0,27.0,91.0,15.938996609047438,1.967741935483871,1.7,0.4,5.8,1.2424135373737126
201711,0,서울,4.503333333333333,3.8499999999999996,-4.8,16.6,5.576210759716817,62.06666666666667,60.0,32.0,92.0,16.97652198922308,1.5333333333333334,1.6,0.2,3.9,0.8817433097947588
201711,1,서울,4.216666666666667,3.3,-5.0,16.0,5.581625231944999,62.56666666666667,60.5,34.0,91.0,16.60220868840448,1.5366666666666666,1.4,0.5,3.4,0.717026106067003
201711,2,서울,3.9166666666666665,3.25,-5.2,15.4,5.6178952576954275,62.233333333333334,61.5,33.0,92.0,17.05302750617722,1.8133333333333332,1.6,0.6,4.2,1.0474051132510134
201711,3,서울,3.683333333333333,3.2,-5.6,15.0,5.728217110442638,62.46666666666667,61.5,29.0,96.0,17.115698245668554,1.8433333333333333,1.75,0.7,4.0,0.8101440201182338
201711,4,서울,3.4233333333333333,3.25,-5.9,14.6,5.827087953943075,62.46666666666667,59.5,28.0,97.0,17.51990657614308,1.8266666666666667,1.65,0.4,5.1,1.1060751777571787
201711,5,서울,3.23,2.7,-6.3,14.6,5.928723186377455,63.03333333333333,61.5,33.0,97.0,17.183559370621623,1.8133333333333332,1.4,0.4,4.8,1.1361560520952407
201711,6,서울,3.07,2.7,-6.4,14.6,5.967275702558483,62.9,61.0,31.0,98.0,17.013888849792792,1.6733333333333333,1.3,0.5,3.6,0.901696995261916
201711,7,서울,2.9099999999999997,2.55,-6.6,14.6,5.943431610639163,63.9,64.0,31.0,98.0,16.969241951654563,1.5766666666666667,1.6,0.6,3.8,0.7841900426481491
201711,8,서울,2.9200000000000004,2.35,-6.1,14.4,5.879209423747028,62.93333333333333,65.0,30.0,98.0,17.686802664861364,1.9233333333333333,1.95,0.7,4.2,0.8795309617311253
201711,9,서울,3.8400000000000003,2.8,-4.6,15.1,5.754973860751328,57.13333333333333,55.5,31.0,98.0,18.496473724196328,1.9366666666666668,1.65,0.7,5.4,0.9873277530557029
201711,10,서울,5.406666666666666,4.3,-3.5,14.9,5.3665588623426554,52.0,50.5,28.0,97.0,18.215188811765742,2.02,1.8,0.7,4.4,0.9823967875944334
201711,11,서울,7.013333333333334,6.050000000000001,-1.5,16.2,5.316839437973972,48.2,45.5,20.0,81.0,17.503497187508085,2.2,2.05,0.5,4.4,1.1267897640703848
201711,12,서울,8.226666666666667,7.6,-1.1,17.5,5.390600589233419,43.3,38.5,15.0,73.0,16.62600787714942,2.5233333333333334,2.7,0.5,5.3,1.4163292363525954
201711,13,서울,9.256666666666666,9.05,0.2,17.8,5.30358911222055,40.166666666666664,37.5,15.0,75.0,15.01282976228214,2.7366666666666664,2.4,0.5,5.1,1.258483853370953
201711,14,서울,9.713333333333333,10.05,0.5,17.5,5.4473488226294355,38.766666666666666,35.5,17.0,76.0,15.160482508319369,2.98,3.0,1.2,5.7,1.12966275101664
201711,15,서울,9.713333333333333,9.8,0.8,18.3,5.3648108449691705,39.666666666666664,36.0,15.0,87.0,18.870398883515644,2.743333333333333,2.7,0.8,5.4,1.1497176065071995
201711,16,서울,9.26,9.2,0.6,18.0,5.255447092106535,40.93333333333333,36.0,15.0,91.0,20.0635771096976,2.6266666666666665,2.6,0.6,4.7,1.1422703748217418
201711,17,서울,8.136666666666667,7.949999999999999,-0.8,17.7,5.316044895722131,43.96666666666667,41.0,16.0,92.0,18.79927242417006,2.546666666666667,2.4,0.1,4.8,1.0788670089443395
201711,18,서울,7.1433333333333335,6.699999999999999,-1.8,17.3,5.294674183804295,47.36666666666667,47.0,18.0,91.0,18.000925902112186,2.44,2.4,0.7,4.5,1.059798289200876
201711,19,서울,6.493333333333333,6.35,-2.5,16.9,5.333882155669988,49.333333333333336,48.5,22.0,91.0,17.35498205988271,2.2724137931034485,2.1,0.6,4.3,1.0246590205401913
201711,20,서울,5.846666666666667,5.800000000000001,-3.1,16.5,5.402983424466288,51.9,50.5,20.0,91.0,17.07660226238189,1.9833333333333334,1.7,0.1,4.8,1.2003112623135643
201711,21,서울,5.29,5.4,-3.7,16.4,5.468048255469031,53.7,53.0,26.0,91.0,16.109859906495043,1.8333333333333333,1.7,0.5,5.3,1.02194315697692
201711,22,서울,4.816666666666666,5.050000000000001,-4.2,16.3,5.500287348815536,54.86666666666667,50.5,30.0,90.0,16.26023992131883,1.9933333333333334,1.7999999999999998,0.1,4.6,1.209426576389886
201711,23,서울,4.356666666666667,4.05,-4.7,16.5,5.587589902591298,58.6,57.5,33.0,91.0,16.746795884998214,1.8366666666666667,1.85,0.3,3.7,0.9774997427756371
201712,0,서울,-2.680645161290323,-2.5,-11.0,5.8,4.400562036440248,62.483870967741936,58.0,37.0,95.0,18.15465223708409,1.5233333333333334,1.35,0.5,3.4,0.8479928973894701
201712,1,서울,-2.9709677419354836,-3.0,-11.2,5.7,4.50260617482713,62.96774193548387,62.0,36.0,95.0,18.289311762097086,1.3866666666666667,1.1,0.4,4.3,1.01937551313616
201712,2,서울,-3.2774193548387096,-3.0,-11.5,5.6,4.599761564647987,63.67741935483871,65.0,34.0,95.0,18.733903484990687,1.3933333333333333,1.0,0.4,4.1,0.8792368686903251
201712,3,서울,-3.4612903225806453,-3.5,-11.6,5.4,4.635851408271181,62.96774193548387,64.0,32.0,91.0,18.096931362283023,1.4766666666666666,1.5,0.4,3.4,0.8015860714140793
201712,4,서울,-3.674193548387097,-3.8,-11.6,5.3,4.6718281747752295,63.064516129032256,65.0,32.0,92.0,19.068185517367173,1.6099999999999999,1.45,0.4,3.5,0.887207941259817
201712,5,서울,-3.916129032258065,-4.3,-11.6,5.1,4.655827658193084,64.03225806451613,67.0,28.0,92.0,18.719835951859086,1.5466666666666666,1.2,0.6,3.2,0.8265980690856302
201712,6,서울,-4.141935483870968,-4.8,-11.9,5.1,4.6256368349701065,65.12903225806451,69.0,24.0,93.0,19.417761517888493,1.6533333333333333,1.3,0.5,3.7,0.9870657782411021
201712,7,서울,-4.335483870967742,-5.0,-12.1,5.1,4.586687140489438,65.25806451612904,67.0,31.0,93.0,19.176318280517222,1.5,1.1,0.5,3.4,0.8737552722942901
201712,8,서울,-4.422580645161291,-4.9,-12.3,5.1,4.578624952058522,64.58064516129032,65.0,30.0,96.0,19.617635252578882,1.5366666666666666,1.2,0.5,3.6,0.9064836698353483
201712,9,서울,-4.02258064516129,-4.6,-11.8,5.2,4.465475687794031,59.67741935483871,52.0,27.0,94.0,20.99426444972403,1.6366666666666667,1.1,0.2,5.1,1.2383201450389132
201712,10,서울,-2.770967741935484,-3.4,-10.5,5.4,4.139822343079238,54.354838709677416,45.0,24.0,96.0,21.63723393766214,1.8433333333333333,1.4,0.3,4.5,1.2350298986561874
201712,11,서울,-1.4903225806451614,-2.1,-9.4,5.7,3.994108564599422,50.483870967741936,45.0,21.0,95.0,21.16895678069176,1.8366666666666667,1.35,0.7,4.9,1.140019156927163
201712,12,서울,-0.28064516129032263,-0.8,-8.3,7.0,3.9872646726662717,45.96774193548387,40.0,21.0,91.0,20.740433732153466,2.03,1.65,0.3,4.8,1.2657694947316052
201712,13,서울,0.5032258064516129,0.0,-6.9,7.7,4.104833238266629,42.774193548387096,36.0,15.0,90.0,20.71667553352348,2.316666666666667,1.85,0.3,5.4,1.3911254023478514
201712,14,서울,1.1806451612903226,0.5,-5.4,8.6,4.090266442408424,41.12903225806452,32.0,18.0,90.0,19.927772806619863,2.2733333333333334,2.1,0.6,4.5,1.2261330673505935
201712,15,서울,1.435483870967742,0.4,-5.8,8.6,4.144518338488142,40.225806451612904,33.0,16.0,90.0,18.604138746381775,2.6333333333333333,2.45,0.7,5.8,1.3504362853979968
201712,16,서울,1.1193548387096774,0.4,-6.0,8.2,3.9382245877077406,43.16129032258065,37.0,17.0,91.0,19.24767825685919,2.3800000000000003,2.45,0.6,4.7,1.127523988581878
201712,17,서울,0.2258064516129033,0.2,-7.1,7.7,4.040954321439057,47.70967741935484,44.0,20.0,86.0,19.10531086441167,2.14,2.0,0.6,5.3,1.1171392035015153
201712,18,서울,-0.6225806451612903,0.0,-7.9,6.6,4.006969734302083,52.12903225806452,43.0,23.0,90.0,20.65872202482343,1.9,1.6,0.4,4.3,1.061553838354013
201712,19,서울,-1.067741935483871,-0.4,-8.6,6.0,4.0525207872610345,53.61290322580645,48.0,27.0,92.0,19.252146926779947,1.7966666666666666,1.65,0.4,4.4,1.0565014918583175
201712,20,서울,-1.4258064516129034,-1.0,-9.3,5.9,4.22902413817778,55.903225806451616,51.0,32.0,94.0,18.787149577498763,1.7633333333333332,1.35,0.5,4.7,1.145450772082488
201712,21,서울,-1.7903225806451613,-1.6,-9.7,6.1,4.276162987126791,58.12903225806452,55.0,34.0,92.0,18.073446333380677,1.6633333333333333,1.2,0.5,4.5,1.0492964254707757
201712,22,서울,-2.074193548387097,-1.3,-10.2,6.1,4.281274556479295,59.32258064516129,54.0,36.0,92.0,18.118843040279355,1.6433333333333333,1.5,0.1,4.7,0.9905356730275947
201712,23,서울,-2.329032258064516,-1.4,-10.7,5.8,4.350570349458954,61.064516129032256,56.0,37.0,92.0,17.661512739798493,1.6133333333333333,1.3,0.4,4.3,0.955468230884672
201801,0,서울,-4.935483870967742,-4.3,-15.9,3.5,5.715099788402459,52.806451612903224,52.0,30.0,83.0,15.413023399793458,1.5612903225806452,1.2,0.4,4.6,1.106850613032261
201801,1,서울,-5.16774193548387,-4.8,-16.1,3.3,5.75745239359529,53.483870967741936,51.0,31.0,81.0,14.179494508484039,1.4387096774193548,1.2,0.2,5.0,1.088937530915598
201801,2,서울,-5.438709677419355,-5.3,-16.0,3.6,5.787035937873253,54.064516129032256,53.0,32.0,80.0,13.870677666384264,1.4806451612903226,1.2,0.3,3.9,0.882956909042455
201801,3,서울,-5.606451612903226,-5.5,-16.0,4.4,5.838774727850068,54.483870967741936,56.0,30.0,83.0,14.294220201983586,1.4709677419354839,1.3,0.2,3.4,0.944172847306783
201801,4,서울,-5.738709677419355,-5.1,-16.4,4.9,5.943830270084257,54.354838709677416,53.0,30.0,82.0,14.265455681696663,1.5774193548387097,1.4,0.4,4.4,0.9891780013119833
201801,5,서울,-5.993548387096775,-5.6,-16.9,5.0,5.991267839329222,54.32258064516129,51.0,29.0,83.0,14.745365592334865,1.4580645161290324,1.2,0.5,3.7,0.8409416125385428
201801,6,서울,-6.199999999999999,-5.6,-17.4,4.9,6.0462109346818735,55.12903225806452,52.0,29.0,83.0,15.079217343712662,1.5,1.1,0.4,3.7,0.9334523733610266
201801,7,서울,-6.435483870967742,-5.9,-17.5,4.4,6.054725338504727,56.25806451612903,56.0,30.0,87.0,15.80288526806731,1.5096774193548386,1.1,0.3,4.5,0.9686261193772263
201801,8,서울,-6.561290322580645,-6.0,-17.8,4.1,6.098725408878746,56.806451612903224,55.0,30.0,86.0,15.621394207600272,1.332258064516129,1.0,0.4,4.0,0.8986608914654416
201801,9,서울,-6.125806451612903,-5.8,-17.5,3.9,6.085938313957045,52.516129032258064,49.0,27.0,86.0,16.05588358980789,1.6612903225806452,1.3,0.2,3.8,1.0035528284898072
201801,10,서울,-4.745161290322581,-3.5,-16.5,4.3,5.938565410920802,46.354838709677416,42.0,24.0,82.0,15.79356068591833,1.903225806451613,1.8,0.5,4.6,1.1282682514862448
201801,11,서울,-3.296774193548387,-1.6,-15.6,6.0,5.961402735987996,40.54838709677419,36.0,20.0,75.0,15.669160176766377,2.148387096774193,2.1,0.6,4.5,1.223892960390991
201801,12,서울,-2.0451612903225804,-1.0,-14.4,8.1,6.110092127492974,37.96774193548387,33.0,20.0,72.0,13.731918707808077,2.306451612903226,2.4,0.8,4.5,0.9608799730354698
201801,13,서울,-1.3096774193548388,-0.8,-13.3,8.0,6.013005617753885,36.193548387096776,32.0,22.0,62.0,12.29747766776778,2.5677419354838706,2.3,0.6,6.0,1.2554911646507627
201801,14,서울,-0.6548387096774194,-0.7,-12.1,7.7,5.74124485395966,36.25806451612903,32.0,18.0,73.0,13.904358410070525,2.454838709677419,2.3,0.4,5.3,1.2561419000727105
201801,15,서울,-0.4580645161290323,-0.5,-11.4,8.5,5.724437334419771,35.70967741935484,31.0,20.0,69.0,12.493180935713415,2.574193548387097,2.4,0.3,4.8,1.1988794050933518
201801,16,서울,-0.5580645161290322,-0.1,-11.2,8.3,5.629196164850324,37.61290322580645,32.0,17.0,87.0,15.854920202374275,2.403225806451613,2.4,0.9,4.7,1.0678588767459685
201801,17,서울,-1.4225806451612903,-0.9,-11.8,7.2,5.585977066274641,42.25806451612903,35.0,20.0,93.0,17.443179645036974,2.3741935483870966,2.6,0.2,5.2,1.2452490358519948
201801,18,서울,-2.4387096774193546,-1.8,-13.0,5.2,5.616029286447548,45.0,39.0,24.0,96.0,18.057316153478254,2.2419354838709675,2.1,0.4,4.5,0.9131535809301694
201801,19,서울,-3.0612903225806454,-2.2,-13.8,4.6,5.5998617494455365,47.61290322580645,41.0,25.0,91.0,18.371494984268136,1.8774193548387097,1.7,0.6,3.7,0.9196773627815917
201801,20,서울,-3.532258064516129,-2.6,-14.3,4.5,5.613874900445277,49.45161290322581,44.0,26.0,91.0,18.077313055645963,1.6741935483870967,1.7,0.4,3.8,0.8528257899225311
201801,21,서울,-3.925806451612903,-3.1,-14.7,4.3,5.627134720378598,50.096774193548384,47.0,28.0,91.0,16.332696937349684,1.8774193548387097,1.5,0.4,6.7,1.338583748449421
201801,22,서울,-4.325806451612903,-3.6,-15.2,4.0,5.672622423649429,52.03225806451613,48.0,32.0,85.0,14.209114143083754,1.8741935483870968,1.6,0.3,4.6,1.1738732872945254
201801,23,서울,-4.658064516129032,-4.0,-15.7,3.9,5.68106646053646,52.645161290322584,51.0,32.0,83.0,14.650479826264561,1.6741935483870967,1.3,0.6,4.2,1.0794960990929932
201802,0,서울,-3.1714285714285713,-2.7,-12.3,5.1,4.655610485716024,52.07142857142857,51.0,28.0,86.0,14.986237072304094,1.9571428571428573,1.8,0.1,3.5,0.9382523436248164
201802,1,서울,-3.4964285714285714,-2.7,-12.3,5.0,4.5975421890281964,53.17857142857143,52.5,31.0,96.0,16.14300346424298,1.7678571428571428,1.4,0.6,3.7,0.9124868629916132
201802,2,서울,-3.767857142857143,-3.5999999999999996,-12.5,5.2,4.597990992163986,53.92857142857143,51.5,30.0,97.0,16.87191084795601,1.510714285714286,1.35,0.0,4.2,1.0034530329905778
201802,3,서울,-3.9857142857142853,-4.4,-12.5,5.3,4.654007773928656,53.357142857142854,51.5,26.0,97.0,18.05385828408429,1.5964285714285715,1.25,0.0,4.3,1.0461506664583344
201802,4,서울,-4.25,-4.25,-13.1,5.4,4.769696007084728,53.57142857142857,52.5,27.0,96.0,17.856275111191607,1.6321428571428573,1.2999999999999998,0.3,4.0,0.9843416944479044
201802,5,서울,-4.4678571428571425,-4.1,-13.0,5.2,4.768962428610928,54.07142857142857,52.0,28.0,91.0,17.085685087834054,1.5607142857142857,1.2000000000000002,0.1,3.9,1.04892865474794
201802,6,서울,-4.721428571428571,-4.05,-13.2,5.2,4.82312002468182,54.17857142857143,52.0,30.0,95.0,17.463302414404076,1.467857142857143,1.05,0.3,4.8,1.0998496770783326
201802,7,서울,-4.946428571428571,-4.35,-13.2,5.5,4.971733593087518,55.07142857142857,55.0,31.0,97.0,17.448184817887316,1.5142857142857142,1.15,0.3,4.0,0.9823306698732077
201802,8,서울,-4.960714285714286,-4.55,-13.3,5.7,5.067203135759175,53.857142857142854,56.0,29.0,97.0,16.95247012639289,1.4821428571428572,1.05,0.4,3.5,0.8911306058113798
201802,9,서울,-4.2,-3.9499999999999997,-12.4,6.2,5.10352093421061,47.57142857142857,50.0,26.0,94.0,15.758427660399445,1.7107142857142856,1.4,0.5,3.8,1.026803485008401
201802,10,서울,-2.332142857142857,-1.7000000000000002,-11.3,6.5,4.995483409776726,41.57142857142857,41.5,21.0,83.0,15.120328654640371,1.9857142857142858,1.5,0.5,4.2,1.2029945000687938
201802,11,서울,-0.625,0.05,-9.9,7.1,4.958018197268386,36.92857142857143,36.0,19.0,72.0,13.678662950223613,2.3428571428571425,2.3499999999999996,0.8,4.7,1.1496951516810625
201802,12,서울,0.7535714285714287,1.9500000000000002,-8.3,7.6,4.877725801509243,34.035714285714285,31.5,17.0,70.0,13.669328041294827,2.3214285714285716,2.35,0.5,4.7,1.172321894506208
201802,13,서울,1.5892857142857142,2.7,-8.3,8.1,4.779380037721791,31.678571428571427,28.5,14.0,65.0,13.689827451848167,2.7607142857142857,2.95,0.6,4.3,1.0695583324227933
201802,14,서울,2.2178571428571425,3.5,-7.4,9.9,4.802395511148853,30.071428571428573,25.0,14.0,80.0,15.22894070251227,3.0285714285714285,3.3499999999999996,0.8,4.6,1.171215621372099
201802,15,서울,2.6678571428571423,3.9,-6.4,10.3,4.670320281778492,30.535714285714285,25.0,14.0,87.0,16.014997931007006,3.0785714285714287,2.95,0.6,5.3,1.207187469824628
201802,16,서울,2.5357142857142856,3.5,-5.9,9.5,4.519276760042742,31.035714285714285,27.0,14.0,89.0,16.468785610083685,3.189285714285714,3.3,1.1,4.9,0.9282956448420967
201802,17,서울,1.7750000000000001,2.8,-6.6,8.7,4.55376319753885,33.892857142857146,28.5,14.0,90.0,17.30197866165791,3.189285714285714,3.1,1.0,5.0,0.9073115703628417
201802,18,서울,0.7035714285714285,1.6,-7.6,7.5,4.612581999099062,37.32142857142857,32.0,15.0,90.0,17.98570125781727,3.0142857142857147,2.95,0.8,5.6,1.0369879051097535
201802,19,서울,-0.30357142857142855,0.35,-8.4,6.9,4.521101319684967,42.214285714285715,37.0,14.0,95.0,17.924444601875795,2.6785714285714284,2.6,1.0,5.1,1.0038286495572624
201802,20,서울,-1.0107142857142857,-0.1,-9.6,6.4,4.552113004334669,45.07142857142857,41.5,19.0,96.0,18.016306546773162,2.4285714285714284,2.1500000000000004,1.0,5.8,1.044866513840898
201802,21,서울,-1.5035714285714286,-0.5,-10.6,6.0,4.630213349444674,48.75,46.5,21.0,95.0,17.377347962857343,2.282142857142857,2.3499999999999996,0.8,4.1,0.9043326049178255
201802,22,서울,-1.989285714285714,-1.25,-11.1,5.7,4.68253961528114,50.82142857142857,49.5,22.0,96.0,16.591058661617332,2.007142857142857,1.75,0.4,4.0,1.0197779611008908
201802,23,서울,-2.4642857142857144,-2.25,-11.8,5.5,4.780842501741197,51.714285714285715,49.5,26.0,96.0,16.020489526106395,1.8821428571428573,1.75,0.4,3.8,0.9786814907402
201803,0,서울,6.025806451612904,5.9,-4.3,16.0,4.519289600658898,68.83870967741936,74.0,34.0,96.0,16.980570807432727,1.5806451612903225,1.5,0.4,3.3,0.6838222745902669
201803,1,서울,5.72258064516129,5.5,-4.6,16.3,4.52553567197073,69.7741935483871,74.0,36.0,97.0,16.556387845620904,1.4516129032258065,1.3,0.1,3.1,0.7843770214813518
201803,2,서울,5.451612903225806,5.1,-5.3,16.5,4.58503878338682,70.25806451612904,72.0,35.0,97.0,17.03323758995039,1.3193548387096774,1.3,0.3,3.4,0.7341295774991904
201803,3,서울,5.225806451612903,5.0,-5.7,16.5,4.624353485763208,70.80645161290323,71.0,38.0,97.0,17.04781384780017,1.3129032258064517,0.9,0.4,3.8,0.8015576234157555
201803,4,서울,5.054838709677419,5.1,-5.8,15.1,4.5472950721410506,71.6774193548387,75.0,39.0,97.0,16.75785805082538,1.261290322580645,1.1,0.2,3.1,0.7455098565656655
201803,5,서울,4.964516129032258,4.7,-6.1,14.5,4.528837112482392,71.74193548387096,76.0,39.0,97.0,17.695513069580628,1.2870967741935484,1.2,0.3,3.1,0.6868973409391299
201803,6,서울,4.838709677419355,4.2,-6.4,14.4,4.525901561704204,72.38709677419355,75.0,42.0,97.0,17.06981237810351,1.1516129032258065,1.0,0.2,3.4,0.6946802467044031
201803,7,서울,4.729032258064516,3.8,-6.6,14.3,4.63718258920127,72.2258064516129,76.0,43.0,97.0,16.321171684695013,1.335483870967742,1.1,0.2,4.3,1.0005159959063703
201803,8,서울,5.074193548387097,3.8,-6.2,14.2,4.698720942408015,68.38709677419355,67.0,38.0,97.0,17.227260218144263,1.3451612903225807,1.2,0.3,4.2,0.8593946356505527
201803,9,서울,6.22258064516129,5.2,-4.6,14.6,4.692171471534215,62.38709677419355,62.0,30.0,98.0,18.737978224904342,1.567741935483871,1.3,0.3,4.9,0.9325188458414458
201803,10,서울,7.803225806451613,6.7,-1.8,16.0,4.678210759892984,56.03225806451613,53.0,27.0,98.0,18.33663704348527,1.7580645161290323,1.5,0.5,5.3,0.9601299195242232
201803,11,서울,9.44516129032258,8.4,0.1,17.8,4.593969867095881,51.29032258064516,50.0,21.0,98.0,17.08643428451764,1.9838709677419355,1.9,0.7,4.6,0.8847209632396528
201803,12,서울,10.83548387096774,10.0,0.5,19.9,4.798579538925852,46.74193548387097,46.0,16.0,97.0,16.399121403163615,2.4193548387096775,2.4,0.9,4.7,0.9031128961684727
201803,13,서울,11.748387096774193,10.8,1.4,20.9,5.084018815054481,43.87096774193548,42.0,14.0,97.0,16.99949398361389,2.4645161290322584,2.2,1.2,4.7,0.8534433732813499
201803,14,서울,12.412903225806453,11.6,1.2,21.1,5.3872529756505685,42.74193548387097,38.0,14.0,97.0,18.813058836768118,2.574193548387097,2.4,0.9,6.0,1.0601785201670786
201803,15,서울,12.67741935483871,11.9,1.6,21.8,5.413360612251836,41.54838709677419,37.0,14.0,97.0,18.555931144654565,2.893548387096774,3.0,0.8,4.7,0.9902644373670997
201803,16,서울,12.600000000000001,11.9,1.4,21.7,5.201089629427023,41.83870967741935,37.0,15.0,98.0,18.552801718686673,2.793548387096774,3.0,1.1,4.8,0.9838480519101066
201803,17,서울,11.851612903225806,11.1,0.4,20.5,5.123857333932574,45.58064516129032,43.0,21.0,98.0,17.977345361219466,2.796774193548387,2.8,1.0,5.2,0.9958192175181673
201803,18,서울,10.648387096774194,10.0,-0.8,19.2,5.066351150334393,49.54838709677419,47.0,22.0,98.0,18.02375970707817,2.5677419354838706,2.8,0.4,4.7,0.8982898926197466
201803,19,서울,9.374193548387098,8.8,-1.7,17.9,4.902106196451717,54.70967741935484,53.0,26.0,98.0,17.42831708912653,2.4741935483870967,2.5,0.7,3.9,0.7070915744255873
201803,20,서울,8.47741935483871,8.3,-2.2,17.2,4.787324212781036,58.74193548387097,57.0,31.0,97.0,16.40724990552547,2.206451612903226,2.3,1.0,3.7,0.7839793721227482
201803,21,서울,7.84516129032258,7.9,-3.0,16.8,4.743405155910496,62.12903225806452,62.0,33.0,96.0,17.05626363047482,1.993548387096774,2.0,0.7,3.7,0.7754291215711757
201803,22,서울,7.267741935483872,7.2,-3.6,16.2,4.665360800393627,63.903225806451616,66.0,31.0,92.0,16.638018389038358,1.8870967741935485,2.0,0.1,3.7,0.8578041483865925
201803,23,서울,6.770967741935484,6.4,-4.0,16.1,4.624225596312469,65.93548387096774,72.0,34.0,91.0,16.679199588851112,1.696774193548387,1.5,0.2,4.1,0.8432017832712569
201804,0,서울,10.953333333333335,11.05,2.9,16.8,3.8225946535118616,60.3,59.0,22.0,96.0,20.398022216500003,1.5666666666666667,1.45,0.2,4.6,0.9639478213569709
201804,1,서울,10.520000000000001,10.35,2.4,17.1,3.866781607487032,61.56666666666667,60.0,23.0,96.0,19.575993978081545,1.4833333333333334,1.6,0.2,3.6,0.8574554711805571
201804,2,서울,10.126666666666667,10.149999999999999,1.8,17.0,3.8826700138927084,63.63333333333333,63.0,23.0,97.0,19.355981581632737,1.4166666666666667,1.2999999999999998,0.3,3.9,0.807329925863895
201804,3,서울,9.746666666666666,9.9,1.5,17.0,3.928212134637416,65.96666666666667,63.5,27.0,97.0,19.148212005002076,1.3033333333333335,1.15,0.3,3.5,0.7752567242570342
201804,4,서울,9.383333333333333,9.6,1.1,16.9,3.975796023815673,67.93333333333334,67.5,29.0,97.0,17.789833077337743,1.3566666666666667,1.2,0.3,3.6,0.824488695614077
201804,5,서울,8.983333333333333,9.3,0.7,16.9,3.972585654408121,69.96666666666667,69.5,34.0,97.0,16.969512892717102,1.3266666666666667,1.1,0.4,4.9,0.9332676495770794
201804,6,서울,8.696666666666665,8.85,0.1,16.8,4.01724586847956,69.8,66.5,35.0,97.0,17.279447628463927,1.16,0.95,0.3,3.8,0.8177344649532718
201804,7,서울,8.796666666666665,8.8,0.6,16.8,3.9963330893357156,68.63333333333334,67.5,33.0,97.0,17.83348909589296,1.2266666666666666,1.05,0.3,4.9,0.9468398740687026
201804,8,서울,9.936666666666667,9.649999999999999,1.0,17.3,4.007276427677045,62.56666666666667,60.0,27.0,97.0,20.147188275347474,1.3333333333333333,1.1,0.5,4.3,0.8699319566468416
201804,9,서울,11.716666666666667,11.95,2.6,18.3,4.176707442169162,56.13333333333333,55.0,22.0,96.0,21.672695889677335,1.5666666666666667,1.5,0.6,3.6,0.7207913913782942
201804,10,서울,13.4,14.7,4.3,20.6,4.4477037857210355,51.266666666666666,48.5,18.0,95.0,21.773019262750214,1.8733333333333333,1.75,0.6,4.9,0.954095828821567
201804,11,서울,14.876666666666667,16.45,4.7,23.1,4.8753909362849255,45.7,43.0,15.0,94.0,22.407126329469996,2.0966666666666667,2.0,0.9,4.8,0.9503115036781301
201804,12,서울,16.113333333333333,17.9,6.0,24.3,5.2638476378047825,43.233333333333334,38.5,14.0,96.0,22.898100106902906,2.5266666666666664,2.2,0.9,4.6,1.070589052596854
201804,13,서울,17.073333333333334,18.55,7.4,24.6,5.371696793079595,39.93333333333333,33.0,10.0,95.0,22.859289718553846,2.5233333333333334,2.25,1.0,5.1,1.145209914001113
201804,14,서울,17.646666666666665,18.85,7.4,25.9,5.5371929483382125,38.9,28.0,14.0,96.0,23.120896653654366,2.7933333333333334,2.6,1.0,7.4,1.3359571883841945
201804,15,서울,17.7,19.2,6.8,26.1,5.735792041630134,39.63333333333333,31.0,13.0,96.0,22.447614623804697,2.856666666666667,2.6500000000000004,0.8,5.0,1.1509166761335499
201804,16,서울,17.5,18.65,6.1,25.7,5.736753858026873,41.3,33.5,13.0,96.0,23.252956801232827,2.9466666666666668,3.05,0.9,5.8,1.2928805938233652
201804,17,서울,17.016666666666666,18.200000000000003,4.3,25.6,5.658748693979015,43.766666666666666,37.5,12.0,96.0,23.27301728039004,2.8966666666666665,2.8499999999999996,0.9,5.6,1.150856752323162
201804,18,서울,16.0,17.25,3.0,24.7,5.387469497473457,46.6,43.0,11.0,96.0,23.653533671999494,2.85,2.9,1.3,7.2,1.2483782583264054
201804,19,서울,14.596666666666666,15.2,2.5,22.9,5.0196498939140435,49.7,46.0,14.0,96.0,22.918370887520148,2.506666666666667,2.3499999999999996,0.5,5.8,1.0302103345110325
201804,20,서울,13.513333333333332,13.75,2.7,21.1,4.70434379852415,52.166666666666664,46.5,15.0,96.0,22.89719653572031,2.39,2.1,0.8,6.1,1.186809690464023
201804,21,서울,12.729999999999999,12.75,2.8,19.2,4.45437793172298,55.0,50.5,15.0,96.0,22.673089015774654,2.1766666666666667,2.05,0.5,7.3,1.2076432829484767
201804,22,서울,12.139999999999999,12.149999999999999,2.7,18.4,4.255511639079938,57.266666666666666,55.0,15.0,96.0,22.509665867605953,1.8333333333333333,1.65,0.5,5.4,0.9495310397255579
201804,23,서울,11.586666666666668,11.7,2.9,17.9,4.065984491492493,59.7,57.5,16.0,96.0,21.915433075724323,1.6533333333333333,1.3,0.4,4.1,1.087779558465819
201805,0,서울,16.20967741935484,16.0,8.7,24.4,3.507549461633642,70.09677419354838,67.0,29.0,97.0,17.189831953240418,1.4387096774193548,1.3,0.5,3.3,0.705066152619662
201805,1,서울,15.787096774193548,15.9,7.9,24.1,3.590147808979817,71.38709677419355,71.0,31.0,97.0,16.750477444647835,1.3129032258064517,1.3,0.3,3.2,0.6141345864894605
201805,2,서울,15.393548387096773,15.5,7.3,23.9,3.6109034404029656,74.33333333333333,74.0,43.0,98.0,14.98351584663749,1.2483870967741937,1.1,0.3,2.9,0.6732364457068236
201805,3,서울,15.05483870967742,15.2,7.0,22.6,3.5433354069931924,76.03448275862068,74.0,41.0,98.0,15.65129560730332,1.0419354838709676,0.9,0.4,2.2,0.47523621743885575
201805,4,서울,14.725806451612904,14.8,7.0,22.3,3.4100799347361814,77.07142857142857,80.0,44.0,98.0,15.079857970223605,1.067741935483871,0.8,0.3,2.9,0.6263050890070502
201805,5,서울,14.470967741935485,14.4,7.0,22.3,3.43978618990455,77.88888888888889,82.0,47.0,98.0,14.123993043299745,0.964516129032258,0.8,0.3,2.3,0.4827341484342248
201805,6,서울,14.303225806451612,14.2,7.9,22.1,3.3456921427379562,78.10714285714286,82.5,46.0,98.0,14.430778028136753,0.9354838709677419,0.8,0.3,3.2,0.637468110102654
201805,7,서울,14.674193548387096,14.4,8.4,22.0,3.1558377379005065,75.92592592592592,79.0,43.0,98.0,15.409602216015847,1.058064516129032,1.0,0.3,2.3,0.5346489150513555
201805,8,서울,15.987096774193548,15.3,10.5,22.4,2.898360678669221,68.12903225806451,66.0,30.0,98.0,19.059104448152627,1.2806451612903227,1.2,0.3,3.1,0.6498304162567902
201805,9,서울,17.416129032258063,17.4,11.8,22.8,2.787722699527763,62.87096774193548,59.0,27.0,98.0,21.79257050079816,1.3258064516129033,1.1,0.5,3.9,0.750541023500374
201805,10,서울,18.75483870967742,18.1,11.8,23.3,2.977228992388439,58.61290322580645,54.0,27.0,98.0,22.73862707575641,1.7806451612903227,1.6,0.6,4.8,0.9008956117252465
201805,11,서울,19.9741935483871,20.2,12.0,25.1,3.148011832033618,55.41935483870968,45.0,27.0,98.0,22.851366397582424,1.9580645161290324,1.6,0.7,4.8,1.031107557774127
201805,12,서울,20.85483870967742,21.7,12.3,26.3,3.4050784337199844,54.0,44.0,24.0,97.0,23.186202793903103,2.1548387096774193,1.9,0.7,5.3,1.2468196099616602
201805,13,서울,21.674193548387095,21.9,12.6,27.8,3.7287145007303764,52.70967741935484,45.0,26.0,97.0,22.734985592528382,2.1548387096774193,2.0,0.6,3.9,0.9333947752433657
201805,14,서울,22.12258064516129,22.8,12.7,28.7,3.9005734345451786,52.193548387096776,43.0,23.0,97.0,22.283655228049565,2.396774193548387,2.3,0.3,4.9,1.1608858315865929
201805,15,서울,22.238709677419354,23.0,12.2,29.4,4.027875984465829,51.67741935483871,43.0,25.0,97.0,22.54977767336697,2.551612903225806,2.6,0.8,4.8,0.9855188033862962
201805,16,서울,22.038709677419355,22.7,12.8,29.0,3.954463926531198,52.32258064516129,43.0,23.0,97.0,22.67801739831504,2.770967741935484,2.9,0.4,5.1,1.194206444572321
201805,17,서울,21.825806451612905,22.4,13.2,28.5,3.872205895174436,51.96774193548387,45.0,23.0,98.0,22.72807936007461,2.5290322580645164,2.6,0.4,4.6,0.9812215340710431
201805,18,서울,21.309677419354838,21.9,13.4,27.5,3.641186147279452,53.12903225806452,42.0,22.0,97.0,22.640291422570616,2.3419354838709676,2.4,1.0,3.5,0.7329275514666675
201805,19,서울,20.03548387096774,20.8,12.6,26.9,3.5045254920932143,58.903225806451616,52.0,24.0,97.0,20.148374357434196,2.264516129032258,2.2,0.3,3.9,0.9576180126044603
201805,20,서울,18.68064516129032,19.1,11.1,26.3,3.395233851036744,62.96774193548387,59.0,26.0,97.0,19.525169860068214,2.1225806451612903,2.1,0.3,4.0,0.7779073112821582
201805,21,서울,17.86774193548387,18.2,10.5,25.6,3.397978526199973,65.25806451612904,61.0,26.0,97.0,19.299339784796583,1.532258064516129,1.4,0.5,3.1,0.650838995335607
201805,22,서울,17.287096774193547,17.3,10.4,25.0,3.40222887094954,67.3225806451613,61.0,29.0,98.0,17.464988017505558,1.506451612903226,1.5,0.3,3.7,0.8140169874848917
201805,23,서울,16.77741935483871,16.4,9.5,24.8,3.497209332922406,68.7741935483871,63.0,30.0,98.0,17.91407208020063,1.532258064516129,1.5,0.5,3.6,0.7345688516738663
201806,0,서울,20.93,20.799999999999997,18.0,26.9,1.6534498939260722,71.06666666666666,71.0,36.0,95.0,14.342926487641394,1.5633333333333332,1.5,0.5,3.7,0.6702975835960568
201806,1,서울,20.546666666666667,20.2,17.7,26.7,1.695985794778941,72.13333333333334,73.5,39.0,96.0,14.245951229622456,1.06,1.05,0.1,3.0,0.6088995160859099
201806,2,서울,20.206666666666667,19.950000000000003,17.7,26.1,1.7132210706098636,73.4,75.5,37.0,97.0,14.060460580085488,1.1700000000000002,1.05,0.3,2.6,0.584365261305538
201806,3,서울,19.84333333333333,19.4,17.4,25.4,1.7349715953817826,75.9,78.5,42.0,97.0,13.85727743573875,1.1633333333333333,1.05,0.2,2.9,0.6272453918596734
201806,4,서울,19.563333333333333,19.15,16.9,24.7,1.7523350595475577,76.8,80.0,47.0,97.0,13.27013759250965,1.0233333333333332,0.95,0.0,2.0,0.4966670523797005
201806,5,서울,19.283333333333335,19.0,16.6,23.7,1.6905586371809556,78.26666666666667,81.5,48.0,97.0,11.895908694932098,0.9966666666666667,0.9,0.3,3.2,0.6682366570946684
201806,6,서울,19.126666666666665,18.9,16.3,22.5,1.6540302572667842,78.03333333333333,80.5,48.0,97.0,11.807313143902,0.8966666666666667,0.8,0.2,2.0,0.5109040893413822
201806,7,서울,19.623333333333335,19.4,17.0,22.7,1.4912811741016145,72.7,73.5,44.0,98.0,13.178221323129284,0.9299999999999999,0.8,0.3,2.0,0.46767952481484
201806,8,서울,20.970000000000002,20.950000000000003,18.7,24.2,1.5115988338453952,67.8,65.5,42.0,97.0,14.833326875886494,1.1900000000000002,1.1,0.3,2.3,0.4641269148664493
201806,9,서울,22.39333333333333,22.7,19.1,25.4,1.7250553880829511,62.7,60.5,37.0,96.0,16.436187996675773,1.3566666666666667,1.4,0.4,2.3,0.4508102539400265
201806,10,서울,23.720000000000002,24.1,19.7,26.4,1.960365905324469,57.666666666666664,56.0,33.0,97.0,16.67608929044782,1.4833333333333334,1.3,0.6,3.1,0.6330459117921713
201806,11,서울,24.913333333333334,25.15,20.4,28.1,2.255527055668048,53.766666666666666,52.5,30.0,97.0,15.368313423120457,1.7433333333333332,1.7,0.7,2.6,0.49388211167229484
201806,12,서울,25.966666666666665,25.950000000000003,20.5,29.8,2.4482693864249803,51.06666666666667,50.0,27.0,97.0,17.4295297052768,2.0033333333333334,2.05,0.7,3.3,0.6985123765760238
201806,13,서울,26.823333333333334,26.75,20.5,31.2,2.482585322815204,47.833333333333336,46.5,24.0,97.0,17.479215900770466,2.03,2.0,0.8,3.9,0.7607392049388767
201806,14,서울,27.456666666666667,27.45,21.0,32.3,2.5513597907016563,46.5,44.0,23.0,97.0,15.882651563566304,2.2766666666666664,2.2,0.5,3.9,0.9061792976780202
201806,15,서울,27.683333333333334,27.8,21.5,32.7,2.654739851315176,46.56666666666667,42.5,21.0,97.0,16.500121908292247,2.4699999999999998,2.6,0.6,3.7,0.8562750122196281
201806,16,서울,27.60666666666667,28.049999999999997,22.0,32.2,2.438899318351922,48.13333333333333,46.5,26.0,96.0,15.604449704321928,2.703333333333333,2.95,0.5,3.9,0.8880367083641864
201806,17,서울,27.08,27.7,20.7,31.5,2.4951539237987452,50.4,48.5,22.0,95.0,17.075087721287264,2.7800000000000002,2.8,1.0,5.0,0.9222910005281263
201806,18,서울,26.233333333333334,26.450000000000003,19.8,30.7,2.549825326449304,53.06666666666667,53.0,25.0,97.0,17.878774418640774,2.52,2.7,0.5,4.4,0.9855507824701811
201806,19,서울,25.06,24.9,19.4,29.8,2.174872172224667,56.56666666666667,57.0,29.0,97.0,18.140606638020746,2.18,2.3499999999999996,0.5,4.7,0.9275105724836594
201806,20,서울,23.78666666666667,23.549999999999997,19.1,28.8,1.8316627707487887,60.9,62.0,31.0,96.0,16.816145771867273,1.9566666666666668,1.85,0.1,4.5,0.8771754565702322
201806,21,서울,22.826666666666664,22.65,19.0,27.9,1.647554788651715,64.93333333333334,67.5,32.0,94.0,15.326185240397834,1.6700000000000002,1.55,0.0,4.6,0.9052147773337819
201806,22,서울,22.1,22.1,19.0,27.4,1.5780826428252113,67.36666666666666,70.5,32.0,95.0,15.077920220007783,1.4933333333333332,1.3,0.1,4.1,0.8115261626365956
201806,23,서울,21.540000000000003,21.65,18.2,27.2,1.6283268332438887,69.26666666666667,72.5,34.0,96.0,15.21780566295293,1.5599999999999998,1.4,0.1,4.3,1.0104966344703292
201807,0,서울,26.01290322580645,26.2,20.4,31.0,2.8792061331188568,74.38709677419355,78.0,50.0,98.0,14.303093882921127,1.0903225806451613,1.0,0.2,2.3,0.645680436289076
201807,1,서울,25.61935483870968,25.7,19.9,30.2,2.7914654878562395,75.64516129032258,79.0,52.0,98.0,13.482206513516926,1.0419354838709676,1.0,0.0,2.6,0.6333899239006923
201807,2,서울,25.293548387096774,25.3,19.3,29.8,2.7707923636715623,76.51612903225806,80.0,53.0,98.0,13.190579890568209,0.9161290322580645,0.9,0.1,1.9,0.5721869008133319
201807,3,서울,25.041935483870965,24.9,18.8,29.6,2.7696900179801567,76.96774193548387,81.0,50.0,98.0,13.209804114035252,0.9806451612903225,0.9,0.0,2.8,0.7011511272370647
201807,4,서울,24.76774193548387,24.7,18.4,29.3,2.7311032077134683,77.96774193548387,82.0,51.0,97.0,12.359837838655064,0.9419354838709677,0.9,0.0,2.6,0.6026464931441357
201807,5,서울,24.538709677419355,24.5,18.1,29.3,2.7047707751742216,79.03225806451613,83.0,55.0,97.0,12.122936583099388,0.7903225806451613,0.6,0.0,2.4,0.5923708515840829
201807,6,서울,24.393548387096775,24.6,17.8,29.2,2.695172905259938,79.16129032258064,82.0,58.0,97.0,11.739099267529143,0.6935483870967742,0.6,0.0,1.8,0.5309962233832853
201807,7,서울,24.712903225806453,24.9,18.2,29.3,2.7402848921823035,75.19354838709677,75.0,54.0,97.0,11.965002729735607,0.864516129032258,0.9,0.2,2.0,0.45500797582516744
201807,8,서울,25.787096774193547,26.2,19.1,30.0,3.004634413200587,71.3225806451613,70.0,51.0,97.0,13.16405990256348,1.0064516129032257,0.8,0.4,3.5,0.6475263103385416
201807,9,서울,26.958064516129035,27.4,20.8,31.7,3.332043836601228,67.70967741935483,66.0,47.0,97.0,13.535616100710241,1.2967741935483872,1.1,0.4,2.7,0.5558680124920197
201807,10,서울,28.08709677419355,28.9,21.1,32.7,3.670217244749403,64.16129032258064,61.0,43.0,97.0,14.807873523216287,1.4967741935483871,1.6,0.5,2.8,0.5665591295812183
201807,11,서울,29.02258064516129,30.2,20.6,34.1,4.0675717307684005,61.0,59.0,40.0,97.0,15.399134174794806,1.6774193548387097,1.6,0.5,3.4,0.599838687992783
201807,12,서울,29.906451612903226,30.8,20.7,35.5,4.186321813069399,58.74193548387097,57.0,35.0,97.0,15.794445736683265,1.7903225806451613,1.9,0.6,2.7,0.5405890852947227
201807,13,서울,30.629032258064516,31.4,20.3,36.7,4.395315199041447,56.58064516129032,53.0,33.0,97.0,16.51014676605145,1.974193548387097,2.0,0.6,3.2,0.760687295339105
201807,14,서울,31.070967741935487,32.4,20.2,37.4,4.397286553348333,56.25806451612903,52.0,34.0,97.0,16.659267174629832,2.0,2.0,0.3,3.5,0.8053984521134038
201807,15,서울,31.30322580645161,32.0,20.3,37.8,4.452451300199157,55.67741935483871,51.0,33.0,97.0,17.98589650582588,2.0387096774193547,2.2,0.5,3.7,0.7825928781321907
201807,16,서울,31.322580645161292,32.0,20.2,37.8,4.369874878255999,55.70967741935484,52.0,30.0,97.0,17.650672410963274,2.129032258064516,2.3,0.7,3.4,0.7768284016379666
201807,17,서울,31.206451612903226,32.4,20.3,38.0,4.346487891303424,56.935483870967744,52.0,33.0,96.0,17.233563152312154,2.0935483870967744,2.2,0.4,3.7,0.8694578708869752
201807,18,서울,30.716129032258067,32.0,20.3,36.5,4.18649390096244,58.774193548387096,55.0,35.0,96.0,16.459464708629618,2.0161290322580645,2.1,0.4,3.2,0.7488198600435881
201807,19,서울,29.74516129032258,30.6,20.4,35.2,3.8003367140011357,62.25806451612903,59.0,39.0,96.0,14.948729582443852,1.9129032258064516,2.1,0.0,3.2,0.7544277899988711
201807,20,서울,28.53548387096774,29.2,20.3,33.9,3.400151799267869,66.87096774193549,66.0,46.0,97.0,14.518360640889345,1.6870967741935483,1.7,0.1,2.9,0.7036769786788399
201807,21,서울,27.76451612903226,28.0,20.3,33.1,3.1844987451818105,68.70967741935483,69.0,47.0,98.0,14.123723655342213,1.632258064516129,1.5,0.3,3.1,0.7390927306611323
201807,22,서울,27.193548387096776,27.2,20.4,32.5,3.0478337097979376,70.83870967741936,73.0,45.0,98.0,13.760079394619659,1.535483870967742,1.5,0.3,3.2,0.7373594270986049
201807,23,서울,26.706451612903226,26.6,20.4,31.7,2.968494060840836,72.3225806451613,76.0,45.0,98.0,13.81638422736859,1.2935483870967743,1.4,0.1,2.8,0.6439127704231207
201808,0,서울,27.190322580645162,28.3,20.5,32.1,3.0439398634784354,71.51612903225806,72.0,45.0,96.0,13.14754975332396,1.5193548387096774,1.5,0.2,3.7,0.7730542692630359
201808,1,서울,26.86774193548387,28.0,20.5,31.7,2.963037528930314,73.06451612903226,71.0,47.0,97.0,12.811285347616943,1.2000000000000002,1.0,0.2,3.9,0.8370583412562512
201808,2,서울,26.66774193548387,27.6,20.3,31.5,2.9380704662271335,73.38709677419355,70.0,50.0,97.0,12.671957016327662,1.238709677419355,1.0,0.0,4.3,0.9614840679404031
201808,3,서울,26.39032258064516,27.3,20.3,31.2,2.908648579519327,74.25806451612904,73.0,52.0,97.0,13.017853745108381,1.2580645161290323,1.0,0.1,4.5,1.0320769330330586
201808,4,서울,26.103225806451615,27.1,20.5,31.1,2.8795235567674196,75.03225806451613,73.0,54.0,97.0,12.975576726984027,1.2451612903225806,0.9,0.1,6.9,1.3094117533400051
201808,5,서울,25.838709677419356,26.8,20.5,30.7,2.848236579517796,76.2258064516129,79.0,55.0,97.0,12.523869682648291,1.0064516129032257,0.8,0.0,3.6,0.8644595552023502
201808,6,서울,25.69677419354839,26.5,20.4,30.5,2.7826227281670466,75.83870967741936,78.0,51.0,98.0,12.59390533603073,1.1806451612903226,1.1,0.0,3.8,0.8010074301938817
201808,7,서울,25.864516129032257,26.7,20.7,30.8,2.8240099606879077,74.12903225806451,74.0,49.0,98.0,13.388407760655907,1.2096774193548387,1.1,0.4,3.0,0.6523571816674653
201808,8,서울,26.73548387096774,27.5,21.3,31.8,2.8717646592408155,69.83870967741936,68.0,44.0,97.0,14.812374948430893,1.3419354838709678,1.1,0.2,3.5,0.6955928855053014
201808,9,서울,28.019354838709678,29.0,21.5,33.0,3.0476678903536136,64.51612903225806,64.0,40.0,97.0,14.676218785827036,1.5419354838709676,1.5,0.7,3.0,0.6157782033321128
201808,10,서울,29.26774193548387,30.1,21.7,34.4,3.195766689103381,59.96774193548387,56.0,36.0,97.0,14.545294476147587,1.7322580645161292,1.8,0.6,3.2,0.6939678651417963
201808,11,서울,30.329032258064515,31.2,22.0,35.8,3.4540018865452424,56.70967741935484,54.0,33.0,96.0,15.199108632607585,2.0,1.9,0.8,3.3,0.6801960501698512
201808,12,서울,31.345161290322583,31.9,22.6,36.8,3.726556829896958,53.193548387096776,49.0,30.0,90.0,15.56795716600546,2.170967741935484,2.0,0.9,4.2,0.7815341956208515
201808,13,서울,31.80322580645161,33.0,22.9,37.9,3.887028331169175,52.806451612903224,48.0,30.0,97.0,16.953700392222558,2.1580645161290324,2.1,0.5,3.7,0.7894192775065256
201808,14,서울,32.08709677419355,33.3,23.3,38.7,4.1637916963174995,52.645161290322584,50.0,27.0,97.0,17.97878080237325,2.3419354838709676,2.2,0.5,4.7,0.9834545214187207
201808,15,서울,32.39354838709678,33.7,24.0,39.3,4.275116800265698,51.83870967741935,47.0,26.0,96.0,17.776570299495436,2.2903225806451615,2.1,0.6,4.5,0.9097086854994396
201808,16,서울,32.44193548387097,33.6,23.5,39.4,4.343176578922268,51.354838709677416,47.0,26.0,97.0,17.126097798577806,2.416129032258065,2.5,0.7,4.0,0.8406730534492581
201808,17,서울,31.783870967741933,33.1,23.5,39.0,4.359365150584316,54.03225806451613,49.0,27.0,96.0,18.20894262163098,2.458064516129032,2.5,0.9,4.0,0.8365700582530978
201808,18,서울,31.080645161290324,32.4,23.4,37.8,4.077288261809864,57.45161290322581,53.0,28.0,97.0,17.949630840544547,2.170967741935484,2.3,0.2,4.0,0.9388622718968943
201808,19,서울,29.88064516129032,30.8,22.7,36.1,3.807485553033541,62.645161290322584,60.0,31.0,98.0,15.799891111643298,2.0258064516129033,2.2,0.3,3.7,0.9622777637582903
201808,20,서울,28.770967741935483,29.2,22.4,34.5,3.41078617998716,65.61290322580645,64.0,40.0,98.0,13.874863168946538,1.9709677419354839,1.9,0.6,3.5,0.9125764071707809
201808,21,서울,28.13225806451613,28.6,22.5,33.3,3.2127233615500526,68.54838709677419,69.0,43.0,98.0,13.416007129985731,1.6387096774193548,1.6,0.3,3.6,0.970456050646581
201808,22,서울,27.687096774193545,28.6,21.2,32.9,3.1731941778470767,69.64516129032258,72.0,45.0,97.0,13.967935631525929,1.474193548387097,1.3,0.2,4.2,0.8959046608263194
201808,23,서울,27.296774193548387,28.2,20.8,32.4,3.0990841519141017,71.0,75.0,44.0,97.0,13.508022307749814,1.2193548387096773,1.1,0.0,4.9,0.9634726617255277
201809,0,서울,20.023333333333333,20.15,14.7,24.7,2.4002418460522317,66.53333333333333,65.0,50.0,97.0,13.289179765906342,1.34,1.45,0.1,3.7,0.8075505749081496
201809,1,서울,19.646666666666665,19.8,13.8,24.5,2.5126896337196687,67.2,66.0,52.0,97.0,12.089893185689414,1.13,1.1,0.1,2.6,0.6560855705333482
201809,2,서울,19.28666666666667,19.65,13.4,24.3,2.539580922980762,69.13333333333334,69.0,52.0,96.0,11.83720998503807,0.9866666666666667,1.0,0.0,2.3,0.5986959007786804
201809,3,서울,18.9,19.200000000000003,12.7,24.2,2.659271354700576,71.5,70.0,52.0,97.0,11.930112581484574,0.94,0.95,0.1,1.9,0.5524865421984004
201809,4,서울,18.60666666666667,19.15,12.0,24.0,2.7382266263900195,72.76666666666667,70.0,52.0,97.0,11.82248977025635,1.0633333333333332,0.95,0.0,2.7,0.6150320055217386
201809,5,서울,18.323333333333334,18.950000000000003,11.5,23.9,2.8310694133116026,74.06666666666666,71.5,54.0,97.0,11.614299549391193,0.9866666666666667,0.9,0.2,1.8,0.4826173849229688
201809,6,서울,18.040000000000003,18.549999999999997,11.2,23.8,2.8574886490256355,75.7,74.5,55.0,97.0,11.338521462938507,0.94,0.95,0.0,2.1,0.503504956658135
201809,7,서울,17.983333333333334,18.05,10.8,23.9,2.9079063843648534,75.46666666666667,74.0,55.0,97.0,12.178934139800953,1.15,1.2000000000000002,0.3,2.1,0.5211062503347385
201809,8,서울,18.756666666666668,18.45,12.0,24.2,2.7482512726225137,68.93333333333334,69.0,51.0,97.0,12.618905721543186,1.3433333333333333,1.3,0.0,2.5,0.5405510172951768
201809,9,서울,20.383333333333333,20.65,15.3,24.1,2.3748805172606815,63.0,60.0,43.0,96.0,14.202962294219978,1.4633333333333334,1.3,0.5,3.0,0.5991277184278038
201809,10,서울,21.896666666666665,22.65,17.4,26.0,2.339390332209823,58.5,56.0,38.0,96.0,14.841112515227932,1.5799999999999998,1.5,0.2,3.9,0.7572181392074727
201809,11,서울,23.02,23.7,17.9,27.6,2.528649632811403,54.6,52.5,31.0,95.0,15.137530432214065,1.9166666666666667,1.75,0.6,4.1,0.8229816830128802
201809,12,서울,24.026666666666664,24.4,19.0,28.9,2.6158579173338437,51.233333333333334,46.5,34.0,91.0,15.002720059889217,1.8866666666666667,1.7,0.9,5.0,0.881899725840065
201809,13,서울,24.733333333333334,25.35,18.9,29.4,2.7266669476997296,48.5,44.5,30.0,89.0,15.808661964361447,2.27,2.0,0.9,4.8,1.0069243028769035
201809,14,서울,25.34333333333333,25.950000000000003,19.3,29.7,2.686451746915575,45.266666666666666,41.0,28.0,83.0,15.611519472168137,2.2233333333333336,1.55,0.8,5.0,1.177280130532715
201809,15,서울,25.509999999999998,25.95,19.4,30.0,2.6615201774873705,45.56666666666667,42.0,26.0,83.0,16.593898615586625,2.1,1.6,0.2,5.1,1.144100309081935
201809,16,서울,25.470000000000002,25.55,19.5,30.5,2.59736603982334,45.86666666666667,40.0,28.0,91.0,17.6082530284138,2.0633333333333335,1.65,0.6,4.3,1.030729013296208
201809,17,서울,25.006666666666668,25.2,19.3,29.6,2.6562786171548383,47.93333333333333,41.5,31.0,96.0,17.816949182195014,2.1566666666666667,1.7999999999999998,0.6,5.0,1.1159295903302828
201809,18,서울,23.986666666666668,24.549999999999997,18.3,28.8,2.6924842180350503,51.833333333333336,47.0,34.0,97.0,16.528102157221205,1.7933333333333332,1.7,0.3,3.3,0.8308422537249249
201809,19,서울,22.759999999999998,23.1,17.1,27.8,2.627388896565011,56.6,54.0,35.0,97.0,15.185292339901654,1.8133333333333332,1.95,0.2,3.3,1.0149684327801676
201809,20,서울,21.96333333333333,22.25,16.0,26.9,2.64255405886483,59.03333333333333,56.5,39.0,97.0,14.492526809819372,1.5933333333333333,1.5,0.1,3.6,0.9522870232827094
201809,21,서울,21.30666666666667,21.65,15.2,26.2,2.6619843950594877,60.733333333333334,57.5,38.0,97.0,14.621508326678422,1.6,1.45,0.5,3.0,0.7046642634176441
201809,22,서울,20.763333333333332,21.45,14.6,25.7,2.6770394524334273,62.833333333333336,61.0,40.0,97.0,14.562785195273536,1.4833333333333334,1.55,0.3,3.9,0.8034766410068671
201809,23,서울,20.233333333333334,20.75,14.1,25.1,2.641620888685624,64.0,61.0,45.0,97.0,13.848938711983527,1.4733333333333334,1.25,0.3,4.7,0.8993995442682218
201810,0,서울,11.461290322580645,11.4,3.4,19.0,3.4612788984569316,65.41935483870968,64.0,44.0,94.0,11.140838369256258,1.1258064516129032,1.0,0.0,3.2,0.7393545572256403
201810,1,서울,11.03225806451613,10.9,3.0,18.6,3.4837132580791033,67.25806451612904,66.0,52.0,89.0,10.269591819007816,1.1258064516129032,1.1,0.0,3.5,0.7325606877865634
201810,2,서울,10.525806451612903,10.5,2.1,18.2,3.4813759484754954,70.38709677419355,70.0,56.0,91.0,10.550442074007574,0.9419354838709677,0.8,0.0,3.0,0.7283653815443579
201810,3,서울,10.167741935483871,10.1,1.7,18.0,3.5297202057929176,71.64516129032258,71.0,56.0,95.0,10.527894335515764,0.9193548387096774,0.7,0.0,3.3,0.7494083687988854
201810,4,서울,9.903225806451612,9.7,1.6,17.7,3.5123101486977433,72.7741935483871,73.0,56.0,92.0,9.925420822041936,0.967741935483871,0.9,0.0,2.8,0.6720055043297356
201810,5,서울,9.54516129032258,9.2,1.1,17.6,3.604889153143493,74.3225806451613,73.0,57.0,93.0,9.389309867340957,1.038709677419355,0.9,0.0,2.8,0.6926651039546883
201810,6,서울,9.26774193548387,8.8,0.8,17.7,3.6673684567887976,75.51612903225806,76.0,55.0,96.0,9.67081853737292,0.9806451612903225,0.9,0.0,2.3,0.6539211750859627
201810,7,서울,9.138709677419355,8.6,1.3,17.7,3.6831759320234156,75.80645161290323,76.0,56.0,97.0,9.778954800450164,0.9903225806451613,0.8,0.3,3.2,0.7422285536183929
201810,8,서울,9.577419354838709,9.2,1.4,16.9,3.516694440088055,70.45161290322581,69.0,54.0,97.0,9.577190644712116,1.2000000000000002,1.0,0.2,3.7,0.8
201810,9,서울,11.283870967741937,11.2,3.7,16.7,3.1742817323182004,62.74193548387097,60.0,49.0,97.0,12.915024175833567,1.4967741935483871,1.1,0.5,4.0,0.8893757627189015
201810,10,서울,13.36774193548387,13.7,6.1,19.0,3.0547653588859256,55.61290322580645,50.0,38.0,97.0,15.233028631572994,1.5483870967741935,1.4,0.4,4.1,0.9872085114915138
201810,11,서울,15.064516129032258,16.2,7.5,21.3,3.3238078952808303,49.774193548387096,44.0,25.0,95.0,17.753327720776472,2.029032258064516,1.6,0.7,5.0,1.2011643097115112
201810,12,서울,16.216129032258063,17.2,8.5,23.2,3.591387547470899,46.54838709677419,40.0,28.0,92.0,19.517238038338345,1.9096774193548387,1.6,0.5,4.9,1.0319414837123524
201810,13,서울,16.990322580645163,18.1,9.8,23.4,3.6459433931160343,44.32258064516129,38.0,24.0,95.0,19.764255777833196,2.261290322580645,2.0,0.8,5.0,1.190147727344478
201810,14,서울,17.638709677419353,18.9,10.7,24.3,3.750171322251365,41.645161290322584,36.0,22.0,95.0,19.629142258551482,2.2451612903225806,1.9,0.9,4.9,0.9422804641497561
201810,15,서울,17.993548387096773,19.0,10.9,25.3,3.894263771572315,41.096774193548384,36.0,21.0,96.0,17.769552308578625,2.358064516129032,2.1,0.6,4.1,0.9573484888128555
201810,16,서울,17.825806451612905,19.0,10.6,25.1,3.8015757909876866,41.0,35.0,20.0,97.0,17.11724276862369,2.1774193548387095,2.1,0.9,3.7,0.7994621848131633
201810,17,서울,16.916129032258063,18.2,9.4,24.2,3.907010517364358,44.41935483870968,40.0,23.0,97.0,16.828099899767626,2.2903225806451615,2.1,0.7,5.7,1.0931162910717467
201810,18,서울,15.46774193548387,16.5,8.4,23.1,3.7198913153275663,50.774193548387096,46.0,29.0,96.0,14.961527723730523,2.02258064516129,2.0,0.9,3.5,0.6897872509788097
201810,19,서울,14.416129032258064,14.9,8.0,22.3,3.6183879259686487,55.12903225806452,50.0,36.0,96.0,13.388407760655909,1.803225806451613,1.7,0.6,3.7,0.6519119935327375
201810,20,서울,13.603225806451613,13.8,6.8,21.3,3.5661822603420736,58.12903225806452,56.0,37.0,96.0,12.363230256109905,1.8483870967741938,1.8,0.2,5.4,1.0776118558311973
201810,21,서울,12.858064516129033,13.3,5.7,20.5,3.542670762155618,60.774193548387096,59.0,36.0,96.0,12.167469409370092,1.596774193548387,1.3,0.1,4.0,0.8757792229276898
201810,22,서울,12.225806451612904,12.3,5.1,19.8,3.534304999283026,62.774193548387096,60.0,38.0,92.0,11.20925117159737,1.0838709677419356,1.0,0.0,2.6,0.787864952130566
201810,23,서울,11.651612903225805,11.7,4.3,19.4,3.51907856952564,63.87096774193548,62.0,38.0,91.0,11.008305759694572,1.0806451612903225,0.9,0.0,3.9,0.9282310613343029
201811,0,서울,6.443333333333333,6.5,-0.3,12.9,3.4278457428509843,63.233333333333334,63.5,30.0,96.0,16.884359898894665,1.2733333333333334,0.95,0.0,3.4,0.8760937335040453
201811,1,서울,5.996666666666667,5.75,-0.6,11.9,3.413612035137677,64.66666666666667,66.0,26.0,89.0,17.833199054172724,1.09,1.0,0.0,3.2,0.7927907929455983
201811,2,서울,5.656666666666666,5.5,-1.0,12.0,3.4506054774371897,66.16666666666667,67.0,28.0,88.0,17.96180494219913,1.13,1.05,0.0,3.7,0.8449239916845408
201811,3,서울,5.23,5.05,-1.2,11.8,3.4143863991585106,67.5,68.0,28.0,90.0,18.039707161779507,0.98,0.9,0.0,2.8,0.5903826929525722
201811,4,서울,4.886666666666667,4.7,-2.0,10.8,3.348878693793958,68.1,71.5,26.0,95.0,19.527787451696124,0.9366666666666668,0.7,0.0,3.2,0.7107467337527692
201811,5,서울,4.67,4.4,-2.4,11.1,3.5121611383974063,69.33333333333333,72.5,27.0,95.0,19.11189074414387,0.7533333333333334,0.6,0.0,3.1,0.621307483059513
201811,6,서울,4.433333333333334,4.0,-2.6,11.0,3.5600594080023082,69.86666666666666,75.5,25.0,95.0,18.626516755335164,0.9366666666666668,0.8,0.0,3.1,0.6211687167852578
201811,7,서울,4.156666666666667,3.8499999999999996,-2.8,10.9,3.610013213590617,72.96666666666667,77.5,24.0,96.0,17.235655371698346,1.0233333333333332,0.9,0.2,3.0,0.567318759351957
201811,8,서울,4.203333333333333,4.45,-3.0,11.3,3.6879564786620986,71.46666666666667,75.0,29.0,96.0,17.13180815251889,1.0333333333333334,1.0,0.0,3.1,0.5915108261657299
201811,9,서울,5.423333333333333,5.6,-1.5,11.2,3.5815314903113658,62.03333333333333,60.0,28.0,97.0,17.54694851815696,1.04,0.95,0.0,3.0,0.6547439615394812
201811,10,서울,7.4766666666666675,8.2,0.4,12.2,3.5161384905969606,55.03333333333333,52.0,22.0,97.0,19.121180408904806,1.1700000000000002,0.95,0.1,4.7,0.8069311811018848
201811,11,서울,9.53,10.5,1.2,14.8,3.5344755256444067,49.3,46.0,15.0,97.0,19.80969807773542,1.4333333333333333,1.2,0.4,4.1,0.8384440981646459
201811,12,서울,10.92,11.0,2.5,16.5,3.739205152490806,45.766666666666666,44.0,14.0,95.0,18.823469087969602,1.6700000000000002,1.6,0.3,4.1,0.8309321728408816
201811,13,서울,11.889999999999999,11.649999999999999,2.6,18.3,3.9798067878937937,42.86666666666667,39.0,13.0,95.0,19.141457684796382,1.99,1.95,0.9,5.3,0.8392730844873006
201811,14,서울,12.366666666666667,12.55,3.0,19.3,4.272553410277997,40.766666666666666,35.5,14.0,96.0,19.35811926838957,1.9133333333333333,1.7999999999999998,0.6,3.1,0.6775886929263276
201811,15,서울,12.386666666666667,12.85,3.7,19.0,4.290143742735592,41.46666666666667,34.5,16.0,96.0,19.55493294028007,2.0966666666666667,2.0,0.7,3.9,0.8040772536796805
201811,16,서울,11.946666666666665,11.9,3.5,18.8,4.25454996471999,44.333333333333336,39.0,17.0,96.0,19.504788684043604,2.0233333333333334,1.95,0.5,3.6,0.7389103502774385
201811,17,서울,10.873333333333333,11.25,2.9,17.0,3.9814166022810946,48.9,45.5,19.0,97.0,18.244224404943367,1.85,1.8,0.4,3.6,0.8169539724509871
201811,18,서울,9.913793103448276,10.2,2.6,14.6,3.6325634531800426,53.36666666666667,47.5,23.0,97.0,17.50760097654796,1.5366666666666666,1.45,0.0,2.7,0.7471709093748846
201811,19,서울,8.979999999999999,9.0,2.6,13.8,3.4607553490830436,55.2,52.0,24.0,97.0,17.29540501065987,1.6433333333333333,1.45,0.3,3.0,0.7659491895155581
201811,20,서울,8.373333333333333,8.4,2.6,13.9,3.506539047544462,56.333333333333336,52.5,27.0,97.0,17.773155529372502,1.5733333333333335,1.45,0.5,3.9,0.7864952082776334
201811,21,서울,7.8966666666666665,8.25,2.2,14.0,3.5557125803449003,57.06666666666667,53.0,28.0,96.0,18.50243848483376,1.4366666666666668,1.1,0.3,4.1,0.9444879413017234
201811,22,서울,7.276666666666667,7.3,1.1,13.2,3.4803570301725166,59.0,58.5,30.0,96.0,17.731717150446766,1.32,1.2,0.0,3.4,0.7906348387693662
201811,23,서울,6.816666666666666,6.95,0.4,12.9,3.4687852721619747,60.7,61.0,31.0,96.0,17.844442774461594,1.3900000000000001,1.3,0.0,3.5,0.8417346620992332
201812,0,서울,-1.632258064516129,-1.4,-12.5,11.7,6.00812711232456,51.25806451612903,48.0,28.0,98.0,13.271442378117726,1.4580645161290324,1.1,0.3,4.2,1.0226678162363336
201812,1,서울,-1.935483870967742,-1.9,-13.0,11.3,6.093140864233967,51.516129032258064,48.0,29.0,98.0,14.655763298083876,1.6129032258064515,1.5,0.1,3.6,1.0101953393556682
201812,2,서울,-2.2548387096774194,-2.2,-13.0,11.1,6.140946653933057,52.41935483870968,49.0,30.0,98.0,15.246363924005813,1.403225806451613,1.2,0.1,4.8,0.9177813359647065
201812,3,서울,-2.487096774193548,-2.4,-13.1,11.0,6.091017535983286,51.935483870967744,48.0,28.0,98.0,15.560495887280215,1.5032258064516129,1.2,0.2,5.2,1.0706645509426198
201812,4,서울,-2.6548387096774193,-2.5,-13.3,11.2,6.1461553679069665,51.516129032258064,50.0,26.0,98.0,15.922459960156775,1.5032258064516129,1.2,0.5,4.6,0.9382550722725465
201812,5,서울,-2.903225806451613,-2.4,-13.7,11.3,6.217206439710564,52.83870967741935,52.0,25.0,98.0,15.438257186166986,1.46,1.25,0.4,4.3,0.8919563929344033
201812,6,서울,-3.206451612903226,-2.5,-13.9,10.0,6.1088425245088205,54.16129032258065,54.0,23.0,98.0,16.661526088954254,1.35,1.1,0.3,4.3,0.7942682600768566
201812,7,서울,-3.383870967741936,-2.7,-14.2,9.3,6.0959602346796595,53.516129032258064,54.0,22.0,98.0,17.85286338890195,1.4387096774193548,1.3,0.5,4.0,0.7566053217518535
201812,8,서울,-3.435483870967742,-2.8,-14.2,9.6,6.130717651689008,53.54838709677419,54.0,22.0,97.0,18.55772742853575,1.532258064516129,1.2,0.2,4.4,1.011726938382814
201812,9,서울,-2.929032258064516,-2.1,-13.9,10.3,6.068288805936816,50.54838709677419,49.0,20.0,97.0,18.97338260068109,1.7774193548387098,1.5,0.2,3.8,0.9425885201293139
201812,10,서울,-1.5838709677419356,-1.4,-12.7,10.6,5.898084252489308,46.87096774193548,43.0,17.0,97.0,20.89615903379354,1.903225806451613,1.6,0.5,4.4,1.0374596766357531
201812,11,서울,0.1354838709677421,0.1,-11.1,10.8,5.908668681809622,41.32258064516129,36.0,16.0,95.0,20.54326669377616,1.8258064516129033,1.3,0.6,4.2,1.1301822100692387
201812,12,서울,1.5419354838709676,0.8,-9.4,11.1,6.015301277772012,38.516129032258064,32.0,16.0,96.0,20.769963838424523,2.02258064516129,1.8,0.6,4.6,1.0268754151695179
201812,13,서울,2.5580645161290323,2.1,-8.6,11.4,5.800619173476131,35.74193548387097,30.0,19.0,97.0,19.306247247865105,2.1225806451612903,2.0,0.5,5.4,1.1356964610374127
201812,14,서울,3.2,2.8,-7.5,12.2,5.757314188635762,34.645161290322584,28.0,17.0,97.0,18.267545697396013,2.5,2.1,0.7,5.0,1.3190905958272918
201812,15,서울,3.438709677419355,2.9,-7.3,12.3,5.633925654423378,33.774193548387096,27.0,17.0,97.0,18.07154241234794,2.42258064516129,2.5,0.4,5.1,1.1921156759921567
201812,16,서울,3.074193548387097,2.7,-7.5,12.5,5.636663773423394,34.41935483870968,28.0,17.0,98.0,17.689496306279967,2.3161290322580643,2.6,0.1,4.5,1.198915280352355
201812,17,서울,2.0548387096774197,2.0,-8.6,13.1,5.6902746688056824,36.645161290322584,33.0,18.0,98.0,16.65442561222446,2.170967741935484,2.3,0.5,4.4,0.9896779100249727
201812,18,서울,1.1387096774193548,1.5,-9.3,13.3,5.674191714500245,39.83870967741935,38.0,19.0,98.0,16.34645073442254,1.964516129032258,1.8,0.6,3.9,0.8863965956225142
201812,19,서울,0.5096774193548387,0.7,-9.8,13.5,5.698090606434738,42.32258064516129,39.0,20.0,98.0,15.056310076452316,2.235483870967742,2.1,0.4,4.8,1.1720490282966762
201812,20,서울,-0.0774193548387097,0.0,-10.4,13.2,5.664845374613464,44.58064516129032,43.0,22.0,97.0,14.60313709116044,1.803225806451613,1.6,0.5,4.7,1.0855056796927234
201812,21,서울,-0.5677419354838709,-1.1,-11.1,12.8,5.7191716822615835,45.67741935483871,44.0,22.0,97.0,14.38839137817751,1.8161290322580645,1.2,0.3,4.9,1.2638820552022902
201812,22,서울,-1.0451612903225806,-1.3,-11.7,12.5,5.834428775791589,47.70967741935484,47.0,27.0,98.0,14.017117032131576,1.8741935483870968,1.5,0.3,5.2,1.4608143258551567
201812,23,서울,-1.467741935483871,-1.7,-12.0,12.1,5.915538132566595,49.45161290322581,48.0,31.0,98.0,12.922431942627052,1.603225806451613,1.5,0.2,4.9,1.0845840588193991
201901,0,서울,-1.9709677419354839,-2.1,-7.1,3.9,3.058016083278732,53.54838709677419,52.0,25.0,80.0,16.580789506086898,1.5161290322580645,1.4,0.2,3.2,0.7707558083654201
201901,1,서울,-2.2516129032258063,-2.4,-7.5,3.6,3.1429148856586338,54.67741935483871,52.0,28.0,81.0,16.310297558647203,1.4709677419354839,1.3,0.2,4.0,0.8323434981573
201901,2,서울,-2.6258064516129034,-2.5,-7.8,2.7,3.218899163993335,55.25806451612903,54.0,30.0,79.0,15.991597255924718,1.3774193548387097,1.1,0.1,3.1,0.806105732278901
201901,3,서울,-2.874193548387097,-2.9,-8.1,2.3,3.2023915794226334,54.806451612903224,54.0,30.0,80.0,16.406135752290382,1.1612903225806452,1.0,0.1,2.7,0.701273802616752
201901,4,서울,-3.2516129032258063,-3.2,-8.8,2.5,3.1951912793803063,53.83870967741935,53.0,29.0,83.0,16.22980134237333,1.196774193548387,1.0,0.3,3.6,0.7765238227587278
201901,5,서울,-3.570967741935484,-3.8,-9.3,2.8,3.214362927900032,54.38709677419355,54.0,30.0,86.0,16.063784152257607,1.1580645161290322,1.1,0.1,3.1,0.761040600558817
201901,6,서울,-3.8419354838709676,-4.2,-9.4,2.5,3.1566621816457108,53.87096774193548,54.0,30.0,85.0,15.886560222367985,1.1838709677419357,0.8,0.3,4.3,0.9869470685548603
201901,7,서울,-4.070967741935484,-4.3,-9.8,2.0,3.0699830128071928,54.54838709677419,54.0,29.0,88.0,16.041277400667354,1.1774193548387097,0.8,0.2,3.8,0.8589566063619881
201901,8,서울,-4.254838709677419,-4.5,-9.8,1.0,2.985167634564534,54.58064516129032,54.0,29.0,88.0,15.728475648852916,1.3193548387096774,0.9,0.5,3.7,0.9540857246036507
201901,9,서울,-3.6806451612903226,-3.8,-9.1,1.4,2.7865653117339884,49.16129032258065,48.0,27.0,85.0,14.830366986229187,1.4580645161290324,1.2,0.4,5.3,1.0751043960311906
201901,10,서울,-1.8741935483870968,-1.6,-7.2,2.7,2.5402057320796523,43.38709677419355,40.0,25.0,75.0,13.841188338566017,1.7258064516129032,1.3,0.3,5.6,1.170745557877681
201901,11,서울,0.0193548387096774,0.1,-5.3,4.1,2.5968467230904886,38.29032258064516,35.0,23.0,64.0,12.447740218977088,1.9193548387096775,1.7,0.4,5.2,1.0774721511756764
201901,12,서울,1.3645161290322583,1.2,-4.6,5.9,2.8617650016608946,34.903225806451616,32.0,20.0,64.0,11.833159168792521,2.4612903225806453,2.3,0.7,5.1,1.0763139007293483
201901,13,서울,2.2451612903225806,1.6,-4.0,6.8,3.0410347701264904,33.483870967741936,28.0,17.0,77.0,13.935257365741842,2.6193548387096777,2.7,0.7,4.9,1.1435090306708584
201901,14,서울,2.9935483870967743,2.4,-2.7,7.6,3.005986857796839,31.419354838709676,25.0,14.0,66.0,13.195388572144909,2.7548387096774194,2.7,0.8,4.9,0.9945983141206369
201901,15,서울,3.532258064516129,3.0,-1.9,8.1,2.806467185718752,30.741935483870968,23.0,15.0,62.0,13.107167865804023,2.6903225806451614,2.7,0.9,4.3,0.8439410874816945
201901,16,서울,3.3677419354838714,3.2,-1.7,7.7,2.7324454366951465,31.0,25.0,13.0,58.0,13.09452811928199,2.7,2.7,0.8,5.2,1.1474609652039003
201901,17,서울,2.42258064516129,2.7,-1.9,7.7,2.702062135656069,35.0,29.0,18.0,62.0,15.03329637837291,2.490322580645161,2.4,1.0,5.0,1.0422267311577578
201901,18,서울,1.0838709677419356,1.6,-3.2,5.9,2.707778520508838,38.58064516129032,34.0,18.0,69.0,15.926443824759682,2.2096774193548385,2.2,1.1,4.2,0.835206496905477
201901,19,서울,0.29032258064516137,0.7,-3.9,4.7,2.647936912479812,43.03225806451613,41.0,21.0,74.0,17.03229064838851,2.141935483870968,2.0,0.3,5.1,1.0598031872470117
201901,20,서울,-0.3645161290322581,0.1,-5.3,3.9,2.748156762522446,47.25806451612903,45.0,21.0,75.0,16.376747218613517,2.1548387096774193,1.7,0.7,6.5,1.3160138574947755
201901,21,서울,-0.8741935483870968,-0.6,-6.2,3.9,2.8559840968202748,49.61290322580645,48.0,23.0,75.0,16.636661162133944,1.9870967741935484,1.8,0.6,4.0,0.9415384345080736
201901,22,서울,-1.3225806451612903,-1.4,-6.6,4.1,2.964086107320923,51.483870967741936,49.0,27.0,79.0,16.764786444095524,1.493548387096774,1.5,0.2,3.3,0.9025650424839078
201901,23,서울,-1.6903225806451612,-1.8,-7.1,4.3,3.037801270514545,51.70967741935484,51.0,26.0,81.0,16.82298734546889,1.4838709677419355,1.4,0.4,3.8,0.8286924536857441
201902,0,서울,-0.34285714285714286,-0.39999999999999997,-8.2,6.3,4.025789876158979,49.857142857142854,41.0,25.0,86.0,19.03547231747104,1.5464285714285713,1.55,0.1,4.7,0.9841266641064509
201902,1,서울,-0.7964285714285715,-0.6499999999999999,-8.8,5.8,4.027542412389706,49.857142857142854,44.5,23.0,85.0,18.366060255595627,1.3357142857142856,1.15,0.1,3.3,0.8283022733789012
201902,2,서울,-1.1678571428571427,-0.75,-9.2,5.4,3.9977821232230633,51.5,46.5,20.0,89.0,18.8276786004404,1.3392857142857142,1.3,0.1,3.3,0.7747588803952639
201902,3,서울,-1.4821428571428572,-1.2,-9.3,5.4,3.9748331967264923,53.964285714285715,53.5,22.0,87.0,18.87479633023722,1.5535714285714286,1.55,0.3,3.1,0.7904439178724747
201902,4,서울,-1.8392857142857142,-1.5,-9.6,5.2,3.8833299271052573,55.75,51.0,30.0,89.0,19.646175765838557,1.5285714285714285,1.4,0.5,3.1,0.7644204499741123
201902,5,서울,-2.210714285714286,-2.0,-9.8,5.1,3.7978882324859202,58.642857142857146,56.5,26.0,94.0,19.059777865314494,1.3142857142857143,1.1,0.4,3.7,0.7730240213383652
201902,6,서울,-2.435714285714286,-2.1500000000000004,-10.0,5.2,3.8245032875950566,58.714285714285715,55.0,27.0,95.0,18.737676726332136,1.3178571428571428,1.1,0.4,3.6,0.7170172638184918
201902,7,서울,-2.5785714285714287,-2.35,-10.0,5.3,3.854517036841527,58.785714285714285,55.0,28.0,95.0,17.907906680936264,1.3392857142857142,1.25,0.1,3.5,0.7578425936996395
201902,8,서울,-2.582142857142857,-2.2,-10.1,4.7,3.865522203371998,58.5,57.0,29.0,95.0,17.71690968789108,1.2785714285714285,1.2,0.3,4.3,0.8029377277902656
201902,9,서울,-1.7249999999999999,-1.25,-9.5,6.2,3.864714545541303,53.357142857142854,47.0,26.0,95.0,19.297311817614478,1.3107142857142857,1.1,0.4,3.1,0.7279292220957696
201902,10,서울,0.22857142857142856,-0.2,-7.1,9.1,4.014313016533339,48.107142857142854,39.5,24.0,96.0,20.107745487036297,1.6107142857142858,1.3,0.3,3.8,0.8740452084732382
201902,11,서울,1.8571428571428572,0.85,-5.3,11.1,4.411217063219172,43.642857142857146,35.5,23.0,96.0,20.476208933177357,1.9928571428571427,1.75,0.7,5.0,1.0226793318890413
201902,12,서울,3.225,1.8,-4.4,11.6,4.5887644588995045,39.607142857142854,31.5,18.0,96.0,20.81726364363159,2.1607142857142856,1.9,0.6,4.6,0.9885789598147231
201902,13,서울,4.267857142857143,3.4499999999999997,-3.1,12.6,4.8050940231621455,37.392857142857146,29.5,16.0,96.0,20.411215663642494,2.432142857142857,2.5,0.5,4.3,0.9365237421318903
201902,14,서울,5.0,3.8,-2.5,14.0,4.971399683672076,35.392857142857146,26.5,16.0,97.0,21.49476988188365,2.3892857142857147,2.3,0.2,4.5,0.9840728991794616
201902,15,서울,5.242857142857143,4.3,-2.4,13.8,5.096580449196527,34.357142857142854,26.5,16.0,97.0,21.027696525392912,2.5535714285714284,2.5,0.4,4.3,0.8469912513681472
201902,16,서울,5.257142857142857,4.550000000000001,-2.4,14.1,5.016596793269654,34.392857142857146,26.0,16.0,97.0,21.325240280378384,2.4,2.3499999999999996,1.1,4.2,0.7138834846315116
201902,17,서울,4.767857142857143,4.15,-2.7,13.9,4.910838622764546,36.17857142857143,28.5,17.0,97.0,21.16785398494714,2.3428571428571425,2.45,0.9,3.6,0.7068074133572168
201902,18,서울,3.542857142857143,3.0999999999999996,-3.9,12.2,4.6538258710544,40.392857142857146,33.0,18.0,97.0,21.215541622810537,2.2357142857142858,2.25,0.7,3.4,0.7066951177261588
201902,19,서울,2.564285714285714,2.35,-4.8,9.9,4.319740585979526,44.535714285714285,36.5,23.0,97.0,19.855929505010245,2.164285714285714,2.1500000000000004,0.0,3.8,0.8134126945408533
201902,20,서울,1.8214285714285714,1.6,-5.5,8.3,4.0680650731217955,46.035714285714285,41.5,22.0,96.0,18.379703263749718,1.8892857142857142,1.7,0.6,3.8,0.7757143831545243
201902,21,서울,1.3678571428571427,1.25,-6.3,7.1,3.9594288375442135,47.535714285714285,44.5,24.0,95.0,18.13627864735771,2.0,2.0,0.4,3.3,0.8146801235477049
201902,22,서울,0.9249999999999999,1.25,-7.2,6.8,3.95442789793922,48.785714285714285,42.0,25.0,93.0,18.3350648532969,1.7892857142857144,1.9,0.2,3.7,0.8845753472562667
201902,23,서울,0.47857142857142854,0.9,-7.7,6.5,3.93336696246049,49.785714285714285,44.0,26.0,88.0,18.649510256417802,1.8071428571428572,1.6,0.5,3.3,0.774084200333755
201903,0,서울,5.329032258064516,5.8,-0.3,9.3,2.7380277023661996,57.83870967741935,52.0,27.0,96.0,18.272195223332357,1.6290322580645162,1.7,0.2,3.8,0.8474249419612716
201903,1,서울,4.906451612903226,5.4,-0.3,9.7,2.7680240225199113,60.03225806451613,59.0,27.0,97.0,18.274725480779445,1.667741935483871,1.5,0.4,4.4,0.9126471011200308
201903,2,서울,4.580645161290323,4.5,-0.2,9.9,2.826826177280651,61.38709677419355,56.0,25.0,97.0,18.670256951195285,1.3290322580645162,1.2,0.4,4.8,0.889266944693623
201903,3,서울,4.306451612903226,4.4,-0.4,10.0,2.9381326818089715,63.03225806451613,62.0,27.0,97.0,18.219922925134714,1.3806451612903226,1.1,0.1,3.4,0.911196778908087
201903,4,서울,4.051612903225807,4.0,-1.0,9.9,2.9664648958810593,63.935483870967744,62.0,26.0,97.0,18.839560298957736,1.367741935483871,1.0,0.3,3.5,0.8669437108886957
201903,5,서울,3.7935483870967746,4.0,-1.4,9.8,2.9557780119477814,64.83870967741936,61.0,27.0,97.0,18.3050025479258,1.2225806451612902,0.9,0.1,2.9,0.7902361155247019
201903,6,서울,3.5903225806451613,3.8,-1.7,9.7,2.960220131308895,65.35483870967742,62.0,26.0,97.0,17.547171447457043,1.3419354838709678,1.3,0.3,3.5,0.7822080684610657
201903,7,서울,3.458064516129032,3.5,-1.4,10.1,2.9588031582097956,66.35483870967742,63.0,26.0,97.0,17.00107523481338,1.1064516129032258,1.1,0.2,2.7,0.5573362144289374
201903,8,서울,3.864516129032258,3.6,-0.7,10.6,2.8312009686228885,63.38709677419355,61.0,26.0,97.0,16.376156283562267,1.429032258064516,1.1,0.2,3.5,0.9004419464489263
201903,9,서울,5.367741935483871,5.0,0.6,11.7,2.4963155645569857,57.935483870967744,56.0,22.0,97.0,16.879841002155928,1.5935483870967742,1.4,0.5,3.1,0.7261475900811386
201903,10,서울,7.312903225806451,7.5,2.3,12.8,2.4910161160302797,51.67741935483871,51.0,20.0,97.0,17.80147390297443,1.941935483870968,1.6,0.8,3.9,0.8838454591719781
201903,11,서울,8.893548387096773,8.9,3.6,14.6,2.6613199086006136,45.32258064516129,47.0,15.0,92.0,18.161106972087712,2.0935483870967744,2.1,0.7,5.6,1.1011919251038753
201903,12,서울,10.148387096774194,10.5,4.7,15.8,2.958250718216419,40.58064516129032,37.0,13.0,83.0,17.362361962107162,2.606451612903226,2.5,0.9,5.2,1.0856443505651279
201903,13,서울,11.003225806451614,11.5,4.7,15.5,3.1990085829798107,36.903225806451616,30.0,12.0,84.0,17.692474555979402,2.796774193548387,2.6,1.2,5.0,0.9541082646351834
201903,14,서울,11.474193548387097,11.7,5.3,16.6,3.2996936970912403,34.32258064516129,28.0,13.0,71.0,16.450708387531918,2.929032258064516,2.9,0.8,7.0,1.2299576004581343
201903,15,서울,11.780645161290321,12.7,5.8,17.0,3.2705167129816766,32.806451612903224,27.0,14.0,68.0,14.117174775992327,3.129032258064516,3.0,0.9,5.9,1.1764901326649808
201903,16,서울,11.564516129032258,12.1,5.4,17.5,3.115932004724191,33.193548387096776,27.0,13.0,77.0,14.734131248767738,3.0870967741935487,3.2,1.1,5.2,1.0698105550310828
201903,17,서울,10.687096774193549,11.1,5.4,17.3,3.1648846145880123,37.12903225806452,30.0,10.0,87.0,18.006928176832144,3.3741935483870966,3.6,0.8,5.3,1.1820794507802719
201903,18,서울,9.490322580645161,9.9,3.7,15.9,3.058033664378651,41.45161290322581,32.0,13.0,88.0,19.314655419615818,2.9096774193548387,3.0,1.0,4.7,0.8415679171283712
201903,19,서울,8.161290322580646,8.4,2.8,13.4,2.9327663186094273,45.096774193548384,37.0,20.0,93.0,19.35347486234221,2.738709677419355,2.9,0.5,4.9,1.073212442266935
201903,20,서울,7.351612903225806,7.8,2.5,11.9,2.8064058827073866,48.70967741935484,42.0,24.0,94.0,19.22531932701786,2.467741935483871,2.4,0.6,4.9,1.023844746295125
201903,21,서울,6.735483870967743,7.0,1.4,11.1,2.7522776491597853,51.70967741935484,48.0,25.0,96.0,18.68367121024327,2.3451612903225807,2.3,0.8,3.9,0.8040890123518329
201903,22,서울,6.274193548387097,7.0,0.7,10.7,2.724697872172923,52.96774193548387,52.0,28.0,96.0,18.492311683449678,1.9774193548387096,2.0,0.4,3.8,0.8864572474817402
201903,23,서울,5.774193548387097,6.3,0.2,10.1,2.699625621197068,54.903225806451616,52.0,29.0,96.0,18.203213706576975,1.929032258064516,1.8,0.3,4.2,0.8533047710273652
201904,0,서울,9.8,9.65,2.6,18.2,3.9114332852328677,56.166666666666664,54.0,21.0,96.0,22.32222231757856,1.3433333333333333,1.25,0.1,3.2,0.7472632058723182
201904,1,서울,9.383333333333333,9.35,1.8,17.6,3.9329802101375155,57.96666666666667,56.0,25.0,96.0,21.5686287725121,1.28,1.1,0.4,3.3,0.7265411681147306
201904,2,서울,8.99,8.9,1.2,16.8,3.8827958288166355,60.9,60.5,26.0,97.0,21.25923734318316,1.0766666666666669,0.8500000000000001,0.1,3.1,0.7426343293481905
201904,3,서울,8.59,8.65,0.7,16.5,3.9652238272258975,63.1,64.0,25.0,97.0,21.805329940019334,0.93,0.6,0.2,2.6,0.7144566297978269
201904,4,서울,8.28,8.35,0.4,16.9,4.0271834942738485,64.33333333333333,67.0,27.0,96.0,21.485092399203197,1.0366666666666666,0.8,0.3,2.8,0.5956644121936638
201904,5,서울,8.073333333333332,8.1,0.6,17.1,4.07218769750096,64.93333333333334,66.0,25.0,96.0,21.431419624617426,1.1033333333333333,0.9,0.3,2.6,0.6960397002813964
201904,6,서울,7.92,8.05,0.4,16.6,4.053129910200945,65.9,65.5,27.0,96.0,20.613604479934423,1.12,0.95,0.0,2.8,0.7411082102570075
201904,7,서울,8.139999999999999,8.100000000000001,0.5,16.1,4.064955358791228,65.23333333333333,65.0,29.0,96.0,19.311749743638444,1.15,0.95,0.4,2.9,0.6569259654922548
201904,8,서울,9.383333333333333,8.55,2.1,17.9,3.923499786506002,60.03333333333333,60.5,27.0,95.0,19.133799906201975,1.3166666666666667,1.15,0.0,2.8,0.6716337945807883
201904,9,서울,11.193333333333333,10.45,4.2,20.4,3.7196526843179893,53.666666666666664,54.5,22.0,93.0,18.57200959050703,1.5233333333333334,1.4,0.2,3.2,0.7142313608219742
201904,10,서울,12.876666666666667,12.600000000000001,6.1,22.1,3.74310246880232,48.1,48.5,18.0,84.0,19.883019960725804,1.9333333333333333,1.85,0.8,4.3,0.8351474506743204
201904,11,서울,14.113333333333333,14.2,7.0,23.9,3.9513187090172672,43.766666666666666,42.5,18.0,85.0,20.46642891771005,2.2766666666666664,2.1,0.9,4.2,0.7623391105933304
201904,12,서울,15.23,15.350000000000001,6.9,25.1,4.258796171171639,40.166666666666664,36.5,15.0,88.0,20.32848067212062,2.1933333333333334,2.1500000000000004,0.5,4.5,0.8378681211895742
201904,13,서울,16.006666666666668,16.05,7.7,25.0,4.407824808250651,37.233333333333334,30.5,14.0,85.0,20.290448463515403,2.73,2.55,0.4,5.3,1.1402207892666498
201904,14,서울,16.513333333333332,16.35,8.6,26.1,4.4883553038204695,36.233333333333334,28.5,13.0,77.0,20.064866074178333,2.74,2.8499999999999996,0.7,4.6,1.0499917897872773
201904,15,서울,16.89,16.7,8.7,27.4,4.681979392787068,36.3,30.5,11.0,83.0,21.389894487979515,2.7666666666666666,2.8,0.7,4.7,1.0266562172926958
201904,16,서울,16.716666666666665,16.75,9.5,28.0,4.753153822923031,36.06666666666667,34.0,11.0,88.0,21.590121197745354,2.8866666666666663,3.1,0.8,4.3,1.0125874447835768
201904,17,서울,16.07,16.5,9.2,27.6,4.770827297591925,39.4,34.5,11.0,92.0,21.597573299187875,2.9233333333333333,3.1,0.5,4.9,1.245871342594752
201904,18,서울,15.026666666666667,14.95,7.4,25.8,4.63896044637034,41.2,36.5,12.0,93.0,22.301074660977278,3.0133333333333336,2.95,0.9,5.4,1.017343848336012
201904,19,서울,13.656666666666666,13.3,7.0,24.3,4.309867053980726,44.766666666666666,42.5,15.0,93.0,21.639177964712655,2.7266666666666666,2.75,0.7,4.1,0.8300117711393526
201904,20,서울,12.639999999999999,12.3,6.3,22.5,4.0065119407078384,48.46666666666667,46.5,15.0,95.0,21.19650806201315,2.216666666666667,2.1500000000000004,0.5,4.1,0.8990735972840784
201904,21,서울,11.903333333333334,11.65,5.7,21.3,3.8823636004934907,50.3,50.5,16.0,96.0,21.555301772017913,1.8433333333333333,1.8,0.3,3.6,0.8593033799832133
201904,22,서울,11.233333333333333,10.85,5.0,20.0,3.7837523186904556,53.06666666666667,51.5,21.0,96.0,22.098421434235014,1.4866666666666668,1.4,0.3,3.0,0.6740169512517564
201904,23,서울,10.65,10.55,4.6,19.1,3.7311133588450143,55.1,53.5,22.0,96.0,22.307181463098072,1.43,1.25,0.3,3.7,0.7149391100188062
201905,0,서울,16.925806451612903,16.9,12.0,22.7,3.1870537849175067,52.83870967741935,53.0,28.0,87.0,12.484915629653646,1.5612903225806452,1.5,0.2,3.7,0.8269129012396403
201905,1,서울,16.42258064516129,16.1,11.6,22.7,3.305017365301768,55.225806451612904,56.0,30.0,84.0,11.935129317605112,1.5129032258064516,1.4,0.3,4.5,0.927628494417843
201905,2,서울,15.896774193548387,15.5,10.4,22.5,3.395240185020566,57.096774193548384,56.0,32.0,94.0,13.148776467057504,1.3193548387096774,1.2,0.2,3.5,0.7480727927319683
201905,3,서울,15.348387096774195,14.9,9.9,22.1,3.3511063812559914,59.806451612903224,59.0,38.0,96.0,14.267490680655117,1.1806451612903226,0.8,0.2,3.0,0.7980891156751481
201905,4,서울,14.861290322580645,14.4,9.2,21.2,3.231271929065997,62.12903225806452,62.0,36.0,95.0,14.162725574511594,1.1483870967741936,0.9,0.2,4.1,0.8437499502190348
201905,5,서울,14.364516129032259,13.9,8.8,20.4,3.1545256787771616,63.064516129032256,65.0,38.0,93.0,13.45594164640282,0.9935483870967742,0.8,0.0,2.8,0.6947112032449013
201905,6,서울,14.083870967741936,13.7,8.5,19.2,3.0817848480162215,63.806451612903224,63.0,34.0,94.0,13.405022329556706,1.070967741935484,0.9,0.3,4.2,0.8335440593782257
201905,7,서울,14.783870967741937,15.0,9.2,19.9,3.031182032826309,57.70967741935484,58.0,30.0,91.0,13.302113988353117,1.2322580645161292,1.1,0.3,5.0,0.8545513820222451
201905,8,서울,16.809677419354838,16.3,11.3,22.5,3.0037038068257966,50.38709677419355,50.0,27.0,92.0,13.378284442470786,1.432258064516129,1.1,0.6,4.0,0.8372124767242755
201905,9,서울,18.73548387096774,18.6,13.4,24.7,2.903623987031467,45.096774193548384,42.0,20.0,94.0,15.27166185829095,1.7451612903225806,1.6,0.6,3.9,0.8973437504388232
201905,10,서울,20.493548387096773,21.0,15.1,26.6,2.9513765696559275,41.806451612903224,40.0,18.0,95.0,16.154296342539364,2.106451612903226,1.8,0.7,4.8,1.0069543133863184
201905,11,서울,21.970967741935485,22.3,16.4,28.1,2.9483547444167457,38.58064516129032,35.0,15.0,96.0,16.91306042392168,2.335483870967742,2.4,1.1,3.9,0.8006449013542247
201905,12,서울,23.248387096774195,23.9,17.9,29.5,3.0608137227151366,35.32258064516129,33.0,14.0,96.0,17.649149359622957,2.5612903225806454,2.6,1.2,4.3,0.8682078934429006
201905,13,서울,24.203225806451613,24.9,17.9,30.3,3.2626659723777784,32.87096774193548,30.0,16.0,95.0,18.06237698547983,2.796774193548387,2.9,0.9,5.2,1.107394500909753
201905,14,서울,24.703225806451613,25.7,18.3,31.6,3.457984371563658,31.903225806451612,27.0,14.0,95.0,18.148195206336958,3.3419354838709676,3.5,1.2,5.2,1.0560221568219696
201905,15,서울,24.92258064516129,25.6,17.6,32.6,3.654468468183333,32.225806451612904,27.0,12.0,96.0,18.86744935494171,3.1903225806451614,3.2,0.7,5.8,1.025785825179791
201905,16,서울,24.693548387096776,25.2,17.4,33.2,3.743522003307488,32.45161290322581,28.0,13.0,95.0,18.532563610534154,3.2419354838709675,3.2,0.6,5.1,1.0947676141685312
201905,17,서울,24.096774193548388,24.0,16.8,32.5,3.727508897460226,34.32258064516129,29.0,14.0,95.0,18.345548227974717,3.1129032258064515,3.2,1.1,4.5,0.7601499569093242
201905,18,서울,22.983870967741936,23.0,16.0,30.4,3.5997311727584647,36.12903225806452,31.0,19.0,96.0,18.391559541419845,2.990322580645161,3.0,0.5,4.3,0.7751794797377259
201905,19,서울,21.387096774193548,21.3,15.7,27.7,3.5491540715578855,40.225806451612904,34.0,21.0,96.0,17.817051154103954,2.735483870967742,2.7,0.8,4.6,0.7171928550939763
201905,20,서울,19.90967741935484,20.0,14.5,25.5,3.330901263292933,44.064516129032256,40.0,24.0,97.0,16.227416068433833,2.3451612903225807,2.2,0.7,4.0,0.7159323569897833
201905,21,서울,19.01290322580645,19.0,14.0,24.2,3.1511629530998944,46.354838709677416,44.0,25.0,96.0,14.96116837482237,1.9774193548387096,2.0,0.7,3.4,0.7636358981518855
201905,22,서울,18.293548387096774,18.3,13.6,23.3,3.0625627050855053,48.645161290322584,49.0,26.0,95.0,14.14578473632522,1.8419354838709678,1.9,0.6,3.4,0.7948895913053532
201905,23,서울,17.63225806451613,17.6,12.7,23.0,3.0961682874992653,50.645161290322584,51.0,30.0,92.0,13.23517632950609,1.803225806451613,1.8,0.6,4.0,0.8211714684797331
201906,0,서울,20.19333333333333,20.15,16.1,24.4,2.1614065237524227,66.9,68.0,40.0,90.0,12.149499776846215,1.4033333333333333,1.25,0.6,2.8,0.6161523173379448
201906,1,서울,19.723333333333336,19.65,15.5,24.2,2.162802035249218,69.76666666666667,69.0,42.0,88.0,12.260627573894705,1.29,1.2999999999999998,0.3,2.6,0.5492000452068193
201906,2,서울,19.316666666666666,19.5,15.3,24.1,2.1537590768049104,72.0,73.0,41.0,94.0,13.612874230947194,1.21,1.2,0.0,2.6,0.6143962553765198
201906,3,서울,19.006666666666668,19.1,15.0,24.0,2.1785685482766484,74.03333333333333,76.0,43.0,95.0,13.677273708307293,1.0733333333333335,1.0,0.0,2.6,0.6872901978727428
201906,4,서울,18.776666666666664,18.75,14.9,23.9,2.1903681525438055,74.93333333333334,77.5,46.0,96.0,12.841026205992593,1.0533333333333335,1.0,0.0,2.7,0.6574419252355841
201906,5,서울,18.503333333333334,18.55,14.4,23.7,2.1862396204810035,76.23333333333333,78.0,50.0,96.0,12.519456122739333,0.89,0.8500000000000001,0.2,2.6,0.5677238279547426
201906,6,서울,18.4,18.7,14.1,23.5,2.1782625154482407,75.3,77.5,51.0,96.0,12.148932122789143,1.1400000000000001,1.1,0.2,3.2,0.7779726083290753
201906,7,서울,19.15,19.2,15.3,24.2,2.0764276351796918,70.86666666666666,69.0,45.0,96.0,14.311156326527179,1.16,1.2,0.5,2.2,0.4583328108669958
201906,8,서울,20.540000000000003,20.6,16.2,24.4,2.077066897466648,65.6,64.5,39.0,95.0,15.891008084166169,1.3833333333333333,1.3,0.6,3.2,0.5954328088752395
201906,9,서울,21.916666666666668,21.799999999999997,17.3,25.6,2.0905507166415678,60.46666666666667,58.0,37.0,95.0,15.47352206375366,1.5566666666666669,1.6,0.5,2.9,0.6049698387086139
201906,10,서울,23.209999999999997,23.35,18.4,26.8,2.2339619976392955,56.166666666666664,54.0,33.0,93.0,15.527691245072425,1.5799999999999998,1.5,0.5,2.9,0.622231800692558
201906,11,서울,24.3,24.45,19.2,28.4,2.3699265229407285,52.1,51.0,30.0,88.0,14.700105559086161,1.8099999999999998,1.75,0.4,4.5,0.7871160804722078
201906,12,서울,25.293333333333333,25.55,19.3,29.4,2.459314921895418,49.7,49.0,22.0,91.0,14.572411345202722,2.0433333333333334,1.85,0.7,4.1,0.8834428472560157
201906,13,서울,26.02,26.05,19.6,30.5,2.5385849982034183,47.733333333333334,48.0,27.0,76.0,12.85176315109931,2.1233333333333335,1.9,0.8,4.0,0.8435080006297728
201906,14,서울,26.62,26.6,20.4,31.5,2.5598221921009303,45.96666666666667,46.0,27.0,68.0,12.427675826025622,2.1666666666666665,2.25,0.9,3.6,0.8462221658778436
201906,15,서울,27.026666666666664,26.95,20.7,32.5,2.6569276180987855,45.333333333333336,44.0,25.0,72.0,12.879637319088777,2.51,2.55,1.0,4.5,0.8691454384068574
201906,16,서울,26.863333333333333,26.9,21.6,32.5,2.6246160091339634,46.86666666666667,44.0,29.0,83.0,14.134168268549734,2.566666666666667,2.6,1.1,4.5,0.847850561545278
201906,17,서울,26.423333333333336,26.35,21.7,31.1,2.353234506732842,48.4,47.0,24.0,79.0,13.479486330129124,2.6233333333333335,2.9,1.0,4.0,0.789885776698052
201906,18,서울,25.763333333333332,25.5,21.4,29.7,2.2528883121731624,50.233333333333334,48.0,22.0,74.0,13.482257391394665,2.5966666666666667,2.8,1.1,3.7,0.7739211994696269
201906,19,서울,24.55,24.3,20.7,28.3,2.256599516819576,54.46666666666667,52.0,26.0,78.0,13.790884879046972,2.43,2.55,1.0,3.8,0.7561928234299082
201906,20,서울,23.196666666666665,22.55,19.4,26.8,2.1956828068976058,59.6,57.0,29.0,91.0,15.050718850973018,2.1333333333333333,2.1500000000000004,0.9,3.8,0.6904937430530433
201906,21,서울,22.196666666666665,21.85,18.2,26.2,2.1343630776244313,62.266666666666666,60.0,31.0,93.0,15.035437067677545,1.8433333333333333,1.85,0.4,3.4,0.7430985145314519
201906,22,서울,21.413333333333334,21.35,17.5,25.8,2.1363412702535407,64.76666666666667,65.5,37.0,94.0,14.542881499168265,1.73,1.6,0.7,3.8,0.7110701017868578
201906,23,서울,20.84,20.6,16.8,25.3,2.1225553889852535,66.06666666666666,65.5,40.0,93.0,14.110239210400104,1.4966666666666666,1.4,0.2,2.8,0.6110947402892578
201907,0,서울,24.37741935483871,24.6,19.6,28.2,2.3133971668550366,74.61290322580645,78.0,40.0,95.0,13.71295596471901,1.5483870967741935,1.4,0.3,3.8,0.8028577988419184
201907,1,서울,24.038709677419355,24.4,19.6,28.0,2.3165602977050317,76.19354838709677,78.0,42.0,95.0,13.409994667756111,1.4387096774193548,1.5,0.3,3.0,0.7396744416092071
201907,2,서울,23.761290322580646,24.2,19.7,27.6,2.3214474535448573,77.45161290322581,79.0,47.0,96.0,12.844814024026507,1.4516129032258065,1.4,0.3,3.7,0.8217343316595436
201907,3,서울,23.516129032258064,23.8,19.9,27.3,2.364190738807333,77.93548387096774,81.0,50.0,96.0,12.580237103941952,1.5612903225806452,1.6,0.3,3.7,0.8838089610147051
201907,4,서울,23.312903225806455,23.4,20.1,26.9,2.3103739863903527,79.6774193548387,82.0,51.0,96.0,13.1767145545319,1.2000000000000002,1.1,0.1,3.0,0.8008328997570802
201907,5,서울,23.161290322580644,23.1,19.9,26.8,2.325751121588444,80.7741935483871,82.0,52.0,97.0,13.162344465480189,1.2451612903225806,1.0,0.1,3.4,0.8488575497602329
201907,6,서울,23.11935483870968,22.9,19.8,26.7,2.308306645550473,80.58064516129032,81.0,54.0,97.0,12.849835779880316,1.2451612903225806,1.0,0.2,3.4,0.9069504615936563
201907,7,서울,23.506451612903227,23.8,20.0,26.8,2.1525079146383286,78.03225806451613,79.0,52.0,96.0,13.345370910213878,1.238709677419355,1.1,0.0,2.6,0.6499627780905809
201907,8,서울,24.248387096774195,24.3,20.3,27.5,1.8530822913445104,75.38709677419355,77.0,47.0,97.0,15.85492020237427,1.535483870967742,1.5,0.2,4.4,0.8550042444716378
201907,9,서울,25.003225806451614,25.2,21.1,28.5,1.6197703275398323,71.96774193548387,73.0,39.0,97.0,17.438432404639556,1.7516129032258063,1.6,0.7,3.2,0.7352418956787559
201907,10,서울,25.97741935483871,25.8,21.9,30.5,1.9148036761714158,67.03225806451613,66.0,35.0,97.0,18.625222810242647,1.8129032258064517,1.7,0.6,4.1,0.8011416585031933
201907,11,서울,26.980645161290322,26.9,23.0,32.1,2.1354811097016224,63.41935483870968,64.0,31.0,97.0,18.675785023301138,1.9806451612903226,2.0,0.2,3.9,0.825194665857178
201907,12,서울,27.86774193548387,27.3,24.0,33.4,2.322267153275608,60.03225806451613,60.0,28.0,97.0,19.482443157824168,1.8290322580645162,1.7,0.3,4.5,0.7925459180754542
201907,13,서울,28.567741935483873,27.8,24.8,34.3,2.667131679885615,58.0,57.0,27.0,95.0,21.214774725805288,2.0870967741935487,2.1,0.5,4.8,0.8155742089611348
201907,14,서울,29.01290322580645,29.3,24.9,35.2,2.8725995121125485,57.12903225806452,55.0,25.0,94.0,21.297483318432835,2.0999999999999996,2.2,0.7,3.5,0.811582815655104
201907,15,서울,29.374193548387098,29.4,25.3,35.8,2.953638179368565,55.806451612903224,52.0,25.0,94.0,19.401751389739204,2.4096774193548387,2.4,0.8,4.5,0.932149787215795
201907,16,서울,29.219354838709677,29.1,23.3,35.8,3.0272561123718082,56.645161290322584,54.0,25.0,93.0,19.980904862888092,2.509677419354839,2.6,0.7,4.3,0.8411717377997899
201907,17,서울,28.664516129032258,28.5,23.0,35.2,2.963618102601028,59.41935483870968,55.0,27.0,95.0,19.77165343540829,2.5354838709677416,2.3,0.5,4.9,0.9826998141503757
201907,18,서울,28.019354838709678,28.3,22.1,34.2,2.716053430357941,61.354838709677416,61.0,28.0,94.0,19.336577406729756,2.5161290322580645,2.5,0.6,4.3,0.906677735542807
201907,19,서울,27.161290322580644,27.3,21.3,32.2,2.464234488213983,63.903225806451616,62.0,35.0,96.0,17.41906013291126,2.4322580645161294,2.3,0.7,4.8,1.0225416362424868
201907,20,서울,26.219354838709677,26.1,20.6,30.5,2.3152277576714715,67.29032258064517,69.0,35.0,96.0,16.093877818158262,2.1451612903225805,2.4,0.4,3.5,0.8245559247972691
201907,21,서울,25.574193548387097,25.5,19.9,29.3,2.3157385779250492,69.87096774193549,71.0,33.0,95.0,15.77918868950253,1.8548387096774193,1.8,0.3,4.0,0.8648077665691258
201907,22,서울,25.151612903225807,25.3,19.4,28.4,2.3269251481646958,71.93548387096774,74.0,35.0,95.0,15.500398884912538,1.8193548387096774,1.8,0.4,3.9,0.7943212426714645
201907,23,서울,24.796774193548387,25.2,19.4,28.2,2.3209888511821464,73.38709677419355,75.0,35.0,96.0,15.529922556911094,1.6580645161290322,1.8,0.5,3.3,0.7055844827981915
201908,0,서울,25.799999999999997,25.9,21.2,29.9,2.2344275926211306,75.0,77.0,50.0,96.0,12.513992168768524,1.3709677419354838,1.2,0.0,3.4,0.7137663242206078
201908,1,서울,25.438709677419357,25.6,20.7,29.4,2.256202919265735,77.09677419354838,78.0,52.0,96.0,12.061936933206255,1.0483870967741935,0.9,0.1,2.9,0.5904071858990966
201908,2,서울,25.083870967741937,25.2,19.9,29.1,2.318059069450639,79.16129032258064,81.0,55.0,97.0,11.483602147391295,1.1741935483870967,1.1,0.1,3.5,0.6918418614758163
201908,3,서울,24.774193548387096,25.0,19.3,28.9,2.3426434843192956,80.29032258064517,82.0,58.0,97.0,11.361319020803576,0.9903225806451613,0.8,0.3,2.2,0.5362554358448203
201908,4,서울,24.509677419354837,24.7,19.0,28.7,2.2844918966383867,81.06451612903226,82.0,57.0,96.0,10.592247114032562,0.932258064516129,0.8,0.1,2.2,0.5558099775847819
201908,5,서울,24.229032258064517,24.5,18.8,28.2,2.2827167364622203,82.38709677419355,84.0,61.0,96.0,9.874807742786148,0.9419354838709677,0.8,0.2,2.6,0.5018460544485643
201908,6,서울,23.980645161290322,24.4,18.6,27.9,2.2495065169704374,82.7741935483871,83.0,61.0,96.0,9.207640586018238,0.8419354838709678,0.7,0.0,2.7,0.5620048597348527
201908,7,서울,24.125806451612902,24.2,18.7,28.5,2.2612633256560377,80.51612903225806,80.0,62.0,97.0,9.273154687023307,1.035483870967742,1.0,0.1,2.5,0.5834085972951114
201908,8,서울,25.016129032258064,24.8,20.1,29.3,2.35302596305177,74.6774193548387,72.0,55.0,97.0,11.004202520777211,1.261290322580645,1.2,0.5,2.6,0.5289470164738234
201908,9,서울,26.212903225806453,25.6,22.3,30.8,2.4620779754080204,70.06451612903226,69.0,52.0,97.0,11.681710730513656,1.4516129032258065,1.3,0.1,4.2,0.8724948778233353
201908,10,서울,27.496774193548386,26.9,23.1,32.3,2.6296367139420296,64.38709677419355,62.0,47.0,96.0,11.794567730823765,1.4903225806451614,1.3,0.3,4.3,0.8047172748693284
201908,11,서울,28.35483870967742,27.9,20.3,33.5,3.1612063846657645,61.25806451612903,57.0,45.0,95.0,13.803303329120132,1.7999999999999998,1.8,0.4,4.1,0.817720408615724
201908,12,서울,29.116129032258065,28.3,20.3,34.4,3.3240634544879493,59.935483870967744,55.0,41.0,97.0,14.92187540463322,1.8419354838709678,1.7,0.1,4.2,0.8409416125385429
201908,13,서울,29.76451612903226,29.3,21.3,35.5,3.5079479649406395,56.225806451612904,54.0,31.0,96.0,16.286414947064223,1.9096774193548387,1.8,0.0,3.8,0.8688516707738161
201908,14,서울,30.496774193548386,30.1,22.7,36.1,3.4866874318343823,54.31935483870968,49.0,32.0,95.0,16.093734171095672,2.1774193548387095,2.2,0.7,3.9,0.7441817329207316
201908,15,서울,30.903225806451612,30.2,24.1,36.6,3.300351887397036,52.34838709677419,49.0,32.0,95.0,15.25481062851414,2.238709677419355,2.0,0.7,4.5,1.0968674849633808
201908,16,서울,30.874193548387098,30.7,25.6,36.7,3.120573424007778,53.29677419354839,51.0,35.0,95.0,15.05358171933328,2.270967741935484,2.2,0.7,4.0,0.9498047337521878
201908,17,서울,30.493548387096773,30.0,24.3,35.8,3.0136285420149784,54.82258064516129,52.0,36.0,88.0,14.118869399434205,2.261290322580645,2.2,1.0,4.6,0.8689754194278987
201908,18,서울,29.677419354838708,28.9,23.0,35.4,2.9210397324034423,58.67741935483871,56.0,40.0,89.0,13.259932369797852,2.3225806451612905,2.4,0.4,3.7,0.8436862281754416
201908,19,서울,28.641935483870967,27.8,23.4,34.3,2.787205792372044,63.0,62.0,43.0,88.0,12.37739875741264,2.3870967741935485,2.3,0.5,4.8,0.9625459072978878
201908,20,서울,27.693548387096776,27.4,22.9,33.3,2.7094815597417594,66.74193548387096,66.0,45.0,93.0,12.138005717402633,1.8709677419354838,2.0,0.3,3.8,0.8482112741477784
201908,21,서울,27.096774193548388,27.0,22.5,32.3,2.6235451677666646,69.48387096774194,70.0,46.0,90.0,11.448059421409774,1.7322580645161292,1.8,0.2,3.8,0.8154291699361728
201908,22,서울,26.651612903225807,26.5,22.2,31.3,2.5481851015630625,71.54838709677419,74.0,47.0,96.0,11.896326350817771,1.6161290322580646,1.5,0.5,2.8,0.6613606047099914
201908,23,서울,26.080645161290324,26.2,21.8,30.6,2.3317260209036434,73.35483870967742,74.0,48.0,96.0,11.669185595966766,1.3451612903225807,1.1,0.1,3.2,0.8342016981032104
201909,0,서울,21.116666666666667,21.65,16.0,25.5,2.3582698703942238,72.43333333333334,73.0,42.0,97.0,15.606548875907574,1.78,1.6,0.0,4.9,1.0851346650896887
201909,1,서울,20.78666666666667,21.35,15.3,25.3,2.4036944744365445,73.6,74.5,47.0,97.0,13.900136441900425,1.8566666666666665,1.6,0.5,4.5,1.0608010419370413
201909,2,서울,20.529999999999998,21.0,14.6,25.2,2.5228814943399045,73.16666666666667,75.5,46.0,97.0,14.1057174354166,1.8733333333333335,1.6,0.3,4.7,1.0696223417744175
201909,3,서울,20.196666666666665,20.8,14.2,25.0,2.5780884837191023,74.43333333333334,76.5,50.0,97.0,13.286454946955235,1.9733333333333334,1.75,0.8,4.4,0.9085544916887572
201909,4,서울,19.96333333333333,20.549999999999997,14.2,24.7,2.5898320186949317,74.9,76.5,51.0,97.0,13.168274308954157,1.97,1.8,0.7,4.7,0.9188260876304856
201909,5,서울,19.726666666666667,20.05,13.8,25.0,2.707325099688305,75.33333333333333,78.0,49.0,97.0,13.207451745480476,1.9766666666666666,1.75,0.8,5.3,0.9042746505781089
201909,6,서울,19.513333333333332,19.65,13.8,25.4,2.8084519399218095,76.23333333333333,75.5,51.0,97.0,12.762237760035589,1.9866666666666668,1.75,0.0,5.3,0.9587108202068072
201909,7,서울,19.456666666666667,19.5,13.8,26.0,2.843829779732245,75.46666666666667,79.0,52.0,97.0,13.129942966321313,2.1379310344827585,1.9,0.7,5.6,1.0811415240725386
201909,8,서울,20.196666666666665,20.549999999999997,15.2,26.8,2.602715204700969,70.03333333333333,71.0,44.0,97.0,13.596356848076246,2.03,1.85,0.3,5.3,1.0452354956560317
201909,9,서울,21.64,21.95,18.0,27.3,2.134381926201716,65.46666666666667,63.5,40.0,96.0,13.366797087104159,2.25,2.0,0.6,6.0,1.140402227891243
201909,10,서울,23.223333333333336,23.25,19.3,28.1,2.069929756151714,60.233333333333334,59.0,34.0,95.0,13.65001789397169,2.246666666666667,2.1,1.0,6.0,1.0404685063199548
201909,11,서울,24.473333333333336,24.799999999999997,19.4,28.8,2.2006164235682135,56.1,54.5,29.0,95.0,14.025469443246758,2.444827586206897,2.2,0.8,5.9,1.1422365926101021
201909,12,서울,25.36,26.3,19.6,29.5,2.3371954900308807,53.93333333333333,51.5,33.0,95.0,13.426513485183559,2.463333333333333,2.3499999999999996,0.8,7.0,1.21470397510111
201909,13,서울,26.043333333333333,27.0,19.5,28.8,2.3904527537301576,51.06666666666667,46.0,29.0,96.0,16.376883062737388,2.6266666666666665,2.45,0.8,7.4,1.2289421673027225
201909,14,서울,26.263333333333332,27.25,19.2,29.6,2.7195947128752205,51.1,44.5,26.0,96.0,19.41266916572605,2.5133333333333336,2.4,0.5,6.7,1.2392248225885165
201909,15,서울,26.273333333333333,27.299999999999997,18.8,30.4,2.8752131355279817,52.6,43.0,30.0,97.0,20.822070518794597,2.433333333333333,2.2,0.8,9.1,1.5241353305225642
201909,16,서울,26.103333333333335,26.450000000000003,18.9,30.3,2.8043664639928596,53.56666666666667,46.5,28.0,97.0,21.01999595349765,2.4266666666666667,2.3,0.5,7.0,1.1872696388783377
201909,17,서울,25.59333333333333,25.75,19.0,29.5,2.7685341986682057,55.63333333333333,50.5,29.0,97.0,20.640574927393214,2.52,2.3499999999999996,1.0,7.1,1.1418073996655629
201909,18,서울,24.57,25.1,19.0,28.0,2.4221890925359233,59.333333333333336,55.5,32.0,97.0,19.28968517169185,2.57,2.3,0.7,7.9,1.311790037867446
201909,19,서울,23.59333333333333,23.950000000000003,18.8,27.4,2.285928971855383,63.266666666666666,61.0,34.0,97.0,18.10683493226709,2.52,2.3499999999999996,0.8,7.5,1.242466956474511
201909,20,서울,22.863333333333333,23.200000000000003,18.7,26.9,2.186555050417378,66.46666666666667,66.0,35.0,97.0,17.17000860227795,2.2233333333333336,1.9,0.4,7.9,1.4058212309299265
201909,21,서울,22.37,22.9,18.7,26.5,2.1647887529335477,67.9,68.5,38.0,96.0,16.208448201584517,1.9233333333333333,1.65,0.5,5.9,1.2110648871631695
201909,22,서울,21.923333333333336,22.5,17.9,25.9,2.1723471071684157,69.83333333333333,70.0,36.0,97.0,16.809445894031363,1.7,1.35,0.3,4.1,1.0514357999323165
201909,23,서울,21.46333333333333,21.9,16.9,25.6,2.2524290847014905,71.83333333333333,72.0,41.0,97.0,15.850776840167226,1.59,1.35,0.0,4.1,1.0069927918106567
201910,0,서울,14.629032258064516,14.7,7.5,22.5,3.730164745994213,69.61290322580645,68.0,50.0,96.0,11.274388141136052,1.8129032258064517,1.6,0.4,4.8,0.9797080978481536
201910,1,서울,14.225806451612904,14.4,6.7,22.4,3.8318809777910627,70.93548387096774,69.0,53.0,96.0,11.27810706301067,1.7516129032258063,1.5,0.1,4.8,1.0723404209926173
201910,2,서울,13.812903225806451,13.9,6.3,22.2,3.8525958292631626,71.90322580645162,70.0,54.0,96.0,10.590419691745543,1.8612903225806452,1.6,0.6,4.9,1.0432888444257542
201910,3,서울,13.44516129032258,13.4,5.7,22.2,3.948150512976711,72.87096774193549,70.0,54.0,96.0,10.619924467665706,1.7129032258064516,1.5,0.6,3.8,0.7834717333696523
201910,4,서울,13.077419354838709,13.1,5.2,21.7,3.997475009504488,75.35483870967742,74.0,55.0,96.0,10.316809542672821,1.5806451612903225,1.5,0.3,3.6,0.8014234647753166
201910,5,서울,12.825806451612904,13.0,5.1,21.5,4.059718195633408,75.70967741935483,74.0,57.0,95.0,11.124128575270056,1.570967741935484,1.6,0.4,3.4,0.8426915403978283
201910,6,서울,12.625806451612902,12.6,5.0,21.5,4.104791325750553,76.93548387096774,76.0,56.0,95.0,11.424930295545114,1.7096774193548387,1.7,0.2,3.8,0.8630777634758361
201910,7,서울,12.529032258064515,12.5,4.9,21.7,4.13796999734468,76.93548387096774,79.0,55.0,95.0,11.58428672490159,1.7580645161290323,1.6,0.3,3.9,0.8345754184208027
201910,8,서울,13.061290322580644,13.3,5.0,21.9,4.143885247715791,70.87096774193549,70.0,51.0,95.0,11.675449842822252,2.106451612903226,2.0,0.5,4.2,0.9373492710372043
201910,9,서울,14.803225806451612,15.2,7.8,22.5,3.709041553732153,63.806451612903224,61.0,45.0,96.0,12.57091711010964,2.264516129032258,2.2,0.7,4.5,1.0765836047722985
201910,10,서울,16.809677419354838,16.8,9.8,23.3,3.375831239730415,57.61290322580645,54.0,40.0,96.0,13.017110327961529,2.1903225806451614,2.2,0.9,4.9,0.9809365724346226
201910,11,서울,18.493548387096773,18.7,10.9,25.1,3.3000944919674615,52.064516129032256,49.0,32.0,97.0,13.213466574852005,2.2,2.1,0.7,4.4,1.0411532067856297
201910,12,서울,19.664516129032258,19.8,13.2,26.5,3.1054305538413165,48.74193548387097,45.0,29.0,96.0,13.349076726963764,2.861290322580645,2.9,0.7,5.6,1.0989926961707068
201910,13,서울,20.567741935483873,20.9,13.5,27.5,3.223702539707429,46.483870967741936,43.0,25.0,94.0,13.423538946546932,2.661290322580645,2.6,1.1,4.4,0.9358338240502739
201910,14,서울,21.048387096774192,20.8,14.2,28.1,3.333153758603799,45.0,43.0,28.0,94.0,14.530427844125358,2.667741935483871,2.7,0.9,4.4,0.9042076077148778
201910,15,서울,21.15806451612903,21.3,13.6,27.9,3.430332752911724,45.0,42.0,28.0,96.0,15.705625319186328,2.7193548387096773,2.7,0.6,5.0,1.1833340905646523
201910,16,서울,20.87741935483871,20.6,13.9,28.0,3.4871869921585192,45.29032258064516,41.0,27.0,96.0,16.23000009937789,2.770967741935484,3.0,1.0,5.1,1.0711966978997824
201910,17,서울,19.993548387096773,19.6,12.5,27.5,3.5222091064057097,49.87096774193548,48.0,28.0,96.0,15.413721020536366,2.596774193548387,2.6,1.1,4.3,0.9020287766909072
201910,18,서울,18.532258064516128,18.4,11.0,26.6,3.5027976529981664,55.32258064516129,55.0,33.0,96.0,14.100560501328054,2.541935483870968,2.7,0.6,4.4,0.9312265007499116
201910,19,서울,17.529032258064515,17.5,10.3,25.9,3.4303735023451023,59.03225806451613,58.0,32.0,96.0,13.922365390425442,2.161290322580645,2.1,0.7,4.0,0.8261062963706461
201910,20,서울,16.787096774193547,17.0,9.6,25.2,3.424104937594045,61.61290322580645,60.0,41.0,96.0,13.343356447697955,2.103225806451613,2.0,0.5,4.8,1.1762890435511564
201910,21,서울,16.138709677419357,16.2,9.0,24.3,3.4539520764244194,64.35483870967742,63.0,44.0,96.0,12.823281917659958,2.0258064516129033,1.9,0.4,4.5,1.2390770064677132
201910,22,서울,15.596774193548388,15.7,8.9,23.6,3.457213123405203,66.6774193548387,64.0,48.0,96.0,12.778594332643934,2.070967741935484,2.0,0.3,4.7,1.201996546968722
201910,23,서울,14.996774193548388,15.2,7.9,22.9,3.533504763542636,68.48387096774194,67.0,46.0,96.0,12.263417054372015,1.8387096774193548,1.6,0.5,4.5,1.0710360776229213
201911,0,서울,6.466666666666667,6.1,-0.9,16.0,4.601748793015868,62.63333333333333,63.0,33.0,97.0,16.711514373140403,1.8033333333333335,1.5,0.3,4.0,0.893070385044582
201911,1,서울,6.093333333333334,6.35,-1.5,15.2,4.6470556739490005,63.3,64.0,31.0,97.0,18.743550614949463,1.99,1.7,0.6,4.7,1.158283510050615
201911,2,서울,5.666666666666667,6.300000000000001,-1.9,15.1,4.627081699891548,64.43333333333334,68.0,31.0,96.0,18.31653357758642,1.8833333333333333,1.5,0.6,5.5,1.1602863300996404
201911,3,서울,5.276666666666667,6.35,-2.6,14.5,4.629864326107291,64.8,66.0,33.0,96.0,17.761640185212777,1.8633333333333333,1.6,0.6,5.0,0.974319686024414
201911,4,서울,4.963333333333334,6.1,-3.0,14.1,4.63729137151935,65.4,66.5,32.0,97.0,17.856902461436064,1.7566666666666668,1.65,0.7,5.0,0.9540054699956438
201911,5,서울,4.66,5.65,-3.6,13.5,4.64695673495587,65.9,66.5,26.0,97.0,17.257382228464156,1.7766666666666666,1.6,0.5,4.7,0.9733282160155196
201911,6,서울,4.306666666666667,4.9,-4.1,13.0,4.6148884496051314,66.73333333333333,67.0,23.0,97.0,17.581207312773284,1.8033333333333335,1.8,0.5,4.0,0.8019301428572122
201911,7,서울,4.036666666666666,4.45,-4.4,12.3,4.588101803678678,67.6,71.0,25.0,97.0,18.250366080409602,1.9533333333333334,1.7999999999999998,0.6,5.2,0.9306035614082655
201911,8,서울,4.1066666666666665,4.25,-4.4,12.2,4.700031792506803,65.96666666666667,65.5,26.0,97.0,17.59992816077292,1.76,1.6,0.7,4.2,0.8231981367895539
201911,9,서울,5.553333333333333,5.699999999999999,-2.5,13.1,4.718980992671555,57.233333333333334,57.0,23.0,97.0,17.980225408685136,2.0833333333333335,1.95,0.4,4.2,0.8812543307140674
201911,10,서울,7.510000000000001,8.15,0.0,14.4,4.66789105448614,51.833333333333336,49.5,24.0,97.0,18.332340620981224,2.396666666666667,2.45,1.2,4.6,0.8860930648302296
201911,11,서울,9.116666666666667,10.05,1.4,16.8,4.8483259345691785,48.166666666666664,46.5,19.0,97.0,18.294682350312907,2.3833333333333333,2.4,1.2,4.1,0.7728511179876189
201911,12,서울,10.276666666666667,11.0,2.1,18.5,4.9595385862503125,45.1,43.0,19.0,95.0,17.28932299585997,2.316666666666667,2.1,0.9,4.8,1.0471910978433208
201911,13,서울,11.336666666666668,11.9,3.3,19.7,5.031246046617993,42.93333333333333,41.0,14.0,96.0,18.99534123162169,2.76,2.95,0.7,4.8,1.0918506908155907
201911,14,서울,11.963333333333333,12.4,3.8,21.4,5.192002027876266,41.666666666666664,39.0,16.0,96.0,20.065983109753674,2.68,2.9,0.9,4.7,1.1324066529238546
201911,15,서울,12.203333333333335,12.85,3.6,22.0,5.308969854834382,41.833333333333336,37.5,16.0,96.0,21.921621091159473,2.786666666666667,2.7,0.6,4.7,0.9694411235108725
201911,16,서울,11.870000000000001,12.649999999999999,3.9,20.2,5.114762272427552,43.666666666666664,39.0,18.0,95.0,22.44892030785681,2.6633333333333336,2.6500000000000004,0.6,5.4,1.0558485175222927
201911,17,서울,10.639999999999999,10.75,2.5,18.9,4.9723095306874745,48.166666666666664,46.5,22.0,96.0,21.489505591676895,2.6599999999999997,2.4,0.9,4.8,1.0679015839970685
201911,18,서울,9.526666666666667,9.7,1.7,17.2,4.658691049946388,51.56666666666667,50.5,26.0,96.0,20.138628747163793,2.4166666666666665,2.35,0.6,4.7,1.105498275340857
201911,19,서울,8.643333333333334,8.65,1.1,15.9,4.449539560319762,54.36666666666667,55.0,28.0,96.0,18.823102703919428,2.1666666666666665,2.05,0.4,4.4,1.1281150996954696
201911,20,서울,7.946666666666667,8.05,0.6,14.7,4.293919785747841,56.7,56.5,28.0,96.0,19.43539252905947,2.086666666666667,1.95,0.7,4.4,1.0997596393611726
201911,21,서울,7.373333333333333,7.2,0.2,14.3,4.287989106179333,58.4,56.0,28.0,96.0,18.75173555186017,2.0266666666666664,1.8,0.4,4.8,1.0010109832093488
201911,22,서울,6.926666666666667,6.65,0.0,14.1,4.26185432632916,58.333333333333336,57.0,28.0,97.0,17.461945488114576,1.7433333333333334,1.6,0.6,4.7,1.0129109071123314
201911,23,서울,6.516666666666667,6.1,-0.3,13.5,4.211567267725249,59.9,60.5,33.0,97.0,16.924477275073603,1.85,1.5,0.3,5.1,1.1467344941179716
201912,0,서울,0.8677419354838709,0.3,-8.5,10.2,4.2488733484516565,63.38709677419355,63.0,31.0,85.0,14.001612810327336,1.935483870967742,1.6,0.5,7.4,1.2942303728720463
201912,1,서울,0.5645161290322581,-0.2,-8.7,9.9,4.364748819584526,63.03225806451613,60.0,31.0,85.0,13.292814778337307,1.8548387096774193,1.8,0.7,4.0,0.874390724896454
201912,2,서울,0.2774193548387097,-0.2,-9.1,9.8,4.547725415151282,63.16129032258065,59.0,31.0,91.0,14.118774201262537,1.8806451612903226,1.8,0.0,5.7,1.0505298202458637
201912,3,서울,0.04193548387096771,0.0,-9.5,9.7,4.60063576719192,64.3225806451613,62.0,35.0,94.0,15.354450162247625,1.9,1.8,0.5,5.7,0.9879271228182775
201912,4,서울,-0.2193548387096775,-0.5,-9.8,9.4,4.636695616121371,65.45161290322581,61.0,34.0,94.0,14.56900525013615,1.974193548387097,1.8,0.2,5.0,0.9953115900512374
201912,5,서울,-0.5129032258064516,-0.6,-10.2,9.7,4.662670331865198,65.87096774193549,63.0,35.0,94.0,14.619033108665503,1.867741935483871,1.6,0.0,4.9,1.1112716729867615
201912,6,서울,-0.7096774193548387,-1.1,-10.2,9.4,4.676419915470214,65.70967741935483,61.0,37.0,95.0,15.434147311264285,2.0129032258064514,1.8,0.0,3.9,1.023308990638986
201912,7,서울,-0.8548387096774193,-1.6,-10.6,9.8,4.7491640464175315,66.41935483870968,62.0,36.0,95.0,15.626418215207192,1.903225806451613,1.7,0.3,4.1,0.9768943549049515
201912,8,서울,-0.896774193548387,-2.0,-10.8,9.4,4.758114743675114,66.25806451612904,62.0,38.0,95.0,15.905906118871872,2.032258064516129,2.1,0.2,3.7,0.8802980922294422
201912,9,서울,-0.39032258064516123,-1.3,-10.7,8.6,4.470671451337757,62.225806451612904,57.0,31.0,96.0,17.880547488671134,2.3548387096774195,2.5,0.1,4.5,1.0569890285389025
201912,10,서울,0.7193548387096773,0.4,-9.6,9.0,4.076797710200062,57.83870967741935,54.0,19.0,96.0,19.080700151712723,2.429032258064516,2.3,0.8,5.1,1.1428600230378452
201912,11,서울,1.8225806451612903,1.7,-8.8,9.4,3.920859572204319,53.516129032258064,51.0,19.0,96.0,19.326787916847323,2.448387096774194,2.3,1.1,4.4,0.9465273258045029
201912,12,서울,2.932258064516129,3.2,-8.0,9.6,3.9164088224438633,49.70967741935484,49.0,19.0,97.0,19.000339555539696,2.429032258064516,2.2,0.8,4.6,1.0936768408712256
201912,13,서울,3.8161290322580643,4.4,-6.8,10.9,3.8760888168525027,47.225806451612904,41.0,22.0,96.0,19.32133480105926,2.574193548387097,2.5,0.6,5.6,1.2414958026336573
201912,14,서울,4.470967741935484,5.0,-6.1,12.0,3.8794495785173013,46.54838709677419,41.0,23.0,93.0,19.252426184211032,2.416129032258065,2.3,0.3,5.1,1.0185272944120671
201912,15,서울,4.683870967741935,4.9,-5.4,12.5,3.8097328667675683,46.935483870967744,45.0,20.0,93.0,19.162351080301477,2.4366666666666665,2.3499999999999996,1.0,4.8,0.8899761071311789
201912,16,서울,4.45483870967742,4.7,-4.9,12.6,3.744848791756254,47.225806451612904,43.0,21.0,94.0,18.980182081001146,2.396666666666667,2.4,0.2,4.8,1.0832528705751003
201912,17,서울,3.6580645161290324,4.4,-5.6,11.4,3.798664168147217,48.774193548387096,45.0,24.0,88.0,16.582540371164193,2.4833333333333334,2.25,0.9,5.6,1.1817822114934284
201912,18,서울,2.825806451612903,3.2,-6.7,10.6,3.8575439286274267,52.61290322580645,50.0,32.0,88.0,15.878029725283591,2.2516129032258063,2.1,0.8,4.4,0.9362588558519969
201912,19,서울,2.193548387096774,2.2,-6.9,10.5,3.9645878712985176,54.193548387096776,52.0,35.0,92.0,14.799593135936112,2.1806451612903226,2.0,0.2,5.1,1.1771205984204873
201912,20,서울,1.7161290322580647,1.7,-7.0,10.5,4.115264007261547,56.0,54.0,37.0,91.0,14.31549277298317,1.7161290322580647,1.6,0.0,4.4,0.9993653900329444
201912,21,서울,1.335483870967742,1.5,-7.5,10.3,4.186689096577133,57.41935483870968,54.0,38.0,86.0,14.153384032445826,1.8433333333333333,1.45,0.1,5.3,1.180205514930033
201912,22,서울,1.074193548387097,1.1,-8.2,10.3,4.369742001685033,59.03225806451613,55.0,35.0,85.0,13.89360493408806,2.1633333333333336,2.0,0.0,4.7,1.1293829054516618
201912,23,서울,0.8064516129032258,0.7,-8.2,10.2,4.353307974699314,60.774193548387096,57.0,32.0,84.0,14.143808250536948,1.961290322580645,1.7,0.0,5.5,1.2120718953799288
202001,0,서울,0.3548387096774194,-0.3,-6.5,7.7,3.3274453373599218,59.903225806451616,59.0,38.0,96.0,15.501300673835251,1.7225806451612902,1.4,0.0,4.9,1.2265696548829055
202001,1,서울,0.13548387096774192,-0.5,-5.9,8.7,3.3661598681679568,61.41935483870968,60.0,39.0,96.0,14.449392590574847,1.9548387096774194,1.7,0.2,5.4,1.1977308294374602
202001,2,서울,-0.16451612903225812,-0.6,-5.7,6.5,3.2561273917643105,62.45161290322581,63.0,41.0,95.0,14.461071213612122,1.7870967741935484,1.3,0.1,5.8,1.4582505352839457
202001,3,서울,-0.34516129032258064,-0.6,-5.6,5.5,3.196752384288094,62.45161290322581,60.0,38.0,95.0,14.329081639978238,1.729032258064516,1.4,0.0,5.3,1.2923347214472203
202001,4,서울,-0.5741935483870968,-0.7,-5.4,5.3,3.2581147659278353,63.41935483870968,62.0,38.0,95.0,13.975631634022571,1.6483870967741936,1.4,0.0,4.7,0.9591214618048246
202001,5,서울,-0.7096774193548387,-0.5,-5.5,5.4,3.3019544554409666,63.32258064516129,61.0,39.0,95.0,13.59016089375985,1.7483870967741937,1.5,0.0,6.3,1.2449554122516289
202001,6,서울,-0.8838709677419355,-0.6,-5.9,5.5,3.362845697143373,64.16129032258064,63.0,35.0,95.0,14.387718777238566,1.7806451612903227,1.7,0.0,6.0,1.3307690395253189
202001,7,서울,-0.9612903225806451,-0.8,-6.2,5.6,3.397124020830448,64.12903225806451,62.0,41.0,95.0,13.86300096295621,1.696774193548387,1.5,0.0,5.7,1.0824305585017888
202001,8,서울,-1.032258064516129,-1.1,-6.3,5.7,3.4619250036912694,65.41935483870968,63.0,35.0,95.0,13.793172691706062,1.8903225806451613,1.7,0.8,5.8,1.0067620833509365
202001,9,서울,-0.5903225806451613,-0.4,-5.7,6.1,3.381159055581353,62.12903225806452,61.0,33.0,95.0,13.812414549923005,1.7032258064516128,1.4,0.0,5.1,1.1116006090221857
202001,10,서울,0.7870967741935483,0.7,-4.2,6.9,3.317302311164286,56.774193548387096,54.0,31.0,94.0,15.831844864953577,1.8193548387096774,1.7,0.1,5.0,0.9978040404938269
202001,11,서울,2.3870967741935485,2.1,-3.4,7.6,3.268102602987843,50.67741935483871,47.0,31.0,93.0,15.90049705045767,2.041935483870968,2.0,0.7,4.3,0.9746022072443665
202001,12,서울,3.635483870967742,3.6,-2.2,8.7,3.2787750138424947,47.0,45.0,27.0,94.0,15.97915308560918,2.325806451612903,2.3,0.8,6.0,1.2096742652288628
202001,13,서울,4.564516129032258,4.0,-1.0,10.0,3.2334242310690557,44.096774193548384,39.0,24.0,95.0,17.58286066734625,2.5,2.5,0.8,5.0,0.8831760866327847
202001,14,서울,5.012903225806451,4.7,-0.4,10.9,3.0051890606620044,43.03225806451613,38.0,21.0,95.0,16.979367618706615,2.9387096774193546,2.7,1.1,5.9,1.156626537062227
202001,15,서울,5.290322580645161,4.9,-0.4,11.6,2.9677550256840806,42.25806451612903,38.0,21.0,95.0,16.86212272508117,2.8483870967741933,2.6,0.0,6.2,1.3341341681010286
202001,16,서울,5.209677419354839,4.8,0.0,11.1,2.8335319348485295,42.193548387096776,38.0,19.0,96.0,17.92655266141766,2.8419354838709676,2.8,0.0,5.6,1.299685652647949
202001,17,서울,4.470967741935484,4.3,-0.9,10.3,2.9731233350790203,45.03225806451613,40.0,23.0,96.0,17.852140620418123,2.851612903225807,2.9,0.8,6.1,1.1952324649043342
202001,18,서울,3.5483870967741935,2.9,-1.9,9.4,3.0374189665725444,49.03225806451613,41.0,28.0,96.0,17.232689615897147,2.5354838709677416,2.4,0.3,5.3,1.0846038868627794
202001,19,서울,2.864516129032258,2.3,-2.3,8.7,3.0388098972126985,51.74193548387097,44.0,29.0,95.0,16.693247620790636,2.7419354838709675,2.7,0.3,5.6,1.158669982795903
202001,20,서울,2.2483870967741937,1.5,-2.8,8.0,3.043996382799201,54.16129032258065,50.0,34.0,95.0,15.688842689830135,2.606451612903226,2.0,0.5,5.5,1.404501212500003
202001,21,서울,1.7032258064516128,0.9,-3.0,7.3,3.0209804005728276,56.064516129032256,52.0,33.0,95.0,15.294738711663715,2.264516129032258,1.9,0.5,5.6,1.3182180869382665
202001,22,서울,1.261290322580645,0.3,-3.6,7.3,3.065580686629624,57.96774193548387,57.0,37.0,96.0,14.882839941730973,1.935483870967742,1.6,0.2,4.8,1.2295116610797894
202001,23,서울,0.8483870967741935,-0.1,-4.2,7.5,3.096220380586836,59.774193548387096,61.0,40.0,95.0,14.59614030584651,1.941935483870968,1.7,0.0,4.5,1.157518666098129
202002,0,서울,1.4551724137931035,1.6,-9.5,7.9,4.935193309782922,64.51724137931035,65.0,35.0,96.0,17.75351210657279,1.889655172413793,1.8,0.5,5.8,1.1036772391763192
202002,1,서울,1.0517241379310345,1.3,-9.9,7.9,4.874175438666169,65.75862068965517,64.0,32.0,96.0,17.422594468951996,1.8448275862068966,1.7,0.5,4.8,0.9800095505717393
202002,2,서울,0.8413793103448275,1.1,-10.1,8.0,4.8740213113857385,65.93103448275862,64.0,35.0,97.0,17.699739777108018,2.1758620689655173,1.8,0.3,5.8,1.270729591447874
202002,3,서울,0.5241379310344828,0.9,-10.7,7.3,4.864276129704177,66.51724137931035,68.0,37.0,96.0,16.88325605371693,2.1965517241379313,1.8,0.7,5.5,1.2451284381886902
202002,4,서울,0.15862068965517243,0.7,-11.0,7.0,4.804500660941283,67.34482758620689,66.0,37.0,96.0,16.656778676024633,1.9758620689655173,2.0,0.3,4.2,0.9627546685029047
202002,5,서울,-0.2275862068965517,0.1,-11.2,7.1,4.854518995719653,68.10344827586206,68.0,40.0,96.0,16.244438229714643,1.8551724137931034,1.7,0.2,5.3,1.300161035876642
202002,6,서울,-0.4275862068965517,-0.1,-11.5,6.8,4.945481094012142,67.13793103448276,66.0,40.0,96.0,15.927792730971486,1.8793103448275863,1.7,0.3,4.8,1.0919770112522738
202002,7,서울,-0.6482758620689656,-0.6,-11.7,6.7,4.9559214718827,67.72413793103448,67.0,41.0,96.0,16.044350478159277,1.8103448275862069,1.8,0.0,3.7,0.888154116125207
202002,8,서울,-0.5965517241379312,-0.4,-11.5,6.8,5.038174468043296,67.58620689655173,64.0,40.0,96.0,16.702260842214727,1.9758620689655173,1.7,0.4,4.9,1.1296823739484705
202002,9,서울,0.27586206896551724,0.6,-10.6,7.9,5.090302767617056,61.89655172413793,60.0,38.0,94.0,17.25304285292102,2.189655172413793,2.1,0.0,4.5,1.2078152731233978
202002,10,서울,1.8275862068965518,2.9,-9.9,10.2,5.101463134079712,55.89655172413793,55.0,29.0,93.0,16.218034114585894,2.424137931034483,2.1,0.7,4.5,1.1791810634061108
202002,11,서울,3.2448275862068963,5.0,-8.6,12.2,5.153610815098239,50.48275862068966,47.0,21.0,93.0,16.88114055400111,2.5034482758620693,2.0,0.8,5.9,1.1644995119365624
202002,12,서울,4.2827586206896555,5.0,-7.4,14.5,5.336000974881928,48.03448275862069,42.0,17.0,91.0,19.457798213828028,2.720689655172414,2.6,0.7,5.8,1.379280172083775
202002,13,서울,5.179310344827586,6.3,-6.6,15.5,5.401215426070111,45.96551724137931,39.0,23.0,87.0,20.061481854219846,2.768965517241379,2.7,0.7,5.2,1.2062644368568678
202002,14,서울,5.86551724137931,6.4,-5.6,15.0,5.3443077770431175,45.172413793103445,40.0,22.0,93.0,20.397949766577103,2.893103448275862,2.8,0.9,5.8,1.2626307667730776
202002,15,서울,6.296551724137931,6.9,-5.3,14.4,5.304478078447404,44.13793103448276,42.0,19.0,94.0,18.749712641476165,3.1999999999999997,3.1,1.2,5.4,1.0889050857234002
202002,16,서울,6.317241379310344,7.6,-5.4,14.3,5.472924849104078,45.06896551724138,41.0,18.0,95.0,19.775401448846853,2.9068965517241376,2.6,0.8,6.2,1.1410931583613642
202002,17,서울,5.9655172413793105,6.6,-5.6,14.2,5.453326367723317,46.206896551724135,43.0,18.0,95.0,18.957432222038985,2.9896551724137934,2.7,0.8,6.0,1.3607626085571614
202002,18,서울,4.9206896551724135,5.2,-6.5,13.0,5.348589888288637,50.58620689655172,48.0,22.0,95.0,17.20157227319499,2.7896551724137932,2.6,0.6,5.3,1.1724043755054965
202002,19,서울,3.972413793103448,4.3,-7.3,11.0,5.19765720244118,54.6551724137931,54.0,28.0,95.0,17.813068761985168,2.531034482758621,2.6,0.8,4.8,1.029945715724815
202002,20,서울,3.3620689655172415,3.7,-8.1,10.2,5.148676237157847,56.93103448275862,57.0,30.0,95.0,16.47493991856107,2.4068965517241376,2.3,0.2,4.7,1.0385192186414676
202002,21,서울,2.7448275862068963,2.9,-8.9,9.1,4.976127740587092,60.758620689655174,61.0,31.0,96.0,16.830361961165377,2.0310344827586206,1.7,0.4,6.1,1.2241917007548468
202002,22,서울,2.262068965517241,2.6,-9.3,8.4,4.8880622652907775,62.89655172413793,63.0,32.0,96.0,17.58925164408693,1.8275862068965518,1.5,0.5,5.0,1.0612985818340452
202002,23,서울,1.9620689655172414,2.3,-9.5,8.0,4.906731076003325,64.24137931034483,67.0,35.0,96.0,17.45740770400469,1.8344827586206898,1.8,0.3,4.7,1.060753055303154
202003,0,서울,5.870967741935484,5.8,-1.3,14.0,3.7276617826180787,53.774193548387096,52.0,27.0,96.0,17.29298446850505,1.8483870967741935,1.9,0.0,3.4,0.7945107373899719
202003,1,서울,5.487096774193549,5.4,-1.6,14.0,3.806463094569889,54.935483870967744,54.0,28.0,96.0,16.83436066278524,1.6870967741935483,1.4,0.0,3.8,0.9485926190885354
202003,2,서울,5.119354838709677,4.7,-1.6,13.9,3.7365241740454205,57.83870967741935,55.0,25.0,96.0,17.47015888917165,1.6354838709677417,1.5,0.0,4.1,0.995840812947121
202003,3,서울,4.758064516129032,4.3,-1.7,13.2,3.6779318639282765,59.87096774193548,57.0,18.0,96.0,18.420535525121355,1.8935483870967742,1.8,0.0,3.4,0.8842833195573192
202003,4,서울,4.4,4.1,-2.2,12.6,3.675776561943521,60.96774193548387,59.0,17.0,94.0,17.57172704653272,1.567741935483871,1.6,0.0,3.5,0.9199228579158846
202003,5,서울,4.025806451612903,3.8,-2.5,12.5,3.7226305879879695,60.225806451612904,60.0,15.0,93.0,16.159021582219133,1.8838709677419354,1.7,0.0,3.8,1.0966910151887352
202003,6,서울,3.7290322580645165,3.4,-2.5,12.4,3.7361471730814793,60.41935483870968,60.0,15.0,93.0,16.016188047406676,1.7548387096774194,1.6,0.0,5.3,1.1800674301856424
202003,7,서울,3.6322580645161286,3.9,-2.8,12.2,3.8162273776400513,61.225806451612904,64.0,17.0,92.0,16.05970044847113,2.035483870967742,1.6,0.1,6.0,1.2957747713489856
202003,8,서울,4.351612903225806,4.4,-2.7,12.2,3.818103453089586,56.774193548387096,57.0,17.0,94.0,16.441228010541778,1.9806451612903226,2.0,0.0,5.3,1.0081069238391696
202003,9,서울,6.0,5.6,-1.4,13.4,3.706480810688219,50.935483870967744,49.0,18.0,95.0,16.834360662785244,2.238709677419355,2.0,0.7,5.8,1.0537796794886614
202003,10,서울,7.590322580645162,7.0,-0.3,16.3,3.9459983813740283,44.935483870967744,41.0,17.0,94.0,17.593437192830297,2.532258064516129,2.2,0.9,5.4,1.2329874551333153
202003,11,서울,9.332258064516129,8.7,1.7,18.2,4.215083004067986,38.58064516129032,33.0,15.0,94.0,17.03677237340529,2.6451612903225805,2.2,0.8,7.3,1.5918204902306918
202003,12,서울,10.729032258064517,9.9,3.6,20.1,4.371055825799765,33.935483870967744,27.0,14.0,93.0,17.256758065312592,2.8451612903225807,2.7,1.1,6.6,1.335873923611411
202003,13,서울,11.535483870967743,11.1,3.4,20.3,4.532221558801436,31.193548387096776,26.0,13.0,93.0,17.084923870357574,3.106451612903226,3.1,0.9,5.9,1.3576782839025765
202003,14,서울,12.280645161290321,12.3,3.9,20.5,4.672145785028453,29.93548387096774,24.0,12.0,92.0,17.29149209654075,3.129032258064516,2.7,1.2,5.4,1.245309479175651
202003,15,서울,12.587096774193547,13.1,3.8,20.2,4.683570001290602,29.419354838709676,22.0,12.0,92.0,16.918971981276695,3.519354838709677,3.6,1.1,7.6,1.5717123050649167
202003,16,서울,12.32258064516129,12.8,2.6,19.6,4.736504314183568,30.838709677419356,24.0,13.0,91.0,17.05695708343773,3.8677419354838714,3.8,1.1,6.9,1.3407428529921248
202003,17,서울,11.658064516129032,11.7,1.8,18.8,4.62102255592478,33.87096774193548,28.0,13.0,84.0,15.73900025517053,3.738709677419355,3.9,1.3,6.3,1.1206181090079523
202003,18,서울,10.483870967741936,10.7,1.2,17.7,4.32597555658016,36.806451612903224,32.0,13.0,92.0,16.318536198321034,3.570967741935484,3.4,1.5,5.5,0.9730342742805782
202003,19,서울,9.077419354838709,9.2,0.7,15.7,4.025229573363433,41.03225806451613,35.0,15.0,84.0,17.197836823212665,3.429032258064516,3.3,1.1,6.1,1.1343701772017505
202003,20,서울,8.196774193548388,8.3,-0.1,15.1,3.9059342775634565,44.16129032258065,39.0,17.0,88.0,18.34138630564503,3.096774193548387,3.0,0.4,5.4,1.1205605356153205
202003,21,서울,7.5,7.4,-0.3,14.8,3.8771123274932338,46.096774193548384,44.0,22.0,85.0,17.020291495172614,2.609677419354839,2.5,0.6,4.6,1.091285125806474
202003,22,서울,6.929032258064517,6.6,-0.2,14.4,3.860327580951915,49.12903225806452,46.0,25.0,93.0,18.25146922941433,2.303225806451613,2.1,0.1,5.5,1.317189905561012
202003,23,서울,6.474193548387096,6.8,-0.8,14.1,3.8590990090033093,50.903225806451616,50.0,24.0,95.0,17.677395808790536,2.0806451612903225,2.2,0.1,4.1,1.0428868122791686
202004,0,서울,8.866666666666667,8.45,4.6,14.6,2.5227698698240304,55.53333333333333,56.0,20.0,92.0,16.036022667373157,2.1033333333333335,2.0,0.6,4.4,0.9455825912005831
202004,1,서울,8.51,8.0,4.2,14.6,2.556040850140351,57.03333333333333,57.5,23.0,93.0,15.74031356944225,2.05,1.9,0.6,4.4,0.9141606287586521
202004,2,서울,8.183333333333334,7.75,3.8,15.3,2.613899627829618,59.03333333333333,60.0,23.0,93.0,16.093441228485368,2.14,2.2,0.7,4.2,0.8422465852378552
202004,3,서울,7.846666666666667,7.5,3.3,14.5,2.6069844295837203,61.1,62.5,22.0,93.0,16.969241951654563,1.9333333333333333,2.0,0.1,4.6,1.1275035999126972
202004,4,서울,7.543333333333334,7.199999999999999,3.4,14.2,2.635524332224448,62.733333333333334,63.0,21.0,90.0,17.095942921284458,1.9366666666666668,1.95,0.0,4.1,0.9736115961870447
202004,5,서울,7.14,7.0,2.9,13.7,2.7268271318322603,64.0,66.0,22.0,87.0,16.617398443633792,1.9633333333333334,1.75,0.0,4.4,1.071088178002853
202004,6,서울,6.8966666666666665,6.9,2.0,13.4,2.775071708714164,65.53333333333333,67.0,24.0,88.0,16.55238983335646,2.0433333333333334,1.9,0.0,4.0,1.0002356044291845
202004,7,서울,7.113333333333333,7.05,1.9,12.3,2.7437368594715834,65.5,67.5,25.0,85.0,16.173093875855706,2.0033333333333334,2.0,0.1,4.2,0.9271697137854104
202004,8,서울,8.483333333333333,7.800000000000001,3.3,12.9,2.618512783127533,59.96666666666667,61.5,19.0,82.0,15.718391014730292,2.5266666666666664,2.5,0.7,4.7,1.0670401644941385
202004,9,서울,10.253333333333334,10.25,4.8,15.4,2.667910629394616,53.1,53.0,17.0,82.0,14.384738080867944,2.8233333333333333,2.8,0.6,6.3,1.2851092354840643
202004,10,서울,11.943333333333333,11.7,6.4,17.1,2.735297163876833,45.833333333333336,44.5,15.0,85.0,15.231734869227365,3.08,3.1,0.0,5.7,1.3231102333725533
202004,11,서울,13.360000000000001,13.149999999999999,7.2,19.4,2.9218086038002853,41.03333333333333,38.5,14.0,81.0,15.098488924925302,3.61,3.3,2.0,6.7,1.4054941455244303
202004,12,서울,14.373333333333333,14.3,7.6,20.6,3.1156925762797996,37.733333333333334,36.5,14.0,78.0,14.880983776649968,3.9366666666666665,3.6500000000000004,2.0,7.6,1.3755208000115329
202004,13,서울,15.270000000000001,15.25,7.7,22.1,3.4020429967482984,36.53333333333333,32.5,14.0,83.0,16.202880402364677,3.996666666666667,3.95,1.6,7.4,1.485210616280615
202004,14,서울,15.753333333333334,15.5,7.9,23.1,3.6415924267137383,35.766666666666666,30.5,13.0,90.0,18.191857468684155,3.94,3.9,1.5,8.0,1.382301928194291
202004,15,서울,15.893333333333334,15.75,7.8,23.3,3.666618599475952,35.43333333333333,30.5,13.0,88.0,18.65417274819605,4.136666666666667,4.25,1.3,7.4,1.3652038709274898
202004,16,서울,15.683333333333334,15.0,7.3,23.5,3.6540089777113853,36.36666666666667,34.0,12.0,85.0,17.552843041814473,4.29,4.4,1.3,7.0,1.234936826528888
202004,17,서울,14.913333333333332,14.4,7.2,23.1,3.5824989672817376,37.666666666666664,32.0,11.0,85.0,18.70337113875525,4.42,4.55,1.4,6.6,1.1955088369854674
202004,18,서울,13.92,13.1,7.0,20.8,3.3551196083309596,39.5,36.5,12.0,88.0,18.635801658320894,4.1,3.9499999999999997,1.8,6.5,1.140780132341385
202004,19,서울,12.49,11.7,6.4,19.6,3.14438196328539,43.13333333333333,40.0,13.0,90.0,18.82905556137464,3.5900000000000003,3.6,1.3,6.1,1.0100699873327317
202004,20,서울,11.403333333333334,10.7,5.7,19.2,2.9789472027516037,47.666666666666664,46.5,13.0,92.0,16.698819560455277,3.1966666666666668,3.25,1.6,4.8,0.8552004537486834
202004,21,서울,10.643333333333334,9.899999999999999,5.3,18.8,2.912361683361571,50.4,49.0,13.0,91.0,16.684909556139395,2.9733333333333336,2.75,1.0,5.1,1.2039971741670739
202004,22,서울,10.043333333333333,9.5,5.0,18.3,2.926417526640702,53.166666666666664,53.5,16.0,90.0,16.565613186051554,2.75,2.55,0.6,5.0,1.0820638007832613
202004,23,서울,9.49,8.9,4.8,18.0,2.96721743563643,55.666666666666664,54.0,19.0,93.0,16.23604617517143,2.25,2.3,0.4,3.6,0.8240982532650357
202005,0,서울,15.961290322580645,15.2,10.1,20.1,2.781807256605537,73.90322580645162,77.0,35.0,97.0,16.342898230749803,1.8064516129032258,1.8,0.3,3.4,0.894403146935045
202005,1,서울,15.67741935483871,15.1,9.6,20.1,2.8623661165102976,75.19354838709677,79.0,31.0,97.0,16.519522500844687,1.8838709677419354,2.1,0.1,3.5,0.8645217460899207
202005,2,서울,15.370967741935484,15.1,9.3,19.9,2.8500518765322034,76.06451612903226,80.0,31.0,97.0,16.018604774596668,1.864516129032258,1.8,0.2,3.9,0.7644380886624171
202005,3,서울,15.067741935483872,15.1,9.4,19.5,2.852062072346275,77.09677419354838,83.0,31.0,97.0,16.09421187613667,1.967741935483871,1.9,0.3,5.3,1.0912949789964195
202005,4,서울,14.851612903225808,15.2,9.6,19.1,2.756310452729873,78.0,83.0,31.0,97.0,16.431676725154986,1.6709677419354838,1.6,0.1,5.3,1.0526770788129018
202005,5,서울,14.680645161290323,14.7,9.7,19.7,2.765431775189149,78.45161290322581,82.0,28.0,97.0,16.844066630275517,1.8612903225806452,1.8,0.2,5.1,1.0591434965275288
202005,6,서울,14.551612903225807,14.7,9.9,18.6,2.649008741364958,79.74193548387096,85.0,28.0,97.0,16.258265061060452,1.8129032258064517,1.7,0.4,5.0,1.0506321701667274
202005,7,서울,14.958064516129031,15.2,10.5,18.7,2.4904851192151822,79.90322580645162,83.0,26.0,97.0,16.197437737102486,2.0774193548387094,1.9,0.6,5.1,1.034958832488634
202005,8,서울,15.964516129032257,16.0,11.5,20.2,2.4389271394196776,76.64516129032258,81.0,21.0,97.0,17.651342511920113,2.1516129032258067,1.9,0.7,5.5,1.074203881250959
202005,9,서울,17.229032258064517,17.5,11.7,22.4,2.607705702769786,72.3225806451613,74.0,20.0,97.0,18.468688992949108,2.2,2.1,1.0,4.5,0.7912016177940994
202005,10,서울,18.451612903225808,18.4,11.8,24.4,2.92025923138591,67.12903225806451,67.0,17.0,98.0,20.002903015119028,2.47741935483871,2.3,1.0,5.1,0.8950641233711895
202005,11,서울,19.648387096774194,19.6,12.3,26.2,3.464089198980682,62.38709677419355,63.0,15.0,97.0,21.715858136938905,2.3741935483870966,2.3,0.9,4.1,0.8062124376513029
202005,12,서울,20.729032258064517,21.5,13.7,27.3,3.735968731880848,58.54838709677419,54.0,11.0,97.0,22.806196102050016,2.7225806451612904,2.5,1.3,5.1,0.960107520860504
202005,13,서울,21.59032258064516,22.4,15.3,28.3,3.7772436898448998,55.67741935483871,52.0,14.0,97.0,21.202809714397436,2.803225806451613,2.9,0.8,5.7,1.1674713047059564
202005,14,서울,22.23225806451613,22.5,15.3,27.9,3.86802163875145,53.0,49.0,12.0,96.0,21.216345899643823,2.835483870967742,2.9,0.2,4.8,1.0852183765174557
202005,15,서울,22.306451612903224,22.5,15.1,29.0,3.8013975924538568,52.38709677419355,49.0,15.0,96.0,20.655390610935505,3.238709677419355,3.5,0.9,5.9,1.2880676533357602
202005,16,서울,21.961290322580645,22.6,15.0,29.9,3.680278741196546,52.806451612903224,51.0,20.0,96.0,20.504339954976537,3.2096774193548385,3.4,0.6,5.8,1.216649727382448
202005,17,서울,21.40967741935484,22.0,15.1,28.5,3.7204260364201724,54.58064516129032,52.0,22.0,95.0,20.45120076922687,3.129032258064516,3.0,0.6,5.8,1.2495848773058187
202005,18,서울,20.55806451612903,20.5,14.6,26.8,3.360334724750734,57.03225806451613,53.0,27.0,95.0,19.320945233895333,2.9709677419354836,3.1,0.6,4.8,0.9927045711546801
202005,19,서울,19.5,19.7,14.1,25.3,3.015294347157505,60.096774193548384,57.0,28.0,96.0,19.272354706002545,2.806451612903226,2.8,0.7,5.3,1.0658128303071377
202005,20,서울,18.4741935483871,18.4,13.2,23.3,2.680916229194226,63.70967741935484,61.0,31.0,96.0,18.3996259896537,2.490322580645161,2.4,1.3,3.6,0.5664832087594934
202005,21,서울,17.648387096774194,17.2,12.3,21.7,2.5927939843268084,66.7741935483871,65.0,32.0,96.0,18.154356093271122,2.270967741935484,2.4,0.5,4.1,0.9067133131580591
202005,22,서울,16.929032258064513,16.7,11.4,20.8,2.6509361300475334,69.29032258064517,70.0,34.0,97.0,17.555993370521826,2.2096774193548385,2.4,0.8,4.5,0.9537137371733292
202005,23,서울,16.403225806451612,15.8,10.7,20.3,2.646064230886789,71.93548387096774,73.0,34.0,97.0,17.003794642904403,1.8516129032258064,1.8,0.7,3.0,0.6412856709984692
202006,0,서울,21.863333333333333,21.55,16.6,26.6,2.357450892944257,75.13333333333334,73.5,52.0,97.0,12.093695517267161,1.7366666666666668,1.6,0.6,4.0,0.6774614549836069
202006,1,서울,21.476666666666667,21.200000000000003,16.2,26.1,2.2834763777661657,76.96666666666667,77.0,54.0,98.0,11.38505776137675,1.8333333333333333,1.55,0.5,5.1,1.0141527237681889
202006,2,서울,21.14333333333333,20.9,15.9,26.1,2.201360603296772,77.93333333333334,78.0,55.0,97.0,10.998223472008107,1.5966666666666667,1.2,0.6,6.5,1.1856856981142363
202006,3,서울,20.87,20.85,15.7,26.1,2.117439898589315,79.53333333333333,79.5,57.0,97.0,10.364838882369144,1.6933333333333331,1.4,0.4,6.1,1.0798893089294983
202006,4,서울,20.636666666666667,20.7,15.5,26.2,2.0816908467899835,80.16666666666667,80.5,57.0,97.0,10.645003144857357,1.62,1.5,0.3,3.9,0.8539563099540542
202006,5,서울,20.39,20.5,14.8,26.2,2.101616783204843,81.03333333333333,82.0,59.0,97.0,10.443553805671423,1.6099999999999999,1.55,0.5,4.0,0.7901767589247531
202006,6,서울,20.30666666666667,20.35,15.0,25.7,2.0212548736781843,81.53333333333333,82.0,60.0,97.0,10.016308540655546,1.4766666666666666,1.4,0.2,3.4,0.8365295028840299
202006,7,서울,20.81,21.05,15.5,25.9,2.0470921344425492,80.4,81.0,56.0,96.0,9.61536127318122,1.6533333333333333,1.65,0.2,3.9,0.7981588007811276
202006,8,서울,21.89333333333333,22.2,16.0,25.4,2.2797358185322385,76.0,77.5,58.0,95.0,10.113152924235129,1.8933333333333335,1.85,0.0,4.1,0.9413612056698692
202006,9,서울,23.11,23.4,16.9,28.2,2.628405836506098,71.16666666666667,71.5,50.0,95.0,11.534306649515498,1.8833333333333333,1.85,0.8,3.9,0.7292335765688536
202006,10,서울,24.353333333333335,24.45,17.3,29.6,2.916508698513643,65.26666666666667,65.0,44.0,93.0,12.415044636783763,2.0966666666666667,2.2,0.4,4.5,0.8794525465363071
202006,11,서울,25.446666666666665,25.8,17.5,31.0,3.183224707781385,60.63333333333333,57.5,34.0,93.0,13.762726607695184,2.4033333333333333,2.45,1.4,3.6,0.5653703902406984
202006,12,서울,26.470000000000002,26.950000000000003,16.3,32.5,3.5773376731287483,57.36666666666667,55.5,34.0,90.0,13.832703212348607,2.6166666666666667,2.6500000000000004,1.5,4.0,0.6792913819629951
202006,13,서울,27.226666666666667,27.65,17.5,32.8,3.666618599475951,53.63333333333333,50.5,29.0,92.0,14.389851149054811,2.7666666666666666,2.55,1.4,5.1,0.8778238505780518
202006,14,서울,27.779999999999998,28.25,20.0,33.7,3.54560436947322,51.233333333333334,50.0,29.0,94.0,14.750063315663832,2.9766666666666666,2.8,1.6,5.1,0.9065597469073087
202006,15,서울,28.316666666666666,28.8,20.3,35.2,3.612247684383413,50.63333333333333,48.0,30.0,95.0,14.461562211918721,3.1266666666666665,3.0,1.8,5.5,0.8224996943017285
202006,16,서울,28.3,28.95,20.7,35.2,3.4825674239085402,50.56666666666667,48.0,27.0,94.0,13.977033707635098,3.04,3.1,1.6,5.3,0.8385537632096725
202006,17,서울,27.673333333333336,28.5,20.6,35.0,3.4002974852953303,53.03333333333333,51.0,31.0,95.0,13.735138258805613,3.3766666666666665,3.4,1.7,5.8,0.8323971753143233
202006,18,서울,26.676666666666666,26.75,20.5,33.1,3.1779068510614015,56.36666666666667,54.0,36.0,96.0,13.88743747205473,3.4233333333333333,3.3,1.4,5.8,1.0746878723557391
202006,19,서울,25.506666666666668,25.55,20.3,31.7,2.974133699813749,60.733333333333334,59.5,36.0,97.0,13.294887099502041,3.2800000000000002,3.25,1.9,5.0,0.7962844752456507
202006,20,서울,24.31,24.299999999999997,19.8,29.7,2.7075055322005444,65.03333333333333,63.5,45.0,97.0,13.026454074195572,2.8400000000000003,2.9,0.9,5.2,0.9069083518309278
202006,21,서울,23.403333333333332,23.55,18.6,28.5,2.5214231522383703,67.6,65.5,36.0,97.0,14.158219252921361,2.48,2.55,0.4,4.2,0.7613055936327748
202006,22,서울,22.82,22.9,17.9,27.8,2.4092351054024275,70.9,69.5,46.0,97.0,13.036685637607173,2.21,2.1,0.2,4.1,0.7443349264669907
202006,23,서울,22.333333333333332,22.450000000000003,17.2,27.2,2.3290272252792477,72.93333333333334,72.0,51.0,97.0,12.428924366957114,2.0833333333333335,2.0,0.6,5.2,0.9184256894961271
202007,0,서울,22.83225806451613,23.0,17.9,27.7,2.031647459046343,80.16129032258064,82.0,60.0,97.0,9.557184990688246,2.167741935483871,1.9,0.7,6.9,1.2234887540074881
202007,1,서울,22.57741935483871,22.7,17.7,26.6,1.9493092242158254,80.90322580645162,82.0,62.0,97.0,8.859476428133048,1.935483870967742,2.0,0.5,7.9,1.367125545831295
202007,2,서울,22.34193548387097,22.6,17.6,26.4,1.9355919324672382,82.16129032258064,84.0,63.0,98.0,8.760124710655466,2.0129032258064514,1.7,0.4,6.7,1.2027030488262322
202007,3,서울,22.13225806451613,22.4,17.5,26.4,1.9492540619040561,83.3225806451613,85.0,64.0,97.0,8.348201789504108,1.8935483870967742,1.6,0.2,6.3,1.235296316374056
202007,4,서울,21.94516129032258,22.3,17.3,25.8,1.9306024465051355,83.74193548387096,86.0,63.0,97.0,8.516524102924793,1.993548387096774,2.0,0.0,4.6,0.9726032023632822
202007,5,서울,21.799999999999997,22.0,17.2,25.5,1.9252705437591535,83.93548387096774,86.0,60.0,97.0,8.820187011891027,1.8806451612903228,1.8,0.1,5.5,1.1824887187167887
202007,6,서울,21.693548387096776,22.0,17.2,25.3,1.863497694099453,84.61290322580645,87.0,60.0,96.0,8.1758890214045,1.903225806451613,1.6,0.4,6.7,1.3011492025558897
202007,7,서울,21.87741935483871,22.2,17.5,24.5,1.7461786234363985,84.48387096774194,86.0,59.0,97.0,8.445397041157724,2.167741935483871,2.1,0.6,6.1,1.3252388707384526
202007,8,서울,22.6,23.2,18.0,24.7,1.8337575266830297,82.16129032258064,82.0,60.0,97.0,9.212660760039407,2.2419354838709675,2.1,0.6,5.9,1.105674513151252
202007,9,서울,23.364516129032257,23.3,18.6,25.9,1.990904047092973,79.61290322580645,79.0,59.0,97.0,11.20915524427789,2.370967741935484,2.2,0.8,5.4,1.0221524832062636
202007,10,서울,24.190322580645162,24.2,19.1,27.5,2.2904664501231586,76.54838709677419,76.0,50.0,97.0,13.104296266689074,2.3806451612903223,2.5,1.0,4.6,0.8938379252186268
202007,11,서울,24.970967741935485,25.1,19.1,28.8,2.655207907539081,73.64516129032258,71.0,47.0,97.0,14.06543846240795,2.4741935483870967,2.3,1.0,4.5,0.9266310815477338
202007,12,서울,25.51290322580645,25.9,19.3,30.2,2.907432078367882,71.54838709677419,68.0,45.0,97.0,14.926126333105586,2.693548387096774,2.6,0.9,4.4,0.7907530098460867
202007,13,서울,26.038709677419355,26.8,19.4,31.4,3.065471950543651,69.45161290322581,64.0,43.0,97.0,15.583835021537373,2.7806451612903227,2.5,1.0,5.0,0.9314574081651862
202007,14,서울,26.68064516129032,26.8,19.4,31.8,3.0280267892736923,67.06451612903226,67.0,40.0,98.0,15.899550274291762,2.667741935483871,2.6,0.9,5.0,0.9823058236531004
202007,15,서울,27.006451612903227,27.5,19.3,32.4,3.013186075001118,65.64516129032258,65.0,37.0,98.0,16.228675006700893,2.6870967741935483,2.6,0.9,4.3,0.8515640259678544
202007,16,서울,27.219354838709677,27.8,19.3,32.4,2.978301457188723,65.48387096774194,63.0,40.0,97.0,15.583904020370797,2.9709677419354836,2.6,1.4,6.3,1.125520190367428
202007,17,서울,26.825806451612905,27.4,19.2,32.0,2.8432338093487246,67.0,63.0,42.0,97.0,15.44236596725601,3.164516129032258,2.9,1.4,6.6,1.2794656142564034
202007,18,서울,26.25483870967742,26.9,19.0,31.4,2.6983746601336893,69.61290322580645,67.0,43.0,98.0,14.7279268044416,2.8548387096774195,2.8,1.4,6.1,1.0301581463307528
202007,19,서울,25.593548387096774,26.2,18.6,30.0,2.4288454711201046,71.6774193548387,69.0,46.0,99.0,13.587707917511803,2.7870967741935484,2.6,1.5,6.9,1.024285746421662
202007,20,서울,24.706451612903226,25.0,18.2,29.0,2.110913780628502,74.41935483870968,70.0,47.0,98.0,12.107227025068918,2.641935483870968,2.6,1.2,6.5,0.9989241524588297
202007,21,서울,24.08709677419355,24.2,18.1,28.3,2.0016229973838517,75.96774193548387,73.0,51.0,98.0,11.669001302504403,2.3161290322580643,2.2,0.2,4.9,1.0198355338627068
202007,22,서울,23.674193548387095,23.9,18.1,27.8,1.97466752339653,77.45161290322581,77.0,56.0,97.0,10.512972017710375,2.261290322580645,2.0,0.2,6.5,1.2181071160766443
202007,23,서울,23.306451612903224,23.4,18.0,27.9,2.017743869419666,79.3225806451613,81.0,59.0,97.0,9.890692920701401,2.138709677419355,2.1,0.2,6.4,1.1678120337779359
202008,0,서울,25.629032258064516,25.8,21.7,28.7,1.4931384281410076,88.38709677419355,90.0,73.0,98.0,6.731406090631386,2.2,2.0,0.2,6.1,1.2738393409950355
202008,1,서울,25.438709677419357,25.7,21.6,28.4,1.4876552959506084,88.87096774193549,90.0,74.0,98.0,6.307360438323205,2.032258064516129,1.7,0.5,6.0,1.302148761797001
202008,2,서울,25.335483870967742,25.4,21.7,28.1,1.4242070044055573,89.58064516129032,90.0,77.0,98.0,5.863867856335024,1.8870967741935485,1.6,0.4,5.3,1.2118145995390193
202008,3,서울,25.16774193548387,25.2,21.5,27.6,1.3871762917942807,90.35483870967742,91.0,78.0,98.0,5.516933853127563,2.135483870967742,1.7,0.4,5.7,1.3353023096155103
202008,4,서울,25.038709677419355,25.0,21.6,27.3,1.3541731596204971,90.80645161290323,92.0,77.0,99.0,5.641627157943647,1.935483870967742,1.7,0.3,5.0,1.178854920985268
202008,5,서울,24.938709677419357,25.0,21.6,27.8,1.4268093587569992,91.03225806451613,92.0,76.0,99.0,5.793581914312555,2.0387096774193547,1.9,0.3,4.7,1.1430011430017144
202008,6,서울,24.812903225806455,24.8,21.5,27.4,1.3946903922815912,91.35483870967742,92.0,80.0,99.0,5.516933853127556,2.070967741935484,1.9,0.1,5.2,1.2511843851293052
202008,7,서울,24.851612903225806,24.9,21.8,27.3,1.3386239122676027,91.70967741935483,92.0,82.0,99.0,5.10028462203889,2.1193548387096777,1.8,0.2,5.3,1.4293167026796891
202008,8,서울,25.322580645161292,25.1,22.6,28.6,1.34578593578111,90.64516129032258,92.0,79.0,100.0,6.279853432985915,2.148387096774193,1.9,0.0,5.1,1.2595954291602085
202008,9,서울,25.825806451612905,25.7,22.9,29.7,1.5006593532922992,88.6774193548387,89.0,74.0,100.0,7.824692099476684,2.148387096774193,2.0,0.6,4.8,1.1063064577659407
202008,10,서울,26.493548387096773,26.2,23.5,31.4,1.7785641182090262,86.64516129032258,88.0,67.0,100.0,9.683485553927284,2.109677419354839,2.0,0.6,4.9,1.0706243781736828
202008,11,서울,27.203225806451613,27.0,23.6,32.6,2.061307654696849,83.51612903225806,84.0,62.0,99.0,10.847030216429244,2.7,2.5,0.4,5.4,1.247130038662101
202008,12,서울,27.703225806451613,27.6,23.9,33.3,2.3198396310905824,81.48387096774194,82.0,57.0,98.0,11.865555100772252,2.603225806451613,2.5,0.5,5.1,1.0342417096493908
202008,13,서울,27.740000000000002,27.65,23.9,33.3,2.4485886152836187,80.29032258064517,82.0,51.0,98.0,13.107742110135003,2.893548387096774,2.7,0.8,6.0,1.3593958177246654
202008,14,서울,28.451612903225808,28.4,24.1,34.3,2.778353345387869,78.7741935483871,82.0,52.0,97.0,13.225504848383807,2.832258064516129,2.5,0.8,5.3,1.0287167076100832
202008,15,서울,28.54516129032258,28.5,23.5,34.4,2.752191697499459,78.03225806451613,82.0,50.0,97.0,13.482047003250264,2.774193548387097,2.7,0.9,5.0,1.00364925544584
202008,16,서울,28.64516129032258,29.0,23.2,34.4,2.783623383251576,76.80645161290323,79.0,52.0,96.0,12.734256567329735,2.825806451612903,2.8,1.1,4.6,0.8433930447644141
202008,17,서울,28.40967741935484,28.7,23.7,33.4,2.467570308178969,77.45161290322581,78.0,54.0,96.0,12.274197080807145,2.870967741935484,2.8,1.3,4.9,0.9158579032386689
202008,18,서울,27.996774193548386,28.2,23.7,32.7,2.2331567896840183,78.35483870967742,79.0,55.0,96.0,11.811148369504618,2.583870967741935,2.8,0.8,3.7,0.7146545898514183
202008,19,서울,27.364516129032257,27.4,23.6,32.3,2.027568064964657,80.87096774193549,82.0,54.0,96.0,10.947577922334762,2.3129032258064517,2.4,0.8,4.0,0.7757757130699873
202008,20,서울,26.76451612903226,26.8,23.1,30.8,1.7621101719428656,83.25806451612904,83.0,61.0,97.0,9.64699518653514,2.306451612903226,2.2,1.1,4.6,0.8706072531556992
202008,21,서울,26.416129032258063,26.7,22.6,29.6,1.5996034454813166,84.64516129032258,84.0,65.0,98.0,8.76564653290246,2.096774193548387,2.0,0.5,4.1,0.9318382803068145
202008,22,서울,26.177419354838708,26.2,22.2,29.5,1.5724099714386108,85.90322580645162,87.0,65.0,97.0,8.005643170954174,2.0193548387096776,2.1,0.6,4.4,0.9382321513849722
202008,23,서울,25.929032258064513,25.9,21.9,28.9,1.5382226861732549,86.80645161290323,89.0,69.0,97.0,7.53400891442137,2.1838709677419357,2.0,0.1,6.5,1.2951439493208337
202009,0,서울,20.09,19.35,16.8,26.3,2.3978941911027145,76.96666666666667,77.0,57.0,95.0,10.206432499547338,1.8599999999999999,1.8,0.0,5.7,1.2172892439548932
202009,1,서울,19.733333333333334,19.25,16.4,26.3,2.50383613726994,78.06666666666666,78.0,59.0,96.0,9.508375013760176,2.07,1.9,0.4,4.7,1.0719463445141468
202009,2,서울,19.426666666666666,19.0,16.0,25.9,2.532265352622421,78.93333333333334,79.5,61.0,95.0,9.420935356348952,1.8599999999999999,1.75,0.1,4.6,0.9452604092943437
202009,3,서울,19.17,18.75,15.3,25.6,2.574563906828657,79.5,79.0,63.0,95.0,8.842491457299452,2.013333333333333,1.8,0.4,5.3,1.144019933915228
202009,4,서울,18.966666666666665,18.7,15.1,25.3,2.5988503205274727,79.8,79.5,64.0,94.0,8.805954098574839,2.1166666666666667,1.85,0.6,5.5,1.3009501390782874
202009,5,서울,18.65666666666667,18.55,14.5,25.1,2.6841403084418483,81.4,81.0,67.0,95.0,8.211010270068627,1.9400000000000002,1.6,0.5,5.5,1.2400222467414819
202009,6,서울,18.43,18.4,13.8,24.9,2.7258848610794373,82.56666666666666,83.5,67.0,97.0,7.859469725612286,2.0566666666666666,1.75,0.2,4.9,1.1778657886584336
202009,7,서울,18.38,18.049999999999997,13.8,25.0,2.7513507654391796,83.46666666666667,84.0,66.0,97.0,7.564587794833711,2.26,1.95,0.4,7.4,1.399162310961024
202009,8,서울,19.146666666666665,18.85,15.0,25.0,2.4390124249776597,81.03333333333333,79.5,66.0,98.0,8.919112888210558,2.3066666666666666,2.2,0.4,6.7,1.181446609861835
202009,9,서울,20.403333333333332,20.3,17.1,25.0,1.9983585217896171,75.63333333333334,74.5,56.0,94.0,10.433643636823613,2.35,2.1,0.5,6.2,1.1866353476430163
202009,10,서울,21.86,21.95,18.3,25.7,1.7067007898887534,69.6,67.5,52.0,93.0,11.112589939902119,2.506666666666667,2.3,1.2,5.2,1.0378802446808835
202009,11,서울,23.03666666666667,23.3,18.3,26.6,1.6855334433068214,63.36666666666667,60.5,45.0,92.0,12.483045973704062,2.8133333333333335,2.55,1.2,7.7,1.3013874117273068
202009,12,서울,24.043333333333333,24.2,18.9,27.0,1.6325743017010634,59.4,57.0,39.0,92.0,13.071685641769443,2.816666666666667,2.6,1.1,6.2,1.0907394939572699
202009,13,서울,24.58,24.7,19.2,28.7,1.7769404158213382,56.666666666666664,54.0,32.0,95.0,14.8981214583754,2.9466666666666668,2.55,1.3,6.9,1.3969753862846177
202009,14,서울,24.726666666666667,24.799999999999997,19.4,29.1,1.918140862349815,56.06666666666667,52.5,30.0,96.0,15.714990281264244,3.2133333333333334,2.7,1.4,8.0,1.5699183667187664
202009,15,서울,24.87,24.85,19.2,29.5,2.064502945939555,56.3,52.5,28.0,96.0,16.362594010688547,3.1199999999999997,3.05,1.6,5.8,1.1606775666795253
202009,16,서울,24.740000000000002,24.5,19.8,29.2,1.8826979906872818,57.266666666666666,53.5,34.0,97.0,15.480651624290362,3.0300000000000002,3.2,0.5,6.1,1.2359974333195087
202009,17,서울,24.14333333333333,24.05,19.9,28.9,1.926884806487213,59.9,54.5,38.0,98.0,15.614648295088502,3.106666666666667,2.95,0.7,5.5,1.172069591123659
202009,18,서울,23.313333333333333,23.15,20.0,28.6,1.8619110192697619,63.233333333333334,57.0,37.0,99.0,15.285068967241632,3.05,3.0,0.4,5.1,1.0338245032152584
202009,19,서울,22.376666666666665,22.2,19.0,28.2,1.875740466815858,67.43333333333334,64.0,44.0,99.0,14.0434874667899,2.69,2.75,0.8,4.4,0.842553589823305
202009,20,서울,21.69,21.4,18.4,27.8,1.879902785454241,70.3,70.0,46.0,99.0,13.29026088843852,2.4,2.3499999999999996,0.6,4.9,1.064473319663702
202009,21,서울,21.126666666666665,20.55,18.2,27.3,1.9285394390097617,72.36666666666666,71.5,45.0,99.0,12.532669950651133,2.2,2.05,0.3,4.1,0.9552035349094183
202009,22,서울,20.61,20.1,17.6,27.1,2.0017836873734587,74.46666666666667,74.0,48.0,98.0,12.367179405053593,2.1033333333333335,1.9,0.5,4.5,1.0135235000025757
202009,23,서울,20.166666666666668,19.55,17.1,26.7,2.110782390217092,75.86666666666666,75.5,53.0,97.0,11.613705735876907,1.9533333333333334,1.75,0.3,4.9,1.040468506319955
202010,0,서울,12.580645161290322,12.4,6.0,19.9,3.2731655783393867,67.41935483870968,66.0,45.0,90.0,13.759297931576759,1.6419354838709677,1.6,0.4,3.2,0.8127214338457291
202010,1,서울,12.248387096774193,12.0,6.0,19.8,3.2374754534711077,68.6774193548387,69.0,37.0,89.0,13.72925610214478,1.835483870967742,1.8,0.3,4.3,0.941115787101238
202010,2,서울,11.851612903225806,11.6,5.6,19.6,3.2800275372565535,70.48387096774194,71.0,42.0,90.0,13.684226851237486,1.474193548387097,1.5,0.3,3.6,0.6956856291628107
202010,3,서울,11.470967741935485,11.4,5.5,19.5,3.350044133877154,71.38709677419355,72.0,45.0,90.0,13.378284442470788,1.6516129032258065,1.7,0.6,2.9,0.5208140856658515
202010,4,서울,11.17741935483871,11.0,5.2,19.3,3.431589493458228,73.0,73.0,46.0,90.0,12.683322382824883,1.6258064516129032,1.7,0.4,2.9,0.6164239568865375
202010,5,서울,10.8,10.6,4.1,18.9,3.516911523861053,74.35483870967742,74.0,47.0,92.0,12.273408619441662,1.5225806451612904,1.5,0.5,2.9,0.6130305470471298
202010,6,서울,10.54516129032258,10.2,4.0,18.7,3.5968355267445333,75.48387096774194,75.0,49.0,92.0,12.277000088897767,1.7193548387096773,1.6,0.5,3.5,0.6363538611174916
202010,7,서울,10.358064516129033,9.8,3.3,18.4,3.7099662346665085,76.64516129032258,77.0,52.0,93.0,11.706261535596454,1.7225806451612902,1.7,0.8,3.4,0.534608690177127
202010,8,서울,10.916129032258064,10.4,3.5,18.6,3.7709500813626584,75.64516129032258,76.0,52.0,94.0,11.828069403180368,1.5903225806451613,1.6,0.3,2.6,0.5758210594213433
202010,9,서울,12.819354838709677,12.7,5.5,19.1,3.4939394532856185,68.6774193548387,69.0,46.0,88.0,13.044506115025829,1.961290322580645,1.7,0.9,4.0,0.8110394233553381
202010,10,서울,14.593548387096773,14.2,7.7,19.4,3.1545665823660554,61.67741935483871,63.0,37.0,86.0,13.11586087344681,2.2129032258064516,2.1,0.5,3.7,0.9404757432575888
202010,11,서울,16.406451612903226,16.2,9.1,21.5,3.083713722539861,54.58064516129032,54.0,32.0,76.0,12.063095770567871,2.4516129032258065,2.4,0.8,4.5,0.9780494083436124
202010,12,서울,17.567741935483873,17.1,10.5,22.5,2.931255373473307,48.41935483870968,46.0,29.0,68.0,11.101874296857527,2.616129032258064,2.7,0.3,4.4,0.9815283233113375
202010,13,서울,18.406451612903226,18.1,11.7,22.5,2.7835152216661796,45.70967741935484,46.0,27.0,66.0,10.890955110815879,3.0677419354838706,3.0,1.2,4.9,1.0296883336797251
202010,14,서울,18.851612903225806,18.8,12.6,22.7,2.676424351971854,44.25806451612903,45.0,24.0,67.0,11.919082017044444,2.9129032258064513,2.9,1.2,4.7,0.9308569297458734
202010,15,서울,18.948387096774194,18.9,13.0,23.4,2.568900019819369,43.516129032258064,43.0,25.0,77.0,13.12217199435605,2.9096774193548387,2.7,1.0,5.8,1.0949443939335235
202010,16,서울,18.799999999999997,18.9,12.9,23.0,2.55003267952916,43.645161290322584,41.0,25.0,80.0,13.676131000388413,2.7838709677419353,2.8,1.0,4.6,0.8843441163534885
202010,17,서울,17.996774193548386,18.0,12.1,22.1,2.5810183869896197,46.483870967741936,44.0,26.0,81.0,14.449615837435351,2.6548387096774193,2.4,0.4,6.0,1.1704240569632356
202010,18,서울,16.48709677419355,16.0,10.3,20.6,2.648866667776224,49.96774193548387,50.0,26.0,80.0,13.685719737419106,2.416129032258065,2.2,0.5,6.5,1.1633562865529914
202010,19,서울,15.383870967741935,15.1,9.4,20.1,2.668719639851483,53.354838709677416,53.0,32.0,82.0,13.308013593562775,2.403225806451613,2.3,0.5,5.0,1.107093453136859
202010,20,서울,14.651612903225805,14.4,8.6,20.0,2.7249306985367445,57.32258064516129,57.0,36.0,85.0,13.432267360785106,2.1451612903225805,2.1,0.2,4.3,0.9113501740741294
202010,21,서울,13.980645161290322,13.9,8.0,19.9,2.768925104902468,59.45161290322581,60.0,38.0,85.0,13.353747812698925,2.0677419354838706,2.1,0.2,4.0,0.9914256054706252
202010,22,서울,13.422580645161291,13.5,7.2,19.9,2.9326563246107717,61.54838709677419,63.0,41.0,86.0,13.657326994883052,1.8870967741935485,1.9,0.1,3.9,1.018083799918216
202010,23,서울,12.951612903225806,12.8,6.7,19.9,3.0820848969209074,64.3225806451613,64.0,42.0,86.0,13.454583102111078,1.6774193548387097,1.6,0.2,3.7,0.7601358112948655
202011,0,서울,7.180000000000001,7.4,-2.2,17.1,5.394722836509639,70.03333333333333,69.5,46.0,95.0,11.418325661827142,1.7566666666666668,1.55,0.0,3.7,0.9547281011504987
202011,1,서울,6.863333333333333,7.1,-2.7,17.5,5.448662178941715,71.93333333333334,71.0,48.0,96.0,11.861073200653658,1.8099999999999998,1.65,0.3,4.2,0.8723136101670996
202011,2,서울,6.596666666666667,6.5,-2.8,18.5,5.453912441499243,72.86666666666666,71.5,48.0,96.0,12.361601651982598,1.8166666666666667,1.6,0.6,4.3,0.9833382037674044
202011,3,서울,6.3533333333333335,6.15,-3.0,19.1,5.5549749888218924,72.73333333333333,69.5,50.0,96.0,12.610705176851578,2.0433333333333334,1.9,0.2,4.4,1.0029897834709616
202011,4,서울,6.073333333333333,5.0,-3.1,18.9,5.616412730028215,72.73333333333333,70.0,49.0,96.0,13.06200949142294,1.98,2.05,0.6,4.3,0.8794198714748421
202011,5,서울,5.836666666666667,4.65,-3.4,18.8,5.658163667830229,72.9,72.5,45.0,99.0,13.679458549478355,1.9833333333333334,1.85,0.6,5.0,1.0628794116352809
202011,6,서울,5.6033333333333335,4.35,-3.5,18.8,5.711300554426155,73.53333333333333,72.5,47.0,99.0,12.987350167290325,1.8733333333333335,1.65,0.7,4.1,0.8034122630180698
202011,7,서울,5.326666666666667,4.0,-3.6,18.7,5.717844622446188,74.23333333333333,73.5,44.0,100.0,14.11695809114437,2.0766666666666667,2.05,0.6,4.1,0.7846296439473336
202011,8,서울,5.3533333333333335,3.95,-3.4,18.7,5.6327082561455795,73.1,74.0,43.0,100.0,14.67897863589641,2.18,1.9,0.8,4.0,0.8326940076311511
202011,9,서울,6.276666666666667,5.6,-2.4,18.5,5.3818778502863,69.46666666666667,70.0,35.0,100.0,16.573209235625306,2.253333333333333,2.2,0.7,4.1,0.9099955791227716
202011,10,서울,7.726666666666666,8.0,-0.6,17.9,5.14164426493378,62.93333333333333,61.5,31.0,99.0,17.39784634577695,2.4566666666666666,2.3,0.7,5.2,1.1461128708132013
202011,11,서울,9.066666666666666,9.4,0.4,17.1,5.131131039753948,57.1,57.5,26.0,96.0,17.877649309335556,2.69,2.55,0.5,7.5,1.460833489059797
202011,12,서울,10.253333333333334,10.7,1.7,17.9,5.097513479939108,53.233333333333334,53.0,24.0,96.0,18.74821064258802,2.856666666666667,2.8499999999999996,0.9,7.2,1.3815741480053765
202011,13,서울,11.023333333333333,11.3,1.8,18.1,5.2299326384092995,51.2,50.0,20.0,96.0,19.293379246742145,3.12,3.05,1.1,5.8,1.152628181218007
202011,14,서울,11.523333333333333,12.0,2.4,19.6,5.401512133961502,49.3,47.0,21.0,96.0,19.12418580642378,2.856666666666667,2.75,1.0,6.5,1.0845890158642275
202011,15,서울,11.783333333333333,12.0,2.4,19.3,5.350802926105856,48.0,44.5,19.0,96.0,18.292640313939717,2.83,2.7,0.6,5.1,1.1317213011374645
202011,16,서울,11.476666666666667,11.45,2.4,19.3,5.290439218669541,49.03333333333333,44.5,20.0,97.0,18.15732650329135,2.6366666666666663,2.3,1.0,5.0,1.0417105737872827
202011,17,서울,10.51,10.45,1.1,18.9,5.228459916978257,52.7,48.0,25.0,95.0,16.866923354550348,2.566666666666667,2.5,0.6,4.3,1.0505608792066932
202011,18,서울,9.506666666666666,9.8,0.5,18.4,5.191832666485082,56.766666666666666,54.0,24.0,95.0,15.582225358607698,2.4266666666666667,2.25,0.4,5.1,1.096053526673462
202011,19,서울,8.783333333333333,9.149999999999999,-0.1,17.7,5.166942892134061,61.53333333333333,61.5,33.0,95.0,13.778377196205636,2.2633333333333336,2.1,0.8,5.6,1.0101155049465054
202011,20,서울,8.253333333333334,8.7,-0.7,17.5,5.21302965279496,64.06666666666666,63.5,41.0,95.0,12.71961106901962,2.0733333333333333,2.05,0.5,4.3,0.9836362284325733
202011,21,서울,7.766666666666667,8.1,-1.0,17.1,5.223444056950543,65.4,65.0,42.0,95.0,12.683413007437762,2.1166666666666667,1.85,0.2,4.9,1.1048742582017113
202011,22,서울,7.416666666666667,7.8999999999999995,-1.2,17.0,5.325804671812405,66.56666666666666,65.5,42.0,95.0,12.07643282948477,1.88,1.7,0.4,5.0,1.0121332882103269
202011,23,서울,7.069999999999999,7.3,-1.7,17.1,5.361236990561555,68.0,67.5,44.0,95.0,12.100156738796741,1.9333333333333333,1.8,0.2,4.7,0.9458925116936708
202012,0,서울,-1.270967741935484,-1.0,-12.7,6.1,4.897291329458704,63.0,59.0,42.0,88.0,11.006058937391407,1.8516129032258064,1.8,0.4,4.5,0.8728768403930899
202012,1,서울,-1.5096774193548386,-1.3,-12.6,6.1,5.003155993217993,63.29032258064516,60.0,43.0,90.0,11.039908056341462,1.8838709677419354,1.9,0.5,4.2,0.7848977743177975
202012,2,서울,-1.7967741935483872,-1.7,-12.6,6.2,5.0976781558514626,63.25806451612903,62.0,44.0,90.0,11.248608038139603,1.9064516129032258,1.8,0.0,3.8,0.9879053543975314
202012,3,서울,-2.074193548387097,-1.8,-12.6,5.7,5.137442148380553,64.35483870967742,64.0,45.0,89.0,11.853405662781126,1.9064516129032258,1.9,0.7,4.7,0.77111844480208
202012,4,서울,-2.2774193548387096,-2.0,-12.6,5.5,5.260906745509393,64.61290322580645,64.0,45.0,91.0,11.935039224498702,1.8612903225806452,1.8,0.3,3.6,0.7186456796664304
202012,5,서울,-2.52258064516129,-1.9,-12.6,5.5,5.25761097061009,65.48387096774194,68.0,42.0,92.0,12.137739953665001,1.903225806451613,1.8,0.9,4.3,0.809725826424287
202012,6,서울,-2.732258064516129,-1.8,-12.7,5.5,5.298829247848006,67.03225806451613,67.0,41.0,91.0,12.213336620180804,1.8548387096774193,1.9,0.3,3.9,0.7535864072011116
202012,7,서울,-2.9096774193548387,-2.0,-12.5,5.3,5.268482060879249,67.58064516129032,69.0,43.0,91.0,12.486724132849755,1.8612903225806452,1.9,0.1,3.8,0.6442967325463419
202012,8,서울,-3.0161290322580645,-2.0,-12.4,4.6,5.211659797939843,67.93548387096774,69.0,44.0,94.0,13.0688828491471,1.9225806451612903,2.1,0.7,3.5,0.6636814885768398
202012,9,서울,-2.425806451612903,-1.4,-12.4,4.3,5.017301249472368,66.51612903225806,66.0,45.0,91.0,13.894533619957492,2.009677419354839,1.9,0.7,4.4,0.8502371585660389
202012,10,서울,-0.8258064516129031,0.5,-11.8,5.3,4.8471275165081344,60.96774193548387,59.0,38.0,93.0,15.236981046055332,2.229032258064516,2.1,0.7,4.9,1.0533101943831162
202012,11,서울,0.6290322580645161,2.4,-11.1,7.0,4.958977955747676,54.83870967741935,51.0,30.0,93.0,16.05427621994329,2.274193548387097,2.4,0.7,5.1,1.0449777483868523
202012,12,서울,1.8709677419354838,3.1,-10.3,8.9,5.1931489193864575,48.32258064516129,43.0,27.0,93.0,15.482004815858948,2.635483870967742,2.6,1.3,5.2,0.9693806913339995
202012,13,서울,2.6838709677419357,3.3,-9.4,10.6,5.263401737418716,46.03225806451613,41.0,28.0,94.0,15.14702142549868,2.990322580645161,2.9,1.2,5.4,1.039344292878825
202012,14,서울,3.1774193548387095,4.1,-9.1,11.0,5.2827208694901,44.83870967741935,44.0,27.0,87.0,14.769556017234795,3.0483870967741935,3.0,1.2,5.1,0.8675140604977478
202012,15,서울,3.2580645161290325,4.5,-8.8,11.0,5.101618971369016,43.774193548387096,42.0,25.0,82.0,14.779963187638762,3.329032258064516,3.3,0.7,5.0,1.0838799282783733
202012,16,서울,3.1193548387096777,4.2,-8.5,10.9,4.902476881117592,44.225806451612904,39.0,27.0,79.0,14.139093977148029,2.9935483870967743,3.0,0.6,4.8,0.8936574600561327
202012,17,서울,2.1516129032258067,2.9,-9.7,9.6,4.9510854680391,46.74193548387097,45.0,31.0,75.0,12.0110164486205,2.8161290322580643,2.7,0.5,5.0,0.9263177187817537
202012,18,서울,1.2354838709677418,1.7,-10.7,8.2,4.9364324761306975,50.806451612903224,51.0,33.0,74.0,11.350240393456312,2.664516129032258,2.6,0.9,4.8,0.9569215875562547
202012,19,서울,0.5483870967741935,0.9,-11.2,7.8,4.874482602816559,52.96774193548387,53.0,36.0,77.0,11.07093453136859,2.196774193548387,2.2,0.6,5.2,1.2034627458484795
202012,20,서울,-0.045161290322580545,0.2,-11.8,7.4,4.78872555834204,55.67741935483871,54.0,41.0,81.0,10.74674244216728,2.170967741935484,1.7,0.5,4.9,1.3120451080627518
202012,21,서울,-0.5,-0.2,-12.4,7.1,4.892238751328475,58.0,56.0,42.0,83.0,10.667708282475669,1.964516129032258,1.5,0.3,4.7,1.2281553612625111
202012,22,서울,-0.8387096774193549,-0.6,-12.7,6.7,4.962370227982783,60.354838709677416,57.0,45.0,83.0,10.284449060261727,1.9548387096774194,1.7,0.1,4.4,1.0782203577121638
202012,23,서울,-1.1483870967741936,-1.0,-12.9,6.4,5.029901984978895,62.064516129032256,60.0,41.0,84.0,10.567041477698373,1.8451612903225807,1.7,0.2,4.0,0.8887589510763194
202101,0,서울,-3.6322580645161286,-3.4,-15.9,7.4,6.3208853333887856,61.70967741935484,63.0,39.0,96.0,16.248473873746004,2.4129032258064513,2.0,0.5,7.1,1.3894224064898024
202101,1,서울,-3.948387096774194,-4.1,-16.5,7.1,6.391498049113991,61.61290322580645,60.0,37.0,95.0,16.983673374459443,2.109677419354839,1.9,0.3,5.7,1.1361792225729406
202101,2,서울,-4.248387096774193,-5.0,-16.9,7.0,6.50629802410669,61.54838709677419,56.0,37.0,95.0,16.26210054016684,2.3677419354838714,2.1,0.5,6.4,1.1291256489792427
202101,3,서울,-4.548387096774194,-5.5,-17.2,6.6,6.534466107634805,61.645161290322584,58.0,38.0,94.0,15.674923470513393,2.229032258064516,2.1,0.5,5.6,1.1975512649811966
202101,4,서울,-4.870967741935484,-6.1,-17.5,6.5,6.630545153474039,62.83870967741935,63.0,40.0,94.0,14.922235699772669,1.9387096774193548,1.8,0.3,3.4,0.8040221470228452
202101,5,서울,-5.164516129032258,-5.9,-17.8,6.1,6.703310047386877,63.45161290322581,63.0,40.0,95.0,15.127984465172307,2.0999999999999996,1.8,0.6,5.6,1.07300201925874
202101,6,서울,-5.351612903225806,-5.7,-17.8,5.9,6.721699733834288,63.806451612903224,63.0,35.0,95.0,15.593629799459155,2.2806451612903227,2.0,0.8,5.5,1.0857929068469456
202101,7,서울,-5.448387096774193,-6.0,-18.2,6.2,6.776620149098021,64.09677419354838,61.0,38.0,96.0,15.054024575308043,2.2,2.2,0.4,5.3,1.0648943609579309
202101,8,서울,-5.525806451612904,-5.9,-18.5,5.8,6.784932706221705,64.83870967741936,67.0,41.0,96.0,14.71075972249235,2.303225806451613,2.1,0.3,4.3,1.078728841729234
202101,9,서울,-4.874193548387097,-5.8,-17.9,5.9,6.771015076138165,64.16129032258064,67.0,39.0,97.0,15.068945493284188,2.3806451612903223,2.4,0.6,4.4,0.8533929750662781
202101,10,서울,-3.3032258064516125,-5.2,-15.6,7.5,6.504382310974028,59.96774193548387,60.0,35.0,97.0,17.242358444574304,2.5677419354838706,2.3,1.0,5.4,1.152211524785906
202101,11,서울,-1.8870967741935485,-3.2,-14.8,9.3,6.473059139514787,55.483870967741936,49.0,32.0,96.0,19.459138329230537,2.58,2.4,1.1,4.4,0.8470638945081478
202101,12,서울,-0.6129032258064516,-1.1,-13.8,10.1,6.520467362364136,51.87096774193548,45.0,30.0,93.0,19.72433680420184,2.6233333333333335,2.7,0.5,4.6,1.0810860865059644
202101,13,서울,0.535483870967742,-0.2,-13.1,11.6,6.5546700088357746,48.54838709677419,42.0,21.0,92.0,19.226437891052377,2.9838709677419355,2.9,1.0,5.3,1.2110867775662069
202101,14,서울,1.3032258064516131,-0.3,-12.4,12.9,6.671755584600289,46.12903225806452,40.0,24.0,91.0,18.4999854693346,3.2548387096774194,3.1,1.0,7.3,1.4935056544201453
202101,15,서울,1.5548387096774194,0.0,-12.4,13.8,6.7595778324624884,46.16129032258065,40.0,21.0,91.0,18.352287367325722,3.264516129032258,3.3,1.3,6.0,1.3826420088841445
202101,16,서울,1.4064516129032256,-0.4,-12.3,13.7,6.659326066195736,46.354838709677416,40.0,20.0,92.0,20.03421803997147,3.106451612903226,2.9,0.8,6.7,1.4156118780397795
202101,17,서울,0.6838709677419355,-1.1,-13.0,13.1,6.5691753299884645,48.41935483870968,41.0,21.0,95.0,20.939236206300023,3.0548387096774197,2.7,1.0,6.8,1.4968497385459059
202101,18,서울,-0.22580645161290308,-1.4,-13.7,11.7,6.521654582590498,51.41935483870968,45.0,24.0,94.0,20.438157440676804,2.6967741935483875,2.6,0.5,7.4,1.4698035857369385
202101,19,서울,-0.8709677419354839,-1.5,-14.2,10.9,6.410730252131296,55.193548387096776,50.0,28.0,93.0,18.325609321090727,2.416129032258065,2.1,0.5,5.2,1.3104952687676388
202101,20,서울,-1.4064516129032258,-1.6,-14.6,9.9,6.367780119940855,57.38709677419355,51.0,31.0,94.0,18.6363040315667,2.3193548387096774,2.1,0.5,5.3,1.296513106975452
202101,21,서울,-1.832258064516129,-1.6,-14.9,9.3,6.315504049389047,58.806451612903224,53.0,34.0,95.0,17.67563172815182,2.3548387096774195,2.1,0.2,5.0,1.2611737151498783
202101,22,서울,-2.267741935483871,-1.8,-15.3,8.5,6.360995053017737,60.16129032258065,55.0,38.0,96.0,16.65552315638579,2.3225806451612905,2.3,0.8,5.5,1.0999120199420056
202101,23,서울,-2.735483870967742,-2.6,-15.5,8.0,6.40028897197081,61.096774193548384,57.0,40.0,95.0,16.314318534566862,2.0806451612903225,1.9,0.6,6.2,1.1827705764682936
202102,0,서울,1.3857142857142857,2.6500000000000004,-9.2,10.1,5.5674127434639376,59.75,58.0,37.0,96.0,16.045363931793624,2.4464285714285716,2.2,0.4,6.0,1.2494390275631233
202102,1,서울,1.0607142857142855,2.1,-9.5,9.6,5.614223951893136,60.75,58.5,38.0,95.0,16.148902038127456,2.335714285714286,2.0,0.4,5.5,1.2543891196483106
202102,2,서울,0.7214285714285714,1.85,-9.6,9.0,5.581275384769589,60.642857142857146,59.5,38.0,90.0,15.004232207180221,2.1607142857142856,1.85,0.4,4.6,1.255606474596089
202102,3,서울,0.32500000000000007,1.5,-10.0,8.7,5.58301823323125,61.964285714285715,62.5,38.0,90.0,15.47394977674161,2.0785714285714287,1.7,0.2,4.7,1.098604213050003
202102,4,서울,-0.07500000000000011,1.3,-10.3,8.4,5.59362236043077,63.0,61.5,34.0,89.0,16.218416600797905,2.039285714285714,1.9,0.6,5.4,1.1209583484891932
202102,5,서울,-0.36785714285714305,1.0,-10.4,8.2,5.60707579240721,64.42857142857143,62.0,39.0,91.0,16.782770202245384,2.064285714285714,1.75,0.7,4.6,1.0122268394995138
202102,6,서울,-0.5499999999999999,1.05,-10.5,7.7,5.654070968648919,65.35714285714286,63.5,41.0,93.0,16.806555788153545,2.017857142857143,1.85,0.5,5.8,1.137265587219193
202102,7,서울,-0.7107142857142857,0.7,-10.5,7.5,5.661850193977903,66.5,66.0,41.0,92.0,16.87536007846285,1.9785714285714284,2.25,0.1,3.7,0.939801847852787
202102,8,서울,-0.7178571428571427,0.7,-10.3,7.5,5.59550438407203,67.25,67.0,42.0,95.0,17.436923360968713,2.3535714285714286,2.25,0.7,4.8,1.02649426505484
202102,9,서울,0.3107142857142858,1.85,-9.9,8.9,5.639433862163319,64.57142857142857,60.5,38.0,95.0,19.048531724166065,2.4642857142857144,2.1500000000000004,0.9,5.8,1.1444598550357106
202102,10,서울,1.8535714285714284,2.75,-8.9,9.7,5.79102000500885,59.857142857142854,55.5,29.0,93.0,19.578359719653974,2.5,2.3,1.1,4.9,1.1505232304059332
202102,11,서울,3.346428571428571,4.3,-8.4,12.1,6.019319645500561,54.92857142857143,49.0,24.0,87.0,20.066424087549226,2.4535714285714287,2.0,0.8,5.9,1.2173079414587848
202102,12,서울,4.771428571428571,5.4,-7.5,15.3,6.413057117108937,50.5,45.0,24.0,82.0,18.588128429686474,2.7142857142857144,2.7,0.8,5.0,1.0865215600847966
202102,13,서울,5.817857142857143,6.300000000000001,-6.4,16.7,6.502310334222728,46.92857142857143,41.0,21.0,83.0,18.249157406076208,3.125,3.0,0.9,5.6,1.2387643186002077
202102,14,서울,6.621428571428572,7.4,-5.8,17.2,6.578661191213837,44.035714285714285,37.0,20.0,79.0,17.285151287346462,3.3642857142857143,3.2,1.0,5.5,1.251433040991269
202102,15,서울,7.0,7.85,-5.5,17.0,6.516247500017283,42.607142857142854,35.0,20.0,77.0,16.33296889778074,3.3464285714285715,3.05,0.9,5.7,1.4038260266954425
202102,16,서울,7.167857142857143,7.65,-5.4,17.2,6.344437842267156,41.785714285714285,34.5,20.0,83.0,16.8112773940307,3.3428571428571425,3.25,0.7,5.7,1.2517923657636385
202102,17,서울,6.739285714285714,7.300000000000001,-5.9,16.2,6.154873966619752,42.035714285714285,36.0,21.0,81.0,16.705470700424794,3.1464285714285714,3.0,0.9,6.2,1.3301300807612884
202102,18,서울,5.510714285714286,6.7,-6.8,15.1,6.062717840956118,45.535714285714285,40.0,24.0,81.0,17.06085435500671,3.025,3.05,1.1,5.5,1.144916299706373
202102,19,서울,4.414285714285714,5.7,-8.2,13.9,5.899385673335091,49.5,47.5,25.0,86.0,17.62468807183916,2.9214285714285713,2.6500000000000004,1.2,5.7,1.1153332479435254
202102,20,서울,3.6392857142857147,4.65,-8.7,12.9,5.730770698975209,51.535714285714285,50.5,28.0,83.0,15.526517681784002,2.8285714285714287,2.55,0.5,6.0,1.3360686228930627
202102,21,서울,2.9071428571428575,4.1,-9.1,11.8,5.6498396287583095,53.857142857142854,52.0,30.0,83.0,15.522300053207287,2.4535714285714287,2.3,0.4,5.0,1.301703198479291
202102,22,서울,2.310714285714286,3.55,-9.1,11.0,5.580477829382785,56.892857142857146,53.5,32.0,92.0,16.54922910974961,2.2857142857142856,2.3,0.1,4.8,1.2680443635522014
202102,23,서울,1.9357142857142855,3.05,-9.1,10.4,5.606425829529057,58.17857142857143,56.5,35.0,93.0,16.020943633901066,2.414285714285714,2.25,0.3,5.6,1.2566016150903272
202103,0,서울,7.261290322580645,7.3,0.5,14.7,3.3326343353124153,69.6774193548387,68.0,44.0,100.0,17.139403133859307,1.8290322580645162,1.8,0.5,3.9,0.9644319738882906
202103,1,서울,6.896774193548388,6.9,0.6,14.2,3.3150649939297563,71.19354838709677,70.0,45.0,100.0,16.728058972554088,1.9161290322580644,1.7,0.1,4.2,0.9815283233113375
202103,2,서울,6.558064516129033,6.4,0.5,13.7,3.4173843987810697,72.64516129032258,73.0,47.0,99.0,16.224566531645305,1.6870967741935483,1.6,0.5,4.0,0.9482411562058358
202103,3,서울,6.241935483870968,6.0,0.3,13.3,3.419627094050693,73.83870967741936,76.0,43.0,97.0,15.906176524008002,1.8064516129032258,1.3,0.1,5.4,1.2393373185889756
202103,4,서울,5.835483870967742,5.5,-0.4,12.7,3.3604115211381247,75.35483870967742,79.0,44.0,97.0,15.191112285580616,1.7838709677419355,1.8,0.1,6.2,1.2116371222973619
202103,5,서울,5.438709677419355,5.2,-0.8,12.2,3.270644933276906,76.19354838709677,82.0,44.0,96.0,14.51991587404167,1.7451612903225806,1.6,0.1,4.3,1.0819238142239713
202103,6,서울,5.148387096774194,5.0,-1.0,12.0,3.1769871437933075,77.35483870967742,80.0,46.0,98.0,13.782956594037373,1.8290322580645162,1.7,0.4,3.8,0.8760492940419494
202103,7,서울,4.951612903225806,4.9,-1.2,11.8,3.1643715508498618,77.45161290322581,80.0,46.0,100.0,13.997234749948337,1.967741935483871,1.8,0.1,5.3,1.177677685609605
202103,8,서울,5.45483870967742,5.4,-0.6,11.6,3.078835137913625,76.64516129032258,79.0,49.0,100.0,14.379495556976897,1.9483870967741934,1.8,0.3,3.7,0.7869226847841896
202103,9,서울,7.025806451612904,6.7,0.7,12.9,2.8530647547196772,71.09677419354838,75.0,47.0,98.0,14.63638124380403,2.0806451612903225,2.1,0.5,3.8,0.758252093013359
202103,10,서울,8.796774193548387,8.5,1.5,14.4,2.8478628093089675,63.70967741935484,63.0,41.0,99.0,14.911278837146726,2.270967741935484,2.4,0.7,3.7,0.8806034099362766
202103,11,서울,10.396774193548387,10.6,2.4,15.6,3.037376485386442,56.74193548387097,53.0,36.0,99.0,16.089267109754633,2.3774193548387097,2.3,0.8,4.4,0.8980384837408528
202103,12,서울,11.825806451612904,12.3,3.5,17.7,3.2844043338110778,51.16129032258065,47.0,27.0,100.0,17.93896461931132,2.4935483870967743,2.4,0.5,5.7,1.1372292304459315
202103,13,서울,12.796774193548387,13.4,4.0,19.8,3.6556334490726083,49.193548387096776,45.0,23.0,100.0,19.102215150497965,2.8,2.9,1.5,4.7,0.9633275663033837
202103,14,서울,13.345161290322581,13.7,4.8,21.4,3.8613329917423953,47.483870967741936,42.0,19.0,100.0,20.188892932735623,3.0903225806451613,2.9,1.1,5.6,1.3479255268027428
202103,15,서울,13.67741935483871,13.3,6.1,22.3,4.075840173299189,46.0,40.0,21.0,99.0,20.657524859801896,3.148387096774193,3.3,0.8,5.7,1.1814880356967747
202103,16,서울,13.751612903225807,13.6,5.7,22.2,4.235553562227095,45.58064516129032,41.0,21.0,95.0,20.333509606145856,3.206451612903226,3.0,1.3,5.7,1.1806595568779814
202103,17,서울,13.109677419354838,12.8,4.5,22.1,4.119090096830422,47.16129032258065,44.0,22.0,95.0,19.252872987675627,3.3483870967741933,3.4,1.3,6.4,1.1982962815992646
202103,18,서울,11.787096774193548,11.9,3.1,21.1,3.984615576228476,51.096774193548384,49.0,22.0,96.0,18.519097959871367,3.4612903225806453,3.4,0.8,6.0,1.1306863459435714
202103,19,서울,10.358064516129033,10.7,1.5,18.9,3.6896046936899523,55.903225806451616,54.0,30.0,97.0,17.577172390555653,3.0999999999999996,3.0,1.7,5.1,0.8382521498133283
202103,20,서울,9.541935483870969,9.9,1.2,17.5,3.5973855500486636,59.225806451612904,59.0,34.0,98.0,17.30647215623749,2.703225806451613,2.9,0.9,4.8,0.9864021732091975
202103,21,서울,8.916129032258064,9.3,1.0,16.8,3.625566325802867,62.32258064516129,64.0,34.0,99.0,17.102411324672307,2.4419354838709677,2.3,0.7,5.1,1.0039170595052118
202103,22,서울,8.399999999999999,8.7,0.8,16.1,3.593141615170026,64.54838709677419,66.0,36.0,99.0,16.909245419153432,2.116129032258064,1.9,0.9,5.0,1.0341169418699057
202103,23,서울,7.874193548387097,8.0,0.6,14.8,3.522685314920564,67.29032258064517,68.0,41.0,100.0,17.066914480727707,1.9225806451612903,1.9,0.1,3.7,0.9911978199529949
202104,0,서울,12.213333333333333,11.75,5.7,18.4,3.37758670562622,60.36666666666667,59.0,33.0,99.0,17.13331767967441,1.8866666666666667,1.65,0.2,5.1,1.185758402249694
202104,1,서울,11.776666666666667,11.25,5.4,18.0,3.3455769394039145,62.53333333333333,63.5,38.0,99.0,17.820432545029714,2.0966666666666667,1.9,0.5,4.8,1.2516150486012292
202104,2,서울,11.386666666666667,10.7,5.0,18.3,3.429661020078177,63.166666666666664,59.5,37.0,98.0,18.068992936716935,2.086666666666667,2.3,0.0,4.4,1.0861933952819007
202104,3,서울,11.046666666666665,10.5,4.6,17.9,3.479470167091271,63.86666666666667,61.0,40.0,98.0,17.367693618013746,2.2333333333333334,2.0,0.6,4.8,1.198082759599926
202104,4,서울,10.69,10.55,3.9,17.8,3.5517212922653485,64.83333333333333,63.0,41.0,98.0,16.936154620613657,2.1533333333333333,2.1,0.2,5.0,1.1334212271529593
202104,5,서울,10.423333333333334,10.2,3.4,17.6,3.6079111669365895,66.16666666666667,63.0,40.0,98.0,17.03157986340898,2.06,2.2,0.2,4.5,0.9394055346977095
202104,6,서울,10.229999999999999,9.95,3.4,17.4,3.6411583984713736,66.86666666666666,65.5,40.0,99.0,16.792308036580387,2.1966666666666668,2.05,0.7,3.8,0.8806280413014547
202104,7,서울,10.346666666666668,10.0,3.1,17.3,3.6458510508600694,67.06666666666666,64.5,40.0,96.0,16.235196617084817,2.36,2.3499999999999996,0.5,4.6,1.178719351815702
202104,8,서울,11.610000000000001,10.85,5.0,17.6,3.265213728020751,63.46666666666667,62.5,34.0,93.0,14.90598892214557,2.603333333333333,2.45,1.0,5.2,1.066571475637558
202104,9,서울,13.176666666666668,12.6,6.8,19.0,3.0163557977882136,57.2,57.5,30.0,90.0,13.951640615428316,2.6733333333333333,2.4,0.6,4.9,1.224162861976983
202104,10,서울,14.676666666666668,14.45,8.3,20.6,2.9804747751084006,52.666666666666664,51.0,31.0,83.0,14.840144374549435,2.7800000000000002,2.45,1.5,4.9,0.9845005735449548
202104,11,서울,15.956666666666667,15.950000000000001,10.8,22.7,3.244484267325015,48.2,45.5,25.0,89.0,16.857209651700348,2.6599999999999997,2.8,1.0,4.6,1.0440636788612279
202104,12,서울,17.063333333333336,16.8,10.9,24.7,3.4312442031439843,44.5,41.0,21.0,94.0,18.576496087705877,3.0233333333333334,2.95,1.3,4.5,0.8763888812989173
202104,13,서울,17.71333333333333,17.4,10.7,26.2,3.7623115907307736,42.7,38.5,20.0,94.0,18.33246601919195,3.106666666666667,3.05,1.3,6.1,1.1113624236861748
202104,14,서울,18.40666666666667,18.65,11.6,27.5,4.006110275595255,41.5,36.5,20.0,96.0,18.301592167406334,3.1866666666666665,3.05,1.7,5.4,1.0047244718666983
202104,15,서울,18.663333333333334,18.9,12.4,27.6,4.102857148574538,41.46666666666667,36.5,19.0,96.0,18.39740111581231,3.3133333333333335,3.4,1.3,5.4,1.087145370900904
202104,16,서울,18.529999999999998,18.5,11.5,28.1,4.16563527464651,41.766666666666666,36.0,20.0,98.0,19.243777916660413,3.2066666666666666,3.3,0.9,6.7,1.3878619958555785
202104,17,서울,17.89,17.4,10.6,27.8,4.18233971805751,42.8,37.5,22.0,98.0,18.65364899127394,3.3800000000000003,3.6500000000000004,1.0,5.1,1.0681598743827534
202104,18,서울,17.1,17.0,10.2,26.1,3.976656020257256,44.266666666666666,39.5,23.0,98.0,18.567552961780017,3.19,3.3,1.0,4.7,0.8575627050562823
202104,19,서울,15.863333333333335,15.8,9.4,24.1,3.790503863634739,46.3,39.5,25.0,97.0,18.424402858428145,3.04,2.75,1.6,4.6,0.8049844718999243
202104,20,서울,14.886666666666665,14.8,8.7,22.7,3.706167584030643,50.2,46.5,27.0,98.0,17.996934604882405,2.69,2.7,0.9,5.0,0.8587681634880799
202104,21,서울,14.146666666666667,14.0,8.0,21.2,3.607055665596616,53.9,51.0,28.0,98.0,17.416500301685776,2.506666666666667,2.4,0.3,5.4,1.0910081808010024
202104,22,서울,13.42,12.95,7.2,20.3,3.5396668458077163,57.2,54.0,31.0,99.0,16.846978650641557,2.45,2.45,0.2,6.5,1.2800188576197107
202104,23,서울,12.693333333333333,12.45,6.5,18.8,3.3979642316452106,59.96666666666667,58.5,33.0,98.0,16.618401378225766,2.4266666666666667,2.4,0.7,5.7,1.116624634652417
202105,0,서울,15.119354838709677,14.7,8.5,22.2,3.4028830281433127,73.48387096774194,74.0,39.0,97.0,16.834232915385908,1.7258064516129032,1.6,0.0,3.5,0.8598324417914163
202105,1,서울,14.693548387096774,14.3,7.8,22.1,3.4259729016121305,75.0,78.0,38.0,97.0,16.295193565384036,1.7806451612903227,1.9,0.2,4.1,0.9533867193112874
202105,2,서울,14.341935483870968,14.3,7.8,21.7,3.433926245912336,76.64516129032258,79.0,40.0,97.0,16.065591361865636,1.7354838709677418,1.8,0.3,3.4,0.8693094528021554
202105,3,서울,13.993548387096775,14.0,7.8,21.2,3.4367557845416714,77.41935483870968,82.0,42.0,99.0,15.163056405945753,1.8161290322580643,1.9,0.1,3.9,0.9165503347492882
202105,4,서울,13.796774193548387,13.8,7.9,21.0,3.410521355156495,78.87096774193549,82.0,42.0,98.0,14.410047271455827,1.6548387096774193,1.6,0.0,3.4,0.869804081264825
202105,5,서울,13.59032258064516,13.7,7.6,20.9,3.4523764606146963,80.45161290322581,85.0,42.0,97.0,14.477197495089575,1.696774193548387,1.8,0.1,3.9,0.8304552450183542
202105,6,서울,13.509677419354839,13.8,7.4,20.9,3.4866750961060955,81.74193548387096,86.0,41.0,98.0,15.053167422916868,1.9161290322580644,1.8,0.5,4.9,0.8517029115028113
202105,7,서울,13.851612903225808,14.1,7.6,21.1,3.3325536722601528,81.7741935483871,85.0,40.0,99.0,14.370594229001933,1.8290322580645162,1.7,0.7,3.5,0.7376510233559394
202105,8,서울,14.954838709677418,14.6,8.6,22.3,3.1811778436796456,78.35483870967742,80.0,39.0,98.0,14.467315777519053,2.1580645161290324,2.3,0.6,3.5,0.7792193501825558
202105,9,서울,16.170967741935485,16.0,10.5,23.8,3.318754138567373,72.70967741935483,72.0,34.0,98.0,16.069004425471004,2.3548387096774195,2.5,0.3,4.4,0.9986119398703448
202105,10,서울,17.348387096774193,17.9,11.1,24.3,3.6184592455668136,68.90322580645162,69.0,32.0,98.0,18.446959711037618,2.5483870967741935,2.5,0.8,5.2,0.9598162906660611
202105,11,서울,18.490322580645163,18.9,12.0,26.1,3.9043868352328754,63.58064516129032,61.0,31.0,97.0,19.03465995414398,2.770967741935484,2.6,1.1,5.4,1.1446086808416511
202105,12,서울,19.651612903225807,20.1,13.5,27.2,4.013383524138699,58.774193548387096,54.0,31.0,97.0,19.921026876844405,2.770967741935484,2.3,0.3,6.1,1.338455216132164
202105,13,서울,20.480645161290322,20.6,14.1,28.7,4.04165142442531,55.193548387096776,50.0,28.0,96.0,19.908824433466197,3.07741935483871,2.7,1.6,6.0,1.2875583294021686
202105,14,서울,20.73548387096774,20.9,11.7,29.9,4.388967106058614,54.903225806451616,49.0,28.0,95.0,20.608015978755578,3.138709677419355,2.8,0.9,6.6,1.5536360404665435
202105,15,서울,20.88064516129032,21.0,9.3,30.3,4.735216950667885,55.483870967741936,46.0,29.0,97.0,22.512027848451645,3.1903225806451614,3.0,1.1,6.5,1.5919285659663829
202105,16,서울,20.92258064516129,21.6,10.0,30.6,4.635422287661204,55.74193548387097,52.0,26.0,97.0,22.807846225857574,3.3774193548387097,3.6,0.9,8.3,1.5690144841947455
202105,17,서울,20.52258064516129,20.2,10.4,30.2,4.470996136389842,56.354838709677416,51.0,27.0,98.0,21.583247187107524,3.4000000000000004,3.6,0.8,6.1,1.2704329970525796
202105,18,서울,19.848387096774193,19.8,9.9,29.4,4.383443925175875,58.12903225806452,51.0,29.0,98.0,20.780988002633354,3.096774193548387,3.0,1.2,5.6,1.1388543573749137
202105,19,서울,18.90967741935484,17.9,9.8,26.6,4.105878293269273,60.16129032258065,54.0,31.0,99.0,19.879800089862652,2.838709677419355,3.0,0.5,6.0,1.0815659694334685
202105,20,서울,17.758064516129032,16.9,9.7,25.4,3.6684033033049834,63.83870967741935,63.0,31.0,99.0,19.396042163619445,2.448387096774194,2.4,0.0,4.3,0.9391027518299706
202105,21,서울,17.04516129032258,16.7,9.2,24.8,3.5573247166634854,67.35483870967742,67.0,32.0,98.0,18.607432900316606,2.2161290322580647,2.2,0.6,4.0,0.7716202754349872
202105,22,서울,16.432258064516127,16.2,8.8,23.6,3.4935547414034875,69.61290322580645,70.0,33.0,98.0,17.63080149313475,1.9903225806451614,2.0,0.4,4.2,0.8296002405615521
202105,23,서울,15.858064516129033,15.3,8.6,22.8,3.4593616167869645,71.90322580645162,72.0,35.0,100.0,17.40757467064204,1.974193548387097,1.8,0.7,4.1,0.831451638976669
202106,0,서울,20.876666666666665,21.1,14.7,24.7,1.8258079616004745,79.33333333333333,80.0,63.0,92.0,8.014354937078298,1.68,1.75,0.3,3.1,0.7590375030487511
202106,1,서울,20.490000000000002,20.75,14.4,24.2,1.8136170755018057,80.56666666666666,82.5,64.0,92.0,7.846296439473335,1.7366666666666668,1.55,0.3,3.3,0.8747347709678802
202106,2,서울,20.19333333333333,20.3,13.9,23.9,1.8423997344792447,81.93333333333334,84.0,66.0,94.0,7.2821621141987265,1.8133333333333332,1.65,0.8,4.4,0.796428810738733
202106,3,서울,19.946666666666665,20.1,13.6,23.5,1.8290252413056893,83.1,85.5,65.0,95.0,7.97993172557432,1.7333333333333334,1.65,0.6,3.7,0.7558203277341066
202106,4,서울,19.666666666666668,19.85,13.4,23.0,1.8105692252825416,84.2,84.5,70.0,96.0,7.169860288159327,1.75,1.7,0.4,3.7,0.7495975931952676
202106,5,서울,19.423333333333336,19.6,13.5,22.4,1.741121979393297,85.03333333333333,86.0,70.0,97.0,7.420769238559708,2.026666666666667,1.85,0.9,4.7,0.8415639518524254
202106,6,서울,19.30666666666667,19.5,13.8,22.3,1.6761888901321058,85.36666666666666,86.5,71.0,98.0,7.2086314801140965,1.87,1.7999999999999998,0.1,3.7,0.9161952810964747
202106,7,서울,19.790000000000003,19.85,14.4,22.7,1.6893887896983992,84.3,86.0,71.0,96.0,7.066921487489786,1.95,1.85,0.4,3.5,0.7713624310270756
202106,8,서울,20.793333333333333,20.950000000000003,15.5,23.6,1.8975362126085809,81.13333333333334,80.0,66.0,97.0,7.78031704581075,2.08,2.1,0.6,4.8,0.859590921150368
202106,9,서울,22.013333333333332,22.15,16.7,25.4,2.1613746158139864,76.56666666666666,74.0,59.0,98.0,9.054179196345752,2.1033333333333335,2.0,0.7,3.7,0.7364796662845313
202106,10,서울,23.196666666666665,23.700000000000003,18.3,26.1,2.272850759445646,71.8,70.5,57.0,97.0,9.639716693504766,2.07,2.05,0.7,5.0,0.7616452246786966
202106,11,서울,24.386666666666667,25.299999999999997,19.5,27.9,2.3770067142396187,67.0,65.0,54.0,98.0,10.569963951264661,2.07,2.1500000000000004,0.6,4.8,0.7931386798771332
202106,12,서울,25.243333333333332,25.9,20.3,28.9,2.518029242158997,62.86666666666667,60.0,49.0,96.0,10.956759316177559,2.44,2.4,0.8,4.9,0.9859705528231981
202106,13,서울,25.82,26.4,20.0,30.2,2.9309760643265537,60.36666666666667,57.0,40.0,95.0,13.415079866183875,2.5,2.55,0.9,4.8,0.8713841545653594
202106,14,서울,26.25,27.0,20.1,31.0,2.9796725115123093,58.56666666666667,55.0,41.0,94.0,13.740660359911265,2.506666666666667,2.45,0.7,6.5,1.1878503717838906
202106,15,서울,26.67,27.7,19.7,31.3,3.1015179820699808,58.2,56.0,40.0,91.0,12.780372883233213,2.8066666666666666,2.7,1.1,5.4,1.1419684557915724
202106,16,서울,26.56,27.5,18.8,31.3,3.1137736280751933,58.36666666666667,56.0,38.0,94.0,13.497083550449556,2.7733333333333334,2.55,1.0,5.4,0.9705786874363908
202106,17,서울,26.206666666666667,26.45,18.7,31.4,2.9729740517945458,60.46666666666667,58.5,38.0,93.0,13.384843031896406,2.9233333333333333,2.8499999999999996,0.8,4.9,1.0210485933025213
202106,18,서울,25.696666666666665,26.1,18.6,30.9,2.6352364721914068,61.6,59.5,42.0,94.0,12.226596221860515,2.7733333333333334,2.75,0.5,5.4,1.09731123844741
202106,19,서울,24.566666666666666,24.95,18.6,29.8,2.269639700000001,66.83333333333333,67.0,48.0,95.0,11.971469916180846,2.643333333333333,2.8,0.4,5.4,1.140684408388328
202106,20,서울,23.48,23.700000000000003,18.4,28.3,2.0215050726180945,70.86666666666666,72.0,52.0,95.0,10.51676275526717,2.3333333333333335,2.5,0.1,4.0,0.774299832032177
202106,21,서울,22.65,22.8,15.5,27.2,2.1410197377047644,72.8,73.5,54.0,86.0,8.6119403877047,2.1933333333333334,2.1,0.3,6.7,1.1953742260187332
202106,22,서울,22.02,22.35,14.9,26.3,2.0700491415123126,75.1,75.5,58.0,90.0,7.836035239575055,1.8433333333333333,1.85,0.3,4.4,0.8152356686273603
202106,23,서울,21.5,21.9,14.9,25.6,1.9680201849259233,77.26666666666667,79.0,59.0,92.0,8.149183726134712,1.8966666666666667,1.85,0.8,4.1,0.7819001317891907
202107,0,서울,26.59032258064516,27.4,19.8,30.5,2.82964719104811,75.96774193548387,76.0,58.0,100.0,10.593972723417599,1.4774193548387096,1.4,0.2,3.8,0.8413123389163522
202107,1,서울,26.20967741935484,27.0,20.1,29.9,2.6869257325934988,77.48387096774194,77.0,60.0,100.0,9.89569255700659,1.6870967741935483,1.6,0.3,3.2,0.7093386288103735
202107,2,서울,25.848387096774193,26.7,20.2,29.5,2.537173094573556,79.29032258064517,80.0,63.0,100.0,9.441728473067828,1.6258064516129032,1.7,0.6,2.9,0.6244825815214191
202107,3,서울,25.561290322580643,26.4,20.2,28.9,2.415322948641975,80.48387096774194,82.0,64.0,99.0,8.969841944880022,1.5903225806451613,1.5,0.5,3.1,0.6837908250869693
202107,4,서울,25.30322580645161,26.0,20.2,28.3,2.3120674544611557,80.93548387096774,83.0,65.0,100.0,8.744276161661283,1.441935483870968,1.4,0.2,3.3,0.7315618878119095
202107,5,서울,25.04516129032258,25.6,20.1,28.0,2.216880497407324,82.2258064516129,85.0,66.0,100.0,8.527249175122284,1.5903225806451613,1.8,0.5,2.8,0.6095653307670296
202107,6,서울,24.86774193548387,25.3,20.1,27.9,2.129223191177821,82.58064516129032,84.0,67.0,99.0,8.07371947967968,1.6548387096774193,1.6,0.2,3.3,0.7535864072011117
202107,7,서울,25.229032258064517,26.1,20.4,28.0,2.155024137279688,82.3225806451613,84.0,71.0,100.0,7.760528748198341,1.6290322580645162,1.6,0.2,3.5,0.6714132102697496
202107,8,서울,26.383870967741935,27.3,21.1,29.8,2.5000129031925096,78.35483870967742,78.0,63.0,100.0,9.156230618534297,1.7806451612903227,1.8,0.6,2.6,0.5173131577930398
202107,9,서울,27.493548387096773,28.5,21.7,31.3,2.7108344943788025,73.74193548387096,72.0,58.0,99.0,10.282566936115655,1.8096774193548388,1.7,0.5,3.4,0.6363200655381314
202107,10,서울,28.506451612903227,29.7,22.1,32.2,2.9392669702802863,69.7741935483871,68.0,52.0,99.0,11.209251171597362,1.9516129032258065,2.1,0.6,4.1,0.8024425079060951
202107,11,서울,29.396774193548385,30.3,22.3,33.0,3.054885035585653,66.51612903225806,64.0,51.0,98.0,11.206756794428188,2.1580645161290324,2.2,0.6,4.0,0.7401685364601708
202107,12,서울,30.312903225806455,31.4,22.5,34.3,3.114347650844811,62.645161290322584,61.0,46.0,98.0,11.603299493669244,2.306451612903226,2.2,1.3,3.5,0.612609437227868
202107,13,서울,30.97741935483871,31.5,22.7,35.1,3.216904275585393,59.67741935483871,59.0,40.0,99.0,12.226711459680375,2.329032258064516,2.2,1.0,5.2,0.8768099559908812
202107,14,서울,31.338709677419356,32.4,22.7,35.6,3.2501976780246107,58.41935483870968,56.0,40.0,98.0,12.368708349563391,2.5870967741935487,2.7,1.1,4.1,0.7351833945730234
202107,15,서울,31.51290322580645,32.5,23.1,36.3,3.5788025870379094,58.354838709677416,56.0,38.0,96.0,14.029845299923483,2.47741935483871,2.4,0.7,4.1,0.8305458756823147
202107,16,서울,31.44516129032258,32.5,22.5,36.0,3.8017398393961193,59.12903225806452,58.0,42.0,94.0,14.370669053048925,2.5870967741935487,2.6,0.8,4.2,0.7902497223383971
202107,17,서울,30.932258064516127,31.6,21.5,36.1,3.8876202743901653,61.03225806451613,61.0,40.0,95.0,15.29811289226603,2.806451612903226,2.8,1.1,4.6,0.8037144948595314
202107,18,서울,30.403225806451612,30.6,20.9,35.4,3.833491347841873,62.903225806451616,63.0,40.0,97.0,15.067304201945968,2.696774193548387,2.6,0.4,4.7,0.9745029060903282
202107,19,서울,29.53548387096774,30.3,20.5,34.4,3.5550479028274498,64.90322580645162,64.0,44.0,99.0,14.640935395230452,2.5064516129032257,2.5,0.9,4.7,0.9790932825395027
202107,20,서울,28.56451612903226,29.1,20.2,32.9,3.286796656026126,68.7741935483871,67.0,50.0,99.0,11.655355499853147,2.293548387096774,2.3,0.5,5.1,0.9405443402168654
202107,21,서울,27.91290322580645,28.7,19.8,31.8,3.11456170650959,70.90322580645162,67.0,51.0,100.0,11.645756991882424,2.009677419354839,2.1,0.4,4.7,0.9700016627854056
202107,22,서울,27.470967741935485,28.3,19.7,31.4,2.9926792397879973,72.90322580645162,71.0,56.0,100.0,11.160510259271835,1.8870967741935485,1.8,0.5,4.9,0.9922170244739376
202107,23,서울,27.07741935483871,27.8,19.6,31.1,2.9130407569433165,74.29032258064517,74.0,55.0,100.0,10.955040083258774,1.7096774193548387,1.5,0.4,4.5,0.9768503258635813
202108,0,서울,24.758064516129032,25.0,20.4,28.0,1.897502603168771,77.51612903225806,77.0,61.0,93.0,10.236766962740845,1.535483870967742,1.4,0.0,2.9,0.9105120856224349
202108,1,서울,24.45483870967742,24.5,20.3,27.6,1.8193109885663514,78.83870967741936,78.0,63.0,93.0,9.27037134888546,1.6935483870967742,1.7,0.2,3.4,0.8429849677864835
202108,2,서울,24.12258064516129,24.2,20.3,27.4,1.7657311379745504,80.12903225806451,79.0,65.0,93.0,8.581926495000486,1.5903225806451613,1.4,0.3,2.8,0.7734575354470243
202108,3,서울,23.87741935483871,24.0,20.4,27.3,1.6960168390318444,81.41935483870968,82.0,66.0,93.0,8.20883342726353,1.558064516129032,1.3,0.3,3.5,0.8720757587688457
202108,4,서울,23.654838709677417,23.6,20.2,27.1,1.7040811228102604,82.12903225806451,82.0,65.0,94.0,8.440939661293132,1.6838709677419357,1.7,0.2,3.2,0.7698903706344813
202108,5,서울,23.458064516129035,23.5,20.1,27.0,1.7087567007522109,82.64516129032258,82.0,66.0,96.0,8.392649113348238,1.635483870967742,1.6,0.1,3.5,0.8867725702782251
202108,6,서울,23.33225806451613,23.5,19.8,26.9,1.7249902602187266,82.48387096774194,81.0,66.0,96.0,8.578542874489957,1.7225806451612902,1.7,0.4,3.3,0.6936424042301887
202108,7,서울,23.493548387096773,23.6,20.0,26.9,1.715602029195768,82.83870967741936,82.0,67.0,97.0,8.454177563759226,1.961290322580645,2.0,0.7,3.2,0.6130130065802514
202108,8,서울,24.283870967741933,24.3,20.7,27.7,1.9073711007900453,81.19354838709677,81.0,63.0,96.0,9.785769786919198,1.9193548387096775,1.9,0.6,3.3,0.667542435524369
202108,9,서울,25.22258064516129,25.6,20.8,29.2,2.290809125966826,77.6774193548387,77.0,60.0,96.0,11.028409062580739,2.032258064516129,2.1,0.8,3.4,0.6441465137550585
202108,10,서울,26.074193548387097,26.3,21.6,30.4,2.5315302015362797,75.0,75.0,55.0,96.0,12.377398757412644,2.229032258064516,2.4,0.7,3.6,0.7435023193808689
202108,11,서울,27.006451612903227,26.8,22.7,31.0,2.7679035970533086,71.29032258064517,71.0,53.0,96.0,12.959407261103413,2.238709677419355,2.4,1.0,3.1,0.659129435621886
202108,12,서울,27.774193548387096,28.1,22.0,31.8,2.942670866399606,68.19354838709677,70.0,50.0,98.0,13.044588545545647,2.270967741935484,2.2,0.6,4.5,0.7484176856929988
202108,13,서울,28.148387096774194,28.8,20.6,32.6,3.2997849392288123,66.29032258064517,63.0,48.0,99.0,14.448053036971443,2.6129032258064515,2.4,1.3,6.3,0.9783462016702372
202108,14,서울,28.451612903225808,28.8,20.3,32.9,3.25697927203945,65.61290322580645,60.0,45.0,97.0,15.84650838377304,2.6258064516129034,2.4,1.1,8.1,1.3268930481731835
202108,15,서울,28.799999999999997,29.6,19.9,33.5,3.3192368600829503,63.645161290322584,59.0,44.0,97.0,15.24587023228864,2.5935483870967744,2.6,0.8,6.9,1.0902401826725974
202108,16,서울,28.706451612903226,29.8,19.2,33.6,3.3696622465632964,64.48387096774194,61.0,41.0,97.0,15.899415015951448,2.674193548387097,2.6,0.4,5.3,0.9062625601650932
202108,17,서울,28.551612903225806,29.8,18.5,33.2,3.4348091618741523,64.70967741935483,60.0,43.0,98.0,15.76746343664086,2.6580645161290324,2.5,1.0,4.2,0.8114900671186666
202108,18,서울,27.809677419354838,28.5,18.2,32.4,3.2734645091207426,65.54838709677419,60.0,45.0,99.0,15.671287353367873,2.5870967741935487,2.5,0.7,5.2,0.9999139747944557
202108,19,서울,26.96451612903226,27.3,18.1,31.4,3.0544555856537134,69.03225806451613,64.0,50.0,98.0,14.003532580430651,2.532258064516129,2.6,0.6,5.1,1.0460679062642773
202108,20,서울,26.04516129032258,26.2,18.1,29.9,2.739931715654901,73.87096774193549,70.0,54.0,99.0,13.318513269089935,2.238709677419355,2.0,0.6,4.3,0.9559209937210079
202108,21,서울,25.516129032258064,25.7,18.1,29.2,2.526010922936737,76.3225806451613,74.0,55.0,99.0,12.697472443427978,2.203225806451613,2.0,0.4,4.2,1.0393856746391887
202108,22,서울,25.106451612903225,25.5,18.3,28.4,2.353994545996365,77.58064516129032,76.0,58.0,100.0,11.534800080765413,2.116129032258064,2.1,0.3,4.2,0.9306258733395673
202108,23,서울,24.799999999999997,25.3,18.5,27.9,2.24291477026361,77.54838709677419,75.0,60.0,100.0,11.25711244703371,1.8806451612903226,1.9,0.1,4.1,1.0300224446870756
202109,0,서울,20.873333333333335,21.0,17.4,23.5,1.6303021368664343,75.73333333333333,74.5,55.0,100.0,12.473235714737468,2.1233333333333335,1.9,0.3,4.6,1.0549336744417936
202109,1,서울,20.44,20.55,17.5,23.0,1.4993331851193052,77.83333333333333,75.0,57.0,99.0,11.8411419921459,2.06,2.1,0.0,3.9,0.990854733776993
202109,2,서울,20.066666666666666,20.15,17.2,22.4,1.438709511149233,79.56666666666666,76.5,59.0,98.0,11.2730479106319,2.013333333333333,2.1,0.4,3.8,0.8016075802059744
202109,3,서울,19.790000000000003,19.9,16.9,21.7,1.4140550640402694,80.6,78.0,62.0,98.0,11.18064830641426,1.8566666666666667,1.85,0.2,3.3,0.7582572274555024
202109,4,서울,19.566666666666666,19.7,16.8,21.5,1.3603583030377249,81.73333333333333,79.0,66.0,99.0,10.497728270943897,2.0633333333333335,2.1500000000000004,0.4,3.4,0.7246798738341158
202109,5,서울,19.396666666666665,19.35,16.4,21.4,1.334808092453054,82.26666666666667,79.5,67.0,99.0,10.288706005342352,1.9966666666666666,2.0,0.3,4.0,0.7779208954258974
202109,6,서울,19.30666666666667,19.4,16.1,21.3,1.2773715829466141,83.0,81.0,69.0,98.0,9.819052556303395,2.0033333333333334,2.0,0.8,3.2,0.6477991032418304
202109,7,서울,19.386666666666667,19.45,16.4,21.2,1.2110791236241174,83.23333333333333,80.5,68.0,99.0,10.026459248282578,2.0433333333333334,2.1500000000000004,0.9,3.3,0.7600741040702285
202109,8,서울,20.313333333333333,20.6,16.9,22.5,1.325800560580958,80.8,77.0,67.0,99.0,10.707393513926206,2.0566666666666666,2.25,0.4,3.4,0.8601055802605878
202109,9,서울,21.596666666666668,22.0,17.4,23.8,1.4951607763469568,76.5,72.5,60.0,100.0,12.229839145190805,2.283333333333333,2.2,0.4,4.3,0.8994570520629358
202109,10,서울,22.71333333333333,23.15,18.3,25.2,1.7633692932473952,72.06666666666666,68.5,54.0,98.0,12.692472201061252,2.4733333333333336,2.3499999999999996,0.4,4.9,0.9303070806824036
202109,11,서울,23.803333333333335,24.200000000000003,19.6,26.4,1.86316070592205,68.1,64.0,52.0,100.0,12.826024191140611,2.5433333333333334,2.45,1.1,4.3,0.7351675076931897
202109,12,서울,24.85666666666667,25.5,19.9,27.4,1.972515169004797,63.96666666666667,59.5,50.0,100.0,12.9840308637674,2.61,2.45,0.9,5.0,0.9952819735615387
202109,13,서울,25.646666666666665,26.4,20.5,28.5,2.261481560962794,60.5,56.0,48.0,99.0,12.618404730037566,2.6366666666666663,2.55,0.9,5.2,1.0111391095445643
202109,14,서울,26.263333333333332,26.8,20.6,29.4,2.3842129234545766,57.9,53.5,45.0,98.0,12.755931683081728,2.9066666666666667,2.7,1.1,5.1,0.9213682978211726
202109,15,서울,26.509999999999998,26.75,20.8,30.2,2.516339706248222,56.666666666666664,54.0,40.0,99.0,12.747774202833872,3.04,2.6,1.7,5.6,1.1297237990185764
202109,16,서울,26.386666666666667,26.7,20.8,29.8,2.4450842074679535,56.56666666666667,53.5,41.0,97.0,12.439324001295061,2.7800000000000002,2.55,0.7,4.9,0.9312209264149425
202109,17,서울,25.983333333333334,26.15,20.5,29.5,2.3519739814027294,58.233333333333334,54.0,40.0,97.0,12.527716398486977,2.6333333333333333,2.4,1.4,6.1,1.022280524740821
202109,18,서울,25.14,25.4,20.2,28.4,2.116047062901436,60.96666666666667,58.5,44.0,96.0,11.859764879140975,2.6866666666666665,2.55,1.6,4.4,0.7951288480853095
202109,19,서울,24.05,24.299999999999997,19.8,27.1,1.8227962603913104,64.53333333333333,63.0,47.0,99.0,12.330878910793166,2.5866666666666664,2.55,0.2,4.7,1.0043812071098317
202109,20,서울,23.259999999999998,23.55,19.6,26.0,1.6147168001936394,67.8,66.5,49.0,99.0,12.40244692208648,2.4,2.45,0.9,4.3,0.7510911602691664
202109,21,서울,22.633333333333333,22.95,19.3,25.2,1.560577552975365,70.2,70.0,53.0,98.0,12.688305775330129,2.3,2.2,0.4,4.4,1.0147192579298931
202109,22,서울,22.046666666666667,22.45,18.8,24.6,1.5087636713852677,71.26666666666667,70.0,53.0,98.0,12.091414261804726,2.26,2.3,0.3,6.3,1.331475717467989
202109,23,서울,21.456666666666667,21.65,18.3,24.1,1.5408648116613233,73.03333333333333,73.0,54.0,97.0,11.704650809601823,2.24,2.05,0.4,6.0,1.1696153213770757
202110,0,서울,14.170967741935485,14.9,4.2,24.1,5.4328134852571,74.61290322580645,74.0,38.0,92.0,13.1799782988057,1.7516129032258063,1.6,0.6,3.3,0.8617311907789403
202110,1,서울,13.787096774193548,14.1,3.6,23.9,5.510398771745648,75.54838709677419,76.0,47.0,94.0,12.798017319562748,1.5032258064516129,1.4,0.0,3.6,0.9474470507519112
202110,2,서울,13.474193548387097,13.5,3.2,23.7,5.637846382082167,77.12903225806451,80.0,46.0,94.0,12.701028660398267,1.6612903225806452,1.5,0.1,3.7,0.8811649181074028
202110,3,서울,13.174193548387096,13.4,2.5,23.5,5.720254524752986,78.6774193548387,81.0,46.0,94.0,12.031589246020083,1.6129032258064515,1.6,0.5,3.5,0.8581926495000489
202110,4,서울,12.922580645161291,13.1,2.4,23.3,5.7559076711044925,79.80645161290323,82.0,45.0,94.0,12.097987035973402,1.7193548387096773,1.7,0.4,3.4,0.8324339232390399
202110,5,서울,12.738709677419354,12.9,2.1,23.2,5.824813440180142,80.93548387096774,84.0,45.0,95.0,12.115927489248657,1.803225806451613,1.6,0.5,5.3,0.966258720001271
202110,6,서울,12.606451612903227,12.8,1.6,23.2,5.897453432562845,81.58064516129032,85.0,47.0,95.0,12.20866957957442,1.964516129032258,1.7,0.5,5.2,1.0130970296066657
202110,7,서울,12.44516129032258,12.6,1.3,22.9,5.980236266775053,82.06451612903226,85.0,44.0,96.0,12.611992927027746,1.9225806451612903,1.6,0.6,6.3,1.1520155315559926
202110,8,서울,12.819354838709677,12.8,1.6,23.3,5.936464680533847,81.80645161290323,86.0,42.0,99.0,13.093049949849243,1.9516129032258065,1.9,0.4,3.8,0.813580960012354
202110,9,서울,14.270967741935483,13.5,2.9,23.6,5.347160838450445,77.03225806451613,80.0,39.0,98.0,13.474627690509653,2.1258064516129034,2.0,0.4,3.8,0.9882535915898927
202110,10,서울,15.774193548387096,14.9,5.0,24.0,5.001064402833694,71.61290322580645,75.0,39.0,98.0,13.529418364819774,2.167741935483871,2.0,0.5,4.5,0.9751536961847583
202110,11,서울,17.016129032258064,16.1,6.1,24.4,4.6339397762014976,66.64516129032258,69.0,36.0,98.0,14.691377033477321,2.2193548387096773,1.7,0.7,5.4,1.1007328936784828
202110,12,서울,18.225806451612904,18.0,7.9,26.0,4.434859467291344,60.935483870967744,58.0,32.0,98.0,16.022766061391028,2.5677419354838706,2.4,0.7,4.8,1.0762239843620514
202110,13,서울,18.932258064516127,18.4,9.1,27.5,4.29079534948741,57.806451612903224,54.0,29.0,98.0,17.803406705531966,2.6548387096774193,2.7,0.9,5.3,1.0682817074403235
202110,14,서울,19.503225806451614,18.9,9.8,28.6,4.5206551052524615,55.096774193548384,52.0,28.0,97.0,18.993603903612172,2.570967741935484,2.4,0.8,5.6,1.0123219344283374
202110,15,서울,19.60967741935484,19.1,10.2,28.7,4.475887609455036,54.12903225806452,50.0,27.0,96.0,19.70573847974894,2.829032258064516,2.6,1.0,5.3,1.2337459350522963
202110,16,서울,19.509677419354837,19.4,9.3,27.9,4.53411916022724,54.483870967741936,51.0,28.0,95.0,19.21608868932825,2.7096774193548385,2.4,1.1,5.4,0.928207892916839
202110,17,서울,18.729032258064517,18.3,8.7,26.8,4.577786477355411,56.483870967741936,55.0,29.0,94.0,17.92553293999361,2.609677419354839,2.4,1.1,5.0,0.9662142063088902
202110,18,서울,17.41290322580645,16.7,7.9,25.8,4.681932787178379,60.96774193548387,59.0,31.0,93.0,17.102599940686876,2.3774193548387097,2.2,0.5,5.1,0.9046950415911265
202110,19,서울,16.55806451612903,15.7,7.0,24.7,4.772893894591859,64.54838709677419,63.0,35.0,94.0,15.715891553196343,2.193548387096774,2.2,0.2,4.1,0.8774719307461131
202110,20,서울,15.83548387096774,15.3,6.3,23.9,4.898744627425602,67.64516129032258,70.0,38.0,94.0,14.950024274443551,2.064516129032258,2.0,0.3,4.5,0.9471178691506756
202110,21,서울,15.296774193548387,14.3,5.5,24.0,5.131502955338248,69.54838709677419,69.0,39.0,94.0,14.195864913599353,1.9516129032258065,1.9,0.3,4.1,1.0298449617108834
202110,22,서울,14.80967741935484,13.5,5.0,24.1,5.273983620168579,71.12903225806451,70.0,41.0,92.0,13.519718772922927,1.7903225806451613,1.7,0.3,4.1,1.0665692159785594
202110,23,서울,14.280645161290321,12.9,4.4,24.1,5.301095443700837,73.41935483870968,72.0,39.0,91.0,13.40590465317028,1.6774193548387097,1.6,0.2,3.8,0.8987805358444871
202111,0,서울,7.2,7.9,-1.6,15.5,4.315888848397759,72.76666666666667,72.0,49.0,92.0,11.681648836539726,2.066666666666667,1.85,0.5,6.4,1.2490916239641794
202111,1,서울,6.766666666666667,7.75,-2.0,15.4,4.367776466849902,73.9,74.0,50.0,94.0,10.797030243032825,2.1066666666666665,2.05,0.1,5.7,1.1104312096047948
202111,2,서울,6.443333333333333,7.6,-2.3,15.1,4.39519199167433,75.13333333333334,76.5,52.0,92.0,11.025779613793937,1.79,1.7,0.5,3.6,0.8112782591645752
202111,3,서울,6.180000000000001,7.25,-2.5,15.0,4.409112820292644,75.26666666666667,76.0,54.0,92.0,11.05451486274159,1.78,1.55,0.5,4.0,0.8159614595360959
202111,4,서울,5.866666666666666,7.0,-2.4,14.9,4.38275093373174,76.06666666666666,76.0,57.0,93.0,11.35305923630228,1.7066666666666668,1.65,0.1,3.6,0.8796289708944229
202111,5,서울,5.566666666666666,6.35,-2.7,15.1,4.359162631810691,76.73333333333333,78.0,59.0,93.0,11.230909728661048,1.7633333333333332,1.7,0.5,3.5,0.7971861433356932
202111,6,서울,5.293333333333334,5.7,-3.2,15.2,4.384843278238418,77.9,78.0,60.0,95.0,11.949173972316652,1.7133333333333334,1.65,0.6,3.3,0.6284811100957023
202111,7,서울,5.046666666666667,5.3,-3.5,14.0,4.352623729813242,79.1,81.5,57.0,95.0,13.105276641951095,1.6400000000000001,1.7,0.5,2.8,0.5715073837276053
202111,8,서울,5.093333333333334,5.25,-3.5,13.6,4.366402554090474,80.1,82.5,52.0,97.0,13.764897885313333,1.71,1.65,0.1,3.8,0.6910012725174169
202111,9,서울,6.153333333333333,6.45,-2.2,12.4,4.1022898007326845,77.6,80.5,48.0,97.0,14.954182900008158,1.8533333333333333,1.8,0.5,5.8,0.9478590515520731
202111,10,서울,7.97,7.800000000000001,-1.0,15.2,3.994491897255692,70.1,72.5,44.0,98.0,15.001953895731551,2.1333333333333333,1.75,1.1,6.8,1.284746944983205
202111,11,서울,9.523333333333333,9.0,0.0,17.4,4.1261724213336874,64.23333333333333,62.5,38.0,99.0,15.050909775075766,2.253333333333333,2.1,0.7,5.5,1.0890468256717647
202111,12,서울,10.770000000000001,10.15,1.0,19.1,4.417921964312931,58.833333333333336,58.0,35.0,97.0,15.756954312156974,2.533333333333333,2.55,0.8,5.2,1.1724814044061256
202111,13,서울,11.523333333333333,11.65,1.9,20.4,4.689730771872056,55.166666666666664,51.0,36.0,98.0,16.546868301123105,2.56,2.2,0.8,6.7,1.2767415421757222
202111,14,서울,12.013333333333332,12.75,1.6,20.9,5.070518801813107,53.43333333333333,52.0,32.0,88.0,15.727602209630298,2.933333333333333,2.75,0.9,6.2,1.3217891045025336
202111,15,서울,12.186666666666667,12.8,2.0,21.1,5.114194805220771,52.56666666666667,52.5,29.0,90.0,16.718115991308665,3.06,2.8499999999999996,0.5,6.1,1.2753904067598958
202111,16,서울,11.83,12.75,1.8,20.8,5.023747056008953,53.833333333333336,52.5,29.0,87.0,15.587535545037776,2.6166666666666667,2.45,0.4,6.1,1.2692879712748357
202111,17,서울,10.836666666666668,11.5,1.6,19.0,4.8293987155776446,57.266666666666666,55.5,33.0,91.0,14.217360280070746,2.6633333333333336,2.55,1.0,5.5,1.0107980231867102
202111,18,서울,9.886666666666667,10.55,1.1,18.0,4.584812509484595,61.36666666666667,61.5,41.0,90.0,12.23190664736635,2.42,2.4,0.1,4.2,0.9045478962176211
202111,19,서울,9.136666666666667,9.8,0.6,17.0,4.433297467662372,64.43333333333334,65.5,45.0,85.0,10.730823580352236,2.086666666666667,2.05,0.3,5.3,1.0102008449444282
202111,20,서울,8.573333333333332,8.95,0.3,16.6,4.324503825103331,66.3,68.5,46.0,86.0,10.144303650410125,1.8366666666666667,1.85,0.2,5.4,1.1272436120553269
202111,21,서울,8.066666666666666,8.2,-0.4,16.7,4.368881600224663,67.36666666666666,70.0,49.0,87.0,10.327343462309447,1.95,2.0,0.0,4.7,1.1050823030669361
202111,22,서울,7.66,8.2,-0.7,16.1,4.3661393030677695,69.56666666666666,71.0,47.0,89.0,10.981750797332486,1.6866666666666668,1.5,0.2,4.7,1.1113003670237522
202111,23,서울,7.236666666666666,7.85,-1.1,15.7,4.373153469107598,70.96666666666667,71.5,48.0,92.0,11.391113697280343,2.1766666666666667,2.05,0.6,6.1,1.196167250828254
202112,0,서울,-0.2935483870967741,0.7,-14.4,7.3,5.666388354961854,66.80645161290323,65.0,43.0,96.0,16.340990085954008,2.1451612903225805,2.0,0.3,5.6,1.2285055174689339
202112,1,서울,-0.535483870967742,0.0,-14.4,7.2,5.610142504850584,67.2258064516129,62.0,40.0,99.0,17.42930420760652,2.1225806451612903,1.8,0.2,5.8,1.4797994633101146
202112,2,서울,-0.832258064516129,-0.3,-14.6,7.0,5.703705643221443,66.58064516129032,61.0,38.0,94.0,16.838001056238603,2.129032258064516,1.9,0.3,4.9,1.241824879867554
202112,3,서울,-1.103225806451613,-0.5,-14.7,6.7,5.67347535296005,67.6774193548387,67.0,40.0,95.0,16.745919098443444,2.148387096774193,2.0,0.4,4.6,0.984842108408563
202112,4,서울,-1.3903225806451613,-1.1,-14.9,6.8,5.715671721312067,68.06451612903226,67.0,40.0,96.0,16.38888949638539,2.1903225806451614,1.8,0.6,5.2,1.165720046068717
202112,5,서울,-1.6483870967741936,-1.7,-15.1,7.0,5.779208190732357,68.16129032258064,63.0,39.0,98.0,16.33421108021147,2.009677419354839,1.8,0.2,4.5,1.1061509356652546
202112,6,서울,-1.8774193548387095,-1.9,-15.2,7.1,5.8355639360401925,68.70967741935483,64.0,40.0,95.0,16.215617057612693,1.8483870967741935,1.9,0.1,4.2,1.0522581963700532
202112,7,서울,-2.064516129032258,-1.7,-15.3,7.1,5.911263169413498,68.7741935483871,65.0,42.0,96.0,16.080442940456905,1.8774193548387095,1.9,0.2,4.6,1.031733065419331
202112,8,서울,-2.1774193548387095,-1.4,-15.4,7.2,5.971248316023451,69.25806451612904,66.0,42.0,97.0,16.045700861259764,2.1193548387096777,2.1,0.3,5.1,1.1028506562053055
202112,9,서울,-1.5677419354838709,-1.0,-15.0,7.4,5.8652301515953145,68.03225806451613,67.0,40.0,98.0,16.99114253754534,2.403225806451613,2.2,0.2,5.8,1.1671857524169669
202112,10,서울,-0.07419354838709674,1.1,-13.7,7.4,5.655379017179749,62.70967741935484,59.0,34.0,96.0,17.703471502103937,2.335483870967742,2.0,0.4,5.9,1.2794656142564036
202112,11,서울,1.4096774193548387,2.9,-12.7,8.4,5.693467299675403,57.58064516129032,53.0,31.0,93.0,18.732812911303323,2.4709677419354836,2.4,0.8,5.0,1.0718188741222705
202112,12,서울,2.7580645161290325,4.0,-11.5,10.1,5.956832166711229,51.96774193548387,47.0,30.0,87.0,17.244291559755343,2.57741935483871,2.3,1.0,6.1,1.2518545382536408
202112,13,서울,3.5870967741935487,4.9,-10.3,11.6,6.1002044739218295,49.83870967741935,45.0,29.0,82.0,16.285160472433276,2.9193548387096775,2.5,1.1,5.9,1.271592008687983
202112,14,서울,4.148387096774194,5.1,-9.1,12.7,6.201767004531419,48.225806451612904,44.0,28.0,81.0,14.98379052491804,3.135483870967742,2.7,1.1,7.3,1.531567473123918
202112,15,서울,4.309677419354839,5.5,-8.4,13.2,6.063956620266435,49.32258064516129,46.0,28.0,82.0,15.805878857299042,2.9451612903225803,2.8,0.3,6.5,1.348292428636414
202112,16,서울,4.054838709677419,5.4,-8.9,12.8,5.997212614188774,50.58064516129032,47.0,27.0,90.0,17.615853075281155,2.7419354838709675,2.6,0.5,6.8,1.3366061981871318
202112,17,서울,3.148387096774193,4.9,-9.9,10.9,5.929692008176137,53.096774193548384,49.0,28.0,88.0,16.44050858643507,2.670967741935484,2.5,0.7,5.6,1.086950949027323
202112,18,서울,2.206451612903226,3.8,-10.9,9.3,5.845507419313341,56.83870967741935,56.0,32.0,88.0,15.739751743475388,2.448387096774194,2.3,0.9,4.4,0.9486379596530088
202112,19,서울,1.535483870967742,3.2,-12.1,8.5,5.813750848181506,58.54838709677419,57.0,34.0,90.0,15.690418965465131,2.4419354838709677,2.4,0.5,4.7,1.0569686824589104
202112,20,서울,0.970967741935484,2.3,-13.2,7.7,5.853727789388405,60.74193548387097,62.0,35.0,90.0,15.643886435144529,2.351612903225807,2.2,0.3,4.8,1.3124711978406574
202112,21,서울,0.46774193548387094,1.6,-13.7,7.3,5.910972119529025,63.0,64.0,36.0,92.0,15.838770996092677,2.370967741935484,2.0,0.5,5.2,1.2437024157429024
202112,22,서울,0.054838709677419335,0.9,-14.1,7.1,5.912632730556805,64.48387096774194,65.0,37.0,94.0,15.916178284462505,2.235483870967742,2.0,0.3,3.8,0.9275589422769043
202112,23,서울,-0.264516129032258,0.1,-14.4,7.2,5.876481282031325,65.48387096774194,66.0,38.0,94.0,16.39892469593039,2.054838709677419,2.0,0.6,4.1,0.9451062408277775
202201,0,서울,-3.329032258064516,-3.8,-10.2,4.5,3.7912349393820732,58.32258064516129,55.0,41.0,92.0,12.373054316468492,1.967741935483871,2.1,0.5,3.4,0.7327514798229995
202201,1,서울,-3.7,-4.2,-10.7,4.3,3.9143326378835,59.483870967741936,56.0,42.0,83.0,11.595605396706507,1.8161290322580643,1.7,0.6,4.6,0.9029938258163039
202201,2,서울,-4.083870967741936,-4.5,-11.0,4.0,3.9518853537852494,60.096774193548384,57.0,43.0,85.0,11.196293549532891,1.7064516129032257,1.7,0.1,4.4,0.9366377755464729
202201,3,서울,-4.409677419354838,-5.0,-11.3,4.1,3.940842112942332,61.45161290322581,59.0,44.0,87.0,11.044874255138804,1.703225806451613,1.6,0.1,4.5,0.8304552450183542
202201,4,서울,-4.738709677419355,-5.3,-11.3,2.9,3.868046657711947,62.806451612903224,61.0,44.0,87.0,11.24698286901487,1.8548387096774193,1.7,0.6,5.6,0.9301751482659667
202201,5,서울,-5.070967741935483,-5.4,-11.1,2.3,3.6846703650292425,64.09677419354838,60.0,48.0,88.0,11.19033761394081,2.0387096774193547,2.0,0.3,4.6,0.8720387680047404
202201,6,서울,-5.367741935483871,-5.7,-11.0,2.1,3.5849116304100805,65.3225806451613,62.0,52.0,90.0,10.894607524747258,2.170967741935484,2.2,0.6,4.7,0.9473449031854225
202201,7,서울,-5.554838709677419,-5.8,-11.2,2.1,3.52248384994428,66.19354838709677,62.0,52.0,91.0,11.411746447816272,2.029032258064516,2.0,0.2,4.3,0.8141226559460996
202201,8,서울,-5.625806451612903,-5.9,-11.2,2.0,3.4852993885686474,66.45161290322581,62.0,48.0,90.0,11.826069253073676,2.1129032258064515,2.0,0.4,4.4,1.0161174261156602
202201,9,서울,-4.974193548387096,-5.2,-10.2,2.7,3.281967676251092,64.90322580645162,61.0,46.0,91.0,12.362186534508306,2.170967741935484,2.0,0.9,4.6,0.9933759101793898
202201,10,서울,-3.274193548387097,-3.4,-8.8,4.6,3.0374295867762364,59.806451612903224,56.0,42.0,93.0,13.864629709777585,2.1838709677419357,2.0,0.7,5.3,1.0915117266719427
202201,11,서울,-1.5548387096774192,-1.4,-7.6,6.4,3.032912649547452,53.25806451612903,48.0,37.0,93.0,14.753457768571822,2.551612903225806,2.5,0.8,5.6,1.1248321260650216
202201,12,서울,-0.1096774193548387,0.3,-7.0,6.7,3.031540294823703,47.935483870967744,43.0,33.0,93.0,15.079645185637862,2.487096774193548,2.4,0.6,5.7,1.0812776194495939
202201,13,서울,0.8838709677419354,0.7,-5.9,8.1,3.1004404820598794,45.193548387096776,42.0,31.0,93.0,14.604609671467223,2.6580645161290324,2.7,1.0,4.9,0.9908831729147444
202201,14,서울,1.6096774193548387,1.9,-5.4,8.2,3.174833836986295,42.74193548387097,39.0,24.0,91.0,14.71499856594281,2.6870967741935483,2.7,0.4,4.4,1.0161174261156602
202201,15,서울,1.9161290322580644,2.2,-4.9,7.8,3.2259465560972482,42.67741935483871,38.0,24.0,88.0,16.135648105513027,2.832258064516129,2.8,0.8,4.9,1.08884865699943
202201,16,서울,1.929032258064516,2.0,-4.8,7.5,3.149941115681064,42.516129032258064,38.0,21.0,86.0,16.27241217058683,2.6451612903225805,2.6,1.3,4.5,0.9058471945007867
202201,17,서울,1.2258064516129032,1.6,-5.5,7.0,3.1421826535001096,43.87096774193548,40.0,25.0,82.0,14.609909731603116,2.616129032258064,2.6,1.1,5.5,0.8575534091019437
202201,18,서울,0.09354838709677421,0.7,-6.7,6.2,3.093534707942892,46.67741935483871,43.0,31.0,83.0,13.518843877526889,2.435483870967742,2.2,0.7,4.5,0.8716070930936617
202201,19,서울,-0.6161290322580645,0.1,-7.5,5.5,3.171970657093531,49.354838709677416,49.0,33.0,74.0,11.2355044007728,2.532258064516129,2.6,0.7,4.6,0.8561102330791261
202201,20,서울,-1.1903225806451612,-0.9,-8.3,5.2,3.258461276810439,50.903225806451616,51.0,33.0,77.0,11.007133561800359,2.238709677419355,2.1,0.7,3.8,0.8853162972839476
202201,21,서울,-1.696774193548387,-1.8,-9.0,5.0,3.3267084704421923,52.61290322580645,51.0,36.0,80.0,11.059467797185778,2.0193548387096776,2.1,0.2,3.6,0.8518291514299136
202201,22,서울,-2.2193548387096773,-2.1,-9.6,4.8,3.4381602982640502,54.903225806451616,52.0,41.0,86.0,12.644774516797254,1.9451612903225806,1.8,0.8,4.3,0.8253640448018152
202201,23,서울,-2.667741935483871,-2.8,-10.0,4.8,3.5614966045914085,57.354838709677416,53.0,42.0,91.0,13.11627077868496,1.8774193548387097,1.7,0.3,3.6,0.8135148748565716
202202,0,서울,-2.685714285714286,-2.45,-9.6,5.2,4.120743755747148,61.07142857142857,57.5,37.0,92.0,14.483524666754525,1.8571428571428572,1.85,0.2,4.2,0.9291288518178862
202202,1,서울,-3.007142857142857,-2.8,-9.3,5.1,4.075757468471221,62.285714285714285,59.5,40.0,86.0,13.38837843985138,2.0535714285714284,1.9,0.1,4.2,0.9480905343772088
202202,2,서울,-3.2285714285714286,-3.05,-9.0,4.9,4.002208385088408,62.32142857142857,60.5,40.0,87.0,13.272231025796545,1.9821428571428572,1.85,0.5,5.1,1.0656431100960762
202202,3,서울,-3.5321428571428575,-3.4000000000000004,-9.2,4.8,4.031087857163288,62.785714285714285,62.0,42.0,87.0,12.461368876881636,1.9892857142857143,1.75,0.2,4.9,1.1419085017876986
202202,4,서울,-3.9,-4.0,-9.6,4.6,4.0327364112923325,63.892857142857146,62.5,42.0,87.0,13.18343316639903,1.8107142857142857,1.5,0.1,4.6,1.2022630776733134
202202,5,서울,-4.210714285714285,-4.75,-9.9,4.4,4.095918409715655,64.89285714285714,64.0,44.0,89.0,13.5519283463558,1.7892857142857144,1.55,0.6,4.7,1.0492816892960934
202202,6,서울,-4.353571428571429,-5.3,-10.1,4.4,4.081437849659715,65.82142857142857,64.5,43.0,93.0,14.13703717565389,1.8714285714285714,1.65,0.8,4.6,1.0128277769789422
202202,7,서울,-4.635714285714286,-5.75,-10.3,4.1,4.090659123355558,66.42857142857143,66.5,43.0,89.0,13.478181467148142,2.007142857142857,1.95,0.2,4.0,0.9767400698349402
202202,8,서울,-4.671428571428572,-5.75,-10.7,4.3,4.10896554908871,67.10714285714286,67.5,44.0,91.0,13.611920934768595,2.0035714285714286,1.75,0.4,4.6,1.1113829032659976
202202,9,서울,-3.4535714285714287,-4.95,-9.6,4.7,3.992352146463994,64.10714285714286,63.0,40.0,89.0,14.288921597632212,2.1821428571428574,2.25,0.9,4.7,0.7659675901801258
202202,10,서울,-1.5892857142857142,-2.1,-8.4,5.7,4.2054936985658715,56.57142857142857,53.5,33.0,82.0,13.516597674652177,2.439285714285714,2.25,0.7,4.4,1.104314530380988
202202,11,서울,0.03571428571428565,-0.6,-6.8,7.4,4.397070934637376,49.964285714285715,48.5,33.0,76.0,12.384225757755212,2.689285714285714,2.8,1.2,4.7,1.0100749094751946
202202,12,서울,1.3464285714285715,0.25,-5.7,8.3,4.564556052637754,45.92857142857143,41.5,30.0,74.0,12.168351698927143,3.0035714285714286,2.95,1.2,5.2,1.0514477295816127
202202,13,서울,2.382142857142857,1.95,-5.2,9.3,4.697915500826942,41.607142857142854,37.0,27.0,69.0,12.016467977134655,3.3642857142857143,3.5,1.2,5.6,1.3414238664262648
202202,14,서울,2.996428571428571,3.05,-5.2,10.1,4.618199275720413,39.25,37.0,25.0,64.0,10.557163620201388,3.8464285714285715,4.0,1.8,6.2,1.0802887621019712
202202,15,서울,3.0821428571428577,2.75,-4.5,10.1,4.569062921304102,38.714285714285715,37.5,22.0,66.0,10.858883179928952,3.742857142857143,3.8,1.4,5.5,1.0785547845521912
202202,16,서울,3.017857142857143,2.15,-4.8,11.2,4.554529985217288,41.285714285714285,38.5,22.0,84.0,14.222718245318449,3.5535714285714284,3.55,1.5,5.8,1.1063728334340313
202202,17,서울,2.560714285714286,1.3,-5.0,11.2,4.6027640074129925,42.892857142857146,39.0,22.0,89.0,15.295458744380902,3.267857142857143,3.5,1.5,5.8,1.078769385106653
202202,18,서울,1.3678571428571427,0.3,-5.8,10.0,4.506871590625978,46.285714285714285,41.5,27.0,91.0,15.930072057815552,3.289285714285714,3.3,1.2,5.4,1.0016058534744523
202202,19,서울,0.42857142857142855,-0.65,-6.4,9.0,4.417294055469567,49.107142857142854,44.0,30.0,87.0,15.360698493267101,2.9071428571428575,2.75,0.9,5.1,1.1108650521198171
202202,20,서울,-0.38214285714285723,-1.05,-7.2,8.0,4.33837771108293,51.392857142857146,47.0,32.0,90.0,14.78071638045926,2.8428571428571425,2.45,0.3,6.6,1.3406545033506945
202202,21,서울,-1.0285714285714285,-1.35,-8.1,7.2,4.413519393766548,54.0,49.5,33.0,86.0,14.440170307808648,2.732142857142857,2.75,0.6,5.0,1.1869829701510342
202202,22,서울,-1.6071428571428572,-1.8,-8.9,6.5,4.434287998417565,56.142857142857146,53.5,35.0,82.0,13.365833406320109,2.232142857142857,2.35,0.1,5.5,1.1990902636238274
202202,23,서울,-2.032142857142857,-2.05,-9.4,7.3,4.536196283184482,58.0,55.5,37.0,83.0,13.405361006093932,2.367857142857143,2.3499999999999996,0.3,4.5,0.9455758862268838
202203,0,서울,6.025806451612904,5.5,-0.6,12.7,3.5317576117220995,65.74193548387096,66.0,38.0,97.0,16.17810813400933,1.9709677419354839,1.8,0.1,4.9,1.3530689926698973
202203,1,서울,5.616129032258065,5.2,-0.9,11.9,3.4206331552500187,67.58064516129032,70.0,42.0,98.0,15.607208149972216,2.1129032258064515,2.0,0.0,5.9,1.3683912538656164
202203,2,서울,5.261290322580645,4.8,-1.4,12.1,3.463204433214499,69.03225806451613,66.0,45.0,98.0,14.792980026502981,1.9967741935483871,2.0,0.1,5.4,1.0422679984750378
202203,3,서울,4.896774193548388,4.5,-1.9,12.4,3.509081918960926,70.61290322580645,70.0,46.0,100.0,15.0392318495213,1.932258064516129,1.8,0.5,4.6,1.0143592712558978
202203,4,서울,4.596774193548387,4.4,-2.0,12.5,3.598192497256342,72.61290322580645,76.0,47.0,100.0,15.213321836151458,2.0806451612903225,1.8,0.6,4.6,0.9911001815621229
202203,5,서울,4.283870967741936,4.0,-2.3,12.5,3.6810412271705175,72.74193548387096,74.0,47.0,100.0,15.22052942998476,1.8387096774193548,1.6,0.0,5.0,1.083721187807651
202203,6,서울,4.048387096774194,4.0,-2.5,12.7,3.7998132381949103,73.6774193548387,73.0,47.0,99.0,14.987521691447617,2.0258064516129033,2.0,0.3,5.0,0.987241186990455
202203,7,서울,3.9387096774193546,4.1,-2.9,12.6,3.841586253910819,74.35483870967742,77.0,46.0,99.0,15.484504915337729,2.1516129032258067,1.8,0.3,6.5,1.363297709658932
202203,8,서울,4.422580645161291,4.5,-2.2,11.8,3.6542860385597766,73.16129032258064,75.0,34.0,98.0,16.637501363272765,2.1903225806451614,2.2,0.7,5.0,1.1596996274063607
202203,9,서울,5.861290322580645,6.1,0.1,11.6,3.1878600365924514,68.38709677419355,69.0,30.0,98.0,18.045641060663996,2.3741935483870966,2.2,0.9,4.4,0.8302480520645559
202203,10,서울,7.390322580645161,6.6,1.2,12.1,3.1003607143588607,62.645161290322584,62.0,25.0,98.0,19.194701329788515,2.429032258064516,2.5,0.7,4.9,1.0558388603024287
202203,11,서울,8.896774193548387,8.9,1.5,13.8,3.2512032512048767,57.61290322580645,56.0,24.0,98.0,20.37102095192227,2.4322580645161294,2.3,1.0,5.4,0.9700127479486006
202203,12,서울,10.251612903225807,10.4,2.0,16.1,3.543620650101808,53.225806451612904,52.0,22.0,97.0,20.732759387692635,2.6806451612903226,2.7,1.0,5.8,1.073132285986125
202203,13,서울,11.03225806451613,10.8,3.3,18.0,3.662912056162801,50.61290322580645,48.0,17.0,96.0,22.507298696726263,2.8225806451612905,2.7,0.7,5.1,1.1315799212956943
202203,14,서울,11.62258064516129,11.8,4.8,19.3,3.585220558293855,49.58064516129032,46.0,19.0,96.0,22.394603804709128,3.2451612903225806,2.7,1.1,7.9,1.4509396288101077
202203,15,서울,11.890322580645162,12.2,5.2,19.4,3.659540484697469,48.064516129032256,44.0,17.0,97.0,21.577666670071885,3.3193548387096774,2.9,1.2,6.8,1.31438689251902
202203,16,서울,11.893548387096773,12.2,6.0,18.8,3.604528215441513,47.61290322580645,47.0,19.0,98.0,20.740744794333104,3.2516129032258063,3.3,0.6,5.4,1.1563940988382624
202203,17,서울,11.361290322580645,12.2,5.5,17.5,3.6088481467410847,48.70967741935484,49.0,21.0,97.0,19.91346872242854,3.329032258064516,3.1,1.1,7.0,1.2168794923593425
202203,18,서울,10.493548387096775,11.4,4.1,17.1,3.6837422533678046,52.61290322580645,52.0,27.0,98.0,17.79265282704229,3.0354838709677416,2.9,0.8,5.6,1.1056064360331161
202203,19,서울,9.35483870967742,9.7,2.6,16.4,3.716076668537883,58.25806451612903,58.0,30.0,95.0,17.187141980630916,2.893548387096774,2.8,1.4,6.4,0.9939602553660342
202203,20,서울,8.458064516129031,8.6,1.5,15.4,3.566115925723521,61.0,61.0,34.0,92.0,16.786899654194638,2.8129032258064517,2.9,0.5,5.6,1.100224805962815
202203,21,서울,7.664516129032258,7.4,0.7,13.7,3.5013852865303448,62.83870967741935,63.0,34.0,92.0,15.616437438787692,2.7,2.9,1.0,5.2,1.1360751148875088
202203,22,서울,7.006451612903225,6.5,0.0,14.0,3.543532652017473,64.12903225806451,64.0,34.0,92.0,16.138446714773742,2.3451612903225807,2.0,0.1,4.9,1.283183205853687
202203,23,서울,6.516129032258065,6.1,-0.3,14.2,3.6077783352264077,64.3225806451613,65.0,35.0,95.0,15.856412155705746,2.238709677419355,2.2,0.2,5.4,1.2224776533349089
202204,0,서울,12.53,12.25,5.7,20.2,3.8358697255934198,61.166666666666664,60.5,44.0,88.0,12.929739398748152,2.0566666666666666,1.9,0.4,6.4,1.1604646314815203
202204,1,서울,12.113333333333333,12.1,5.3,19.7,3.850099267267806,63.2,62.0,41.0,91.0,13.59868147766667,1.8533333333333333,1.4,0.3,4.3,1.0653583930993016
202204,2,서울,11.68,11.850000000000001,4.7,19.1,3.9435149733236194,65.73333333333333,64.5,37.0,93.0,14.966475947892693,1.8266666666666667,1.5,0.2,4.8,0.9780111180996035
202204,3,서울,11.296666666666665,11.45,4.4,18.1,3.914207836651722,66.86666666666666,68.5,34.0,93.0,15.70137998181476,1.9333333333333333,1.7,0.6,4.3,0.9732042112432564
202204,4,서울,10.966666666666667,11.1,4.2,17.4,3.889272011779221,68.6,69.5,35.0,94.0,16.36143489196892,1.8099999999999998,1.5,0.7,4.5,0.9204009620999333
202204,5,서울,10.663333333333332,10.850000000000001,4.0,17.3,3.9569653413498176,70.83333333333333,73.5,36.0,95.0,16.04537388123149,1.9133333333333333,1.85,0.4,5.2,1.2164769179700958
202204,6,서울,10.4,10.65,3.8,17.6,4.022951395559544,71.83333333333333,74.0,31.0,95.0,16.21638875853117,1.9933333333333332,1.75,0.5,4.8,1.1826135094119627
202204,7,서울,10.503333333333334,10.7,3.6,17.8,4.025991703344942,72.2,74.5,30.0,95.0,15.625796531421344,1.9266666666666667,1.9,0.1,4.2,0.9985967165472008
202204,8,서울,11.713333333333333,12.2,5.1,18.4,3.685080201563329,69.86666666666666,69.0,30.0,96.0,14.325606043227182,2.2666666666666666,2.1,0.8,5.3,1.0086978062669791
202204,9,서울,13.46,13.6,7.2,20.4,3.517797116339164,62.63333333333333,60.5,27.0,94.0,14.204135709868721,2.1666666666666665,1.85,0.5,5.0,1.0892367885860241
202204,10,서울,15.25,15.05,9.5,22.3,3.400988700059299,54.46666666666667,52.0,26.0,91.0,14.455003508708728,2.29,1.9,0.6,5.4,1.264733855061187
202204,11,서울,16.936666666666667,16.450000000000003,11.0,24.2,3.5122920439933307,48.36666666666667,44.0,24.0,85.0,14.960830083307854,2.816666666666667,2.4,1.0,5.6,1.0840802023178318
202204,12,서울,18.176666666666666,17.75,12.5,26.1,3.7152698266825075,42.96666666666667,37.0,22.0,81.0,15.160027598312913,3.1666666666666665,3.3,1.2,6.1,1.080017028388532
202204,13,서울,19.146666666666665,18.75,13.1,27.5,3.9918652915331623,39.36666666666667,33.5,19.0,79.0,15.32067193388551,3.4233333333333333,3.25,1.6,5.9,1.0581973394388224
202204,14,서울,19.853333333333335,20.25,12.3,28.2,4.365438978071319,36.333333333333336,31.5,18.0,81.0,15.30907626514265,3.5766666666666667,3.6,2.2,5.1,0.691167594493666
202204,15,서울,19.959999999999997,20.4,12.2,28.4,4.528652079280591,36.8,31.0,21.0,82.0,15.130239189485222,3.8633333333333337,3.8,2.2,5.7,0.9411963529002032
202204,16,서울,19.676666666666666,19.85,12.3,28.4,4.49387961821281,38.8,33.0,21.0,85.0,14.997471051181746,3.783333333333333,3.55,1.2,7.4,1.1806144903026745
202204,17,서울,18.916666666666668,19.549999999999997,12.1,27.5,4.276082910500131,40.166666666666664,33.5,24.0,87.0,15.770079337113387,3.933333333333333,3.9,1.7,6.6,0.9886714643236224
202204,18,서울,17.709999999999997,18.15,11.0,25.6,4.080174945539331,42.5,35.5,22.0,87.0,17.713719600043508,3.48,3.3,0.6,6.3,1.212691506383702
202204,19,서울,16.14,16.799999999999997,9.1,23.9,4.007372516095631,47.03333333333333,43.0,27.0,89.0,17.299558163250246,3.256666666666667,3.05,0.9,5.2,1.0101837775216032
202204,20,서울,15.083333333333334,15.4,8.1,22.7,3.894123187868978,51.8,49.5,29.0,89.0,15.844938275850659,2.8733333333333335,2.7,1.2,5.0,0.7669614625634532
202204,21,서울,14.396666666666667,14.2,7.3,21.9,3.84909154829116,54.96666666666667,53.0,32.0,89.0,15.246216790954456,2.64,2.7,1.2,6.1,0.9611774388558633
202204,22,서울,13.683333333333334,13.45,6.8,20.6,3.796194404139887,58.6,56.0,38.0,89.0,14.63957790987535,2.716666666666667,2.7,0.8,5.6,1.2205378501620343
202204,23,서울,13.123333333333333,12.85,6.3,20.4,3.7372941837768066,60.166666666666664,58.0,41.0,88.0,13.960741343158492,2.32,2.1500000000000004,1.0,4.9,0.8829417913410552
202205,0,서울,16.45806451612903,16.8,10.9,21.0,2.6669300945154633,64.96774193548387,66.0,35.0,92.0,14.673068006766094,2.174193548387097,2.3,0.4,3.9,0.8660129875606115
202205,1,서울,15.98709677419355,16.3,10.3,20.3,2.699227288871622,66.80645161290323,67.0,43.0,88.0,13.484359717437357,1.7580645161290323,1.5,0.0,3.8,1.049372572396918
202205,2,서울,15.567741935483872,16.1,9.8,20.1,2.7499560113783867,68.35483870967742,67.0,43.0,90.0,13.56355014268456,1.7354838709677418,1.6,0.1,3.6,0.8452015093442802
202205,3,서울,15.151612903225805,15.7,9.5,20.0,2.829590190321081,69.80645161290323,69.0,42.0,89.0,13.169204873083544,1.6387096774193548,1.3,0.5,3.5,0.8265096972025753
202205,4,서울,14.816129032258065,15.2,8.6,19.8,2.9058672571418387,71.09677419354838,78.0,42.0,91.0,13.746162709909697,1.4870967741935484,1.4,0.5,2.9,0.6510207039635892
202205,5,서울,14.490322580645161,15.1,8.1,19.9,2.973701939637942,72.16129032258064,77.0,43.0,93.0,13.326907053510324,1.4516129032258065,1.4,0.3,3.3,0.7766899714995404
202205,6,서울,14.358064516129033,15.0,7.9,20.1,3.07243380113642,73.03225806451613,77.0,43.0,92.0,12.584339132344194,1.6129032258064515,1.7,0.1,2.8,0.6333729472613909
202205,7,서울,14.958064516129031,15.6,8.5,20.5,3.0143848674368474,72.61290322580645,77.0,43.0,93.0,12.338766603284247,1.6290322580645162,1.6,0.0,3.3,0.7230461250326504
202205,8,서울,16.76774193548387,16.8,11.0,21.6,2.6523432528959727,66.25806451612904,66.0,43.0,91.0,12.393459947180432,1.974193548387097,1.8,1.1,3.7,0.599982078585399
202205,9,서울,18.493548387096773,19.0,13.2,23.0,2.5400702725017887,58.903225806451616,59.0,36.0,88.0,13.212001712356527,2.270967741935484,2.1,1.0,3.8,0.6378053769957817
202205,10,서울,20.04516129032258,20.8,15.1,23.9,2.4843293809634583,53.25806451612903,53.0,31.0,77.0,12.334147023434529,2.532258064516129,2.5,1.1,5.2,0.8553311626787967
202205,11,서울,21.593548387096774,22.0,16.5,26.2,2.6299474625767654,46.83870967741935,47.0,29.0,69.0,11.311047031386467,2.896774193548387,2.6,1.6,5.4,0.9621101360959122
202205,12,서울,22.906451612903226,23.4,17.4,27.5,2.7710329582872113,41.41935483870968,40.0,23.0,60.0,9.369362104036705,3.1322580645161286,2.8,1.5,6.1,1.0958671138339702
202205,13,서울,23.89032258064516,24.2,18.2,28.8,2.8712778617089265,38.806451612903224,37.0,23.0,60.0,8.746120491733118,3.2870967741935484,3.1,1.1,5.3,0.9995805571951568
202205,14,서울,24.33225806451613,24.8,17.8,29.7,3.110989884990971,37.29032258064516,36.0,17.0,62.0,10.04388221219629,3.648387096774193,3.8,1.1,6.6,1.2148720008686609
202205,15,서울,24.45483870967742,24.9,17.6,30.5,3.180129841130958,36.774193548387096,35.0,18.0,67.0,10.372109002574659,3.9451612903225803,4.0,2.3,6.4,1.1170910764652453
202205,16,서울,24.26774193548387,25.0,17.7,30.0,3.185528433062474,36.87096774193548,38.0,18.0,72.0,10.791175207807136,3.825806451612903,3.7,1.4,6.3,1.1230813986336827
202205,17,서울,23.516129032258064,24.1,16.9,29.1,3.2390427365909176,39.0,39.0,20.0,77.0,11.789826122551595,3.883870967741936,4.1,2.3,5.6,0.8959526677206219
202205,18,서울,22.364516129032257,22.8,15.9,27.7,3.0714327153188905,42.03225806451613,42.0,23.0,82.0,12.31119780516297,3.6225806451612903,3.6,1.8,5.3,0.8743415341155709
202205,19,서울,20.82903225806452,21.2,14.6,25.5,2.9184691818813855,47.354838709677416,49.0,27.0,83.0,13.437629719303859,3.541935483870968,3.5,2.3,5.9,0.7961466337086349
202205,20,서울,19.429032258064517,19.8,13.4,24.1,2.797283628616293,53.25806451612903,51.0,30.0,84.0,14.80082822442826,3.161290322580645,2.9,2.0,5.1,0.8060923931141883
202205,21,서울,18.52258064516129,18.8,12.3,23.0,2.687713982478959,56.645161290322584,55.0,32.0,89.0,14.992327787008872,2.7129032258064516,2.7,1.0,4.1,0.6626924553083283
202205,22,서울,17.893548387096775,18.1,11.9,22.2,2.5926737143819913,59.58064516129032,58.0,35.0,93.0,15.29874546828026,2.4322580645161294,2.5,0.5,4.3,0.979247022554981
202205,23,서울,17.24516129032258,17.5,11.8,21.5,2.4790910578513015,62.03225806451613,63.0,36.0,93.0,15.280671606025134,2.390322580645161,2.5,0.5,4.7,0.9360750819991871
202206,0,서울,21.796666666666667,22.25,16.7,27.7,2.9647914776164477,77.2,80.0,42.0,100.0,12.772276010279397,2.1966666666666668,2.25,0.4,4.1,0.9589805410752188
202206,1,서울,21.46333333333333,21.700000000000003,16.6,27.7,2.9914226039465404,78.53333333333333,80.5,45.0,100.0,12.740739255695074,2.17,1.75,0.8,5.2,1.1516554800927168
202206,2,서울,21.14333333333333,21.55,16.4,27.5,2.986600343064905,80.0,83.5,45.0,100.0,12.670900683768739,2.066666666666667,2.05,0.1,4.6,1.2058287558794352
202206,3,서울,20.8,21.35,15.9,27.4,3.033832218669067,81.56666666666666,84.5,48.0,99.0,12.48083588417924,2.0366666666666666,1.9,0.5,6.1,1.1106019906380482
202206,4,서울,20.613333333333333,20.65,15.4,27.0,3.049107651635862,82.56666666666666,85.0,43.0,100.0,12.607286708920336,2.3666666666666667,2.05,0.5,8.8,1.6731826648292343
202206,5,서울,20.376666666666665,20.299999999999997,15.2,26.3,3.077357053833955,82.56666666666666,86.0,46.0,100.0,12.240924388503412,2.12,1.9500000000000002,0.3,8.5,1.5075442465056916
202206,6,서울,20.253333333333334,20.0,15.0,27.0,3.208580450253216,83.06666666666666,86.5,50.0,100.0,12.082855717869458,2.216666666666667,2.05,0.3,8.6,1.6286409255473768
202206,7,서울,20.703333333333333,20.5,15.0,27.1,3.048853185564441,81.96666666666667,86.0,50.0,100.0,12.685814323781946,2.24,2.05,0.3,7.2,1.3902616970221457
202206,8,서울,21.696666666666665,21.8,15.3,27.2,2.7512358769423457,78.36666666666666,82.5,44.0,100.0,14.208990192791696,2.49,2.1500000000000004,0.8,6.8,1.439671897486991
202206,9,서울,22.75,23.35,15.5,27.6,2.7005427296161706,74.86666666666666,79.0,41.0,100.0,15.622118125038098,2.4033333333333338,2.2,0.6,6.2,1.2098684263982602
202206,10,서울,23.83,24.549999999999997,15.9,27.8,2.7159998476461285,71.23333333333333,75.0,35.0,100.0,17.089386368058438,2.4,2.2,0.5,6.7,1.118188189700735
202206,11,서울,24.926666666666666,25.6,16.3,28.8,2.81142169622826,66.9,72.0,31.0,100.0,17.558473737771177,2.44,2.4,0.5,8.4,1.3448753307174661
202206,12,서울,25.69,26.3,16.7,29.9,2.985060503054595,64.76666666666667,66.5,23.0,99.0,18.79963927264588,2.5633333333333335,2.4,0.9,7.1,1.1354729633834142
202206,13,서울,26.12,26.3,17.4,31.4,3.118841517902618,63.7,60.0,22.0,100.0,20.07082287885783,2.7666666666666666,2.5,0.9,6.7,1.1090018293363022
202206,14,서울,26.183333333333334,26.1,17.9,32.3,3.4530429691978113,64.26666666666667,60.5,19.0,99.0,21.333045975076153,2.8333333333333335,2.8499999999999996,0.3,5.8,1.2326963250878367
202206,15,서울,26.256666666666668,26.05,18.3,32.3,3.3395935467465594,64.33333333333333,61.0,19.0,98.0,21.428845099511328,3.1566666666666667,3.05,0.4,6.8,1.3273471944870503
202206,16,서울,26.123333333333335,25.450000000000003,19.1,32.3,3.2489450100241646,64.7,61.5,28.0,100.0,19.919060357286966,3.143333333333333,3.25,0.8,6.0,1.1382634484867373
202206,17,서울,25.966666666666665,25.3,19.3,32.2,3.0343247085276834,64.7,59.5,30.0,100.0,18.70118934075105,2.96,3.05,0.5,5.4,1.1972958036255328
202206,18,서울,25.61,25.1,19.7,30.9,2.7730662725084914,65.63333333333334,59.0,32.0,100.0,17.371167815215184,2.9066666666666667,2.95,1.0,4.8,1.1001358327837127
202206,19,서울,24.886666666666667,24.549999999999997,19.9,29.2,2.579325404098888,67.43333333333334,63.0,39.0,100.0,16.145210314268258,3.0833333333333335,2.9,1.1,5.6,1.0092958738246878
202206,20,서울,23.923333333333336,23.9,19.6,27.4,2.566452446650734,70.63333333333334,67.0,44.0,99.0,14.17010776328072,3.0266666666666664,2.95,1.1,5.3,1.094479354520342
202206,21,서울,23.183333333333334,23.6,18.4,27.3,2.583780087435825,73.63333333333334,74.0,53.0,99.0,12.858603274108711,2.6199999999999997,2.5,0.7,5.9,1.1454256850621083
202206,22,서울,22.683333333333334,23.2,17.5,27.3,2.727773290879721,75.4,77.0,55.0,99.0,12.486130236220587,2.496666666666667,2.55,1.2,4.0,0.9068639913738856
202206,23,서울,22.293333333333333,22.75,16.9,27.6,2.8373048568271093,76.93333333333334,78.0,55.0,99.0,11.744208648589707,2.0566666666666666,2.0,0.1,4.2,1.1379604663557101
202207,0,서울,25.967741935483872,25.8,21.9,29.2,1.989034455336591,81.83870967741936,82.0,54.0,99.0,9.681930848040416,1.8516129032258064,1.7,0.2,3.5,0.8277966609185841
202207,1,서울,25.690322580645162,25.7,22.1,29.0,1.8778276169925148,83.35483870967742,83.0,67.0,99.0,8.089286689182487,1.8774193548387097,1.7,0.4,4.0,0.9116686815648746
202207,2,서울,25.370967741935484,25.2,22.1,28.7,1.8033660283641997,84.35483870967742,85.0,71.0,99.0,7.552255235344271,1.696774193548387,1.6,0.3,4.3,0.9278950626616286
202207,3,서울,25.093548387096774,24.9,22.2,28.2,1.7659625295894525,85.19354838709677,87.0,71.0,99.0,6.968593137971295,1.635483870967742,1.5,0.1,3.9,0.8863965956225142
202207,4,서울,24.874193548387098,24.8,22.0,27.9,1.710744037338818,85.87096774193549,86.0,72.0,99.0,6.854399732939766,1.506451612903226,1.6,0.1,2.8,0.7788604855261169
202207,5,서울,24.65806451612903,24.6,21.2,27.7,1.6810263122169118,86.90322580645162,87.0,72.0,99.0,6.7495917837534325,1.5516129032258066,1.4,0.1,3.2,0.8201101420914695
202207,6,서울,24.59032258064516,24.4,21.0,27.6,1.653351109859343,87.12903225806451,88.0,74.0,99.0,6.238279332657208,1.867741935483871,1.7,0.4,4.1,0.8510335272573749
202207,7,서울,24.86774193548387,24.9,20.9,27.8,1.6809495524403653,86.87096774193549,88.0,76.0,99.0,6.190002345093098,1.8290322580645162,1.9,0.0,3.5,0.8944993193167139
202207,8,서울,25.65483870967742,25.6,21.1,29.7,1.891355547339423,84.12903225806451,84.0,71.0,99.0,6.950980436762726,1.9967741935483871,1.9,0.5,3.9,0.8380468845149186
202207,9,서울,26.65806451612903,26.9,21.6,31.3,2.1639122276636504,80.45161290322581,79.0,66.0,96.0,8.24960083752509,1.9838709677419355,2.0,0.8,3.5,0.7572303807048194
202207,10,서울,27.629032258064516,27.5,22.4,32.9,2.3279738756247674,75.83870967741936,75.0,59.0,94.0,9.381175385467603,2.141935483870968,2.1,1.0,4.3,0.7145041140765097
202207,11,서울,28.551612903225806,28.6,23.3,34.0,2.4942428333720748,72.3225806451613,71.0,53.0,97.0,10.017940895460818,2.0870967741935487,2.1,1.0,3.3,0.6344246398556048
202207,12,서울,29.135483870967743,29.5,23.2,35.0,2.6829770016528016,70.25806451612904,67.0,55.0,96.0,9.875787705074412,2.141935483870968,2.2,0.9,3.5,0.6296952668015363
202207,13,서울,29.674193548387095,30.0,23.5,35.6,2.764774582967598,68.35483870967742,68.0,51.0,97.0,10.864463131686946,2.338709677419355,2.3,0.7,3.4,0.6979385929792767
202207,14,서울,30.04516129032258,30.1,23.6,35.6,2.7312803724843553,66.93548387096774,66.0,50.0,99.0,11.31940953663505,2.6193548387096777,2.7,1.2,4.7,0.8435715163670514
202207,15,서울,30.183870967741935,30.2,24.1,34.4,2.879941755683444,66.2258064516129,66.0,49.0,100.0,12.16472955561653,2.5806451612903225,2.6,0.9,3.9,0.7682965377329728
202207,16,서울,30.31935483870968,30.6,24.4,35.0,2.927162375047287,66.51612903225806,64.0,48.0,99.0,11.862745516228344,2.735483870967742,2.9,0.9,4.0,0.7683525176622054
202207,17,서울,29.980645161290322,30.2,24.3,34.4,2.90016313964562,67.93548387096774,64.0,52.0,99.0,11.888188771131814,2.7,2.7,1.0,4.9,0.7532153299909219
202207,18,서울,29.416129032258063,29.1,24.0,33.1,2.7126981370575853,69.74193548387096,66.0,55.0,97.0,11.14739952316379,2.667741935483871,2.8,0.4,3.9,0.7634950760697777
202207,19,서울,28.80322580645161,28.7,24.4,32.4,2.2726612698138338,72.29032258064517,70.0,57.0,99.0,9.967258226771282,2.7161290322580647,2.6,1.3,5.0,0.8050245438053627
202207,20,서울,27.9741935483871,28.0,24.3,31.8,2.182654002498714,74.80645161290323,73.0,58.0,98.0,9.438994843515596,2.52258064516129,2.6,0.8,4.9,0.7223617179868429
202207,21,서울,27.383870967741935,27.4,23.7,31.4,2.1052469014652484,77.06451612903226,75.0,59.0,98.0,9.033033760854165,2.029032258064516,2.0,0.6,3.8,0.7317529402683655
202207,22,서울,26.809677419354838,26.9,23.2,29.9,1.9185680143811559,78.74193548387096,78.0,59.0,98.0,9.535784330389342,1.9290322580645163,1.8,0.4,4.6,0.9100159516503349
202207,23,서울,26.40967741935484,26.2,22.5,29.6,1.8907414486931964,80.25806451612904,79.0,55.0,97.0,9.380716894905504,1.7935483870967743,1.8,0.5,3.2,0.6747520452585862
202208,0,서울,24.85483870967742,25.4,19.6,28.5,2.595873483008165,83.93548387096774,85.0,66.0,97.0,8.675388498009646,1.941935483870968,2.0,0.5,4.0,0.7885743226643835
202208,1,서울,24.641935483870967,25.4,18.9,28.4,2.6024058348059884,84.51612903225806,84.0,65.0,98.0,8.417723238271087,1.7193548387096773,1.9,0.3,4.1,0.9446055101959087
202208,2,서울,24.4,25.4,18.4,28.3,2.6766894976195252,85.96774193548387,87.0,67.0,97.0,7.431840826101974,2.035483870967742,1.9,0.1,5.4,1.1385805159925446
202208,3,서울,24.203225806451613,25.3,17.6,28.3,2.78489782828356,86.87096774193549,88.0,66.0,97.0,7.4777088090041355,1.735483870967742,1.6,0.4,3.7,0.8716070930936617
202208,4,서울,23.94516129032258,25.2,17.0,28.2,2.897911743500531,87.3225806451613,87.0,66.0,97.0,7.617467193996498,2.0129032258064514,2.0,0.3,5.0,1.0525340645267722
202208,5,서울,23.77741935483871,24.9,16.5,28.2,2.978445867385581,87.61290322580645,88.0,65.0,97.0,7.796056350723477,1.9483870967741934,1.8,0.6,4.6,0.9251561914047938
202208,6,서울,23.629032258064516,24.4,16.2,27.7,3.0536528451879947,88.29032258064517,88.0,69.0,97.0,6.866311714387848,2.0064516129032257,1.9,0.1,5.4,1.0664381475644262
202208,7,서울,23.664516129032258,24.1,16.4,27.6,3.0956473084097476,88.38709677419355,89.0,69.0,98.0,6.535428674309687,2.041935483870968,1.9,0.6,5.6,0.9905467155560734
202208,8,서울,24.23225806451613,24.6,18.0,28.2,2.9165489991625595,86.93548387096774,86.0,66.0,99.0,7.663486951647039,2.0903225806451613,2.0,0.2,5.1,0.9089755547536934
202208,9,서울,24.870967741935484,25.6,18.2,28.8,2.8038299459117337,84.03225806451613,83.0,63.0,99.0,9.13412601536218,2.148387096774193,2.2,0.4,4.6,0.9283932240675951
202208,10,서울,25.60967741935484,26.2,18.4,29.3,2.734392661233284,80.80645161290323,80.0,54.0,99.0,10.192871217469294,2.270967741935484,2.1,0.6,6.3,1.3254416995570688
202208,11,서울,26.483870967741936,26.7,18.8,30.1,2.727892565601211,77.87096774193549,77.0,45.0,98.0,11.185532130044507,2.509677419354839,2.4,0.7,6.4,1.2003762850899928
202208,12,서울,27.12258064516129,27.9,19.1,31.2,2.8571208908525816,75.25806451612904,75.0,46.0,97.0,12.002687871015905,2.541935483870968,2.4,0.7,6.6,1.2186807603711993
202208,13,서울,27.529032258064515,28.2,19.1,31.8,3.1709297846096693,73.87096774193549,73.0,42.0,99.0,13.356002234910147,2.696774193548387,2.6,1.0,6.8,1.0687949198256703
202208,14,서울,27.95483870967742,28.8,19.3,32.3,3.3488145872509785,72.09677419354838,70.0,42.0,98.0,13.816306401518647,2.706451612903226,2.7,1.2,6.3,0.9408986781692519
202208,15,서울,28.09032258064516,28.7,19.6,32.5,3.2822101129888748,70.45161290322581,68.0,43.0,97.0,14.063756514951049,2.693548387096774,2.6,1.6,5.8,0.8958926587007944
202208,16,서울,28.067741935483873,28.2,19.6,32.5,3.264902969132385,71.70967741935483,71.0,40.0,98.0,14.699645230156854,3.009677419354839,3.0,0.5,5.3,1.1187358457085024
202208,17,서울,27.932258064516127,28.2,19.6,32.3,3.1361746440288445,71.7741935483871,70.0,39.0,98.0,15.07472427037911,2.9935483870967743,3.0,0.5,6.1,0.9619201227652143
202208,18,서울,27.47741935483871,27.4,19.7,31.7,2.9673455789554115,73.09677419354838,69.0,43.0,97.0,13.941197554274595,2.948387096774194,2.6,1.1,8.0,1.3539746348539758
202208,19,서울,26.774193548387096,26.9,19.7,31.2,2.766461969367552,75.25806451612904,72.0,46.0,98.0,13.112253154805199,2.774193548387097,2.6,1.5,6.2,0.9377162832952136
202208,20,서울,26.190322580645162,26.5,19.6,30.2,2.660119651282587,78.12903225806451,77.0,56.0,98.0,11.265705882556052,2.454838709677419,2.5,0.1,6.1,1.0840783211796152
202208,21,서울,25.799999999999997,26.3,19.6,29.8,2.6561877443684803,79.51612903225806,79.0,61.0,97.0,9.794117172200648,2.238709677419355,2.0,0.7,5.2,0.9820649738704795
202208,22,서울,25.36774193548387,25.5,19.7,29.4,2.6803466314109694,81.3225806451613,81.0,63.0,97.0,9.097205053473633,1.9225806451612903,1.9,0.4,3.9,0.9127649122015135
202208,23,서울,24.993548387096773,24.9,19.7,29.4,2.7245715851452026,82.6774193548387,84.0,61.0,97.0,9.170194824445094,1.8387096774193548,1.6,0.1,4.2,1.0753844023897807
202209,0,서울,20.85,21.299999999999997,14.7,25.9,2.763025578026303,74.26666666666667,73.0,49.0,98.0,11.53385820345782,2.11,1.75,0.2,5.3,1.3015507991463955
202209,1,서울,20.42,21.049999999999997,14.2,25.3,2.836875405964371,75.7,74.5,48.0,98.0,11.344602240713423,2.0166666666666666,1.9,0.4,3.8,0.9692098926919566
202209,2,서울,19.946666666666665,20.7,13.7,24.9,2.9585333427612217,76.9,76.0,51.0,98.0,10.77465096642466,1.9400000000000002,1.75,0.3,4.8,1.0371047232061725
202209,3,서울,19.586666666666666,20.3,13.1,24.4,3.0984682904826446,78.03333333333333,78.0,51.0,99.0,11.27243612055327,1.9466666666666665,1.8,0.2,5.7,1.1318990247804133
202209,4,서울,19.27,19.85,13.0,24.0,3.181644554152069,79.0,80.0,54.0,98.0,10.647972123593659,1.96,1.5,0.2,7.0,1.331475717467989
202209,5,서울,18.95,19.15,12.7,23.8,3.3177422734599884,80.03333333333333,81.0,55.0,98.0,10.8134122763109,2.1233333333333335,1.95,0.7,5.0,0.98914220355345
202209,6,서울,18.66,18.8,12.5,23.9,3.368986340951419,81.46666666666667,83.5,57.0,98.0,10.267905582808565,2.0,1.9,0.1,3.9,0.8878490085982895
202209,7,서울,18.57,18.65,12.4,23.9,3.3952451539133977,81.9,83.0,54.0,98.0,10.700789529362966,2.0266666666666664,2.05,0.3,4.5,0.9239843756453794
202209,8,서울,19.6,19.85,14.2,25.0,3.099944382148459,79.5,81.5,54.0,98.0,10.543015337833534,2.3366666666666664,2.2,0.5,4.9,1.1336493812198856
202209,9,서울,21.016666666666666,21.049999999999997,16.8,25.4,2.6830352515238314,74.03333333333333,73.0,55.0,94.0,10.613859947658332,2.49,2.3,1.3,4.7,1.0110936380116267
202209,10,서울,22.493333333333332,22.65,18.7,26.4,2.5258570868100434,68.86666666666666,65.5,53.0,93.0,10.77267723050513,2.6533333333333333,2.5,0.7,4.9,1.2369967338438004
202209,11,서울,23.8,24.5,18.9,28.1,2.5147838736230357,63.5,60.5,43.0,97.0,12.982083144034345,2.6566666666666667,2.3499999999999996,0.6,6.6,1.4875769080861885
202209,12,서울,24.7,25.35,18.4,29.2,2.7595601848470537,59.666666666666664,58.5,36.0,98.0,14.999616853344165,2.796666666666667,2.6,0.8,6.2,1.3456144176247296
202209,13,서울,25.58,26.25,18.8,30.0,2.763605840451802,56.733333333333334,54.0,37.0,98.0,14.86475427110149,2.64,2.3499999999999996,0.9,5.2,1.1171392035015155
202209,14,서울,26.18,26.85,19.0,31.2,2.7967222193871515,53.56666666666667,49.0,35.0,98.0,15.377285831388768,2.8433333333333333,2.55,0.6,5.8,1.2153283459648867
202209,15,서울,26.59,27.05,18.7,32.0,2.8752631064016536,51.333333333333336,49.5,32.0,95.0,15.55265435452304,2.8866666666666663,2.6500000000000004,1.3,6.1,1.1987733193829295
202209,16,서울,26.57,26.799999999999997,18.3,32.4,2.9639384329777774,51.833333333333336,49.5,33.0,98.0,15.565397816805138,2.6333333333333333,2.5,1.2,6.2,1.0189018203635865
202209,17,서울,26.10666666666667,26.1,18.1,32.1,2.9012403213623745,53.1,48.0,32.0,98.0,16.75245735962957,2.8233333333333333,2.6500000000000004,1.0,5.6,1.073082358035224
202209,18,서울,25.066666666666666,25.15,17.9,31.3,2.9319092676996314,57.1,53.5,36.0,97.0,15.506061106370076,2.7933333333333334,2.6,1.4,5.7,1.0102691117523686
202209,19,서울,23.863333333333333,23.6,17.4,29.5,2.7983348907733587,62.766666666666666,61.5,44.0,97.0,14.231299485903289,2.683333333333333,2.45,1.0,7.0,1.1522342115042927
202209,20,서울,23.03666666666667,22.9,16.8,28.3,2.7151533052968415,66.4,65.0,51.0,98.0,12.543991555239948,2.4,2.0,1.0,6.1,1.1605587239446948
202209,21,서울,22.35,22.4,16.2,27.7,2.7227964833338505,69.16666666666667,67.0,55.0,97.0,11.525334413080312,2.3333333333333335,2.05,0.2,6.2,1.55969345647179
202209,22,서울,21.790000000000003,21.75,15.6,26.9,2.7337419094688142,71.0,69.5,51.0,98.0,11.389650474489308,2.3133333333333335,2.5999999999999996,0.2,4.5,1.2181765155298743
202209,23,서울,21.279999999999998,21.45,15.2,26.2,2.7695885415807098,72.3,70.5,51.0,98.0,11.111193486284684,1.9266666666666667,1.7000000000000002,0.0,4.9,1.2689755122045154
202210,0,서울,13.04516129032258,12.4,7.2,23.0,3.7496523136309974,75.54838709677419,75.0,54.0,100.0,10.77911161978704,1.6870967741935483,1.5,0.7,4.1,0.7666993915409398
202210,1,서울,12.658064516129032,12.0,6.7,22.4,3.7571952476591175,77.29032258064517,77.0,60.0,99.0,9.60275498103573,1.8709677419354838,1.8,0.2,5.7,1.0820331320827155
202210,2,서울,12.338709677419354,11.8,6.1,21.8,3.7189315149520055,78.38709677419355,78.0,61.0,98.0,8.682078934429013,1.9580645161290324,2.0,0.2,3.5,0.8329762675884538
202210,3,서울,12.077419354838709,11.4,5.5,21.3,3.7203682324396645,79.2258064516129,79.0,64.0,99.0,8.305458756823144,1.9,1.9,0.2,3.3,0.6698258480132477
202210,4,서울,11.758064516129032,11.5,5.1,20.5,3.726819394027422,79.38709677419355,80.0,63.0,99.0,8.67439688337596,1.8516129032258064,1.8,0.4,2.9,0.6402452487091362
202210,5,서울,11.44516129032258,11.2,4.8,20.2,3.7973533511010356,80.7741935483871,81.0,59.0,100.0,8.770061487505298,1.9193548387096775,1.8,0.5,3.9,0.7747771098144765
202210,6,서울,11.174193548387096,10.8,4.8,19.7,3.83309863704162,81.45161290322581,82.0,57.0,100.0,9.117158583964706,2.1129032258064515,1.8,0.5,5.6,0.9555947312132799
202210,7,서울,10.880645161290323,10.6,4.5,19.2,3.8321812200398093,82.3225806451613,84.0,54.0,99.0,9.264221848143151,2.0387096774193547,1.9,0.6,4.0,0.7825928781321907
202210,8,서울,11.206451612903225,10.9,4.9,19.2,3.7191339031079944,81.51612903225806,82.0,50.0,99.0,9.67426471880227,2.2483870967741937,2.2,0.9,4.5,0.8476913619716142
202210,9,서울,12.906451612903227,12.5,7.8,19.6,3.2243795768975443,75.35483870967742,76.0,45.0,99.0,10.578432105300461,2.4612903225806453,2.3,0.6,4.6,0.9628698144452824
202210,10,서울,14.616129032258065,14.5,9.5,20.7,2.9432518041777707,68.93548387096774,70.0,41.0,99.0,11.549705577404616,2.238709677419355,2.3,0.8,4.3,0.9443436589698473
202210,11,서울,16.16774193548387,16.7,11.0,23.1,2.97908118908881,62.32258064516129,63.0,36.0,100.0,13.052169926297557,2.3741935483870966,2.4,0.8,4.3,0.9007284984705377
202210,12,서울,17.40967741935484,17.8,11.3,25.0,3.1790307578159385,57.806451612903224,56.0,33.0,100.0,14.506135149971794,2.5258064516129033,2.5,0.8,4.5,0.8254161544075749
202210,13,서울,18.26451612903226,18.7,10.6,26.6,3.293483301622237,54.774193548387096,51.0,30.0,100.0,16.477681223237198,2.5354838709677416,2.6,1.2,4.4,0.7391654695654076
202210,14,서울,18.85483870967742,19.1,11.3,27.5,3.4226538153580397,51.67741935483871,47.0,30.0,99.0,17.065339330104543,2.5870967741935487,2.3,1.4,5.1,0.8943310108618885
202210,15,서울,19.148387096774194,19.7,11.7,27.1,3.3259455765984245,51.0,45.0,29.0,99.0,16.98430648176918,2.5548387096774197,2.5,0.9,4.9,0.9770154245378864
202210,16,서울,18.812903225806455,18.9,9.9,26.2,3.3269347188750054,51.516129032258064,46.0,30.0,97.0,17.507847702753057,2.5161290322580645,2.5,0.7,4.9,0.9291920412177268
202210,17,서울,18.0258064516129,18.2,10.2,25.1,3.1992673892560135,53.516129032258064,50.0,32.0,97.0,16.140778518485277,2.3741935483870966,2.2,0.7,4.1,0.8298464685050619
202210,18,서울,16.635483870967743,16.7,9.4,24.1,3.247311543117554,60.32258064516129,57.0,34.0,97.0,15.803769796632261,2.264516129032258,2.1,0.6,5.6,1.074724270715292
202210,19,서울,15.59032258064516,15.7,8.7,23.3,3.2177999563583457,64.3225806451613,65.0,38.0,96.0,14.774724130022854,2.129032258064516,2.2,0.4,4.6,0.8745259852770133
202210,20,서울,14.83548387096774,15.0,8.4,23.3,3.315373119986827,67.54838709677419,68.0,39.0,97.0,13.812648091941966,2.148387096774193,1.9,0.8,4.3,0.9233529364015097
202210,21,서울,14.261290322580644,14.2,8.2,23.2,3.3647860178972095,69.90322580645162,70.0,41.0,95.0,13.108152269255134,1.8645161290322583,1.8,0.2,4.4,0.9005732941102106
202210,22,서울,13.729032258064517,13.5,8.3,23.1,3.4440473814382107,71.70967741935483,71.0,43.0,96.0,12.490512528547676,1.7451612903225806,1.7,0.2,4.6,1.047485468372527
202210,23,서울,13.270967741935483,13.1,8.1,22.8,3.528285093203882,73.7741935483871,73.0,46.0,99.0,11.9797319875957,1.6580645161290322,1.7,0.1,4.2,0.8849761554408825
202211,0,서울,9.036666666666667,9.25,-1.6,17.3,3.9625386614742526,71.4,71.5,37.0,97.0,15.506617052529323,1.7566666666666668,1.6,0.5,5.5,1.0361345050926922
202211,1,서울,8.636666666666667,8.75,-2.4,16.3,3.9722731556362665,72.3,71.0,36.0,97.0,15.15244375419813,1.63,1.45,0.0,4.8,1.0700145019964724
202211,2,서울,8.26,8.55,-3.2,14.9,3.974452900975047,73.4,74.5,35.0,97.0,14.627795930799124,1.7966666666666666,1.6,0.1,6.3,1.2949459670083783
202211,3,서울,7.9,8.3,-4.1,14.2,3.9686704105513986,73.7,73.5,37.0,97.0,13.76940636789175,1.97,1.75,0.0,6.5,1.290589280001648
202211,4,서울,7.6033333333333335,7.95,-4.7,13.2,3.9422978887544966,75.36666666666666,75.0,37.0,97.0,13.687354680906006,1.7466666666666666,1.75,0.0,4.9,1.1598850517759653
202211,5,서울,7.366666666666666,7.75,-5.4,12.7,3.9721733244585677,75.16666666666667,74.5,35.0,96.0,13.341879445057085,1.8633333333333333,1.85,0.3,3.8,0.9721938693183733
202211,6,서울,7.17,7.8999999999999995,-6.0,12.3,4.02570619206464,75.7,75.5,36.0,97.0,13.734301383134074,1.8833333333333333,1.85,0.0,4.0,0.8371064009053937
202211,7,서울,7.003333333333333,7.75,-6.6,12.9,4.093096234100683,75.96666666666667,76.5,38.0,97.0,14.373067086438597,2.0766666666666667,1.9,0.0,3.8,0.844325208359471
202211,8,서울,7.02,8.05,-6.8,13.4,4.040604256620622,76.83333333333333,77.5,51.0,98.0,12.903042499624902,2.08,1.8,0.9,5.2,0.8891685383858183
202211,9,서울,8.116666666666667,8.8,-6.6,14.1,4.003367835084418,73.0,73.0,47.0,98.0,14.090838305009788,2.203333333333333,2.0,0.2,4.5,1.1580254697137484
202211,10,서울,10.016666666666667,10.55,-5.8,15.7,4.160411396545508,65.6,66.5,43.0,92.0,14.56400854255401,2.1666666666666665,2.0,0.5,4.3,0.9714309861845772
202211,11,서울,11.726666666666667,12.4,-4.8,17.8,4.324264604278523,57.9,58.5,36.0,82.0,12.524045837425342,2.33,2.3499999999999996,0.9,4.0,0.9067372352523654
202211,12,서울,12.979999999999999,14.05,-4.7,20.0,4.679257235487493,53.833333333333336,54.0,31.0,81.0,12.722728327365719,2.3366666666666664,2.1500000000000004,0.9,4.9,0.9647166220810858
202211,13,서울,13.826666666666666,14.850000000000001,-4.2,21.7,4.819281197893294,49.666666666666664,50.0,27.0,76.0,12.191951368050956,2.7800000000000002,2.6,1.0,6.0,1.0337077556727197
202211,14,서울,14.236666666666668,14.7,-3.4,21.7,4.884209838564109,47.1,45.0,26.0,71.0,12.427305863882273,2.7866666666666666,2.6500000000000004,1.1,5.0,0.9543849195752432
202211,15,서울,14.216666666666667,14.649999999999999,-2.7,22.0,4.784968081422266,47.233333333333334,43.0,25.0,77.0,14.606761149014789,2.6633333333333336,2.3499999999999996,0.8,4.9,1.0499534746123633
202211,16,서울,13.936666666666667,14.45,-2.8,21.8,4.693758389190048,46.93333333333333,43.5,25.0,83.0,14.68504595541477,2.64,2.5,0.8,4.3,0.8759625247849283
202211,17,서울,12.860000000000001,14.05,-4.1,20.3,4.634399116650809,50.36666666666667,47.0,27.0,88.0,14.879940983692137,2.29,2.4,0.4,3.6,0.8794002658552059
202211,18,서울,11.7,12.7,-4.8,18.5,4.498045552582083,55.2,53.5,29.0,90.0,15.13707483243571,2.1366666666666663,1.8,1.0,4.2,0.8798445526237059
202211,19,서울,10.896666666666667,11.8,-5.4,17.4,4.518352105262098,59.4,58.5,34.0,93.0,14.573476143204537,1.8833333333333333,1.75,0.6,4.0,0.9555945372071932
202211,20,서울,10.353333333333333,11.05,-5.8,18.4,4.592177256381007,63.666666666666664,62.5,35.0,95.0,14.572845161187777,2.0233333333333334,1.75,0.7,4.1,0.9482045950231356
202211,21,서울,9.753333333333332,10.55,-6.7,18.2,4.718469457672531,66.1,65.5,37.0,100.0,15.186995344247883,1.88,1.65,0.0,4.2,1.089574418657626
202211,22,서울,9.28,10.05,-7.4,17.8,4.827464530486315,67.16666666666667,66.0,38.0,100.0,15.666972361898955,1.7833333333333334,1.5499999999999998,0.0,4.3,1.3503724475589824
202211,23,서울,8.776666666666667,9.399999999999999,-7.9,17.9,4.945543680815141,69.0,68.5,38.0,98.0,15.587351193880869,1.8866666666666667,1.6,0.5,4.7,1.0874625109141365
202212,0,서울,-4.009677419354839,-4.8,-12.6,2.9,4.500692897670289,62.774193548387096,61.0,46.0,90.0,9.03957844673211,1.974193548387097,1.6,0.6,5.4,1.1448341195519647
202212,1,서울,-4.338709677419355,-5.2,-12.7,2.8,4.458450958150887,62.87096774193548,63.0,43.0,79.0,9.254699474623227,2.1580645161290324,1.8,0.0,5.9,1.292226552259932
202212,2,서울,-4.590322580645162,-5.4,-12.4,3.4,4.472460533733802,63.483870967741936,62.0,41.0,79.0,9.549418717883427,2.0806451612903225,2.1,0.4,4.5,1.0973967240212052
202212,3,서울,-4.854838709677419,-5.7,-12.8,3.3,4.555497682996331,63.87096774193548,63.0,41.0,81.0,10.503148529477153,2.1806451612903226,2.0,0.5,4.7,1.0870201944884954
202212,4,서울,-4.980645161290322,-5.6,-13.2,3.4,4.6650058488594075,65.0,63.0,41.0,88.0,11.29306571898585,2.0806451612903225,1.9,0.3,5.7,1.1241053790574114
202212,5,서울,-5.122580645161291,-6.4,-13.4,3.4,4.754135720781739,65.35483870967742,63.0,35.0,92.0,13.363004619961725,2.164516129032258,2.1,0.1,5.5,1.183933665680296
202212,6,서울,-5.248387096774194,-6.8,-13.6,3.0,4.747130429199092,65.51612903225806,67.0,35.0,92.0,14.289555551152121,2.2129032258064516,2.0,0.5,5.0,0.9922170244739372
202212,7,서울,-5.506451612903225,-6.9,-13.7,2.8,4.671255040769448,66.35483870967742,68.0,37.0,94.0,14.063068387557474,2.1580645161290324,2.1,0.6,4.5,0.9660138693098173
202212,8,서울,-5.696774193548387,-7.0,-13.7,2.8,4.644242591350266,67.03225806451613,68.0,33.0,95.0,14.524654605113662,1.9580645161290324,2.1,0.4,4.6,0.9715191518264534
202212,9,서울,-5.148387096774194,-6.3,-13.3,3.2,4.500953304041411,65.3225806451613,66.0,32.0,94.0,15.423763260575532,2.1580645161290324,2.2,0.7,4.5,0.8143603598523965
202212,10,서울,-3.487096774193548,-4.1,-12.1,4.9,4.379554158091428,60.87096774193548,61.0,30.0,94.0,15.85715807973142,2.2161290322580647,1.9,0.5,5.5,1.04310331038159
202212,11,서울,-1.967741935483871,-2.0,-11.4,6.7,4.403891241222486,54.645161290322584,52.0,29.0,91.0,15.31132127348208,2.4193548387096775,2.3,0.8,5.8,1.0848715299790752
202212,12,서울,-0.8290322580645161,-1.3,-10.3,8.5,4.612460915707008,50.645161290322584,45.0,27.0,90.0,15.363481348307259,2.6580645161290324,2.3,1.0,7.0,1.3768984938497069
202212,13,서울,0.23870967741935492,-0.2,-9.6,9.3,4.813015507929503,49.03225806451613,46.0,27.0,90.0,15.612994312362042,2.732258064516129,2.3,0.6,5.9,1.2429500115381935
202212,14,서울,0.8451612903225806,1.3,-9.3,10.1,4.762691025717668,47.25806451612903,44.0,26.0,91.0,15.720406572213676,2.980645161290323,3.1,0.9,6.5,1.3174266215716937
202212,15,서울,0.9612903225806452,1.7,-9.2,9.9,4.725581263672215,47.193548387096776,42.0,23.0,91.0,16.791703020318717,2.8193548387096774,2.8,1.0,5.9,1.2697557126835355
202212,16,서울,0.832258064516129,1.4,-9.4,9.1,4.7010202507380745,48.25806451612903,45.0,22.0,91.0,17.06842648856944,2.835483870967742,2.6,1.2,6.4,1.241920122792867
202212,17,서울,-0.20967741935483877,0.1,-10.5,7.7,4.606759876435908,51.70967741935484,48.0,27.0,92.0,17.012139877916777,2.583870967741935,2.6,1.0,5.2,0.9643985255738586
202212,18,서울,-1.0806451612903225,-1.0,-11.2,6.5,4.5009939165210096,55.32258064516129,51.0,33.0,93.0,15.780551525584045,2.174193548387097,2.2,0.2,5.0,0.9567193046850205
202212,19,서울,-1.6483870967741936,-1.6,-11.7,5.8,4.486340079823191,57.45161290322581,54.0,36.0,92.0,14.82079329788033,2.164516129032258,1.9,0.6,5.3,1.0107912369679422
202212,20,서울,-2.1129032258064515,-2.2,-11.8,5.1,4.5298816714114345,58.96774193548387,57.0,38.0,91.0,13.292814778337307,2.129032258064516,1.9,0.5,5.5,1.264434932657561
202212,21,서울,-2.6516129032258067,-2.6,-11.6,4.5,4.402035208684119,60.064516129032256,60.0,38.0,92.0,11.710210598365192,2.1516129032258067,2.1,0.6,6.6,1.338872901048225
202212,22,서울,-3.0548387096774197,-3.8,-11.9,4.1,4.40369834795538,60.806451612903224,60.0,40.0,91.0,10.225521518366714,2.0677419354838706,1.9,0.3,5.6,1.358280063603525
202212,23,서울,-3.42258064516129,-4.0,-12.2,3.7,4.379171129899611,62.25806451612903,61.0,44.0,94.0,10.194664427812176,2.0483870967741935,1.7,0.3,5.8,1.2390509722476946
202301,0,서울,-2.532258064516129,-2.5,-17.0,8.5,5.14473109739626,65.87096774193549,61.0,45.0,100.0,15.0260705342057,1.9129032258064516,1.8,0.5,3.9,0.8381495234478834
202301,1,서울,-2.864516129032258,-2.7,-17.1,8.3,5.179031337170866,67.74193548387096,64.0,49.0,99.0,13.733093222663479,1.8161290322580643,1.7,0.3,5.7,1.0523297246882108
202301,2,서울,-3.170967741935484,-2.7,-17.2,8.1,5.1608909791745,69.3225806451613,66.0,51.0,99.0,14.003302221914646,1.967741935483871,1.8,0.4,4.7,0.9199228579158848
202301,3,서울,-3.396774193548387,-3.2,-17.0,7.8,5.218715287052153,70.87096774193549,68.0,53.0,100.0,13.373461121399778,2.1451612903225805,2.0,0.7,5.2,1.1108071268758948
202301,4,서울,-3.5903225806451613,-3.5,-17.0,7.8,5.308757220461908,71.90322580645162,72.0,52.0,100.0,13.179162438510465,2.035483870967742,2.0,0.5,6.1,1.1080157601456682
202301,5,서울,-3.7903225806451615,-3.6,-16.8,7.8,5.393474751259443,72.51612903225806,71.0,52.0,99.0,13.296292635522967,2.3161290322580643,2.0,0.9,4.7,0.9664701320418714
202301,6,서울,-4.019354838709678,-4.0,-16.9,7.8,5.540482491314194,72.87096774193549,72.0,51.0,100.0,14.195637676140441,2.261290322580645,2.0,0.1,5.6,1.1879049960202595
202301,7,서울,-4.164516129032258,-4.0,-17.0,7.9,5.611924707685517,73.61290322580645,73.0,50.0,100.0,14.235349004865405,2.390322580645161,2.1,0.2,5.9,1.2291880351705557
202301,8,서울,-4.432258064516129,-4.4,-17.2,8.0,5.641890173619369,73.06451612903226,72.0,48.0,100.0,14.357194442441196,2.5999999999999996,2.4,0.7,5.8,1.1755849607748476
202301,9,서울,-3.9838709677419355,-3.7,-16.6,8.2,5.519184527578542,71.90322580645162,71.0,45.0,100.0,15.047380367159544,2.5806451612903225,2.5,1.1,5.3,0.8901008762452003
202301,10,서울,-2.480645161290323,-2.4,-16.0,8.4,5.2916550249639105,66.25806451612904,61.0,41.0,100.0,16.248010630916195,2.616129032258064,2.5,0.5,6.6,1.3657956836446532
202301,11,서울,-1.0612903225806454,-0.8,-15.4,8.7,5.170665812662482,60.54838709677419,56.0,41.0,100.0,17.48301787388249,2.7451612903225806,2.6,0.9,5.0,1.0452555380312254
202301,12,서울,0.0806451612903226,0.2,-14.4,9.0,5.136563011381489,56.096774193548384,53.0,36.0,99.0,18.24345515284806,2.641935483870968,2.5,1.1,5.7,1.0837509534170007
202301,13,서울,1.0129032258064516,1.5,-14.2,9.8,5.16428387649142,52.87096774193548,48.0,33.0,98.0,18.579095664184642,2.725806451612903,2.5,0.7,6.8,1.4546403317052832
202301,14,서울,1.8645161290322583,2.0,-12.7,11.3,5.183277495118108,50.54838709677419,47.0,29.0,100.0,19.68728643850716,2.861290322580645,2.9,1.1,6.1,1.153452041873968
202301,15,서울,2.1774193548387095,3.1,-12.9,11.9,5.114926501747564,49.87096774193548,45.0,27.0,100.0,19.35241920361013,2.9516129032258065,2.9,0.5,6.0,1.2542915577440348
202301,16,서울,2.2290322580645165,2.6,-12.7,12.5,5.105826315650718,49.806451612903224,46.0,28.0,99.0,18.93923503354647,2.948387096774194,3.0,1.0,5.8,1.3378766678938023
202301,17,서울,1.532258064516129,1.9,-13.4,11.6,5.0276825076619005,51.67741935483871,46.0,29.0,100.0,18.25629954613693,2.6451612903225805,2.6,0.6,5.7,1.3099207888717086
202301,18,서울,0.4774193548387097,0.6,-14.3,9.9,5.046828025431377,55.03225806451613,51.0,29.0,98.0,16.997026938002506,2.5354838709677416,2.5,1.0,5.0,0.9516821553077386
202301,19,서울,-0.1741935483870968,-0.3,-15.0,9.7,5.072735471251218,58.483870967741936,55.0,38.0,99.0,15.620224001257547,2.2903225806451615,2.5,0.5,4.8,1.0156622925328667
202301,20,서울,-0.6903225806451613,-0.9,-15.7,9.4,5.063948053887708,61.516129032258064,57.0,38.0,99.0,14.988597816878302,2.303225806451613,2.2,1.0,4.6,1.0041526679968347
202301,21,서울,-1.1709677419354838,-1.5,-16.2,9.2,5.097332213906087,63.29032258064516,58.0,35.0,99.0,15.614509381527377,2.2580645161290325,2.2,0.4,4.8,1.0852877325233117
202301,22,서울,-1.570967741935484,-2.1,-16.6,9.1,5.200204710610734,64.09677419354838,60.0,35.0,99.0,15.197269137819196,2.4322580645161294,2.4,0.4,4.9,1.062194927739786
202301,23,서울,-1.9645161290322581,-2.4,-16.8,8.9,5.315734404394609,64.06451612903226,60.0,36.0,98.0,15.32739482945698,1.9161290322580644,1.7,0.3,4.8,1.0175450110252449
202302,0,서울,0.8357142857142856,1.1,-3.5,6.0,2.7963222256059814,64.57142857142857,63.5,45.0,89.0,13.1273775876236,1.7,1.75,0.2,3.6,0.960324019392529
202302,1,서울,0.4678571428571429,0.35,-4.1,5.9,2.713212333014349,66.10714285714286,66.0,45.0,88.0,12.96816411151865,1.8535714285714284,1.9,0.1,4.2,1.0730648880511624
202302,2,서울,0.17857142857142858,0.05,-4.4,5.9,2.7066936428400017,67.0,66.0,42.0,89.0,13.643611990530516,1.6892857142857143,1.5,0.3,3.7,0.8870839810401208
202302,3,서울,-0.1392857142857143,-0.25,-4.7,5.8,2.755377138361131,68.25,66.5,43.0,93.0,14.141153496876491,1.7678571428571428,1.65,0.5,4.3,0.8156131851097477
202302,4,서울,-0.41785714285714287,-0.55,-4.8,5.4,2.747531359498663,69.5,66.5,48.0,96.0,14.027750275000544,1.6178571428571427,1.55,0.5,3.2,0.6689148600136569
202302,5,서울,-0.6178571428571429,-1.15,-4.7,5.0,2.714849913514567,69.96428571428571,68.5,46.0,96.0,14.369417480543838,1.9928571428571427,1.8,0.5,4.6,0.9439587920339537
202302,6,서울,-0.85,-1.2000000000000002,-5.0,4.7,2.668263410840397,71.64285714285714,70.0,49.0,99.0,14.3841844365526,2.0464285714285713,2.0,0.3,3.7,0.9187278413985541
202302,7,서울,-1.0357142857142858,-1.35,-5.0,4.5,2.6795818200157147,72.60714285714286,72.5,46.0,96.0,14.845723378990415,1.967857142857143,1.9,0.4,3.7,0.7443881760303267
202302,8,서울,-1.0571428571428572,-1.25,-5.3,4.3,2.613416746320244,72.75,74.5,46.0,96.0,15.733015533513521,2.2,2.1,0.9,4.2,0.7920905298054051
202302,9,서울,-0.02499999999999995,-0.2,-4.6,4.7,2.3699703076746044,70.53571428571429,69.0,44.0,97.0,16.40117914202138,2.3642857142857143,2.25,0.9,4.2,0.8269597534719776
202302,10,서울,1.6107142857142858,1.8,-3.2,5.7,2.1834969040872787,63.67857142857143,61.5,39.0,91.0,15.990862139286676,2.542857142857143,2.5,0.7,5.4,1.0152279698116236
202302,11,서울,3.1785714285714284,3.5,-2.0,7.0,2.1758535392665164,56.25,56.0,32.0,85.0,14.45202792382824,2.557142857142857,2.25,1.0,5.2,1.1160208983270183
202302,12,서울,4.575,5.05,-0.6,8.8,2.266115128976853,50.785714285714285,48.5,31.0,78.0,13.028052760491827,2.75,2.6,1.2,5.8,1.118696331218388
202302,13,서울,5.675,6.35,-0.4,10.5,2.4380661735618796,45.75,42.5,29.0,80.0,12.986103683895678,2.8035714285714284,2.7,1.1,5.3,1.052503943111165
202302,14,서울,6.3999999999999995,7.2,0.3,11.5,2.5321634725767317,43.25,40.5,26.0,77.0,12.92033997947365,2.932142857142857,3.1,1.1,5.4,1.1109067272339999
202302,15,서울,6.803571428571429,7.699999999999999,1.0,12.3,2.4921331251013688,41.642857142857146,40.0,21.0,76.0,13.369989295306627,2.810714285714286,2.8,0.4,5.5,1.2151327577872384
202302,16,서울,6.839285714285714,7.4,1.2,11.7,2.5472336898878107,41.67857142857143,39.0,25.0,73.0,12.397889818742216,2.8892857142857147,2.9,0.5,6.0,1.181756158878649
202302,17,서울,6.2178571428571425,6.800000000000001,0.6,10.4,2.507182803160872,42.964285714285715,41.0,28.0,69.0,12.151762996180592,2.875,3.0,1.0,4.4,0.9094666731824919
202302,18,서울,4.8500000000000005,5.1,-0.8,8.7,2.6355827242369565,46.57142857142857,45.5,29.0,72.0,12.354122333227018,2.642857142857143,2.75,0.6,4.1,0.7819389819088005
202302,19,서울,3.7142857142857144,4.0,-1.3,7.6,2.5789337856756753,50.92857142857143,53.0,32.0,71.0,11.498562136933959,2.5142857142857147,2.5,1.2,3.6,0.5475293232223821
202302,20,서울,2.9071428571428575,3.3,-1.9,7.2,2.5709097066168463,54.642857142857146,56.5,36.0,72.0,11.64669492368984,2.2964285714285713,2.4,0.7,3.6,0.7026311096090723
202302,21,서울,2.2857142857142856,2.6,-2.5,6.9,2.637719874733884,57.82142857142857,57.5,37.0,77.0,11.591994592145848,1.9535714285714287,1.8,0.3,3.9,0.923151663979974
202302,22,서울,1.6892857142857143,1.9,-2.9,6.6,2.693935478029932,59.785714285714285,58.5,43.0,79.0,11.615306449480528,2.0357142857142856,1.75,0.0,4.9,1.1823436505248837
202302,23,서울,1.2642857142857142,1.45,-3.2,6.2,2.759121476621014,61.75,60.0,43.0,81.0,12.185677689022498,1.6857142857142857,1.55,0.6,3.3,0.7994045402971008
202303,0,서울,7.629032258064516,7.5,0.6,17.2,3.8428456078264963,57.774193548387096,57.0,37.0,95.0,15.711375236686223,1.7967741935483872,1.6,0.0,4.1,0.8685174613357874
202303,1,서울,7.103225806451612,7.1,0.0,17.1,3.8832532642075375,59.16129032258065,55.0,37.0,92.0,16.64150789280336,1.6,1.4,0.1,5.9,1.0723805294763609
202303,2,서울,6.606451612903226,6.3,-0.6,16.7,3.9191781012410383,60.0,58.0,38.0,94.0,16.76901905300367,1.4838709677419355,1.4,0.0,4.6,1.0178725441473664
202303,3,서울,6.229032258064516,6.1,-1.1,16.4,3.9106004269069383,61.32258064516129,63.0,36.0,95.0,16.289847752049322,1.4806451612903226,1.4,0.2,3.3,0.7871549423244488
202303,4,서울,5.919354838709677,5.9,-1.4,16.2,4.022388954741424,61.96774193548387,60.0,35.0,95.0,16.63226557220983,1.570967741935484,1.4,0.1,4.4,1.00737068595663
202303,5,서울,5.706451612903226,5.5,-1.6,16.1,4.096090451790257,61.806451612903224,59.0,34.0,95.0,16.678168074539265,1.8451612903225805,1.9,0.4,3.4,0.7758172936447598
202303,6,서울,5.306451612903226,5.4,-1.8,15.7,4.057087254330045,62.87096774193548,63.0,38.0,95.0,16.570539994186213,1.8096774193548388,1.7,0.3,3.2,0.8125494195061523
202303,7,서울,5.112903225806452,5.2,-1.8,15.3,3.9953090773625908,64.54838709677419,64.0,39.0,95.0,16.73287922958353,2.061290322580645,2.1,0.8,3.8,0.7374177555745176
202303,8,서울,5.761290322580645,6.1,-1.4,15.0,3.9487278474089886,63.645161290322584,66.0,36.0,93.0,17.568055075613383,2.096774193548387,2.2,0.9,4.0,0.7194830880420294
202303,9,서울,7.664516129032258,7.5,0.3,15.5,3.7596585294497844,58.74193548387097,55.0,33.0,95.0,18.476954550530387,2.2,2.2,0.6,4.3,0.944810386620864
202303,10,서울,9.819354838709677,9.7,1.7,16.6,3.9232146134548658,51.516129032258064,49.0,28.0,98.0,18.725866188674132,2.0806451612903225,2.2,0.7,4.1,0.7747771098144762
202303,11,서울,11.67741935483871,11.5,3.0,19.0,4.231367759753288,45.193548387096776,40.0,22.0,97.0,19.293210126602755,2.303225806451613,2.0,1.0,4.0,0.8223883393173576
202303,12,서울,13.109677419354838,12.9,4.3,21.3,4.531471787304848,40.935483870967744,32.0,19.0,94.0,18.70104361414262,2.732258064516129,2.6,0.8,5.7,0.974811809795167
202303,13,서울,14.403225806451612,14.2,5.6,22.7,4.763226068605726,37.32258064516129,28.0,21.0,93.0,18.37278258144221,2.9516129032258065,2.9,1.1,4.9,1.1032893146532132
202303,14,서울,15.058064516129033,14.8,6.0,24.3,5.125737292887622,35.45161290322581,29.0,16.0,87.0,18.683038135659164,3.064516129032258,3.3,1.1,5.0,1.1013774366966649
202303,15,서울,15.358064516129033,14.9,6.1,24.6,5.222947711369407,35.064516129032256,28.0,15.0,81.0,17.10932588555331,3.42258064516129,3.4,1.7,5.7,0.994890170628348
202303,16,서울,15.325806451612904,15.2,6.4,23.7,5.09083933760341,35.096774193548384,30.0,15.0,82.0,16.17684526045314,3.2903225806451615,3.3,1.2,5.0,0.8764910490927931
202303,17,서울,14.509677419354839,14.6,5.5,22.2,4.958921578912743,37.25806451612903,33.0,17.0,79.0,14.861511233015042,3.393548387096774,3.3,1.1,5.7,0.9855406245206968
202303,18,서울,13.058064516129033,13.1,4.0,20.9,4.753368924145511,41.58064516129032,37.0,22.0,82.0,14.655543191453507,3.3677419354838714,3.2,1.1,7.3,1.1013286208860624
202303,19,서울,11.548387096774194,11.7,2.7,19.5,4.533936550632496,45.645161290322584,44.0,23.0,80.0,14.695914142138903,2.767741935483871,2.7,0.7,4.4,0.8284069437879725
202303,20,서울,10.470967741935485,10.5,2.1,18.9,4.367851763997728,48.645161290322584,48.0,24.0,82.0,14.474226259335996,2.512903225806452,2.4,1.0,5.2,0.9807282788771041
202303,21,서울,9.64516129032258,9.5,1.7,18.2,4.155385157413403,52.16129032258065,52.0,26.0,87.0,14.993546999056067,2.229032258064516,2.2,0.6,5.2,1.0156093567860616
202303,22,서울,8.974193548387097,8.8,1.4,17.7,4.083215052050323,54.225806451612904,55.0,30.0,90.0,15.23528727968802,2.1193548387096777,2.1,0.3,4.6,0.9703674063084592
202303,23,서울,8.32258064516129,8.1,1.0,17.5,4.008633156693967,56.225806451612904,59.0,34.0,89.0,15.105649445200635,1.935483870967742,1.6,0.0,6.0,1.1959789259840028
202304,0,서울,12.003333333333334,12.1,4.6,18.9,3.6301879245868376,64.0,63.5,26.0,95.0,23.266077125884074,2.2233333333333336,2.3,0.2,4.3,0.8712588329669826
202304,1,서울,11.6,11.899999999999999,4.3,18.3,3.6179628484015414,65.4,70.0,25.0,98.0,23.543942774720428,1.99,1.85,0.2,5.4,1.0406728592598156
202304,2,서울,11.223333333333333,11.6,4.3,17.6,3.6405459360710832,67.4,72.0,24.0,98.0,23.345382767299498,1.7033333333333334,1.55,0.0,3.7,0.996020818690236
202304,3,서울,10.879999999999999,11.35,4.0,16.9,3.6075973473614886,68.56666666666666,73.5,23.0,100.0,22.754587765279688,1.9066666666666667,1.6,0.4,4.7,1.1720695911236592
202304,4,서울,10.573333333333332,11.15,3.6,16.7,3.6384852222653974,69.5,77.0,22.0,100.0,23.239012976844155,1.8299999999999998,1.75,0.0,4.3,0.9274176234447253
202304,5,서울,10.229999999999999,10.75,3.2,16.2,3.619978090998665,71.0,76.5,20.0,100.0,22.753552204678602,1.8833333333333333,1.95,0.3,3.4,0.7465245143829589
202304,6,서울,10.04,10.85,3.5,15.5,3.5916185958326694,72.56666666666666,78.0,22.0,100.0,21.729819545299137,2.07,2.05,0.3,3.9,0.8030759830070617
202304,7,서울,10.139999999999999,11.25,3.8,15.7,3.478465773574757,73.96666666666667,79.5,23.0,100.0,21.635671906612345,2.146666666666667,2.05,0.6,4.6,0.9235364314578418
202304,8,서울,11.43,12.25,5.9,16.1,3.1171549804932366,70.06666666666666,72.0,23.0,100.0,21.60129838583836,2.4233333333333333,2.3499999999999996,1.1,4.8,0.9084596031605988
202304,9,서울,12.966666666666667,13.399999999999999,8.4,17.9,2.978698319427618,63.733333333333334,67.0,20.0,100.0,22.671466699330473,2.4366666666666665,2.05,0.6,5.6,1.320523233114587
202304,10,서울,14.33,14.2,9.1,19.3,3.0567223825754817,59.0,59.5,19.0,100.0,24.41169872177597,2.9766666666666666,3.0,0.5,7.1,1.208499592208378
202304,11,서울,15.443333333333333,14.850000000000001,9.2,21.0,3.407565956386821,54.46666666666667,53.5,18.0,100.0,26.084390012013902,3.0633333333333335,3.1500000000000004,1.3,5.1,0.9949816610104563
202304,12,서울,16.366666666666667,15.55,9.4,22.5,3.800756125619846,52.3,48.0,18.0,100.0,27.00466115576959,3.1199999999999997,2.8,2.0,6.6,1.0977720383922438
202304,13,서울,17.186666666666667,16.5,9.6,24.1,4.183278151396823,49.8,42.5,17.0,100.0,28.15033533211185,3.2266666666666666,3.1500000000000004,0.4,6.4,1.181446609861835
202304,14,서울,17.66,17.1,9.5,25.7,4.458591087188712,47.86666666666667,37.5,17.0,97.0,27.883666376119056,2.9733333333333336,3.05,1.1,4.7,0.9194951138357484
202304,15,서울,18.09333333333333,17.2,9.2,27.3,4.54038835748459,46.6,39.5,16.0,98.0,26.076280674074347,3.1300000000000003,2.75,0.8,5.7,1.3001724023613441
202304,16,서울,18.013333333333332,17.35,9.0,28.2,4.655047933627302,45.666666666666664,39.5,17.0,97.0,25.58465775897106,3.2333333333333334,2.9000000000000004,1.7,5.5,1.124747736723381
202304,17,서울,17.57,17.55,9.4,27.9,4.617295073211527,46.666666666666664,40.5,15.0,98.0,24.6371367197393,3.2133333333333334,3.2,1.5,5.4,1.0795060598872677
202304,18,서울,16.576666666666668,16.7,9.5,25.6,4.351748228433966,49.46666666666667,41.5,18.0,95.0,24.01110854028471,3.0966666666666667,3.25,0.8,5.3,1.0063533804965241
202304,19,서울,15.270000000000001,15.85,9.0,22.6,4.1020726468457385,53.2,44.5,20.0,96.0,24.010629829881314,2.933333333333333,3.0,1.2,5.5,1.0515451138380996
202304,20,서울,14.183333333333334,15.05,7.8,20.5,3.772686167645042,57.56666666666667,57.0,21.0,98.0,24.31216998121316,2.6933333333333334,2.7,0.8,4.9,1.0517418502371338
202304,21,서울,13.47,13.95,6.8,19.5,3.6359460183390864,60.86666666666667,62.0,20.0,99.0,23.80920328191475,2.31,2.4,0.3,4.9,1.066851636261155
202304,22,서울,12.843333333333334,13.05,5.8,19.0,3.5815314903113653,62.43333333333333,65.5,25.0,97.0,23.30855005673082,2.0166666666666666,2.1,0.3,3.9,0.8132876376837384
202304,23,서울,12.366666666666667,12.45,5.1,18.7,3.5935126733230445,64.46666666666667,66.5,27.0,96.0,23.30566504068283,2.143333333333333,2.25,0.3,4.0,0.8865599278938375
202305,0,서울,17.33225806451613,18.1,11.1,22.4,3.176096881055341,67.51612903225806,65.0,41.0,99.0,15.745625779332993,1.8451612903225807,1.7,0.0,5.2,1.1062967382751698
202305,1,서울,16.780645161290323,16.9,10.3,21.9,3.2068072756599837,70.38709677419355,68.0,46.0,99.0,14.442246868948612,1.9548387096774194,1.8,0.0,5.2,1.0975240953095047
202305,2,서울,16.322580645161292,16.8,9.9,21.6,3.211822917225186,72.06451612903226,71.0,48.0,99.0,14.289706047527051,1.6709677419354838,1.5,0.0,5.1,1.0988459244095132
202305,3,서울,15.870967741935484,16.2,9.6,21.4,3.2329752600751624,74.6774193548387,72.0,49.0,100.0,13.738964290838894,1.7322580645161292,1.6,0.4,6.1,1.130305886850751
202305,4,서울,15.441935483870967,15.6,8.7,21.1,3.2626956333220734,76.41935483870968,76.0,47.0,100.0,13.331101963824764,1.803225806451613,1.6,0.3,5.8,1.0615974977889822
202305,5,서울,15.138709677419355,15.5,8.4,20.7,3.2845778439402573,77.3225806451613,75.0,48.0,99.0,12.54960051628256,1.832258064516129,1.9,0.0,5.9,1.0827086701953252
202305,6,서울,14.96774193548387,15.4,7.9,20.6,3.4136380492346867,78.83870967741936,78.0,48.0,99.0,11.95016533830822,1.8774193548387097,1.7,0.1,6.6,1.193792186666606
202305,7,서울,15.474193548387097,16.2,9.2,21.3,3.3210407748109603,77.61290322580645,76.0,48.0,99.0,12.510468734503487,1.9258064516129034,1.9,0.7,6.3,1.0475265285218263
202305,8,서울,17.103225806451615,17.7,11.2,22.1,3.090575337049479,72.38709677419355,69.0,50.0,100.0,14.39369635026583,2.009677419354839,1.8,0.8,7.4,1.1562453138527533
202305,9,서울,18.774193548387096,18.8,11.7,23.9,3.1149069265854976,66.48387096774194,63.0,45.0,100.0,16.36433310127432,2.2129032258064516,2.0,0.6,6.3,0.9735645623117386
202305,10,서울,20.33225806451613,20.8,11.8,25.2,3.2364988384337154,60.12903225806452,54.0,38.0,100.0,17.577906465188757,2.2806451612903227,2.1,0.7,6.2,1.0508470725526493
202305,11,서울,21.661290322580644,22.0,11.8,26.7,3.318501410712858,55.58064516129032,49.0,32.0,100.0,18.76481493566863,2.4451612903225803,2.1,1.4,4.5,0.953533327394283
202305,12,서울,22.716129032258067,23.3,11.9,28.0,3.5022941789816904,51.354838709677416,44.0,31.0,100.0,20.378989813198583,2.5483870967741935,2.5,0.6,4.9,0.9615511661691699
202305,13,서울,23.68064516129032,24.6,12.0,29.1,3.7038195919742734,48.67741935483871,41.0,27.0,100.0,21.468406394473707,2.8193548387096774,2.7,1.0,5.8,1.1475827798286011
202305,14,서울,24.212903225806453,25.3,12.0,30.6,3.845841211445933,46.903225806451616,39.0,22.0,99.0,21.726105401428452,3.02258064516129,3.0,1.4,6.0,1.0499871991027176
202305,15,서울,24.083870967741937,25.5,12.0,30.7,3.8489909304642027,47.38709677419355,40.0,23.0,99.0,21.881007623591195,3.238709677419355,3.0,1.8,6.4,1.0707248072699285
202305,16,서울,23.97741935483871,24.9,12.9,30.0,3.672302608938007,47.774193548387096,42.0,25.0,100.0,21.10246380152383,3.235483870967742,3.0,0.9,6.4,1.2139600177646637
202305,17,서울,23.593548387096774,24.1,13.0,29.6,3.5717349177368463,48.25806451612903,45.0,25.0,99.0,20.64294510954527,3.170967741935484,3.0,1.0,5.5,1.0030598348344253
202305,18,서울,22.690322580645162,23.1,13.0,28.8,3.3705938980847945,51.903225806451616,50.0,28.0,100.0,19.555655343505585,3.019354838709677,2.9,1.2,4.9,0.9582690488023043
202305,19,서울,21.538709677419355,21.9,12.8,27.7,3.2251798316119604,56.225806451612904,52.0,32.0,100.0,17.619515084926626,2.835483870967742,2.9,1.0,4.3,0.8459899081733676
202305,20,서울,20.26451612903226,20.3,12.3,25.8,3.1019938090521473,60.0,56.0,39.0,100.0,16.49444350885069,2.509677419354839,2.4,0.6,4.1,0.7976443813754253
202305,21,서울,19.387096774193548,19.0,12.4,24.5,3.0265207676454575,62.354838709677416,60.0,38.0,99.0,16.507671725790154,2.364516129032258,2.1,1.0,4.3,0.7718153436743679
202305,22,서울,18.741935483870968,19.0,12.5,23.7,2.9926325304596935,63.70967741935484,61.0,38.0,98.0,16.073152663965455,2.0064516129032257,1.8,0.6,4.3,0.8298335109610713
202305,23,서울,18.129032258064516,18.6,11.6,22.9,3.0442507067571483,65.41935483870968,61.0,40.0,99.0,15.777144214650905,1.9129032258064516,1.7,0.1,5.0,0.9704782104659782
202306,0,서울,21.703333333333333,21.1,18.6,27.5,2.4352983720520864,77.4,78.0,57.0,99.0,10.820159983519906,1.7466666666666666,1.75,0.5,4.5,0.8390196797385064
202306,1,서울,21.336666666666666,20.55,18.2,26.9,2.398776028890903,79.63333333333334,80.0,60.0,99.0,10.807032618762122,1.8233333333333335,1.7,0.2,4.3,0.9035116675136703
202306,2,서울,20.966666666666665,20.2,17.8,26.5,2.4313091880334943,81.33333333333333,82.5,62.0,99.0,10.107468503054063,1.8766666666666665,1.8,0.6,4.8,0.9257553610461822
202306,3,서울,20.633333333333333,19.9,17.4,26.1,2.4502404292068034,83.3,84.0,63.0,99.0,9.036897545141214,1.8599999999999999,1.9,0.0,3.4,0.7828330512995071
202306,4,서울,20.44333333333333,19.6,17.2,25.5,2.472843307407182,84.16666666666667,84.0,67.0,100.0,8.694363347766675,1.7133333333333334,1.6,0.5,4.3,0.8232539865902756
202306,5,서울,20.216666666666665,19.25,17.0,25.3,2.4565301198815037,85.06666666666666,85.5,61.0,99.0,7.9130330439107235,1.6566666666666667,1.75,0.0,3.8,0.8649031571594404
202306,6,서울,20.07,19.15,16.7,25.4,2.4594855082958373,85.56666666666666,86.5,60.0,98.0,8.20715975623527,1.4066666666666667,1.25,0.2,2.7,0.6416215090842422
202306,7,서울,20.540000000000003,19.700000000000003,17.3,25.5,2.3743746908215213,84.2,85.5,62.0,98.0,8.454339836377855,1.5966666666666667,1.5,0.5,3.3,0.7092897532200705
202306,8,서울,21.56,20.75,18.4,26.5,2.305106774398816,80.0,80.5,62.0,99.0,9.759168986668117,1.7333333333333334,1.6,0.4,3.9,0.7827155793523721
202306,9,서울,22.743333333333332,22.05,18.5,28.3,2.373079380704835,75.33333333333333,74.0,55.0,97.0,11.606577604020956,1.9,1.95,0.6,3.3,0.6079927404285295
202306,10,서울,23.790000000000003,23.45,19.1,29.8,2.4698666723753218,70.7,68.5,50.0,98.0,12.64406634722799,2.1033333333333335,2.05,0.1,4.2,0.8235680711490047
202306,11,서울,24.740000000000002,24.35,19.6,31.0,2.571541869425208,67.1,65.5,41.0,98.0,14.191668269652517,2.4099999999999997,2.25,0.4,4.2,0.8214159347924987
202306,12,서울,25.52,25.3,19.8,31.9,2.7936380927212894,63.86666666666667,61.5,39.0,97.0,14.968319034301869,2.5533333333333332,2.45,1.1,4.2,0.772694940622991
202306,13,서울,26.126666666666665,25.85,20.4,32.9,2.8873007718501427,62.1,59.5,36.0,97.0,15.454828505613744,2.7733333333333334,2.7,1.2,5.6,0.9551794680016704
202306,14,서울,26.57,26.1,21.4,33.7,2.9835352785949563,61.2,57.5,31.0,98.0,16.121093485629746,2.6733333333333333,2.6,0.5,4.9,0.929565465162615
202306,15,서울,26.740000000000002,26.6,20.0,34.0,3.2590034440417304,60.53333333333333,57.5,35.0,97.0,16.647943506286467,2.9099999999999997,2.9,1.3,5.5,1.0469495920414995
202306,16,서울,26.759999999999998,26.3,20.6,33.4,3.143531947260641,59.93333333333333,58.0,32.0,97.0,16.04505151630619,2.79,2.6,0.6,4.7,0.9222723062613077
202306,17,서울,26.61,26.450000000000003,21.8,33.5,3.0107107649764084,59.93333333333333,58.5,30.0,96.0,15.38233051114242,2.8333333333333335,2.95,0.6,4.6,0.9952761991747207
202306,18,서울,26.123333333333335,25.6,21.8,33.3,2.8099188027700936,61.63333333333333,60.0,35.0,99.0,14.866030087912263,2.8699999999999997,2.8,0.7,4.3,0.8039342913619161
202306,19,서울,25.203333333333333,24.950000000000003,21.0,31.1,2.7252944584131584,64.5,64.5,36.0,99.0,14.495540336778495,2.663333333333333,2.6,1.2,4.1,0.7289498035475104
202306,20,서울,24.116666666666667,23.6,19.6,30.0,2.679820289050964,68.0,70.0,38.0,99.0,14.49613503781207,2.6133333333333337,2.55,0.6,4.0,0.821157019439469
202306,21,서울,23.366666666666667,22.85,19.4,29.4,2.5264576991802445,71.03333333333333,71.5,49.0,99.0,12.192375608900253,2.42,2.6500000000000004,0.7,4.2,0.8579848081606588
202306,22,서울,22.80666666666667,22.25,19.3,28.8,2.500335609657139,73.66666666666667,74.0,51.0,98.0,11.466091939619885,2.04,2.25,0.9,3.4,0.693616211082081
202306,23,서울,22.34333333333333,21.75,19.3,28.2,2.459560282166143,75.7,76.0,54.0,98.0,10.716246126068716,1.7866666666666666,1.8,0.3,3.3,0.7824512029880658
202307,0,서울,25.461290322580645,25.5,22.0,28.4,1.4237690401079435,84.87096774193549,85.0,67.0,99.0,7.813415537752447,1.5161290322580645,1.3,0.3,3.3,0.6870695133165439
202307,1,서울,25.229032258064517,25.2,22.2,28.3,1.3567592634379664,85.96774193548387,85.0,71.0,99.0,7.529868838909665,1.4548387096774194,1.4,0.0,3.4,0.7990989549392153
202307,2,서울,25.032258064516128,24.9,22.4,27.9,1.265539962960263,86.83870967741936,88.0,70.0,99.0,7.104443558757426,1.6774193548387097,1.6,0.0,5.0,0.9714970157508995
202307,3,서울,24.835483870967742,24.8,22.5,27.6,1.2194393211900776,87.6774193548387,88.0,72.0,100.0,6.7596207821356025,1.4129032258064516,1.2,0.1,6.1,1.1271621993554939
202307,4,서울,24.638709677419353,24.7,22.4,26.9,1.1517168110708582,88.93548387096774,90.0,74.0,100.0,6.340007801630152,1.432258064516129,1.4,0.1,3.9,0.6808754642733592
202307,5,서울,24.490322580645163,24.5,22.4,26.5,1.1223056145600978,89.25806451612904,91.0,76.0,99.0,6.027535383197592,1.4516129032258065,1.2,0.4,4.4,0.9211843708841841
202307,6,서울,24.351612903225806,24.5,22.2,26.3,1.1363306349069164,89.83870967741936,90.0,77.0,99.0,5.639720880762029,1.6580645161290322,1.5,0.2,4.6,0.9269211377991791
202307,7,서울,24.629032258064516,24.7,22.2,26.4,1.127591400105287,89.93548387096774,91.0,78.0,100.0,5.6210051525266485,1.8,1.5,0.6,4.2,0.8500980335624043
202307,8,서울,25.316129032258065,25.3,22.3,28.0,1.3650633133530363,87.6774193548387,88.0,74.0,99.0,6.920438795212309,1.8709677419354838,1.9,0.5,3.6,0.8331440645278969
202307,9,서울,26.283870967741933,26.3,22.8,29.3,1.7119378443143607,84.45161290322581,84.0,64.0,99.0,8.947397050455212,1.9806451612903226,2.0,0.5,3.5,0.8665715415123784
202307,10,서울,27.061290322580643,26.9,24.0,30.7,2.0264381591608527,81.2258064516129,80.0,58.0,100.0,10.575788945887531,1.9774193548387096,1.9,0.7,4.2,0.9408186780385669
202307,11,서울,27.75483870967742,28.6,21.8,31.9,2.6437143957794684,78.09677419354838,75.0,55.0,100.0,13.125940826494883,2.435483870967742,2.3,0.9,5.1,0.8897746482852738
202307,12,서울,28.39032258064516,28.7,22.0,33.0,2.9496163410077245,75.70967741935483,73.0,52.0,99.0,13.900104432190657,2.541935483870968,2.3,0.8,4.3,0.8305717683412984
202307,13,서울,28.883870967741935,29.1,21.7,33.9,3.235438844442749,73.48387096774194,71.0,53.0,98.0,14.805113908695954,2.7161290322580647,2.9,0.8,4.7,1.0060141729265213
202307,14,서울,29.20967741935484,30.1,22.2,33.8,3.3849032323647172,72.2258064516129,71.0,49.0,99.0,15.622013693117708,2.851612903225807,2.7,1.4,5.1,0.8586310685200932
202307,15,서울,29.296774193548387,30.0,22.3,34.2,3.4879300328387464,71.51612903225806,70.0,48.0,99.0,15.836394723846157,2.9709677419354836,2.8,1.9,4.3,0.7585923579837842
202307,16,서울,29.16774193548387,29.7,22.1,34.9,3.4429045002511267,71.87096774193549,70.0,48.0,99.0,16.07636346832179,2.9419354838709677,3.0,1.2,4.7,0.9065591334080705
202307,17,서울,29.061290322580643,29.7,22.0,34.6,3.3661726455382386,71.35483870967742,70.0,42.0,100.0,15.723757793218036,2.861290322580645,2.6,0.8,5.2,1.0131394834390899
202307,18,서울,28.483870967741936,28.9,21.8,33.4,2.9551194870589748,73.90322580645162,73.0,51.0,99.0,13.219568421371092,2.8129032258064517,2.7,0.6,4.7,1.0701220913160239
202307,19,서울,27.638709677419353,28.2,21.8,31.9,2.5515586634257943,76.90322580645162,74.0,56.0,99.0,12.278313778663252,2.5903225806451613,2.8,0.3,4.3,0.8324080885037407
202307,20,서울,26.89032258064516,27.4,21.9,30.9,2.1701543476151914,78.80645161290323,76.0,63.0,100.0,10.756143530834551,2.509677419354839,2.3,0.8,4.8,0.9533641622205292
202307,21,서울,26.387096774193548,26.8,21.9,30.1,1.9491437325971057,80.83870967741936,80.0,61.0,99.0,9.832248892271283,2.003225806451613,1.9,1.1,3.4,0.6090888665144257
202307,22,서울,26.048387096774192,26.2,21.9,29.6,1.7663278230539832,82.35483870967742,83.0,61.0,99.0,9.928237128167227,1.8387096774193548,2.0,0.1,3.1,0.712122376821493
202307,23,서울,25.780645161290323,25.8,21.8,29.0,1.606117337938236,83.38709677419355,83.0,64.0,99.0,8.643600404749703,1.8193548387096774,1.7,0.5,3.7,0.7485182495386958
202308,0,서울,26.141935483870967,26.6,21.5,29.1,2.250892296186615,80.12903225806451,79.0,65.0,96.0,7.965517080867471,1.6935483870967742,1.5,0.1,3.9,0.9215694887422463
202308,1,서울,25.858064516129033,26.3,21.4,28.7,2.1190837947170142,80.48387096774194,79.0,65.0,96.0,7.3614806832227995,1.7129032258064516,1.4,0.6,4.4,0.9837824744267646
202308,2,서울,25.61935483870968,26.1,21.3,28.5,1.971703046410844,81.74193548387096,81.0,65.0,98.0,7.334701729611477,1.5548387096774194,1.3,0.1,3.3,0.8209095401554788
202308,3,서울,25.38064516129032,25.8,21.2,28.4,1.9210100389879452,82.70967741935483,84.0,65.0,97.0,7.555102242357356,1.5451612903225806,1.4,0.1,3.5,0.8857534305803993
202308,4,서울,25.164516129032258,25.5,21.2,28.2,1.8937702055418029,83.45161290322581,85.0,66.0,97.0,7.177923142884808,1.6483870967741936,1.5,0.4,3.2,0.7978600410857096
202308,5,서울,24.95483870967742,25.2,21.1,27.7,1.820593073639727,84.09677419354838,85.0,68.0,99.0,7.006448642546744,1.632258064516129,1.5,0.4,4.6,0.9023624906411662
202308,6,서울,24.838709677419356,25.0,21.0,27.6,1.7882351484736445,84.45161290322581,86.0,69.0,98.0,6.8109652261502545,1.7129032258064516,1.7,0.1,4.0,0.9762997953101191
202308,7,서울,24.96451612903226,25.1,21.1,27.7,1.8780394719133333,84.45161290322581,85.0,69.0,98.0,6.751980991666668,1.9096774193548387,1.9,0.5,3.9,0.8533677748425851
202308,8,서울,25.712903225806453,26.2,21.2,28.8,2.2646179862519675,82.70967741935483,83.0,67.0,97.0,7.840890886402711,2.203225806451613,2.0,0.6,4.8,0.883358693082918
202308,9,서울,26.62258064516129,27.1,20.8,30.5,2.6853565470801533,79.3225806451613,78.0,64.0,96.0,8.844535400551742,2.148387096774193,2.2,0.4,4.3,0.9366148150803281
202308,10,서울,27.55483870967742,27.8,20.8,31.8,3.0884557856289523,75.06451612903226,71.0,61.0,97.0,10.334200449223495,2.148387096774193,2.2,0.4,4.1,0.9182849839935078
202308,11,서울,28.299999999999997,28.4,20.9,32.1,3.303735259772895,73.48387096774194,69.0,59.0,97.0,11.26904600440793,2.225806451612903,2.1,0.9,3.9,0.7275381969058319
202308,12,서울,28.883870967741935,29.9,21.3,33.3,3.6346569553116974,70.48387096774194,66.0,55.0,96.0,12.685611186805135,2.416129032258065,2.3,1.1,4.5,0.9647441022342136
202308,13,서울,29.416129032258063,31.0,21.9,34.1,3.8329359307797413,68.54838709677419,65.0,51.0,97.0,13.635343070314045,2.454838709677419,2.1,0.9,5.5,1.0729519124600195
202308,14,서울,29.89032258064516,31.6,21.7,34.8,3.9716793122229537,67.29032258064517,61.0,53.0,95.0,14.301966178086834,2.4000000000000004,2.3,0.0,6.3,1.1684747893443543
202308,15,서울,29.86451612903226,30.7,21.7,35.2,3.97463192317618,66.96774193548387,62.0,49.0,94.0,14.304973193421795,2.9322580645161294,2.7,0.4,7.6,1.4702351505284663
202308,16,서울,29.60967741935484,30.3,21.9,35.8,3.9074590924461114,68.38709677419355,65.0,50.0,96.0,14.228322504438902,2.8870967741935485,2.8,0.5,6.9,1.2531937693971809
202308,17,서울,29.419354838709676,29.8,21.4,35.2,3.880499912368571,69.0,65.0,50.0,94.0,13.904435743076139,2.825806451612903,2.8,0.7,4.5,0.8539975573483739
202308,18,서울,28.929032258064517,29.5,21.1,35.2,3.7116208093308862,70.16129032258064,65.0,52.0,96.0,13.339407218697408,2.6516129032258067,2.5,0.9,4.5,0.7671900971475649
202308,19,서울,28.251612903225805,29.4,21.0,34.0,3.4078214906048037,71.58064516129032,67.0,54.0,97.0,12.376790627483327,2.4322580645161294,2.6,0.3,4.9,0.9249818364970539
202308,20,서울,27.509677419354837,28.6,20.9,32.7,3.0618463752785594,74.58064516129032,72.0,55.0,97.0,11.48266575770739,2.325806451612903,2.4,0.5,4.1,0.8049711141548224
202308,21,서울,26.983870967741936,28.0,21.1,31.8,2.7738176789632445,76.3225806451613,75.0,56.0,97.0,10.768432559335007,2.238709677419355,2.1,0.9,3.8,0.7464035634761481
202308,22,서울,26.603225806451615,27.3,21.3,30.8,2.5563625031109782,78.03225806451613,78.0,62.0,98.0,9.914581419867552,2.148387096774193,1.9,1.0,4.0,0.8253770725116836
202308,23,서울,26.25483870967742,26.8,21.4,29.9,2.4461995979719817,78.80645161290323,76.0,64.0,97.0,8.859719163490116,2.041935483870968,1.9,0.7,4.0,0.7911064797899152
202309,0,서울,22.503333333333334,22.75,17.6,26.8,2.472536507639312,78.73333333333333,79.5,56.0,96.0,9.878340406940946,1.6099999999999999,1.5499999999999998,0.0,3.6,1.0812987082909717
202309,1,서울,22.163333333333334,22.4,17.2,26.5,2.4262193284789957,79.6,80.0,58.0,97.0,9.66186959847477,1.5766666666666667,1.4,0.3,4.3,0.9279875643241291
202309,2,서울,21.816666666666666,22.25,16.8,26.3,2.4040315755189137,80.53333333333333,81.0,61.0,97.0,9.156619363112107,1.7033333333333334,1.6,0.4,4.5,0.932731743722238
202309,3,서울,21.526666666666664,21.9,16.4,26.1,2.407163638311527,81.43333333333334,80.5,63.0,96.0,8.684839479323102,1.6233333333333335,1.45,0.6,4.3,0.8888905651325191
202309,4,서울,21.21333333333333,21.75,16.0,25.9,2.438163997388388,81.96666666666667,82.0,65.0,98.0,8.864821344576798,1.6600000000000001,1.6,0.2,2.9,0.804127284486214
202309,5,서울,20.933333333333334,21.549999999999997,15.8,25.5,2.4246341115130408,83.36666666666666,83.0,68.0,96.0,7.805759736084072,1.63,1.5,0.3,3.8,0.9143114990206451
202309,6,서울,20.676666666666666,20.85,15.4,25.2,2.418988579370814,84.53333333333333,85.0,71.0,97.0,7.319003763624806,1.6166666666666667,1.45,0.3,4.2,0.7926747967062742
202309,7,서울,20.666666666666668,20.7,15.3,25.1,2.408223459292151,85.46666666666667,86.0,71.0,96.0,7.365967096340289,1.7533333333333334,1.75,0.6,3.0,0.5679566115854963
202309,8,서울,21.446666666666665,21.799999999999997,16.2,25.5,2.3576337250746144,83.73333333333333,83.5,66.0,96.0,8.62207804911655,1.8533333333333333,1.7,0.6,3.1,0.7304855887711262
202309,9,서울,22.663333333333334,23.2,18.1,26.9,2.366502341713046,78.83333333333333,77.0,58.0,96.0,10.55717874190381,2.0833333333333335,2.1500000000000004,0.5,3.5,0.7330067193243952
202309,10,서울,23.720000000000002,24.15,19.6,28.4,2.5455031343324936,74.03333333333333,70.5,51.0,96.0,11.96397850253817,2.04,2.0,0.6,4.1,0.920869154657707
202309,11,서울,24.876666666666665,25.049999999999997,19.8,29.8,2.758770757412443,69.5,66.0,47.0,97.0,13.624901138521436,2.1766666666666667,2.3499999999999996,0.6,3.3,0.7064644039319947
202309,12,서울,25.75,26.3,20.2,30.7,2.9264253821413897,65.4,62.0,44.0,96.0,14.194705180891,2.256666666666667,2.2,0.6,4.2,0.8572945952171317
202309,13,서울,26.279999999999998,26.799999999999997,19.6,31.3,3.0898499014989556,63.333333333333336,61.5,38.0,95.0,16.075969072164682,2.466666666666667,2.6,1.0,3.6,0.6183032027854235
202309,14,서울,26.716666666666665,26.9,19.6,32.0,3.335088618305971,62.1,60.0,37.0,95.0,17.021993886207014,2.48,2.3499999999999996,1.3,3.5,0.5448188563246472
202309,15,서울,26.976666666666667,27.0,19.8,32.5,3.437990926281715,61.166666666666664,56.0,36.0,96.0,17.322664709670914,2.4566666666666666,2.5,1.3,3.3,0.5811304876515779
202309,16,서울,26.953333333333333,26.700000000000003,19.4,32.4,3.472426691297713,60.733333333333334,56.0,37.0,97.0,17.33629506084797,2.5966666666666667,2.45,0.7,5.1,0.8845350749690905
202309,17,서울,26.563333333333333,26.35,19.1,32.3,3.4430823533505577,62.333333333333336,60.5,38.0,98.0,16.667816052321403,2.5966666666666667,2.7,1.1,4.7,0.8417892820666577
202309,18,서울,25.753333333333334,25.45,19.1,31.9,3.2646205179831806,64.43333333333334,62.5,41.0,97.0,16.11314163449615,2.5766666666666667,2.5,1.2,4.1,0.7342288158489753
202309,19,서울,24.73,24.8,19.0,30.0,2.9525150003998637,68.7,67.0,43.0,96.0,14.494112954742265,2.356666666666667,2.4,0.9,4.1,0.685154567677393
202309,20,서울,24.03666666666667,24.299999999999997,19.2,28.9,2.765985929269981,71.43333333333334,69.0,50.0,96.0,12.727064112337152,2.1933333333333334,2.15,0.8,3.7,0.8178750150419591
202309,21,서울,23.543333333333333,23.9,19.3,28.0,2.628187172956285,73.66666666666667,73.0,52.0,96.0,11.511114069734376,2.1166666666666667,2.4,0.3,4.3,1.0687031565320697
202309,22,서울,23.086666666666666,23.200000000000003,18.6,27.6,2.5870677494472174,75.96666666666667,75.0,54.0,97.0,10.473228048081758,1.85,1.7,0.1,4.0,0.9423924067371628
202309,23,서울,22.663333333333334,22.9,18.0,27.3,2.587034426991025,76.9,75.5,55.0,96.0,10.256537023973436,1.6700000000000002,1.7999999999999998,0.2,3.4,0.9494644588507195
202310,0,서울,14.212903225806452,14.8,7.3,17.4,2.3802999720600866,71.3225806451613,69.0,53.0,91.0,11.341331775925294,1.5,1.4,0.1,3.0,0.7505553499465135
202310,1,서울,13.696774193548388,14.3,6.8,17.3,2.456214413953275,73.29032258064517,73.0,55.0,92.0,10.331807032612433,1.461290322580645,1.4,0.0,3.1,0.7387725944000352
202310,2,서울,13.306451612903226,13.7,6.7,17.1,2.5225563071179695,74.70967741935483,76.0,51.0,93.0,10.440924443065686,1.6129032258064515,1.6,0.5,2.4,0.4645728758647531
202310,3,서울,12.941935483870967,13.1,6.3,17.2,2.5682385914018178,76.38709677419355,77.0,51.0,94.0,9.773015295035062,1.5516129032258066,1.4,0.1,2.6,0.5830214219860396
202310,4,서울,12.606451612903227,12.8,6.0,17.3,2.597811320306765,77.16129032258064,77.0,50.0,93.0,10.063454589730604,1.803225806451613,1.8,0.4,3.5,0.7185558994574891
202310,5,서울,12.370967741935484,12.5,6.2,17.2,2.5983576285013954,77.90322580645162,79.0,50.0,95.0,10.777615192950238,1.696774193548387,1.6,0.2,3.0,0.7268580195919705
202310,6,서울,12.135483870967741,12.3,5.9,17.0,2.6039135145772123,78.70967741935483,80.0,52.0,94.0,10.086933952353395,1.7322580645161292,1.8,0.8,3.3,0.5647342128672528
202310,7,서울,11.925806451612903,11.9,5.5,17.0,2.644865181433071,79.80645161290323,82.0,50.0,95.0,10.634595603778925,1.7419354838709677,1.8,0.2,3.0,0.5156059176983826
202310,8,서울,12.448387096774193,12.9,6.2,16.6,2.565264244704879,80.03225806451613,79.0,50.0,97.0,11.049838221946187,1.9387096774193548,2.0,0.8,4.1,0.6237934590630878
202310,9,서울,13.983870967741936,14.3,7.5,17.1,2.2598077756295334,75.74193548387096,78.0,47.0,93.0,11.999910393930683,1.961290322580645,2.0,0.6,3.5,0.6931461699405299
202310,10,서울,15.725806451612904,15.3,9.8,19.5,2.121943722460689,68.09677419354838,68.0,43.0,92.0,12.610458196036275,2.164516129032258,1.9,0.9,6.2,1.0515221941220179
202310,11,서울,17.26774193548387,17.1,12.9,21.3,2.064523689502285,62.0,63.0,38.0,92.0,13.686976778431873,2.009677419354839,2.0,0.7,4.7,0.8518039049412243
202310,12,서울,18.693548387096776,18.8,13.8,22.6,2.194073150386585,56.03225806451613,55.0,35.0,90.0,13.886405512749374,2.293548387096774,2.0,0.3,4.7,1.003970611744842
202310,13,서울,19.548387096774192,19.7,14.5,23.4,2.3449052529177576,52.29032258064516,51.0,33.0,89.0,14.496421508742761,2.2806451612903227,2.2,0.6,5.0,0.9586168351114743
202310,14,서울,20.403225806451612,20.7,14.9,24.1,2.2202828454902983,49.54838709677419,47.0,30.0,87.0,14.167659674242648,2.4709677419354836,2.4,1.4,4.7,0.749752647383165
202310,15,서울,20.561290322580643,20.6,14.6,24.2,2.148748072615749,48.32258064516129,46.0,29.0,85.0,14.031837838226311,2.52258064516129,2.6,0.6,4.3,0.8216689022630931
202310,16,서울,20.23225806451613,20.4,14.0,24.3,2.121381169077385,50.064516129032256,51.0,30.0,85.0,13.82976375761343,2.4129032258064513,2.4,0.8,4.5,0.9229452621847339
202310,17,서울,19.364516129032257,19.5,12.9,23.1,2.221943351677653,53.193548387096776,54.0,32.0,87.0,14.586339167953716,2.2161290322580647,2.3,0.5,5.3,0.9041005748601013
202310,18,서울,18.041935483870965,18.0,11.1,21.3,2.1843037324737877,57.83870967741935,57.0,34.0,90.0,14.373811311301646,2.1225806451612903,2.0,0.4,4.2,0.8480210993520365
202310,19,서울,17.048387096774192,17.6,10.0,19.9,2.1208286065815454,62.25806451612903,62.0,38.0,91.0,13.43866992906536,1.8225806451612903,1.8,0.3,3.6,0.7441817329207318
202310,20,서울,16.34193548387097,17.0,9.6,19.2,2.1643743042810915,65.45161290322581,65.0,44.0,87.0,12.4280293682665,1.896774193548387,1.8,0.7,4.2,0.8392392868813765
202310,21,서울,15.729032258064517,16.4,9.0,18.5,2.155333469695906,67.06451612903226,69.0,47.0,89.0,12.387992799134079,1.7322580645161292,1.9,0.4,3.1,0.7212891684450343
202310,22,서울,15.14516129032258,15.9,8.2,17.7,2.2482346718670057,69.16129032258064,70.0,51.0,88.0,11.410804161534942,1.4096774193548387,1.3,0.1,3.2,0.8150070914659484
202310,23,서울,14.693548387096774,15.5,7.7,17.4,2.3508772098759168,70.09677419354838,67.0,53.0,89.0,11.100615114216804,1.4967741935483871,1.4,0.1,4.5,0.8990676173932421
202311,0,서울,6.166666666666667,5.0,-4.4,19.5,7.147381161744795,69.23333333333333,70.0,41.0,94.0,13.234446520827516,2.1333333333333333,2.05,0.5,5.6,1.0780996477945406
202311,1,서울,5.826666666666667,4.35,-4.8,19.4,7.254341545886008,69.2,71.0,38.0,94.0,13.396860157102685,2.396666666666667,2.1,0.3,6.2,1.4018419738116812
202311,2,서울,5.466666666666667,3.95,-5.2,19.2,7.428757418411856,70.46666666666667,71.5,37.0,94.0,12.81091488652879,2.5266666666666664,2.2,0.5,6.2,1.462150832667842
202311,3,서울,5.1066666666666665,3.35,-5.6,19.1,7.502456302752629,71.5,72.5,37.0,97.0,12.765119500500928,2.4366666666666665,2.1500000000000004,0.1,5.7,1.504816023428717
202311,4,서울,4.8,2.6,-6.1,19.2,7.59273700139902,71.96666666666667,74.0,35.0,96.0,13.207843368119624,2.246666666666667,2.1500000000000004,0.7,5.3,1.0060963597277703
202311,5,서울,4.553333333333333,2.5999999999999996,-6.4,18.9,7.611775511454711,72.36666666666666,73.5,39.0,93.0,12.612209009208259,2.33,2.2,0.6,4.7,1.027601828161754
202311,6,서울,4.29,2.25,-6.8,18.9,7.631484241229745,72.76666666666667,72.5,40.0,93.0,12.754129374126409,2.25,1.95,0.1,4.6,1.0427913468683216
202311,7,서울,3.966666666666667,1.7,-7.0,18.9,7.647687652930237,73.8,76.0,41.0,94.0,13.152684267794,2.296666666666667,2.1,0.7,5.1,0.8648234156345936
202311,8,서울,3.9766666666666666,1.7000000000000002,-7.1,19.1,7.563692007320841,73.93333333333334,76.5,44.0,94.0,13.323387094810418,2.43,2.3499999999999996,1.0,6.0,1.0429236094616008
202311,9,서울,4.946666666666667,3.15,-6.5,19.8,7.321848896581232,70.06666666666666,70.5,42.0,93.0,13.763854044595194,2.496666666666667,2.3499999999999996,0.6,4.7,1.0070384485120758
202311,10,서울,6.463333333333334,5.15,-5.4,20.7,6.919312469998104,64.16666666666667,61.5,39.0,93.0,14.727603296211324,2.3466666666666667,2.3,0.8,4.8,1.0497071293800306
202311,11,서울,7.7733333333333325,6.0,-4.0,22.4,6.717549498468009,59.233333333333334,53.5,37.0,95.0,17.1115676408223,2.5533333333333332,2.1,0.5,5.5,1.3029762570502894
202311,12,서울,8.85,7.35,-3.2,23.7,6.732973417033723,56.266666666666666,50.0,33.0,93.0,17.79370933656114,2.6866666666666665,2.5,0.9,5.5,1.1843034715155059
202311,13,서울,9.75,8.45,-1.9,24.9,6.812248097209249,54.06666666666667,51.0,27.0,93.0,18.567552961780013,2.783333333333333,2.8,0.6,5.0,1.2091842029987032
202311,14,서울,10.436666666666667,9.5,-1.2,25.7,6.663202260761421,52.56666666666667,48.5,25.0,93.0,19.290310830933308,2.94,2.9,0.5,4.8,1.1637039557171422
202311,15,서울,10.729999999999999,10.149999999999999,-0.7,25.4,6.696223845803203,51.6,49.5,22.0,94.0,19.29552386900419,3.0866666666666664,2.9,0.1,6.9,1.4335231095964676
202311,16,서울,10.443333333333333,10.05,-0.8,25.0,6.705925497767568,52.86666666666667,52.5,24.0,94.0,18.77770749720462,3.0233333333333334,3.05,1.5,4.4,0.8601055802605878
202311,17,서울,9.353333333333333,8.95,-1.8,23.6,6.8289310181444005,56.5,55.0,25.0,93.0,18.661688580877538,2.95,3.0,0.2,4.8,0.9968052415869272
202311,18,서울,8.426666666666668,8.3,-2.6,21.8,6.777545753204593,59.9,58.0,31.0,93.0,17.46395302250936,2.74,2.45,0.7,6.9,1.2751200078748504
202311,19,서울,7.7733333333333325,7.3,-2.9,20.8,6.854343366691352,61.666666666666664,60.5,35.0,93.0,15.543783175350168,2.6,2.7,0.6,5.0,1.1070308222354561
202311,20,서울,7.16,6.6,-3.3,19.9,6.888300926583595,62.833333333333336,63.0,34.0,92.0,14.888281282278015,2.51,2.25,0.6,4.9,1.1940513475934167
202311,21,서울,6.6033333333333335,6.05,-3.8,19.7,6.878526472783371,65.13333333333334,66.5,37.0,93.0,15.146943092831346,2.4033333333333333,2.1,0.4,5.3,1.4189562296312013
202311,22,서울,6.17,5.6,-4.1,19.6,6.873344314739771,67.16666666666667,68.5,38.0,93.0,14.678352189142544,2.5533333333333332,2.25,0.8,5.0,1.2832430181684844
202311,23,서울,5.8066666666666675,5.1,-4.5,19.5,6.940085129823367,67.93333333333334,67.5,38.0,94.0,13.42394498091283,2.31,2.2,0.4,4.7,1.106205069221984
202312,0,서울,0.35161290322580635,0.7,-12.7,13.1,7.103420348336518,71.3225806451613,68.0,44.0,99.0,14.332683156046283,2.31,2.1500000000000004,0.2,6.3,1.5405663983049245
202312,1,서울,0.05161290322580637,0.4,-13.1,12.7,7.099853095557304,72.35483870967742,70.0,45.0,98.0,14.131639176204992,2.279310344827586,2.1,0.0,6.3,1.432874062441544
202312,2,서울,-0.23225806451612907,-0.2,-13.4,12.7,7.100018173534217,72.96774193548387,73.0,45.0,98.0,13.965395019995537,2.5379310344827584,1.9,0.6,8.1,1.7903339259765099
202312,3,서울,-0.5580645161290322,-0.7,-13.8,12.8,7.164392237240523,74.29032258064517,73.0,51.0,99.0,13.30712477932303,2.217241379310345,2.2,0.3,5.1,1.0573109305880115
202312,4,서울,-0.864516129032258,-0.7,-14.0,13.1,7.225074319668357,75.25806451612904,75.0,54.0,99.0,13.076614602501891,2.5206896551724136,2.2,0.8,6.2,1.195341944604982
202312,5,서울,-1.0,-1.3,-13.8,13.1,7.209068363295404,75.64516129032258,77.0,52.0,99.0,13.855320006160747,2.1724137931034484,2.0,0.7,5.5,1.017313181067848
202312,6,서울,-1.1741935483870967,-1.4,-14.0,13.1,7.186745565828597,75.45161290322581,76.0,53.0,99.0,13.737633735296674,2.2517241379310344,1.9,0.2,5.1,1.199887104705859
202312,7,서울,-1.270967741935484,-1.5,-14.5,13.1,7.231790628808659,75.64516129032258,76.0,51.0,100.0,13.615061236480656,2.3379310344827586,2.1,0.2,5.2,1.120080925999625
202312,8,서울,-1.3580645161290326,-1.5,-14.7,13.2,7.189658044420397,75.83870967741936,77.0,52.0,98.0,13.254173617376898,2.4551724137931035,2.3,0.2,5.8,1.351080574655643
202312,9,서울,-0.8806451612903227,-1.1,-14.4,13.3,7.023172092193038,75.09677419354838,77.0,47.0,98.0,14.211157209999183,2.3689655172413793,2.4,0.6,4.4,0.9083357813196703
202312,10,서울,0.3225806451612903,0.6,-13.1,13.5,6.793266748647485,71.2258064516129,75.0,45.0,99.0,15.852885494275911,2.4482758620689653,2.3,1.2,4.8,0.9002462717244069
202312,11,서울,1.532258064516129,2.1,-12.5,13.9,6.797469484878138,65.96774193548387,65.0,43.0,97.0,16.59213442361117,2.7517241379310344,2.6,0.8,6.6,1.2443072340104904
202312,12,서울,2.5354838709677416,3.3,-11.2,14.7,6.847507984033159,63.096774193548384,58.0,42.0,97.0,17.022249829188613,2.63448275862069,2.4,1.0,7.6,1.3326332316317422
202312,13,서울,3.512903225806452,4.4,-10.4,15.9,6.902547449335107,61.03225806451613,57.0,39.0,97.0,17.812886479489578,2.7241379310344827,2.6,0.9,6.8,1.2628355770175628
202312,14,서울,4.0032258064516135,5.1,-9.6,16.4,6.829664895193992,59.70967741935484,57.0,35.0,97.0,19.063391703099594,3.2133333333333334,2.6,1.2,8.0,1.7361736233956304
202312,15,서울,4.33225806451613,5.0,-8.6,16.8,6.912278307320204,59.193548387096776,57.0,33.0,97.0,18.785489710303377,3.2,2.75,0.8,8.0,1.7482996665726191
202312,16,서울,4.135483870967741,4.9,-8.6,16.4,6.912478975837673,59.41935483870968,56.0,32.0,97.0,18.16732266744954,2.9266666666666667,2.55,1.0,7.5,1.5714990281264252
202312,17,서울,3.429032258064516,4.0,-9.2,15.6,6.86115605168629,60.83870967741935,59.0,35.0,96.0,17.395587130444987,2.75,2.4000000000000004,0.6,7.4,1.5962779984313078
202312,18,서울,2.648387096774193,3.2,-9.8,14.8,6.875505846493136,64.74193548387096,63.0,38.0,96.0,16.37063986111617,2.4,2.3,0.1,7.2,1.6598712039773158
202312,19,서울,2.193548387096774,2.9,-10.3,14.3,6.9537488922101565,68.0,67.0,37.0,97.0,15.522027358993197,2.6533333333333333,2.25,0.8,5.9,1.2955449747535575
202312,20,서울,1.8516129032258066,2.2,-10.6,14.0,6.9411752591686255,69.25806451612904,68.0,38.0,97.0,15.039875314056482,2.353333333333333,2.0,0.3,6.4,1.3013874117273068
202312,21,서울,1.4516129032258065,1.7,-11.4,13.7,7.037559755471207,70.41935483870968,71.0,39.0,97.0,14.685081303936514,1.97,1.55,0.1,5.7,1.1835510565447849
202312,22,서울,1.032258064516129,1.5,-11.9,13.6,7.0339835606278465,71.74193548387096,74.0,40.0,98.0,14.389736485739837,2.1533333333333333,1.85,0.4,5.4,1.4378464100350132
202312,23,서울,0.7258064516129032,1.1,-12.3,13.3,7.050908581733065,72.51612903225806,72.0,41.0,98.0,14.714779345365521,2.1166666666666667,1.65,0.4,7.3,1.6047522815243078
202401,0,서울,-1.3516129032258066,-1.1,-11.9,4.4,4.220732240401101,71.90322580645162,73.0,47.0,97.0,13.700011773011191,2.1193548387096777,2.1,0.3,4.5,1.0783998500366827
202401,1,서울,-1.664516129032258,-1.5,-12.3,4.4,4.260794009500794,71.83870967741936,75.0,47.0,97.0,13.206303480266657,2.074193548387097,2.0,0.4,5.4,1.2127015961440484
202401,2,서울,-1.8935483870967742,-1.7,-12.7,4.5,4.278546130316618,71.87096774193549,74.0,48.0,98.0,13.465367764463698,1.9,1.6,0.4,5.6,1.2649110640673515
202401,3,서울,-2.1548387096774193,-1.9,-13.1,4.5,4.279083913618071,71.96774193548387,75.0,51.0,98.0,13.37032502962622,1.835483870967742,1.5,0.1,5.0,1.2510124931688398
202401,4,서울,-2.403225806451613,-2.4,-13.5,4.5,4.376869800132491,72.03225806451613,70.0,51.0,98.0,13.42506082163191,1.964516129032258,1.9,0.0,5.8,1.2486121327556112
202401,5,서울,-2.583870967741935,-2.7,-13.7,4.6,4.47921844181129,72.38709677419355,69.0,53.0,99.0,13.268201132418914,1.7419354838709677,1.4,0.1,6.3,1.2505396684494223
202401,6,서울,-2.7870967741935484,-3.1,-13.9,5.0,4.686629345665807,73.16129032258064,70.0,55.0,99.0,13.132902127084094,1.9516129032258065,1.8,0.1,7.2,1.330882155499861
202401,7,서울,-2.929032258064516,-3.2,-13.8,5.4,4.752276194862632,73.12903225806451,70.0,56.0,98.0,13.081136381532685,2.009677419354839,1.8,0.3,5.5,1.151623445028706
202401,8,서울,-3.019354838709677,-2.8,-14.0,5.0,4.762171728307629,73.41935483870968,69.0,53.0,98.0,12.83166446347573,1.8580645161290323,1.5,0.4,6.1,1.2537342072247972
202401,9,서울,-2.5870967741935487,-2.0,-13.6,5.1,4.60519575664154,72.51612903225806,69.0,53.0,99.0,13.778899249073891,2.235483870967742,2.1,0.3,5.9,1.1674897250359493
202401,10,서울,-1.2838709677419355,-0.7,-12.4,5.8,4.360511955737426,67.45161290322581,65.0,47.0,95.0,15.583835021537373,2.6129032258064515,2.3,1.0,5.5,1.3101506110581003
202401,11,서울,0.05806451612903231,0.5,-11.2,7.4,4.35252985389328,61.54838709677419,59.0,41.0,93.0,15.775167637096434,2.5032258064516126,2.1,0.5,6.3,1.3108480387310961
202401,12,서울,1.1516129032258065,2.1,-10.4,8.1,4.397944290062645,57.83870967741935,55.0,36.0,89.0,16.252377824375014,2.496774193548387,2.2,1.2,5.6,1.1827887585329122
202401,13,서울,1.9838709677419355,2.6,-10.0,9.7,4.433741593296685,56.32258064516129,49.0,32.0,91.0,18.056184714706838,2.829032258064516,2.5,0.8,6.3,1.3677703385162039
202401,14,서울,2.4387096774193546,3.4,-8.9,9.7,4.288797610780504,55.61290322580645,48.0,30.0,92.0,19.97277717186544,2.967741935483871,2.8,0.9,6.6,1.3582800636035248
202401,15,서울,2.8677419354838714,3.8,-8.8,10.4,4.37343397471401,54.87096774193548,49.0,30.0,92.0,20.11590073463258,2.838709677419355,2.4,0.8,6.1,1.3027349229869798
202401,16,서울,2.9322580645161294,3.8,-8.8,9.5,4.318131316265883,55.0,52.0,24.0,93.0,20.06987792688336,2.829032258064516,3.1,0.4,5.1,1.0338257584935342
202401,17,서울,2.1806451612903226,2.8,-9.5,9.0,4.317979415948985,57.38709677419355,57.0,26.0,93.0,19.653120904587205,2.7903225806451615,2.7,1.1,5.6,0.9603314839886199
202401,18,서울,1.229032258064516,1.7,-10.7,7.7,4.277942928432394,61.87096774193548,61.0,30.0,94.0,17.88992628172602,2.670967741935484,2.6,1.0,6.3,1.319392170252928
202401,19,서울,0.5677419354838709,1.4,-11.2,6.6,4.220378110767975,65.64516129032258,67.0,35.0,95.0,16.113241732804266,2.4967741935483874,2.4,0.6,5.6,1.1945665520647344
202401,20,서울,0.02903225806451614,0.6,-11.8,5.4,4.216490922428831,68.16129032258064,69.0,42.0,95.0,15.077791116282134,2.448387096774194,2.4,0.4,4.9,1.3132328982938595
202401,21,서울,-0.3709677419354839,0.3,-11.9,5.0,4.262878022211997,68.93548387096774,70.0,41.0,97.0,14.653635462166534,2.47741935483871,2.1,0.5,6.1,1.4552685152963707
202401,22,서울,-0.6741935483870969,0.0,-11.8,4.8,4.289752731175033,70.0,71.0,45.0,96.0,13.906832852953976,1.9483870967741934,1.6,0.2,4.5,1.1865555100772252
202401,23,서울,-0.9741935483870968,-0.5,-11.6,4.5,4.302477405862463,71.0,73.0,48.0,95.0,13.356646285651204,2.261290322580645,1.8,0.4,4.9,1.2271042931375307
202402,0,서울,2.8137931034482757,1.6,-0.9,11.6,3.2445255142790725,77.41379310344827,77.0,51.0,100.0,11.706278051234213,2.3000000000000003,2.3,0.3,5.4,1.2950455038889008
202402,1,서울,2.527586206896552,1.3,-1.3,11.1,3.3145670425868534,78.51724137931035,79.0,54.0,99.0,11.45369774868477,2.306896551724138,2.4,0.8,4.6,1.062655378380955
202402,2,서울,2.1655172413793102,1.1,-1.7,10.7,3.36391309787415,80.3103448275862,81.0,58.0,100.0,10.623772024083744,2.213793103448276,2.2,0.0,5.8,1.3645313528123426
202402,3,서울,1.8827586206896552,0.8,-2.1,10.1,3.3512331382340483,80.89655172413794,81.0,58.0,99.0,10.721623103357222,2.262068965517241,1.8,0.0,6.1,1.3929449258683788
202402,4,서울,1.6724137931034482,0.2,-2.5,10.3,3.389047121845412,81.34482758620689,83.0,61.0,100.0,10.454923180933081,2.1551724137931036,2.0,0.3,5.3,1.2281188305978235
202402,5,서울,1.5551724137931036,0.9,-2.6,10.4,3.449594821641744,81.3103448275862,81.0,62.0,99.0,10.488440740289358,2.444827586206897,2.3,0.4,5.3,1.3262692591563945
202402,6,서울,1.389655172413793,0.9,-2.8,10.5,3.506254088623663,81.86206896551724,82.0,62.0,99.0,10.176036759855531,2.0482758620689654,1.8,0.3,4.8,1.2698764533987357
202402,7,서울,1.2724137931034483,0.8,-3.0,10.7,3.595721321607126,81.93103448275862,82.0,63.0,99.0,10.542197637802223,2.3034482758620687,2.1,0.3,5.8,1.4203829359468747
202402,8,서울,1.3344827586206898,0.9,-3.1,10.8,3.5872070176102353,81.72413793103448,82.0,63.0,99.0,10.415978630807494,2.3310344827586205,2.0,0.1,6.5,1.5540508008509941
202402,9,서울,2.127586206896552,1.4,-2.3,11.0,3.384829237275824,80.44827586206897,80.0,59.0,99.0,10.729086656962505,2.403448275862069,2.1,0.3,7.0,1.5715058198657492
202402,10,서울,3.4551724137931035,2.7,-0.3,12.1,3.1348941890205295,75.20689655172414,75.0,54.0,99.0,11.718054782333692,2.451724137931034,2.0,0.2,6.2,1.4113369268825449
202402,11,서울,4.56551724137931,3.8,0.3,14.1,3.192768152075312,70.06896551724138,68.0,49.0,99.0,12.842260132865903,2.6965517241379313,2.2,1.1,6.9,1.4768409234919286
202402,12,서울,5.582758620689655,4.7,0.8,16.4,3.43875693544684,65.79310344827586,61.0,46.0,99.0,13.854806567564575,2.7275862068965515,2.3,0.8,6.1,1.382775818966054
202402,13,서울,6.379310344827586,5.7,1.3,17.1,3.5688512868133304,62.89655172413793,57.0,44.0,99.0,15.541062722409688,2.768965517241379,2.7,1.1,5.7,1.228269237666174
202402,14,서울,6.9655172413793105,6.7,1.2,17.0,3.590988310247609,59.6551724137931,53.0,38.0,99.0,17.2735881417452,2.9344827586206894,2.8,0.7,4.8,1.0860399433817751
202402,15,서울,7.26551724137931,7.2,1.4,18.2,3.782410027451221,58.724137931034484,53.0,35.0,99.0,17.31617029526394,2.9275862068965512,3.0,0.8,5.5,1.2589384847459322
202402,16,서울,7.124137931034483,6.8,1.2,16.9,3.656565052107724,58.93103448275862,53.0,31.0,98.0,16.737321501198533,3.089655172413793,2.9,1.4,5.6,0.9359276634083454
202402,17,서울,6.624137931034483,5.8,1.1,15.9,3.518385909599315,60.96551724137931,55.0,32.0,98.0,16.198506894641973,2.8517241379310345,2.8,1.0,5.4,1.1108621779163803
202402,18,서울,5.627586206896551,4.9,0.7,14.9,3.403138945121541,65.6896551724138,60.0,45.0,94.0,15.402002300897351,2.993103448275862,3.1,0.5,5.6,1.2165322597104673
202402,19,서울,4.8999999999999995,4.0,0.6,14.3,3.389479521780804,68.75862068965517,66.0,47.0,96.0,14.688808111751015,3.013793103448276,2.9,1.5,5.6,0.9807883629039863
202402,20,서울,4.3517241379310345,3.0,0.3,13.6,3.3551262153877697,71.34482758620689,70.0,47.0,98.0,14.152929686789655,2.7103448275862068,2.5,0.7,5.3,1.2107685952043044
202402,21,서울,3.886206896551724,2.6,0.2,13.2,3.3216523575227517,73.44827586206897,73.0,49.0,98.0,13.089216409200992,2.5172413793103448,2.3,0.1,6.2,1.4711678950308351
202402,22,서울,3.475862068965517,2.4,-0.2,13.0,3.3014775017530074,73.79310344827586,73.0,43.0,98.0,13.5840749996479,2.513793103448276,2.5,0.2,5.8,1.2443369255295982
202402,23,서울,3.079310344827586,1.7,-0.6,12.7,3.29310744590065,75.44827586206897,76.0,50.0,100.0,13.05096112195943,2.513793103448276,2.5,0.1,6.0,1.4264651960931345
202403,0,서울,5.267741935483872,5.4,-7.1,14.6,4.139757408091621,62.45161290322581,63.0,36.0,89.0,15.78995188862719,2.2366666666666664,2.2,0.1,5.5,1.1580254697137482
202403,1,서울,4.916129032258064,4.8,-7.4,13.9,4.117531361887732,63.354838709677416,64.0,31.0,90.0,16.160751606070747,2.0633333333333335,1.9,0.5,3.9,0.9855799389658629
202403,2,서울,4.564516129032258,4.7,-7.7,13.5,4.202106486600641,64.64516129032258,65.0,33.0,89.0,16.14837120186176,1.8833333333333333,1.9,0.5,4.5,1.0635280692219593
202403,3,서울,4.209677419354839,4.8,-8.0,12.8,4.247929286818044,65.58064516129032,67.0,34.0,90.0,16.04114333736509,1.98,1.95,0.1,4.1,1.0370382229513377
202403,4,서울,3.883870967741936,4.3,-8.0,13.1,4.324125867285669,66.0,68.0,34.0,90.0,16.091405573576637,2.089655172413793,1.9,0.5,4.6,0.9401158088183326
202403,5,서울,3.606451612903226,3.7,-8.0,13.0,4.3549156504553155,67.38709677419355,71.0,34.0,91.0,16.16308019191647,1.896551724137931,1.9,0.0,5.0,1.058125957470055
202403,6,서울,3.274193548387097,3.5,-7.9,12.4,4.391352695311965,69.0,71.0,35.0,91.0,16.62728681014033,2.1379310344827585,2.3,0.2,4.2,0.9969287813449322
202403,7,서울,3.161290322580645,3.5,-8.0,12.1,4.436566045892915,69.29032258064517,71.0,36.0,90.0,16.739561022494183,2.2103448275862068,2.3,0.4,4.4,0.9911554684112763
202403,8,서울,3.696774193548387,4.2,-7.4,12.5,4.469935411238641,68.7741935483871,70.0,38.0,91.0,16.194051742166227,2.124137931034483,2.2,0.0,3.8,0.9778457271010863
202403,9,서울,5.174193548387097,5.6,-4.8,13.0,4.09389527157494,63.54838709677419,63.0,35.0,93.0,16.2107756542316,2.610344827586207,2.4,0.9,5.2,1.093273207125611
202403,10,서울,6.67741935483871,6.7,-4.5,15.4,4.10444553116247,57.0,57.0,28.0,89.0,16.693312034065222,2.6310344827586207,2.7,0.6,5.5,1.2003283622992091
202403,11,서울,8.1,8.1,-3.3,17.0,4.125853447066033,52.03225806451613,51.0,24.0,85.0,17.505206598738447,2.8133333333333335,2.7,1.0,5.7,1.0676216988962068
202403,12,서울,9.338709677419354,9.2,-3.0,19.2,4.293225471162278,47.806451612903224,47.0,21.0,90.0,17.564015020943074,3.103333333333333,2.95,1.7,5.7,1.1966860370474655
202403,13,서울,10.261290322580646,10.4,-2.7,20.1,4.385785936359628,43.96774193548387,37.0,16.0,97.0,18.403774741372565,3.143333333333333,3.05,0.7,6.5,1.4635062605648954
202403,14,서울,10.851612903225806,10.9,-2.3,21.7,4.630613419965143,43.354838709677416,36.0,17.0,94.0,19.491106325872106,3.5766666666666667,3.2,1.3,7.1,1.4824684292348898
202403,15,서울,11.264516129032257,11.2,-2.2,22.7,4.76756740117339,43.16129032258065,36.0,17.0,81.0,18.86813323073862,3.433333333333333,3.25,0.8,6.3,1.4049992841655639
202403,16,서울,11.183870967741935,10.9,-2.2,23.1,4.907483861355264,44.645161290322584,42.0,16.0,86.0,18.74841928820805,3.67,3.5,1.1,6.5,1.370413982254494
202403,17,서울,10.803225806451612,10.9,-2.4,23.2,4.777829623791382,45.354838709677416,44.0,14.0,77.0,17.469112526774744,3.493333333333333,3.6,1.1,5.7,1.2602499296002645
202403,18,서울,9.796774193548387,10.0,-3.9,22.1,4.706483745569703,47.935483870967744,45.0,17.0,80.0,17.40485657102823,3.5166666666666666,3.2,0.3,6.5,1.49829404906756
202403,19,서울,8.570967741935483,8.6,-5.0,19.9,4.58491683300705,52.38709677419355,51.0,18.0,86.0,17.412021554766575,3.243333333333333,3.1,0.7,5.4,1.1364443440514091
202403,20,서울,7.709677419354839,7.7,-5.6,17.8,4.405175353203674,55.935483870967744,56.0,22.0,89.0,16.782799694669478,3.006666666666667,2.8,1.0,5.6,1.1887209391881544
202403,21,서울,7.02258064516129,6.9,-6.0,16.8,4.2523491293965465,58.03225806451613,60.0,29.0,90.0,16.377797717169308,2.5266666666666664,2.3,1.0,4.5,1.0241677305158001
202403,22,서울,6.435483870967742,6.2,-6.5,16.2,4.2163608627264315,59.16129032258065,59.0,31.0,87.0,15.693091418824078,2.4699999999999998,2.4,0.6,5.1,1.1246915285902879
202403,23,서울,5.95483870967742,5.8,-6.8,15.5,4.161397097904935,60.516129032258064,61.0,33.0,83.0,15.338124543637303,2.6199999999999997,2.3,0.9,6.3,1.2078479009064582
202404,0,서울,13.933333333333334,13.85,9.5,19.4,2.5594090553570528,61.766666666666666,61.0,29.0,89.0,16.386881492751183,1.9400000000000002,1.7999999999999998,0.4,4.5,1.079782864506915
202404,1,서울,13.533333333333333,13.7,8.6,19.0,2.576998164576352,62.96666666666667,62.5,33.0,90.0,15.439500021682704,1.7333333333333334,1.7,0.0,4.0,1.0518729873940083
202404,2,서울,13.133333333333333,13.3,7.7,18.4,2.5540141945077606,63.93333333333333,64.5,35.0,92.0,15.18150720184067,1.9633333333333334,1.75,0.3,4.1,1.0649537251832162
202404,3,서울,12.84,12.7,7.2,18.5,2.655975695775796,64.66666666666667,66.0,39.0,93.0,15.011106998930268,1.9933333333333332,2.1,0.3,4.2,1.082759352807425
202404,4,서울,12.563333333333333,12.25,6.7,18.8,2.743579757371284,65.76666666666667,67.0,40.0,93.0,14.988923113151058,1.8766666666666665,1.85,0.2,4.0,1.0321331554478388
202404,5,서울,12.356666666666666,11.9,6.4,19.1,2.855929504265351,66.53333333333333,68.5,42.0,92.0,15.941127319919534,1.9366666666666668,1.95,0.1,4.6,1.0377307249336238
202404,6,서울,12.116666666666667,11.8,5.8,19.2,2.959855930013618,67.63333333333334,68.5,35.0,93.0,16.104150960572852,2.0633333333333335,1.9,0.1,5.6,1.188590394726788
202404,7,서울,12.226666666666667,11.850000000000001,5.7,19.5,2.9160593784850435,68.06666666666666,70.0,36.0,95.0,16.143608393231762,2.246666666666667,2.0,0.3,7.5,1.4630467344300513
202404,8,서울,13.376666666666667,13.3,7.5,20.0,2.7436048943118525,65.83333333333333,67.5,36.0,96.0,15.974296883416816,2.2199999999999998,2.0,0.4,6.4,1.310803912319354
202404,9,서울,14.886666666666667,15.6,10.9,18.7,2.4763339607285344,60.96666666666667,62.5,28.0,94.0,16.522676858630163,2.3433333333333333,2.05,0.6,5.4,1.2397673122428041
202404,10,서울,16.513333333333332,16.75,11.6,21.5,2.6350074701632424,55.833333333333336,53.5,28.0,92.0,17.08212078679672,2.4033333333333333,2.25,0.8,4.5,1.017598028263831
202404,11,서울,18.029999999999998,17.9,12.4,23.7,2.919394127034839,52.333333333333336,49.5,23.0,90.0,17.564331673207402,2.3833333333333333,2.25,0.5,4.4,1.0783395068131478
202404,12,서울,19.30666666666667,19.35,13.2,25.8,3.206451829255093,47.9,46.0,21.0,88.0,17.394707875355813,2.52,2.45,1.1,4.2,0.766271762361829
202404,13,서울,20.46333333333333,20.35,14.8,27.2,3.230937019347252,44.833333333333336,43.0,16.0,90.0,17.114388649629724,2.5133333333333336,2.55,1.0,4.0,0.7798025096285524
202404,14,서울,21.39333333333333,21.299999999999997,16.1,28.9,3.489089727484346,43.2,39.5,17.0,92.0,16.90623227260209,2.67,2.8,1.1,4.1,0.7423866452425464
202404,15,서울,21.636666666666667,21.85,15.0,28.7,3.636262132857114,42.46666666666667,38.0,20.0,91.0,17.84750215949933,3.0733333333333333,3.1500000000000004,1.6,4.5,0.6751415347569892
202404,16,서울,21.470000000000002,21.15,14.4,28.9,3.680343874488192,42.266666666666666,40.0,20.0,91.0,17.6223473588731,2.8066666666666666,2.8,1.1,4.6,0.8485010447774981
202404,17,서울,20.883333333333333,20.6,14.1,27.7,3.6563674580799104,44.2,41.0,19.0,91.0,17.933593981783133,3.14,3.4,1.3,4.3,0.8236169179820234
202404,18,서울,19.763333333333332,19.75,13.7,26.1,3.4448845967691675,46.8,43.5,16.0,92.0,17.66625460373924,3.15,3.1,1.6,5.2,0.9107594405882871
202404,19,서울,18.2,18.05,13.5,24.2,3.119018413230188,50.166666666666664,49.0,20.0,93.0,17.459476891743726,2.8,2.75,0.9,4.5,0.8267093055373629
202404,20,서울,16.843333333333334,16.9,12.1,22.6,2.9161480655532364,54.53333333333333,53.5,20.0,93.0,17.214134796196095,2.57,2.45,0.7,4.7,0.9577812002676845
202404,21,서울,15.92,16.15,11.8,21.6,2.7880780674767385,56.96666666666667,56.0,19.0,92.0,17.92028966309405,2.45,2.25,0.7,5.1,1.132513225925663
202404,22,서울,15.203333333333335,15.45,10.9,20.5,2.6993592257950882,58.63333333333333,57.0,21.0,91.0,17.560699328886084,2.3233333333333333,2.05,0.5,5.2,1.1999090003810298
202404,23,서울,14.653333333333334,14.850000000000001,10.2,20.1,2.5771854914753938,60.233333333333334,60.0,24.0,90.0,16.833225218726437,1.8966666666666667,1.85,0.3,4.7,1.1666288992244909
202405,0,서울,16.380645161290325,16.4,7.7,20.6,2.717648414204053,69.0,69.0,41.0,95.0,15.246857599737284,1.867741935483871,1.9,0.1,3.8,0.9082536711639516
202405,1,서울,15.932258064516128,16.0,7.5,20.5,2.686061192747253,70.70967741935483,68.0,44.0,96.0,14.742667213199239,1.8161290322580643,1.8,0.4,3.8,0.7865946750364503
202405,2,서울,15.52258064516129,15.7,7.3,20.5,2.7729298196936467,72.06451612903226,71.0,44.0,95.0,14.198440017295255,1.7161290322580647,1.6,0.1,3.6,0.8311023900794048
202405,3,서울,15.216129032258063,15.2,7.4,20.2,2.8023914518607778,73.87096774193549,73.0,48.0,95.0,12.978808202820142,1.5451612903225806,1.4,0.1,3.5,0.8209095401554788
202405,4,서울,14.87741935483871,15.0,7.3,19.5,2.771246371511004,75.70967741935483,75.0,49.0,96.0,11.587906191045608,1.6838709677419357,1.6,0.1,3.6,0.9227122246195536
202405,5,서울,14.54516129032258,14.7,7.2,19.0,2.7260274772004065,77.70967741935483,77.0,52.0,96.0,11.656739247854569,1.5741935483870966,1.6,0.2,3.1,0.6937664073425501
202405,6,서울,14.270967741935483,14.3,6.9,19.0,2.7377842072726257,78.51612903225806,76.0,54.0,95.0,11.752647837095932,1.7935483870967743,1.7,0.7,3.6,0.7224659087094087
202405,7,서울,14.764516129032257,14.9,7.7,19.2,2.688438008348191,77.29032258064517,76.0,49.0,97.0,11.673884096241196,1.7451612903225806,1.7,0.3,3.8,0.8131579222092182
202405,8,서울,16.412903225806453,17.0,9.5,21.1,2.56017472522012,72.03225806451613,69.0,47.0,97.0,12.073342180102802,1.9483870967741934,1.8,0.6,3.8,0.8597949242859935
202405,9,서울,17.98709677419355,17.9,11.6,22.6,2.667550928658955,66.12903225806451,64.0,41.0,96.0,13.385917813094652,2.1129032258064515,2.0,0.7,3.7,0.8609072483854348
202405,10,서울,19.458064516129035,19.8,13.1,23.4,2.7559359201002707,60.74193548387097,59.0,38.0,96.0,14.32240143257055,2.532258064516129,2.4,1.1,5.0,0.7721774825233696
202405,11,서울,20.629032258064516,21.4,13.2,24.4,2.9712167595545886,56.29032258064516,55.0,35.0,96.0,15.262576340812839,2.8870967741935485,2.7,1.4,5.8,0.909850513540135
202405,12,서울,21.54516129032258,22.4,13.5,26.1,3.241176608340188,52.61290322580645,49.0,31.0,95.0,15.692200651607873,3.045161290322581,2.8,1.5,6.5,1.2112909668826943
202405,13,서울,22.212903225806453,23.0,14.0,27.3,3.5161287363125067,49.58064516129032,46.0,30.0,95.0,16.863716857103572,3.361290322580645,3.2,1.7,7.1,1.04040934871964
202405,14,서울,22.51290322580645,23.1,12.3,28.4,3.8803558200663217,49.87096774193548,45.0,28.0,94.0,19.35241920361013,3.2516129032258063,3.1,1.3,5.9,0.9580782736784212
202405,15,서울,22.68064516129032,23.7,11.8,28.1,4.074589497101822,50.25806451612903,41.0,27.0,93.0,20.80539632232542,3.235483870967742,3.3,1.1,5.0,0.9690367681695654
202405,16,서울,22.63225806451613,23.6,11.6,27.9,4.059752627667043,50.87096774193548,44.0,26.0,94.0,21.171902662859363,3.141935483870968,3.3,1.3,4.4,0.9065591334080703
202405,17,서울,22.309677419354838,23.4,11.4,28.2,4.020394245900907,49.903225806451616,43.0,25.0,94.0,22.156044831617514,3.3774193548387097,3.4,1.1,5.7,1.1080642813541564
202405,18,서울,21.5258064516129,22.2,11.1,26.2,3.764391738553563,51.96774193548387,45.0,27.0,95.0,21.05783127638067,3.2516129032258063,3.3,0.8,5.2,0.9298282879979992
202405,19,서울,20.29032258064516,20.8,10.4,24.4,3.418513793908077,55.806451612903224,54.0,31.0,96.0,19.70011735132342,2.948387096774194,2.8,1.5,5.1,0.8338149146111246
202405,20,서울,19.032258064516128,19.4,9.1,22.8,3.096060625674095,59.87096774193548,56.0,34.0,96.0,18.67572744765046,2.7903225806451615,2.6,1.2,4.6,0.8945594218048262
202405,21,서울,18.1,18.6,7.8,21.9,2.996553575915726,63.096774193548384,63.0,35.0,95.0,17.348111979328237,2.641935483870968,2.6,0.7,5.6,1.1050713984620744
202405,22,서울,17.451612903225808,17.7,7.3,21.0,2.957461858614796,65.6774193548387,65.0,37.0,95.0,17.139403133859307,2.0806451612903225,2.2,0.7,3.6,0.7529583232551054
202405,23,서울,16.929032258064513,17.0,7.6,20.7,2.818887907004829,67.51612903225806,66.0,38.0,95.0,16.63905239237286,2.0870967741935487,2.1,0.6,4.0,0.9513996480567883
202406,0,서울,22.173333333333336,22.049999999999997,18.1,27.6,2.2803407690493347,66.03333333333333,65.0,37.0,94.0,13.092465149014563,1.8099999999999998,1.9,0.4,3.9,0.8276889304063703
202406,1,서울,21.766666666666666,21.65,17.6,27.0,2.2846313115872845,67.5,65.5,40.0,95.0,12.765119500500926,1.7433333333333332,1.65,0.2,4.5,0.9765115015419319
202406,2,서울,21.34,21.3,17.0,26.0,2.248769778621495,69.36666666666666,68.0,41.0,96.0,12.518905243900008,1.4666666666666666,1.3,0.1,4.1,0.9374703060431534
202406,3,서울,20.98,20.95,16.7,25.1,2.272686394616702,71.5,71.0,45.0,96.0,12.019380900919122,1.4766666666666666,1.3,0.3,4.2,0.8544743628580141
202406,4,서울,20.59333333333333,20.549999999999997,16.1,25.2,2.367004994434562,74.06666666666666,75.5,47.0,94.0,11.088774483243398,1.5133333333333332,1.3,0.4,4.2,0.8307592428256395
202406,5,서울,20.266666666666666,20.05,15.8,25.3,2.399185685607306,76.0,77.5,50.0,95.0,10.451860088536623,1.3666666666666667,1.2000000000000002,0.2,3.8,0.8999361407740353
202406,6,서울,20.146666666666665,20.0,15.7,25.3,2.417997651710639,76.8,76.0,55.0,94.0,9.749977895642495,1.4833333333333334,1.3,0.4,5.5,0.9570368541649193
202406,7,서울,20.873333333333335,20.9,16.7,25.3,2.275496661713937,74.33333333333333,72.0,53.0,91.0,10.134724647377496,1.6466666666666667,1.7,0.4,4.1,0.8299286771737692
202406,8,서울,22.506666666666668,22.6,18.2,26.0,2.2120256488712693,68.9,66.0,50.0,92.0,11.299526996508641,1.6366666666666667,1.6,0.3,5.3,1.0090908620218955
202406,9,서울,24.086666666666666,24.05,18.1,28.4,2.402833576301591,62.93333333333333,60.5,46.0,93.0,12.475999948406688,1.8766666666666665,1.65,0.8,4.8,0.8496178992421496
202406,10,서울,25.39,25.4,18.2,30.6,2.70763288908762,57.8,53.0,40.0,93.0,14.458978835502778,2.1233333333333335,1.9,0.9,5.2,0.8857816860842738
202406,11,서울,26.646666666666665,26.9,18.9,32.0,2.9679591656886726,54.1,48.5,33.0,92.0,15.486033752362493,2.3433333333333333,2.3,0.6,5.1,0.8970001089198923
202406,12,서울,27.68,28.1,19.5,33.6,3.3821437804629397,50.8,46.0,33.0,90.0,16.06538364696399,2.5433333333333334,2.5,1.0,3.9,0.6760347539185744
202406,13,서울,28.593333333333337,29.55,20.5,34.7,3.5612796357037393,48.06666666666667,42.5,32.0,91.0,16.77422763180702,2.6933333333333334,2.7,1.6,4.4,0.7651609401739062
202406,14,서울,29.14,29.6,21.9,35.3,3.4688366329659996,46.6,40.5,30.0,92.0,16.110823091625555,2.8733333333333335,2.75,1.8,4.3,0.6383887764403894
202406,15,서울,29.383333333333333,29.75,23.1,35.4,3.274360514911147,46.13333333333333,42.0,29.0,90.0,14.956796018079435,3.1233333333333335,3.1,1.7,4.6,0.693657638565474
202406,16,서울,29.23,29.35,23.5,35.6,2.92258152300679,45.93333333333333,41.5,29.0,90.0,14.287523694935151,3.39,3.5,1.2,5.5,1.069434268747927
202406,17,서울,28.71333333333333,28.65,23.8,35.3,2.8031673382865994,47.53333333333333,44.0,30.0,88.0,13.156179440523923,3.57,3.5,2.1,4.6,0.6659967898856053
202406,18,서울,27.896666666666665,27.65,23.8,34.8,2.7246617421609236,49.46666666666667,46.5,28.0,88.0,13.495167291659822,3.2133333333333334,3.3,1.6,4.5,0.8299286771737692
202406,19,서울,26.58,26.05,22.3,33.6,2.5771408910678133,52.666666666666664,52.0,31.0,87.0,13.817363722139078,3.11,3.05,2.0,5.5,0.776974681165618
202406,20,서울,25.15,24.700000000000003,20.8,32.0,2.4344864218005084,56.96666666666667,54.0,34.0,90.0,14.898468639967392,2.566666666666667,2.5,1.2,4.0,0.6784024506570353
202406,21,서울,24.19333333333333,23.8,20.2,30.1,2.259223750322882,60.0,58.0,34.0,91.0,14.68755044011882,2.42,2.4,0.8,3.6,0.6784363360470645
202406,22,서울,23.453333333333333,23.1,19.7,29.1,2.162810007013278,62.53333333333333,60.0,35.0,93.0,14.654017533941245,2.14,2.1,0.9,3.6,0.7117729200069164
202406,23,서울,22.836666666666666,22.65,18.9,28.3,2.0760511809074282,64.23333333333333,63.0,36.0,93.0,13.80075793354227,1.7733333333333334,1.85,0.5,3.2,0.678199102762976
202407,0,서울,25.61935483870968,25.6,22.8,28.2,1.6428469912195505,85.58064516129032,86.0,70.0,95.0,7.074716453910066,2.3741935483870966,2.0,0.8,5.4,1.1840517280185252
202407,1,서울,25.393548387096775,25.3,22.5,27.9,1.6749000933132236,86.09677419354838,86.0,70.0,96.0,6.6149065939975165,2.5064516129032257,1.9,0.7,7.5,1.532521991983795
202407,2,서울,25.174193548387095,25.1,22.4,27.8,1.703323758995039,86.38709677419355,86.0,72.0,96.0,6.2004162191196945,2.335483870967742,2.1,0.0,6.3,1.4281802843938094
202407,3,서울,24.96451612903226,24.4,22.2,27.7,1.7596492807937167,86.6774193548387,88.0,72.0,96.0,6.188091233836133,2.616129032258064,2.2,0.9,7.0,1.5216431412990254
202407,4,서울,24.748387096774195,24.4,21.9,27.7,1.7984939936405928,87.25806451612904,88.0,72.0,96.0,6.010921958876103,2.4064516129032256,2.2,0.6,7.3,1.5828108928676998
202407,5,서울,24.561290322580643,24.3,21.4,27.6,1.8472822234036763,87.83870967741936,89.0,72.0,97.0,5.967114177967708,2.229032258064516,2.0,0.0,6.7,1.4019494875320573
202407,6,서울,24.5,24.4,21.3,27.5,1.8233668491739823,88.29032258064517,90.0,73.0,98.0,6.045348340595419,2.07741935483871,2.2,0.4,4.5,1.1318744563538117
202407,7,서울,24.687096774193545,24.4,21.5,27.6,1.7712033452776055,87.70967741935483,89.0,71.0,97.0,6.419727659784833,2.135483870967742,2.2,0.2,4.3,0.8780844253626846
202407,8,서울,25.261290322580646,25.2,22.1,28.7,1.9051994505134013,85.74193548387096,87.0,67.0,96.0,7.033101458747218,2.490322580645161,2.6,0.8,4.4,0.8997610196452823
202407,9,서울,25.887096774193548,26.4,22.2,29.3,2.071994519858241,82.87096774193549,85.0,63.0,97.0,8.289519228052859,2.393548387096774,2.4,0.3,3.9,0.8524222286601744
202407,10,서울,26.451612903225808,26.5,22.4,30.1,2.2652256646585918,80.80645161290323,83.0,60.0,97.0,8.98672856620142,2.5,2.3,1.2,4.8,0.9143303560529967
202407,11,서울,27.151612903225807,26.8,22.8,31.3,2.4900965132221855,78.3225806451613,78.0,59.0,98.0,10.387130167581395,2.6451612903225805,2.4,0.9,5.1,1.0398200836931422
202407,12,서울,27.84193548387097,28.0,22.1,32.0,2.638531686822349,75.6774193548387,74.0,57.0,97.0,11.267614644854794,2.564516129032258,2.6,0.9,5.1,0.9178047675828719
202407,13,서울,28.283870967741933,28.2,22.0,32.2,2.638572439052798,74.48387096774194,73.0,55.0,98.0,11.61571053284282,2.8161290322580643,2.8,0.8,5.0,1.0230988137984027
202407,14,서울,28.62258064516129,28.9,22.0,32.5,2.6930416109446913,73.70967741935483,74.0,52.0,97.0,11.94206444572321,3.0258064516129033,2.7,1.1,6.3,1.199991039393068
202407,15,서울,28.783870967741933,29.0,22.0,32.6,2.845241263840796,72.90322580645162,73.0,45.0,98.0,12.872075302011137,3.0387096774193547,3.0,1.1,5.8,0.9587065659365709
202407,16,서울,28.738709677419354,29.4,22.1,32.9,2.854432508614725,72.70967741935483,71.0,44.0,97.0,13.663073222832155,2.980645161290323,2.9,0.4,5.8,1.1320834347457815
202407,17,서울,28.56451612903226,29.3,22.1,32.7,2.7056174140846028,73.58064516129032,73.0,44.0,96.0,13.64251734724543,2.935483870967742,2.8,1.0,5.4,1.0419687733954328
202407,18,서울,28.322580645161292,29.3,22.1,32.3,2.6541426333713796,74.51612903225806,75.0,48.0,95.0,12.646135029438668,2.667741935483871,2.7,1.2,6.0,1.03967530084291
202407,19,서울,27.687096774193545,28.3,22.3,31.2,2.3742706859839258,77.48387096774194,78.0,57.0,95.0,10.82241799150244,2.706451612903226,2.7,0.0,5.4,1.0089385458229414
202407,20,서울,27.041935483870965,27.5,22.4,30.2,2.1037702969586762,79.80645161290323,80.0,61.0,95.0,8.964445901592615,2.570967741935484,2.5,0.9,5.5,1.015937513953523
202407,21,서울,26.703225806451613,26.7,22.7,29.4,1.8981541684783756,81.61290322580645,82.0,64.0,95.0,8.456466635480167,2.6548387096774193,2.6,0.4,5.6,1.1023728073803403
202407,22,서울,26.338709677419356,26.3,23.1,29.1,1.7796399297526158,82.83870967741936,83.0,65.0,94.0,7.456973354713239,2.4419354838709677,2.4,0.7,4.9,1.0468282869533052
202407,23,서울,26.05483870967742,26.2,23.2,28.8,1.6788564976748155,84.06451612903226,84.0,67.0,95.0,6.777096152340211,2.4322580645161294,2.2,0.4,7.2,1.2560220530904156
202408,0,서울,28.009677419354837,27.8,25.0,30.8,1.3297505627521962,77.41935483870968,79.0,64.0,84.0,5.025098297867001,1.6935483870967742,1.6,0.2,3.2,0.8763315521235738
202408,1,서울,27.712903225806453,27.7,24.7,30.6,1.3771327545505248,78.64516129032258,80.0,64.0,86.0,4.820431426727788,1.4580645161290324,1.2,0.0,3.7,1.0108656994703062
202408,2,서울,27.41290322580645,27.6,24.5,29.4,1.2898945526628331,80.09677419354838,82.0,65.0,88.0,5.107868692580609,1.596774193548387,1.2,0.3,4.9,1.070041703538618
202408,3,서울,27.177419354838708,27.3,24.0,29.4,1.3848488912559747,80.70967741935483,82.0,67.0,89.0,4.907093833673161,1.570967741935484,1.4,0.3,3.2,0.7362941207547866
202408,4,서울,26.92258064516129,27.1,23.5,29.0,1.4566421837956318,81.87096774193549,83.0,70.0,90.0,4.609713913638394,1.7000000000000002,1.7,0.0,4.8,0.9715966241192896
202408,5,서울,26.664516129032258,27.1,23.2,28.8,1.5074367619896525,82.80645161290323,83.0,71.0,91.0,4.80568659568162,1.6903225806451612,1.7,0.3,2.7,0.617713438799188
202408,6,서울,26.44193548387097,27.0,22.8,28.3,1.5353119538709146,83.06451612903226,84.0,72.0,93.0,5.0062326745166255,1.6258064516129032,1.7,0.1,3.5,0.8107476968558032
202408,7,서울,26.583870967741937,27.0,22.8,28.5,1.5639899347914723,83.09677419354838,83.0,73.0,93.0,4.887772762787274,1.8838709677419354,1.8,0.3,3.7,0.7655485067120388
202408,8,서울,27.519354838709678,27.7,23.9,29.7,1.4611455220336997,80.38709677419355,82.0,66.0,94.0,6.2592726912681975,1.9580645161290324,1.9,0.8,3.9,0.7172977966174565
202408,9,서울,28.616129032258065,28.9,25.0,31.1,1.5218621869699753,76.25806451612904,76.0,61.0,94.0,6.475429159190831,2.1548387096774193,2.2,0.9,3.6,0.6448972578002479
202408,10,서울,29.561290322580643,29.5,24.7,32.2,1.6177509943034778,72.03225806451613,72.0,57.0,93.0,7.31885178138275,2.0935483870967744,2.1,0.8,3.8,0.8516397845219805
202408,11,서울,30.506451612903227,30.3,25.2,33.6,1.8609917577949244,68.41935483870968,68.0,56.0,91.0,8.341759181165514,2.164516129032258,2.0,0.7,3.7,0.8600575124555234
202408,12,서울,31.219354838709677,31.1,25.6,35.0,1.8799679704432395,65.64516129032258,63.0,54.0,91.0,8.436225013186778,2.2193548387096773,2.1,0.8,4.6,0.8146243939545429
202408,13,서울,31.796774193548387,32.0,26.0,34.9,2.002745427484938,63.645161290322584,63.0,53.0,88.0,8.163121899113413,2.0580645161290323,2.0,0.3,4.0,0.8245298432231495
202408,14,서울,32.303225806451614,32.7,27.4,35.6,2.1334610176842927,61.54838709677419,62.0,49.0,85.0,9.017903339754827,2.519354838709677,2.5,1.0,4.2,0.6915775949902319
202408,15,서울,32.6,32.9,28.2,36.3,1.9815818596935793,60.54838709677419,59.0,45.0,83.0,9.577190644712118,2.490322580645161,2.6,0.3,5.9,1.1151546495769626
202408,16,서울,32.75483870967742,33.2,29.0,36.0,1.7729144949634785,60.03225806451613,59.0,41.0,80.0,9.44275338012433,2.725806451612903,2.5,0.5,5.8,1.009609740422996
202408,17,서울,32.16129032258065,32.6,28.2,35.4,1.7331430830247558,62.225806451612904,61.0,43.0,83.0,9.365574114523021,2.864516129032258,2.8,1.4,5.5,0.8368784806636201
202408,18,서울,31.509677419354837,31.7,28.0,34.9,1.7053552589240124,64.29032258064517,63.0,50.0,80.0,8.680220997137104,2.674193548387097,2.6,1.4,5.0,0.9007284984705376
202408,19,서울,30.46451612903226,30.5,27.4,33.8,1.75224587070361,67.61290322580645,66.0,53.0,83.0,8.385214842625638,2.4419354838709677,2.5,0.9,5.7,0.9932351831425718
202408,20,서울,29.651612903225807,29.6,27.1,32.9,1.579424149860097,70.48387096774194,70.0,56.0,84.0,7.288671427825217,2.361290322580645,2.3,0.8,3.5,0.7605600652829636
202408,21,서울,29.06451612903226,29.0,26.3,32.5,1.4714048586519313,72.7741935483871,73.0,59.0,83.0,6.162843918296999,2.1451612903225805,2.0,0.1,4.8,1.112606162628214
202408,22,서울,28.674193548387095,28.4,25.8,31.7,1.3841887496377283,74.58064516129032,75.0,61.0,83.0,5.315224633373997,1.867741935483871,1.8,0.3,3.4,0.8859597796642892
202408,23,서울,28.299999999999997,27.9,25.4,31.2,1.3391539617733794,75.64516129032258,77.0,63.0,85.0,4.95007331324008,1.8193548387096774,1.6,0.4,4.2,0.8942107711416848
202409,0,서울,24.133333333333333,24.85,17.9,28.7,3.2357201760151115,75.4,73.0,59.0,95.0,9.485378948313212,1.9833333333333334,1.6,0.2,5.4,1.2841429003447191
202409,1,서울,23.796666666666667,24.55,17.8,28.5,3.249772759518076,76.53333333333333,75.0,62.0,94.0,9.13399611656756,1.8966666666666667,1.6,0.2,4.5,1.1466543035954748
202409,2,서울,23.483333333333334,24.4,17.5,28.2,3.261804380414611,77.96666666666667,77.0,64.0,94.0,8.95769110234649,1.95,1.7,0.3,5.8,1.2127910244413573
202409,3,서울,23.236666666666668,24.3,16.9,28.2,3.3095976766986626,78.46666666666667,78.5,65.0,93.0,9.077191322146444,2.0,1.6,0.6,6.6,1.241522980192001
202409,4,서울,22.933333333333334,23.95,16.5,26.6,3.2278244336879043,79.43333333333334,79.5,65.0,93.0,8.977686259538851,1.9233333333333333,1.45,0.2,4.7,1.0730823580352242
202409,5,서울,22.740000000000002,23.6,16.1,26.5,3.256463069672055,80.66666666666667,82.0,62.0,95.0,9.147576778553995,2.1033333333333335,2.0,0.5,4.4,0.9707740719913026
202409,6,서울,22.470000000000002,23.25,15.8,26.5,3.2596964106577744,82.3,84.0,58.0,97.0,9.236919922526793,2.146666666666667,2.05,0.9,4.8,0.9004724175190729
202409,7,서울,22.473333333333333,23.299999999999997,15.7,26.7,3.318904403079669,82.53333333333333,85.0,54.0,98.0,9.800539511304656,1.9933333333333332,1.9,0.2,4.8,1.1230909728661045
202409,8,서울,23.253333333333334,24.05,17.1,27.3,3.1987856891416593,80.83333333333333,82.5,53.0,98.0,10.504788180284443,2.2633333333333336,2.1,0.8,5.7,0.98172379475869
202409,9,서울,24.470000000000002,25.55,17.2,29.3,3.1309522623261947,76.26666666666667,76.0,51.0,98.0,11.924860537992666,2.3833333333333333,2.1500000000000004,1.0,4.7,1.0075861675596143
202409,10,서울,25.703333333333333,26.299999999999997,17.8,31.4,3.19401199804856,71.96666666666667,71.0,49.0,94.0,12.058716502105884,2.32,2.1500000000000004,0.8,5.6,1.2058478202149894
202409,11,서울,26.776666666666664,27.200000000000003,18.6,32.5,3.2054569132946567,68.4,68.0,48.0,93.0,12.158720440844945,2.5533333333333332,2.55,1.0,5.8,1.1025779613793938
202409,12,서울,27.683333333333334,27.4,20.2,33.6,3.210551927342232,65.53333333333333,64.5,48.0,90.0,12.802837329207966,2.506666666666667,2.4,1.0,4.9,1.0431825751312525
202409,13,서울,28.396666666666665,27.9,21.1,34.5,3.23669513582896,62.4,59.5,44.0,88.0,13.14009394812371,2.7,2.7,1.3,5.0,0.7584012221727384
202409,14,서울,28.766666666666666,28.2,21.6,33.9,3.295381651627784,61.6,60.0,42.0,90.0,13.800549714188673,2.566666666666667,2.5,1.4,4.3,0.7892962091300872
202409,15,서울,29.1,28.5,21.7,33.5,3.3431350143447593,60.53333333333333,57.5,43.0,92.0,14.538257101187538,2.52,2.45,1.4,4.0,0.6920235196322
202409,16,서울,28.94333333333333,28.0,21.9,33.8,3.1832192914518562,60.9,59.0,41.0,92.0,14.70948556263071,2.69,2.6500000000000004,1.0,4.5,0.724140394084481
202409,17,서울,28.493333333333332,27.3,21.8,33.3,3.01924097944401,61.766666666666666,59.5,40.0,94.0,14.311035850924165,2.7,2.6,1.2,3.8,0.6247758218642964
202409,18,서울,27.583333333333332,26.75,21.5,32.2,2.912290641678675,65.1,62.0,44.0,95.0,12.543304299849408,2.606666666666667,2.55,1.4,4.1,0.6389287010750662
202409,19,서울,26.566666666666666,26.450000000000003,20.7,30.7,2.8339485471363255,67.66666666666667,66.5,50.0,94.0,11.099342426416555,2.5133333333333336,2.45,0.2,4.4,1.0122468464563965
202409,20,서울,25.89333333333333,26.049999999999997,20.3,30.2,2.8510050657719757,69.36666666666666,68.0,52.0,95.0,10.643059364847971,2.3666666666666667,2.2,0.8,4.3,0.9385731405862224
202409,21,서울,25.30666666666667,25.75,20.0,29.9,2.9268004577593305,70.66666666666667,69.5,55.0,92.0,9.192700752577384,2.3866666666666663,2.25,0.8,6.7,1.1875019661205743
202409,22,서울,24.8,25.35,19.5,29.5,3.1285118198428705,72.33333333333333,70.5,58.0,94.0,9.498941259817922,1.9666666666666666,1.85,0.3,4.1,1.0771396775987183
202409,23,서울,24.35666666666667,24.85,18.6,29.1,3.21490959097778,74.23333333333333,72.0,57.0,95.0,9.793324022123377,2.1533333333333333,2.1500000000000004,0.4,5.6,1.3614731710181802
202410,0,서울,15.3,15.6,9.4,21.8,2.535350074447314,74.70967741935483,76.0,53.0,96.0,9.420522095889368,1.7806451612903227,1.5,0.1,5.2,1.0600060864097935
202410,1,서울,14.858064516129033,14.9,8.9,21.6,2.657414055499367,76.58064516129032,77.0,55.0,93.0,8.939702431842605,1.8387096774193548,1.6,0.4,5.3,0.935477567646543
202410,2,서울,14.5,14.5,8.5,21.3,2.7033312782565138,77.90322580645162,77.0,57.0,95.0,8.451251736516815,1.7774193548387098,1.7,0.1,4.5,1.0226467873185263
202410,3,서울,14.119354838709677,14.1,8.0,21.0,2.7134749375218377,79.2258064516129,79.0,60.0,95.0,8.06932329843238,1.8709677419354838,1.8,0.0,5.0,1.0456875085757684
202410,4,서울,13.870967741935484,13.8,8.0,21.2,2.7087750673674242,80.54838709677419,81.0,64.0,94.0,8.094601944824793,1.7677419354838708,1.6,0.1,4.7,1.0150162878082936
202410,5,서울,13.603225806451613,13.5,7.5,21.0,2.7556588892637803,80.83870967741936,81.0,65.0,93.0,7.664188472776264,1.7225806451612902,1.7,0.0,3.7,0.7684224868388286
202410,6,서울,13.383870967741935,13.1,7.2,20.7,2.7883204949925853,81.83870967741936,84.0,58.0,94.0,8.850976496762183,1.7806451612903227,1.7,0.3,3.8,0.808050887357436
202410,7,서울,13.251612903225807,12.9,7.1,20.5,2.78936921994226,82.0,85.0,56.0,95.0,9.233995162802861,2.061290322580645,1.9,0.5,4.6,0.83373753638054
202410,8,서울,13.738709677419354,13.7,7.4,20.6,2.684235138651212,81.7741935483871,85.0,60.0,96.0,9.527887759692087,2.148387096774193,2.0,0.5,4.5,0.8527879641669182
202410,9,서울,15.216129032258063,15.5,9.7,20.5,2.277585969719336,76.7741935483871,78.0,54.0,95.0,10.541061544959485,2.3,2.2,0.0,6.6,1.1293065718985849
202410,10,서울,16.72258064516129,17.1,12.2,19.3,2.1077175138712403,71.29032258064517,70.0,52.0,93.0,10.56470081099349,2.2096774193548385,1.9,0.6,4.6,1.0501919947354632
202410,11,서울,18.229032258064517,18.7,13.0,21.2,2.235202235203353,64.96774193548387,63.0,47.0,93.0,11.934498651577961,2.2580645161290325,2.0,1.1,5.3,1.0151434031861006
202410,12,서울,19.287096774193547,19.9,13.9,22.7,2.438680235357349,60.74193548387097,59.0,42.0,94.0,12.371924511935571,2.448387096774194,2.4,1.2,5.0,0.8973557331560081
202410,13,서울,20.093548387096774,20.5,14.9,23.8,2.5715022177540456,57.0,54.0,34.0,94.0,14.41295713354249,2.351612903225807,2.3,1.1,4.2,0.7986951724498049
202410,14,서울,20.64516129032258,21.3,15.0,25.0,2.7722239820136494,55.096774193548384,51.0,29.0,94.0,15.663875294680809,2.448387096774194,2.3,1.5,4.7,0.8678982151312198
202410,15,서울,20.85483870967742,21.2,15.0,25.4,2.8189641962580754,54.193548387096776,50.0,30.0,96.0,15.864886499937969,2.3225806451612905,2.1,0.8,4.3,0.885704870868152
202410,16,서울,20.661290322580644,20.8,15.0,25.6,2.827210335219134,54.516129032258064,52.0,26.0,96.0,16.299020354491525,2.1451612903225805,2.1,0.9,3.6,0.6922613714859532
202410,17,서울,20.006451612903227,19.7,14.4,24.8,2.6487651819758034,56.16129032258065,51.0,30.0,96.0,15.720680168053688,2.1193548387096777,2.1,0.5,3.7,0.7687302755577796
202410,18,서울,18.80322580645161,18.7,13.7,22.4,2.250997389450246,59.935483870967744,57.0,36.0,96.0,14.417432697654528,2.0387096774193547,2.0,0.8,5.6,0.910925324182262
202410,19,서울,17.851612903225806,17.7,13.1,20.9,2.039750142826636,63.96774193548387,62.0,39.0,96.0,12.729189214734618,2.116129032258064,1.9,0.4,4.8,1.0714777254469794
202410,20,서울,17.151612903225807,17.1,12.9,20.0,1.9347473509034598,66.83870967741936,66.0,37.0,96.0,12.25043339149966,2.1322580645161286,1.9,0.6,5.7,1.1118714244534433
202410,21,서울,16.49032258064516,16.6,11.7,19.7,1.9925452464473117,69.48387096774194,69.0,39.0,96.0,11.212704008525137,1.8548387096774193,1.5,0.1,5.4,1.2099142420511795
202410,22,서울,15.964516129032257,16.4,11.0,19.1,2.0865519223664637,71.3225806451613,71.0,42.0,98.0,10.728116009732535,1.8193548387096774,1.6,0.2,6.6,1.3327713869574456
202410,23,서울,15.47741935483871,15.9,10.3,18.8,2.1657500128776572,73.03225806451613,73.0,48.0,96.0,10.157046391439268,1.7225806451612902,1.6,0.5,5.2,0.9721829997208533
202411,0,서울,8.493333333333334,8.95,-1.7,17.3,5.661846496252476,65.86666666666666,66.0,33.0,95.0,15.32348509322533,1.72,1.6,0.3,3.6,0.784505115255515
202411,1,서울,8.206666666666667,8.149999999999999,-1.7,17.5,5.642445870568794,66.66666666666667,66.5,31.0,95.0,15.10956156129994,1.9400000000000002,1.85,0.7,4.5,0.8771426966832864
202411,2,서울,7.823333333333333,7.449999999999999,-2.2,17.4,5.601519703482773,68.06666666666666,68.5,31.0,96.0,14.832241984907427,1.72,1.65,0.4,3.3,0.7778839555331258
202411,3,서울,7.56,7.35,-2.6,17.1,5.566562735625563,69.9,69.0,30.0,96.0,14.697759622848462,1.6766666666666665,1.8,0.0,4.2,0.8332252803510536
202411,4,서울,7.28,7.25,-2.6,16.8,5.493532247263516,70.46666666666667,70.5,32.0,96.0,14.17071612171731,1.7866666666666666,1.7,0.2,5.2,0.9343016323596384
202411,5,서울,6.996666666666667,7.15,-2.9,16.8,5.574417138749271,71.26666666666667,70.0,33.0,96.0,13.380204970682298,1.7933333333333332,1.8,0.2,3.8,0.8042702124986625
202411,6,서울,6.760000000000001,6.4,-3.0,16.5,5.557883496936333,72.23333333333333,72.5,33.0,97.0,13.376983148711806,1.5599999999999998,1.55,0.0,4.0,0.8876936408468858
202411,7,서울,6.5600000000000005,6.05,-3.3,16.5,5.566624681512808,72.8,71.5,35.0,95.0,12.652926607079403,1.6833333333333333,1.65,0.1,3.7,0.7961473322901005
202411,8,서울,6.6033333333333335,6.0,-3.2,16.6,5.511022392994966,73.13333333333334,72.0,33.0,96.0,12.713645488576255,1.7366666666666668,1.8,0.1,3.6,0.8281609594231327
202411,9,서울,7.8133333333333335,7.2,-2.2,17.1,5.439620507385402,68.9,70.5,28.0,93.0,13.442983043337081,2.1333333333333333,1.85,0.9,5.6,1.0838416137416762
202411,10,서울,9.756666666666666,8.7,-0.4,19.1,5.499447203149594,62.63333333333333,63.5,29.0,91.0,13.233925404398933,2.1566666666666667,2.2,0.7,3.8,0.8660983990180383
202411,11,서울,11.276666666666667,10.65,-0.4,21.0,5.806576731029508,56.333333333333336,54.0,28.0,89.0,13.976170195491086,2.2266666666666666,2.1,0.5,4.9,0.998596716547201
202411,12,서울,12.41,12.75,-0.4,22.3,6.07245618657978,52.733333333333334,49.5,26.0,89.0,14.543474264362036,2.5866666666666664,2.4,1.1,7.2,1.228886048232394
202411,13,서울,13.433333333333334,13.85,-0.2,23.6,6.3751853703047034,50.13333333333333,47.5,24.0,86.0,14.190169820697351,2.6366666666666663,2.2,1.2,5.4,1.1078040824340156
202411,14,서울,13.926666666666668,14.4,-0.3,24.0,6.479513249776018,49.06666666666667,47.0,23.0,91.0,14.663897335206329,2.3233333333333333,2.4,0.8,5.6,1.0156307139538645
202411,15,서울,13.979999999999999,14.8,-0.3,24.8,6.612965321610842,48.93333333333333,45.0,22.0,90.0,15.695229526357924,2.39,2.25,0.6,4.7,1.075543166706142
202411,16,서울,13.629999999999999,14.05,0.4,24.7,6.375283631283422,49.666666666666664,47.0,23.0,85.0,16.534881277184144,2.283333333333333,2.3,0.6,4.6,1.059955540164981
202411,17,서울,12.423333333333334,12.85,0.0,23.2,6.134789619714836,53.166666666666664,48.5,26.0,88.0,16.974795379058907,2.44,2.55,0.9,4.5,0.7797435475847172
202411,18,서울,11.313333333333333,11.25,-0.6,21.2,5.835192478776326,56.53333333333333,52.0,27.0,92.0,17.727308630030894,2.2066666666666666,2.3,0.8,4.1,0.7455307451433661
202411,19,서울,10.620000000000001,10.8,-0.7,19.8,5.6979972283069,59.06666666666667,56.0,30.0,92.0,18.003703322742613,2.0933333333333333,2.1500000000000004,0.4,4.0,0.9243574966479126
202411,20,서울,10.006666666666666,10.1,-1.0,19.1,5.785828902754906,61.266666666666666,58.5,33.0,91.0,17.208525019109956,1.9433333333333336,1.6,0.8,4.1,0.8919886087618606
202411,21,서울,9.453333333333335,9.25,-1.1,18.8,5.769164962784137,63.2,60.0,37.0,92.0,16.512064554805644,1.6400000000000001,1.4,0.2,3.7,0.8269595328463886
202411,22,서울,8.976666666666667,8.75,-0.8,18.1,5.6455465105070965,65.5,64.0,38.0,92.0,16.194400905549276,1.5,1.7,0.0,2.9,0.7191949522280763
202411,23,서울,8.54,8.3,-1.3,17.7,5.617374524786835,66.1,64.0,36.0,94.0,16.318700928689147,1.8033333333333335,1.75,0.3,3.9,0.8680073626468818
202412,0,서울,-0.08709677419354842,-0.4,-4.8,5.8,2.899165619677941,61.32258064516129,56.0,42.0,93.0,13.229731911554856,1.8064516129032258,1.6,0.6,4.0,0.7584789532878584
202412,1,서울,-0.42903225806451617,-0.6,-5.3,5.5,2.89933251495203,61.774193548387096,57.0,43.0,94.0,12.582288285308982,1.5903225806451613,1.6,0.5,2.9,0.6268199309263001
202412,2,서울,-0.7064516129032258,-1.0,-5.5,5.1,2.888244620742383,62.45161290322581,58.0,45.0,94.0,12.05498156967323,1.6548387096774193,1.6,0.2,3.9,0.7723724100360824
202412,3,서울,-1.0290322580645161,-1.5,-6.1,4.9,2.906451851586638,63.516129032258064,59.0,46.0,95.0,12.236205751081327,1.435483870967742,1.4,0.2,3.2,0.7467924241254613
202412,4,서울,-1.2451612903225806,-1.8,-6.5,4.8,2.9367599731310943,63.225806451612904,60.0,47.0,96.0,12.531851891398851,1.7354838709677418,1.6,0.4,4.0,0.8272639188299279
202412,5,서울,-1.4806451612903226,-2.0,-6.9,4.8,2.9556070278752906,63.32258064516129,61.0,44.0,96.0,13.049615822631699,1.6290322580645162,1.4,0.2,4.4,0.9285090372516922
202412,6,서울,-1.7000000000000002,-2.0,-7.3,4.7,2.927342366948788,63.96774193548387,62.0,45.0,97.0,13.634475594286084,1.6903225806451612,1.6,0.0,3.4,0.8030586689691182
202412,7,서울,-1.9129032258064518,-2.0,-7.3,5.1,2.9548538526165014,64.83870967741936,63.0,44.0,98.0,13.10240887316412,1.6290322580645162,1.6,0.3,3.5,0.8255073383025724
202412,8,서울,-2.029032258064516,-2.1,-7.6,5.2,2.9852072567229566,65.09677419354838,62.0,44.0,97.0,12.477592819957108,1.535483870967742,1.5,0.5,3.5,0.6897093045125481
202412,9,서울,-1.441935483870968,-1.5,-6.6,5.7,2.846140567335398,63.193548387096776,60.0,45.0,97.0,13.290145107907861,1.9,2.0,0.1,3.4,0.7801709214439274
202412,10,서울,0.20322580645161295,0.2,-4.7,7.4,2.655244354225268,56.483870967741936,54.0,31.0,96.0,15.198401160959738,2.3096774193548386,2.3,0.8,4.5,0.8960486737931437
202412,11,서울,1.667741935483871,1.4,-3.2,9.3,2.7606022406682915,50.45161290322581,45.0,31.0,91.0,14.42876458023444,2.435483870967742,2.3,0.5,4.2,1.0706846367618477
202412,12,서울,3.1161290322580646,3.5,-2.0,10.8,2.9355404697367686,46.29032258064516,42.0,30.0,89.0,13.97663180308975,2.5516129032258066,2.5,1.2,4.9,0.8582427658659817
202412,13,서울,3.990322580645161,4.0,-0.8,12.1,3.0010392465177427,44.354838709677416,40.0,27.0,84.0,13.514309421490427,2.9741935483870967,3.0,1.3,4.8,0.8209619325057989
202412,14,서울,4.516129032258065,4.3,-0.5,12.9,3.023694955314722,43.096774193548384,39.0,29.0,79.0,12.977813988263911,3.109677419354839,3.1,1.5,5.5,1.0205733155795904
202412,15,서울,4.703225806451614,4.7,0.1,12.3,2.7923089455344705,43.29032258064516,40.0,27.0,79.0,13.231763672786522,3.2516129032258063,3.2,1.6,5.4,0.8857655700924993
202412,16,서울,4.448387096774193,4.4,-0.2,11.6,2.7438259137855834,44.70967741935484,41.0,28.0,79.0,13.706916863119623,2.858064516129032,3.0,0.8,5.1,0.9827764050716683
202412,17,서울,3.3548387096774195,3.1,-1.1,10.0,2.603694645393659,48.935483870967744,46.0,30.0,85.0,14.964258493425744,2.674193548387097,2.8,0.6,4.2,0.9212193882514212
202412,18,서울,2.4709677419354836,2.1,-2.1,8.6,2.6436330492193374,52.806451612903224,50.0,33.0,84.0,14.293167026796894,2.3419354838709676,2.4,0.8,3.8,0.75089910265334
202412,19,서울,1.9064516129032258,1.5,-2.7,7.2,2.601401607322608,54.935483870967744,53.0,35.0,85.0,13.426182092888425,2.3806451612903223,2.4,0.7,4.0,0.8364286599739433
202412,20,서울,1.4129032258064516,1.0,-2.8,6.6,2.572643508855417,56.38709677419355,55.0,36.0,86.0,12.446358019797971,2.329032258064516,2.3,0.6,4.4,0.9564495276410205
202412,21,서울,0.9354838709677419,0.3,-3.6,6.5,2.6140069353512656,56.54838709677419,53.0,40.0,88.0,11.658583989711671,2.2419354838709675,2.3,0.8,4.5,0.9670484970770209
202412,22,서울,0.48709677419354835,0.4,-4.0,6.6,2.633216276151514,57.67741935483871,53.0,37.0,91.0,12.15562173584495,2.064516129032258,2.1,0.3,4.4,0.97247052640745
202412,23,서울,0.09354838709677413,-0.1,-4.4,6.4,2.7627203361748323,58.61290322580645,56.0,38.0,91.0,11.83125076328179,1.7516129032258065,1.7,0.1,3.8,0.9337633418027417
202501,0,서울,-1.506451612903226,-1.4,-11.6,5.1,3.6277573865838906,63.58064516129032,61.0,41.0,93.0,13.64251734724543,1.9967741935483874,2.1,0.2,4.0,1.0799641571113188
202501,1,서울,-1.8483870967741935,-1.8,-11.7,4.3,3.612281916622966,64.06451612903226,62.0,41.0,93.0,13.243704124025543,2.061290322580645,1.6,0.7,5.7,1.1476577362480036
202501,2,서울,-2.1451612903225805,-2.1,-11.7,3.2,3.6261861240774187,65.6774193548387,65.0,43.0,94.0,13.609768787588306,1.8129032258064517,1.6,0.4,4.7,1.0809692982022727
202501,3,서울,-2.274193548387097,-2.2,-11.6,3.2,3.6725075667664715,66.45161290322581,66.0,39.0,92.0,13.951914348163646,1.9096774193548387,1.7,0.6,5.0,1.0136912214639713
202501,4,서울,-2.4935483870967743,-2.7,-11.6,3.4,3.762351701074827,67.19354838709677,67.0,35.0,93.0,14.020031751839245,2.061290322580645,2.0,0.6,4.1,0.9229219610761027
202501,5,서울,-2.696774193548387,-3.2,-11.6,3.6,3.8683746691142984,67.87096774193549,68.0,36.0,94.0,13.980324115183862,2.0,2.0,0.3,4.2,0.862940708662343
202501,6,서울,-2.8806451612903223,-3.4,-11.5,3.7,3.957644026003241,69.3225806451613,71.0,37.0,95.0,13.998540630542394,2.0161290322580645,1.8,0.9,4.7,0.8509198059329871
202501,7,서울,-3.012903225806452,-3.2,-12.0,3.4,3.969781012892598,70.70967741935483,72.0,39.0,94.0,14.019494875320571,2.061290322580645,2.1,0.3,3.9,0.8890734575406162
202501,8,서울,-3.0903225806451613,-2.9,-12.1,3.1,4.011596094549706,71.16129032258064,71.0,41.0,94.0,14.362211468975449,2.07741935483871,2.0,0.7,4.0,0.8716687740265239
202501,9,서울,-2.638709677419355,-2.5,-11.2,3.6,3.9419688329018907,70.61290322580645,69.0,42.0,97.0,15.296355599411774,2.135483870967742,2.0,0.8,4.8,1.0134260002903597
202501,10,서울,-1.2645161290322582,-1.7,-9.4,6.0,3.7102154822504825,65.61290322580645,63.0,34.0,97.0,16.904984313026024,2.583870967741935,2.3,0.9,5.4,1.1792926620630262
202501,11,서울,0.12903225806451613,-0.1,-8.5,7.8,3.7880684214506206,59.38709677419355,57.0,33.0,96.0,17.861835328160502,2.4064516129032256,2.4,0.6,6.0,1.152948534228933
202501,12,서울,1.564516129032258,1.8,-8.1,9.2,4.0779527859860245,54.903225806451616,51.0,28.0,93.0,17.735754544064708,2.5,2.3,1.0,5.2,1.1416362526362474
202501,13,서울,2.52258064516129,2.6,-8.5,10.1,4.17937074030843,50.645161290322584,45.0,28.0,93.0,17.419430505610247,2.6322580645161286,2.4,0.8,7.2,1.3347626747289056
202501,14,서울,3.0806451612903225,2.7,-8.1,11.2,4.418025151191326,47.96774193548387,44.0,25.0,93.0,17.11623765311318,2.967741935483871,2.7,1.2,5.5,0.967259736497629
202501,15,서울,3.180645161290323,2.8,-8.0,9.8,4.31264956106558,47.61290322580645,45.0,25.0,91.0,17.415849906248884,3.106451612903226,2.9,0.7,5.8,1.2772197628367037
202501,16,서울,2.9612903225806453,3.1,-8.6,10.3,4.376275236572371,48.225806451612904,43.0,25.0,91.0,19.085264258792883,3.02258064516129,2.7,1.6,6.2,1.0638639253273434
202501,17,서울,2.296774193548387,2.1,-9.4,9.7,4.262431533836662,50.12903225806452,45.0,24.0,90.0,18.957394222279724,2.829032258064516,2.7,1.0,5.4,1.0017296868873347
202501,18,서울,1.3709677419354838,2.0,-10.3,7.8,4.073507378855647,54.29032258064516,52.0,29.0,91.0,17.948432704811296,2.467741935483871,2.5,0.5,4.4,0.954423769183687
202501,19,서울,0.6741935483870969,1.8,-10.6,6.7,3.917649613559597,57.54838709677419,53.0,32.0,92.0,16.944691813224612,2.3161290322580643,2.3,0.9,4.9,0.924516729321703
202501,20,서울,0.10322580645161296,1.0,-11.1,5.6,3.79240327241779,59.67741935483871,56.0,34.0,92.0,16.361310250657787,2.074193548387097,1.8,0.7,4.6,1.0623771276200946
202501,21,서울,-0.36451612903225816,0.5,-11.4,5.3,3.7878356517582943,60.58064516129032,56.0,37.0,91.0,15.901308528018246,1.935483870967742,1.7,0.4,4.4,1.125329103594966
202501,22,서울,-0.7193548387096775,0.4,-11.3,4.8,3.7391995003243417,61.58064516129032,57.0,37.0,91.0,15.478531785558962,1.9096774193548387,1.7,0.4,4.5,1.1193315977879172
202501,23,서울,-1.1096774193548387,-0.7,-11.4,5.2,3.713431013560521,63.645161290322584,61.0,40.0,91.0,14.770575224855609,2.0387096774193547,1.8,0.2,4.4,1.1881855689397003
202502,0,서울,-2.775,-3.2,-10.7,5.0,4.324231894970652,60.464285714285715,57.0,31.0,90.0,14.454224405847695,2.0892857142857144,1.95,0.1,4.2,1.070250675279632
202502,1,서울,-3.1107142857142853,-3.7,-10.8,5.1,4.420854558391966,61.857142857142854,57.0,28.0,90.0,15.121028491656997,1.782142857142857,1.7,0.0,3.6,0.9595730421809603
202502,2,서울,-3.3785714285714286,-3.9,-10.9,5.5,4.493069324823728,62.464285714285715,58.0,30.0,91.0,15.449996147325765,1.6535714285714285,1.45,0.1,4.0,0.93431779146591
202502,3,서울,-3.625,-4.25,-11.3,5.3,4.503054518879379,63.57142857142857,58.0,36.0,91.0,15.79598770299684,1.6892857142857143,1.7,0.1,3.8,0.8084458275510215
202502,4,서울,-3.925,-4.55,-11.5,4.3,4.451934660596697,64.14285714285714,60.5,34.0,91.0,15.546142276543709,1.6964285714285714,1.55,0.1,4.7,0.9496518437504474
202502,5,서울,-4.114285714285715,-4.95,-11.6,3.9,4.3450026028815705,65.28571428571429,63.0,35.0,91.0,15.270055768549215,1.8178571428571428,1.7,0.1,4.2,1.022724600498887
202502,6,서울,-4.353571428571429,-5.199999999999999,-11.5,3.8,4.19545451939818,66.67857142857143,63.0,38.0,90.0,15.472923953195648,2.210714285714286,2.1,0.4,5.0,0.9452960679515472
202502,7,서울,-4.621428571428572,-5.35,-11.5,3.9,4.1365898589751025,67.89285714285714,63.5,42.0,89.0,15.208037070391152,1.9964285714285714,2.1500000000000004,0.3,3.8,0.8297621894285682
202502,8,서울,-4.614285714285714,-5.4,-11.4,4.1,4.150744180105206,68.42857142857143,64.0,43.0,91.0,15.440275787760928,2.042857142857143,2.0,0.6,4.0,0.7405846396365565
202502,9,서울,-3.4535714285714287,-3.9,-11.0,5.4,4.240761823842604,64.92857142857143,58.0,39.0,91.0,17.094353781788044,2.457142857142857,2.3499999999999996,0.3,5.5,1.050018896277435
202502,10,서울,-1.6928571428571428,-2.15,-10.1,6.7,4.383042117189635,56.607142857142854,52.0,30.0,91.0,16.38956146050665,2.632142857142857,2.6,0.4,5.7,1.3311241618990823
202502,11,서울,-0.1892857142857143,-0.75,-9.3,8.4,4.688863029342668,50.107142857142854,43.5,25.0,91.0,16.040087017668935,2.982142857142857,2.8,0.9,5.2,1.1042187019784357
202502,12,서울,0.9607142857142856,0.7,-7.9,9.5,4.894769641287509,45.57142857142857,41.5,19.0,89.0,15.908135750891208,3.232142857142857,3.0,1.5,5.7,1.1011958386827818
202502,13,서울,1.9285714285714286,1.35,-6.8,11.5,5.106557668031491,42.857142857142854,39.5,17.0,89.0,15.852828432559576,3.5107142857142857,3.65,1.4,6.6,1.2074887579307314
202502,14,서울,2.7535714285714286,2.35,-7.7,13.1,5.280956853734491,41.892857142857146,40.5,15.0,87.0,15.110308685510981,3.642857142857143,3.6,0.7,5.9,1.1672787510015263
202502,15,서울,3.1714285714285713,2.1500000000000004,-7.7,13.9,5.290512622565398,41.75,39.0,13.0,92.0,16.015328305743243,3.6357142857142857,3.95,0.9,5.8,1.2815541160563422
202502,16,서울,3.2178571428571425,2.4,-7.7,14.0,5.389499638111719,42.857142857142854,39.5,13.0,95.0,17.76120259048687,3.6142857142857143,3.45,1.1,6.0,1.2026865869606373
202502,17,서울,2.7142857142857144,1.9,-8.2,13.1,5.325877725311908,44.142857142857146,41.0,14.0,95.0,18.195877200342583,3.4678571428571425,3.3499999999999996,0.8,5.7,1.204022139401644
202502,18,서울,1.4214285714285713,0.6,-9.1,11.7,5.20735641631729,47.42857142857143,46.0,18.0,88.0,17.597197949144512,3.107142857142857,3.25,0.9,4.3,0.9714169000232565
202502,19,서울,0.42857142857142855,-0.35,-9.8,10.1,5.03424253325144,50.642857142857146,49.0,21.0,83.0,16.427651227966976,2.789285714285714,3.2,0.5,4.8,1.1169864503022093
202502,20,서울,-0.2857142857142857,-1.0,-10.1,8.9,4.873261459092591,53.67857142857143,53.0,23.0,85.0,15.932853482845442,2.8392857142857144,3.0,1.0,5.1,1.1149951953772201
202502,21,서울,-0.95,-1.8,-10.3,8.0,4.7970284011543525,55.285714285714285,55.0,25.0,81.0,15.345061077457446,2.8357142857142854,2.55,1.2,4.6,1.1421922669162028
202502,22,서울,-1.5714285714285714,-2.45,-10.6,7.3,4.73496506638583,57.392857142857146,58.5,28.0,78.0,14.366471475122296,2.6357142857142857,2.6,0.9,4.7,0.9997089523546286
202502,23,서울,-2.132142857142857,-2.95,-10.6,6.8,4.657932586334411,58.964285714285715,59.5,31.0,81.0,13.64492075586599,2.0214285714285714,2.0,0.1,3.7,1.0699107414681819
202503,0,서울,6.241935483870968,5.4,0.7,18.5,4.333418526871395,62.61290322580645,66.0,31.0,89.0,15.335530464371159,2.4419354838709677,2.3,0.3,6.8,1.4377700774807234
202503,1,서울,5.890322580645161,4.9,0.1,18.4,4.357702363915314,63.96774193548387,66.0,33.0,92.0,15.721500927005966,2.225806451612903,1.8,0.4,6.0,1.346840188969596
202503,2,서울,5.577419354838709,4.6,-0.6,18.4,4.44167458491497,64.96774193548387,66.0,36.0,93.0,15.86922361253115,2.009677419354839,2.0,0.4,6.0,1.2752398045621793
202503,3,서울,5.203225806451614,4.2,-1.1,17.4,4.368026546849102,66.12903225806451,66.0,37.0,93.0,14.999426512334557,1.8774193548387097,1.5,0.3,8.1,1.527243634224602
202503,4,서울,4.877419354838709,3.8,-0.9,16.6,4.260337207109265,67.90322580645162,66.0,42.0,92.0,14.215847585727872,1.9870967741935484,1.6,0.4,6.6,1.3265850734081273
202503,5,서울,4.554838709677419,3.5,-1.6,16.3,4.2499285256482,69.45161290322581,69.0,44.0,92.0,13.645118076140928,1.9806451612903226,1.7,0.3,6.7,1.3449707195917464
202503,6,서울,4.387096774193548,3.4,-1.8,15.9,4.344632085342699,69.6774193548387,70.0,40.0,92.0,14.076900929712698,2.1774193548387095,1.8,0.7,6.6,1.3350929249604948
202503,7,서울,4.193548387096774,3.1,-1.8,14.1,4.214810037939311,71.38709677419355,70.0,45.0,94.0,13.953918014557393,1.9580645161290322,1.8,0.2,5.8,1.1563662031116806
202503,8,서울,4.770967741935484,3.5,-0.8,14.4,4.046660643739649,69.70967741935483,70.0,45.0,95.0,14.418029334568336,2.164516129032258,2.0,0.1,6.2,1.1187935130001347
202503,9,서울,6.27741935483871,5.3,0.6,15.3,3.953202050441251,64.61290322580645,65.0,35.0,93.0,15.05695281114307,2.5903225806451613,2.3,1.3,5.2,1.0749743682865738
202503,10,서울,7.883870967741935,6.6,1.1,16.5,4.214506438022018,59.87096774193548,60.0,27.0,89.0,14.771012006593342,2.770967741935484,2.6,1.1,6.7,1.1753562717709884
202503,11,서울,9.348387096774195,9.3,1.0,18.1,4.706298684935748,53.29032258064516,50.0,22.0,91.0,16.08766307534461,2.9000000000000004,3.0,1.0,6.2,1.1204165891905267
202503,12,서울,10.712903225806452,10.9,1.1,19.3,5.121180979389023,48.29032258064516,46.0,21.0,90.0,16.79720918959872,3.2193548387096773,3.1,1.1,6.7,1.181078421003085
202503,13,서울,11.812903225806451,12.2,1.6,21.6,5.45886080517928,44.354838709677416,42.0,20.0,90.0,16.742258682939156,3.116129032258064,3.0,1.3,6.4,1.0424639959229762
202503,14,서울,12.638709677419355,12.8,2.3,23.3,5.741990213584766,40.645161290322584,36.0,18.0,87.0,15.142761498698038,3.690322580645161,3.6,1.4,7.1,1.3008599306381086
202503,15,서울,12.793548387096775,13.4,2.4,23.8,5.65920698118685,39.645161290322584,37.0,18.0,85.0,15.553238434694288,3.735483870967742,3.5,1.6,7.6,1.3350526549158461
202503,16,서울,12.480645161290322,12.2,2.6,23.5,5.632135140118633,39.83870967741935,35.0,18.0,87.0,17.28601896368575,3.9451612903225803,4.0,1.5,7.7,1.4669330158934593
202503,17,서울,11.883870967741935,12.5,3.2,23.6,5.409380542119621,39.67741935483871,35.0,19.0,86.0,17.81644763839338,3.7161290322580647,3.5,1.3,6.4,1.3978785770334392
202503,18,서울,10.651612903225805,11.4,3.3,22.9,5.148130467638516,43.29032258064516,39.0,19.0,88.0,17.586346121138217,3.5677419354838706,3.2,0.6,6.1,1.4034213187241606
202503,19,서울,9.287096774193548,9.5,2.7,21.4,4.878096755599385,48.38709677419355,46.0,22.0,89.0,17.165231174974675,3.403225806451613,3.2,1.0,7.0,1.337032502962622
202503,20,서울,8.316129032258065,8.1,2.0,19.6,4.5875989925154785,51.67741935483871,51.0,27.0,88.0,15.623459063801453,3.07741935483871,2.8,1.1,7.8,1.3393305983262322
202503,21,서울,7.638709677419355,7.6,1.6,18.8,4.424302387145709,54.225806451612904,52.0,29.0,88.0,15.36383128740865,2.661290322580645,2.6,0.0,6.9,1.4305424191205327
202503,22,서울,7.070967741935483,6.9,1.3,17.9,4.220362823927749,57.354838709677416,56.0,31.0,89.0,15.382995779099234,2.4096774193548387,2.5,0.3,6.6,1.4288351523087324
202503,23,서울,6.683870967741936,5.9,1.0,18.3,4.232737236839659,59.193548387096776,62.0,33.0,87.0,14.77705282938992,2.5870967741935487,2.6,0.3,6.6,1.3142150852590988
202504,0,서울,11.123333333333333,11.399999999999999,1.4,20.4,4.280322525177306,65.8,67.5,37.0,95.0,16.165949741183873,1.9333333333333333,2.05,0.5,3.8,0.8655607444303667
202504,1,서울,10.763333333333332,11.0,1.1,20.3,4.346499450277702,67.2,68.0,36.0,96.0,15.641236391732878,1.9733333333333334,2.05,0.4,4.5,0.8959423216246462
202504,2,서울,10.363333333333333,10.5,2.0,20.1,4.300319421442643,69.6,70.0,36.0,94.0,14.794220679618153,1.76,1.5,0.7,4.3,0.9167408538422668
202504,3,서울,9.973333333333333,9.9,2.7,19.8,4.351054833131794,72.86666666666666,73.5,42.0,95.0,13.60206204786697,1.9133333333333333,1.6,0.1,4.8,0.9821627554335988
202504,4,서울,9.67,9.4,2.6,19.6,4.322128307147797,74.4,78.0,45.0,93.0,12.751200078748505,1.6933333333333331,1.65,0.1,3.4,0.8055554234376957
202504,5,서울,9.433333333333334,8.9,2.3,19.6,4.309759040654796,76.2,79.5,48.0,94.0,13.005038811274602,1.7266666666666666,1.55,0.2,3.8,0.9096923820089169
202504,6,서울,9.213333333333333,8.649999999999999,2.7,19.2,4.2470868988562955,76.86666666666666,80.5,49.0,94.0,13.507937215433454,1.66,1.5,0.6,4.0,0.7093464695006971
202504,7,서울,9.370000000000001,8.9,2.8,18.9,4.243628083414571,77.43333333333334,81.5,47.0,96.0,13.433574339699385,1.66,1.7,0.5,3.1,0.7175629252714623
202504,8,서울,10.803333333333335,10.75,4.5,18.7,4.013725016209647,74.13333333333334,78.0,41.0,95.0,14.59270798847087,2.033333333333333,2.0,0.5,3.7,0.7087304498712559
202504,9,서울,12.563333333333333,12.65,5.4,18.7,3.8726702302989437,67.06666666666666,68.0,39.0,94.0,15.973973084112611,2.3033333333333332,2.05,0.8,6.2,1.0370659319090745
202504,10,서울,14.216666666666667,14.6,5.1,20.3,3.972238432032944,59.6,57.5,29.0,94.0,17.66859672823022,2.68,2.3499999999999996,1.0,6.5,1.3002387048750594
202504,11,서울,15.636666666666667,15.85,5.9,22.6,4.300078855197837,53.4,51.5,23.0,93.0,18.242806801586205,2.8833333333333333,2.7,0.6,5.7,1.2790307033960855
202504,12,서울,16.806666666666665,17.65,3.9,24.0,4.667121488509351,48.733333333333334,43.5,22.0,93.0,19.26750584816819,3.1300000000000003,2.9,0.7,7.2,1.5172911433845198
202504,13,서울,17.503333333333334,18.45,5.2,24.7,4.834251597274094,45.266666666666666,39.5,20.0,93.0,20.075604226460317,3.52,3.6500000000000004,1.3,5.8,1.2382969394877898
202504,14,서울,17.926666666666666,18.200000000000003,4.9,26.2,5.184056016442067,45.2,39.0,21.0,94.0,21.055591443473695,3.723333333333333,3.4,1.7,8.4,1.340788068144314
202504,15,서울,17.916666666666668,18.4,5.3,27.0,5.353380068790142,46.43333333333333,40.5,21.0,94.0,21.68693128374199,3.6166666666666667,3.7,0.4,5.6,1.0716031603785674
202504,16,서울,17.779999999999998,18.2,5.5,26.7,5.330937680345189,46.666666666666664,42.5,19.0,95.0,21.41274730450151,3.603333333333333,3.6500000000000004,1.7,6.0,1.0981122778261991
202504,17,서울,17.266666666666666,17.75,5.4,26.4,5.355714533180381,47.233333333333334,42.5,19.0,94.0,20.45968842809471,3.5633333333333335,3.55,1.2,5.4,1.038727116709921
202504,18,서울,16.266666666666666,16.8,5.8,25.5,5.195842723677788,48.666666666666664,42.5,22.0,95.0,21.470642881551694,3.2666666666666666,3.3,0.8,5.5,1.0764992218820426
202504,19,서울,14.886666666666667,15.2,5.6,23.6,4.84616687014937,52.43333333333333,49.5,26.0,94.0,19.902665448477574,3.07,3.1,0.7,5.3,1.0366224997059206
202504,20,서울,13.813333333333333,14.2,5.5,22.1,4.583082333775047,56.2,55.5,28.0,94.0,19.334443091415185,2.453333333333333,2.45,1.1,4.9,0.9640909004693574
202504,21,서울,13.086666666666668,13.3,5.0,21.4,4.48258956356728,58.266666666666666,58.0,25.0,94.0,19.020738832840497,2.3033333333333332,2.1,0.4,5.3,1.169286057839343
202504,22,서울,12.453333333333335,12.6,3.5,20.8,4.464475358861895,60.666666666666664,61.0,34.0,95.0,18.452797812972342,2.0533333333333332,1.8,0.4,4.8,1.2073719917394063
202504,23,서울,11.916666666666666,12.3,1.7,20.6,4.4607934452202045,62.766666666666666,65.0,35.0,95.0,18.102549512446434,2.1133333333333333,2.05,0.4,4.9,1.0601669788238575
202505,0,서울,16.05483870967742,15.5,9.6,24.3,3.7975289079151997,71.74193548387096,69.0,41.0,97.0,14.845802418945416,1.7580645161290323,1.6,0.6,3.1,0.6936734070864508
202505,1,서울,15.593548387096773,15.1,9.2,24.0,3.82142516904108,72.64516129032258,69.0,44.0,97.0,14.492638101456372,1.4967741935483871,1.4,0.2,2.7,0.7222575122340333
202505,2,서울,15.170967741935485,15.1,8.9,23.7,3.812889853150503,74.25806451612904,71.0,45.0,96.0,14.075907885308817,1.7354838709677418,1.9,0.2,4.2,0.9261203619029131
202505,3,서울,14.80967741935484,14.8,8.8,23.6,3.832784439430397,76.06451612903226,75.0,42.0,96.0,13.326503627160841,1.770967741935484,1.7,0.3,3.4,0.7802536119267447
202505,4,서울,14.40967741935484,14.0,8.4,23.4,3.898064035621587,77.25806451612904,78.0,39.0,95.0,13.099536230812356,1.570967741935484,1.3,0.3,4.1,0.9733767850074285
202505,5,서울,14.083870967741936,13.5,8.4,23.1,3.9467367764769548,78.45161290322581,80.0,31.0,96.0,13.896855063112708,1.903225806451613,1.9,0.6,3.4,0.6940143470984549
202505,6,서울,13.94516129032258,13.4,8.2,23.0,3.9112520339551478,79.41935483870968,82.0,28.0,97.0,14.764313266676483,1.941935483870968,1.9,0.6,4.2,0.8857291510570588
202505,7,서울,14.412903225806453,14.6,8.5,23.3,3.7967303420604654,79.25806451612904,81.0,31.0,96.0,14.895117190845871,1.9161290322580644,1.8,0.7,4.6,0.8426532597272928
202505,8,서울,15.69032258064516,16.6,9.9,24.2,3.603179599438036,75.6774193548387,77.0,34.0,96.0,14.581694224321566,2.0999999999999996,1.9,0.7,4.3,0.9114091653404999
202505,9,서울,16.993548387096773,17.1,10.3,25.0,3.629135386826176,70.25806451612904,68.0,42.0,95.0,14.660531463616824,2.2516129032258063,2.0,0.9,5.6,0.9718953879720237
202505,10,서울,18.15806451612903,18.2,10.6,25.9,3.7646402389912716,66.2258064516129,61.0,41.0,97.0,15.105649445200637,2.1322580645161286,2.0,0.9,5.1,0.8934528888061914
202505,11,서울,19.216129032258067,19.9,10.8,27.2,4.164300403364574,62.58064516129032,58.0,38.0,98.0,17.55329825331674,2.4096774193548387,2.4,1.0,3.8,0.9023505744109573
202505,12,서울,20.190322580645162,20.7,11.5,27.6,4.361754604033388,59.25806451612903,52.0,30.0,97.0,19.16936399907499,2.7225806451612904,2.6,0.6,5.4,1.0831157763352155
202505,13,서울,21.05483870967742,21.3,11.8,28.9,4.66467853195176,55.32258064516129,48.0,28.0,96.0,20.018969498576748,2.980645161290323,2.6,1.0,6.6,1.412897579406403
202505,14,서울,21.651612903225807,21.5,12.1,30.3,4.7786937523233926,53.0,46.0,24.0,96.0,20.773380402171753,3.067741935483871,3.2,0.7,5.6,1.335511661442708
202505,15,서울,21.81935483870968,21.8,12.2,30.2,4.8868817156982445,53.03225806451613,46.0,29.0,95.0,20.36415784487988,3.1419354838709674,3.1,1.6,5.7,0.9429648963237841
202505,16,서울,21.687096774193545,21.8,12.4,29.8,4.925494353225461,53.483870967741936,44.0,25.0,96.0,20.505074116328597,3.541935483870968,3.5,1.7,5.3,0.9225956837634374
202505,17,서울,21.24516129032258,21.5,11.9,28.3,4.6965120894608186,55.0,45.0,29.0,97.0,20.993649833540935,3.2419354838709675,3.2,1.2,4.8,0.8976911842975798
202505,18,서울,20.52258064516129,21.1,11.9,27.8,4.459649438944677,58.12903225806452,52.0,28.0,97.0,20.056157716910565,3.3419354838709676,3.2,2.1,5.0,0.7877284614841956
202505,19,서울,19.438709677419357,19.3,12.1,26.6,4.173382115211821,60.67741935483871,54.0,33.0,96.0,18.684016514611617,3.0870967741935487,2.9,1.9,5.5,0.7851717160315406
202505,20,서울,18.44516129032258,18.8,11.6,25.3,3.974823996915035,63.58064516129032,57.0,38.0,96.0,17.891849529042336,2.641935483870968,2.7,1.4,4.2,0.6412353668497431
202505,21,서울,17.741935483870968,18.2,10.9,24.5,3.8903105440353047,66.2258064516129,60.0,38.0,97.0,17.05424615243831,2.1806451612903226,2.3,0.1,3.6,0.7939014862641794
202505,22,서울,17.148387096774194,17.0,10.3,24.5,3.869441903577476,69.09677419354838,65.0,40.0,97.0,16.009070009861446,2.0580645161290323,1.8,0.3,4.0,0.8507934310780682
202505,23,서울,16.629032258064516,16.2,9.9,24.5,3.824150759614226,70.6774193548387,67.0,44.0,96.0,15.153409070292167,1.8580645161290323,1.7,0.1,3.7,0.8562609390243868
202506,0,서울,22.126666666666665,21.75,17.0,28.3,2.580688672232374,73.76666666666667,76.0,46.0,96.0,13.327915565959046,1.9200000000000002,1.8,0.3,4.5,0.9725189476037348
202506,1,서울,21.78666666666667,21.5,16.8,27.8,2.594786993228903,75.4,79.0,43.0,95.0,12.538492457366964,1.7966666666666666,1.6,0.4,3.9,0.8969232209993317
202506,2,서울,21.459999999999997,21.299999999999997,16.3,26.1,2.4921393662252633,76.36666666666666,78.5,43.0,96.0,12.012876233537867,1.6233333333333335,1.6,0.4,2.9,0.7351675076931895
202506,3,서울,21.103333333333335,21.2,16.0,25.9,2.5438883261833563,77.83333333333333,81.5,45.0,96.0,11.829487799951245,1.8033333333333335,1.75,0.5,4.1,0.7997772678445667
202506,4,서울,20.779999999999998,20.8,15.7,25.8,2.595407083876149,79.3,82.0,48.0,97.0,11.712504370146021,1.5933333333333333,1.4,0.6,3.4,0.7701022472791311
202506,5,서울,20.516666666666666,20.799999999999997,15.3,25.7,2.6610969132313045,79.6,82.0,53.0,97.0,11.217597013559576,1.7166666666666666,1.55,0.5,4.1,0.8350442207300836
202506,6,서울,20.42,20.75,15.5,25.6,2.6823047218184684,80.33333333333333,81.0,53.0,96.0,11.176741037971903,1.5433333333333332,1.35,0.2,3.2,0.7295172392060729
202506,7,서울,21.03666666666667,21.05,16.4,26.0,2.4126796282361522,79.83333333333333,80.0,55.0,96.0,10.69025767675421,1.72,1.5,0.6,3.3,0.7485157727589751
202506,8,서울,22.18,22.25,18.6,26.5,2.0093574200174817,75.56666666666666,76.5,51.0,96.0,12.773040934430748,1.7633333333333332,1.7000000000000002,0.5,4.3,0.8446518700678971
202506,9,서울,23.333333333333332,23.25,20.1,27.2,1.8668308630575963,71.26666666666667,69.0,43.0,96.0,14.465019239848779,1.9533333333333334,1.95,0.6,3.7,0.698142033436302
202506,10,서울,24.563333333333333,24.7,20.3,28.0,1.9897120452438608,66.93333333333334,64.5,38.0,94.0,16.38109367182355,2.296666666666667,2.3,1.0,4.5,0.8352093825165509
202506,11,서울,25.553333333333335,25.8,20.7,29.9,2.3064726514645746,63.4,61.5,37.0,93.0,17.15165619830422,2.603333333333333,2.3499999999999996,0.9,5.0,0.9076241563529489
202506,12,서울,26.459999999999997,27.0,20.8,31.2,2.646871933902877,60.53333333333333,58.0,34.0,91.0,17.450883454236163,2.58,2.55,0.6,4.8,0.962181429590218
202506,13,서울,27.173333333333336,27.6,21.6,32.3,2.9061093001413107,57.666666666666664,53.5,32.0,87.0,18.01595716701386,2.7366666666666664,2.6500000000000004,1.4,6.2,1.008065177604529
202506,14,서울,27.566666666666666,27.950000000000003,22.0,33.5,3.249650732779981,56.733333333333334,50.5,31.0,93.0,18.470728629156838,3.07,2.8,1.3,5.9,1.1632742138256673
202506,15,서울,27.813333333333333,28.15,21.9,33.6,3.2483134439097867,55.766666666666666,50.5,28.0,93.0,18.44597579388268,3.32,3.0,1.6,6.4,1.1957972380310795
202506,16,서울,27.686666666666667,28.2,22.0,32.9,3.1928512102155207,56.36666666666667,51.5,27.0,94.0,18.23691469167042,3.1966666666666663,3.2,0.6,6.6,1.3499638139041266
202506,17,서울,27.41,27.75,21.9,32.3,3.0533588062984007,56.233333333333334,52.5,31.0,94.0,16.746967472955514,3.246666666666667,3.3,0.9,7.7,1.3693021966487624
202506,18,서울,26.73,27.2,21.8,31.6,2.8093624261350305,59.13333333333333,58.5,31.0,96.0,16.001580381719915,3.143333333333333,3.2,1.3,6.5,1.077571770018234
202506,19,서울,25.716666666666665,25.5,21.5,30.9,2.7452885450171336,61.266666666666666,62.0,33.0,96.0,16.72894112800831,2.81,2.7,0.8,5.3,1.0353576759948124
202506,20,서울,24.753333333333334,24.25,20.4,30.4,2.711499563905086,63.766666666666666,66.0,39.0,95.0,15.756078921752891,2.6566666666666667,2.5,0.8,5.8,0.9758050021899101
202506,21,서울,23.973333333333336,23.5,19.2,30.1,2.673101431739511,67.36666666666666,67.5,41.0,98.0,15.004558694250067,2.2133333333333334,2.2,0.6,5.6,1.0714905291335937
202506,22,서울,23.223333333333336,22.65,18.3,28.4,2.6212241590436367,71.46666666666667,75.0,47.0,98.0,14.313565625641305,2.08,2.0,0.6,4.2,0.8495028972368447
202506,23,서울,22.743333333333332,22.15,17.5,28.2,2.6791253504974657,72.96666666666667,76.0,43.0,97.0,13.68231512304978,1.9633333333333334,1.9,0.6,3.6,0.8206319404027578
202507,0,서울,27.480645161290322,27.7,21.7,31.2,2.411558189890056,76.16129032258064,79.0,43.0,98.0,12.556795701116185,2.064516129032258,1.9,0.8,3.8,0.7863622520173827
202507,1,서울,27.161290322580644,27.2,21.6,30.7,2.240933945085521,77.19354838709677,79.0,45.0,99.0,12.413485556277656,1.9483870967741934,1.9,0.4,3.8,0.8172600433733582
202507,2,서울,26.845161290322583,27.0,21.5,30.2,2.0850001933936624,78.35483870967742,81.0,49.0,96.0,11.729019246003405,2.032258064516129,1.9,0.4,4.4,1.0267706971452435
202507,3,서울,26.548387096774192,26.9,21.6,29.9,2.0744269839712253,79.16129032258064,81.0,50.0,98.0,11.213375270017345,1.9129032258064516,1.8,0.6,4.5,0.9301404680598413
202507,4,서울,26.30322580645161,26.5,21.6,29.9,2.042299989548997,79.90322580645162,81.0,53.0,96.0,10.90674054185355,1.9580645161290324,1.6,0.5,3.4,0.8519679937448306
202507,5,서울,26.06451612903226,26.1,21.6,29.6,1.99842411032573,80.87096774193549,82.0,56.0,96.0,10.713673305590603,1.974193548387097,2.1,0.4,3.6,0.8294446905150794
202507,6,서울,25.906451612903226,26.0,21.5,29.4,1.9495188267657175,81.70967741935483,83.0,58.0,98.0,10.43453735881343,2.106451612903226,2.2,0.7,5.0,0.9858787903425613
202507,7,서울,26.177419354838708,26.4,21.6,29.4,2.0061089497531204,80.93548387096774,82.0,56.0,99.0,10.754643908163478,2.138709677419355,2.1,0.7,4.7,1.0022233348427014
202507,8,서울,27.07741935483871,27.2,22.0,30.5,2.4056474772805405,78.3225806451613,81.0,50.0,98.0,12.560220530904159,2.041935483870968,2.1,0.8,4.2,0.7288228836273769
202507,9,서울,28.025806451612905,28.2,22.2,31.8,2.9411979126353134,74.19354838709677,75.0,46.0,98.0,13.741468516474042,2.3774193548387097,2.4,0.8,3.7,0.7410396648940166
202507,10,서울,28.85483870967742,29.2,22.0,33.1,3.3736072395066388,71.25806451612904,73.0,40.0,98.0,15.110631449271038,2.332258064516129,2.3,1.0,3.7,0.6544142911918481
202507,11,서울,29.683870967741935,29.6,22.7,34.4,3.6378653790552824,68.3225806451613,68.0,37.0,99.0,15.408627662826202,2.3,2.3,1.1,3.5,0.6980926395066297
202507,12,서울,30.42258064516129,30.6,23.2,35.3,3.785032776381147,65.61290322580645,62.0,37.0,98.0,15.045879656027292,2.4935483870967743,2.5,1.3,4.3,0.7056606757127052
202507,13,서울,30.967741935483872,31.3,23.5,35.9,3.9610088863633552,63.645161290322584,63.0,32.0,98.0,15.783004333980637,2.7,2.6,1.6,5.2,0.8213809510006103
202507,14,서울,31.519354838709678,32.3,23.6,36.7,4.225590243176191,61.806451612903224,61.0,30.0,96.0,15.936162973645216,2.606451612903226,2.6,0.8,4.2,0.745178047570274
202507,15,서울,31.79032258064516,32.5,23.0,37.4,4.257022029440272,61.03225806451613,60.0,29.0,96.0,16.28390590116049,2.7516129032258063,2.6,1.3,4.2,0.7238190233025267
202507,16,서울,31.741935483870968,32.0,22.7,37.6,4.297268449728532,61.354838709677416,61.0,28.0,95.0,16.686418403593535,2.670967741935484,2.7,1.0,3.8,0.6900210375474537
202507,17,서울,31.693548387096776,31.7,22.7,37.2,4.333046309766449,61.16129032258065,62.0,29.0,94.0,17.12327222270624,2.6838709677419357,2.7,1.2,4.7,0.8664474495292254
202507,18,서울,31.267741935483873,31.3,22.6,36.7,4.113748258119691,64.48387096774194,64.0,34.0,95.0,15.553929766550823,2.5612903225806454,2.7,0.5,4.1,0.7910657028569492
202507,19,서울,30.23548387096774,30.4,22.5,35.3,3.6078200608397655,66.80645161290323,67.0,34.0,96.0,14.783818529817685,2.5580645161290323,2.5,0.9,6.3,1.0203836512307145
202507,20,서울,29.322580645161292,29.4,22.4,34.0,3.2370469749880932,70.06451612903226,71.0,35.0,98.0,14.350227603005626,2.3774193548387097,2.2,1.1,4.3,0.7843084756307536
202507,21,서울,28.69677419354839,28.7,22.3,32.9,2.9886991452210707,72.51612903225806,74.0,39.0,98.0,13.817551562516263,2.193548387096774,2.1,0.9,4.6,0.8053717501340473
202507,22,서울,28.21935483870968,28.2,22.1,32.2,2.791584896892649,73.6774193548387,76.0,40.0,96.0,13.295079532855235,2.035483870967742,1.9,0.5,3.5,0.8072787156436018
202507,23,서울,27.83225806451613,28.0,21.9,31.7,2.5810058887669087,74.96774193548387,79.0,42.0,98.0,13.307851995389141,2.0516129032258066,2.2,0.7,3.8,0.8504394815787641
202508,0,서울,27.016129032258064,27.2,23.1,29.5,1.5231757994824608,79.74193548387096,79.0,62.0,94.0,7.6068729533910515,1.5548387096774194,1.5,0.2,3.5,0.7835129055212042
202508,1,서울,26.796774193548387,27.2,22.7,29.2,1.519974532893615,81.03225806451613,80.0,63.0,94.0,7.180918562262735,1.6193548387096774,1.6,0.5,3.0,0.7458415179463216
202508,2,서울,26.6,27.0,22.3,28.8,1.509304475578073,82.29032258064517,82.0,67.0,97.0,6.798007298157783,1.8774193548387097,1.6,0.5,4.4,1.048398676528274
202508,3,서울,26.393548387096775,26.6,22.0,28.6,1.5148015236043222,83.29032258064517,84.0,67.0,97.0,6.699221588548412,1.7483870967741937,1.5,0.5,4.0,0.8562986113663603
202508,4,서울,26.151612903225807,26.4,21.6,28.2,1.5130258794310034,84.09677419354838,85.0,68.0,96.0,6.609865549362192,1.7032258064516128,1.6,0.5,4.0,0.881091698204654
202508,5,서울,25.919354838709676,26.1,21.2,28.0,1.5608586002237588,85.29032258064517,85.0,71.0,97.0,6.072855168079765,1.6935483870967742,1.5,0.3,3.9,0.8123773687439304
202508,6,서울,25.738709677419354,25.8,21.0,27.8,1.5995160558441497,86.83870967741936,87.0,75.0,97.0,5.385763791042383,1.7096774193548387,1.6,0.6,4.7,0.8795282215330661
202508,7,서울,25.85483870967742,26.0,21.4,28.0,1.62251629877328,86.70967741935483,87.0,76.0,98.0,5.538914143807716,1.7483870967741937,1.8,0.3,3.6,0.7164128082523071
202508,8,서울,26.519354838709678,26.5,23.3,29.4,1.550358959475452,84.64516129032258,84.0,68.0,98.0,6.468118670818044,2.1903225806451614,2.1,0.6,4.3,0.7959710374587246
202508,9,서울,27.338709677419356,27.4,23.4,30.9,1.6390398448186754,81.41935483870968,81.0,66.0,96.0,7.315618878119099,2.193548387096774,2.1,0.9,3.8,0.762861055007602
202508,10,서울,28.33225806451613,28.7,22.7,32.7,1.9900397143062576,77.2258064516129,76.0,60.0,96.0,9.094722562817605,2.196774193548387,2.0,0.9,4.6,0.9242957214253247
202508,11,서울,29.251612903225805,29.8,22.0,34.2,2.3549764284371566,72.25806451612904,71.0,56.0,96.0,10.47844690125238,2.5774193548387094,2.5,1.1,4.8,0.8872089860603511
202508,12,서울,29.98709677419355,30.7,23.3,34.6,2.4851213163524317,69.38709677419355,67.0,50.0,99.0,12.040701583531414,2.661290322580645,2.7,1.1,4.7,0.9112911789890353
202508,13,서울,30.43548387096774,30.8,23.7,34.5,2.490990216372702,66.25806451612904,64.0,51.0,98.0,10.847327603102631,2.829032258064516,2.7,1.6,5.1,0.9015518281966551
202508,14,서울,31.061290322580643,31.5,24.8,34.6,2.3854667494859845,64.12903225806451,62.0,48.0,92.0,12.01316482165537,2.9193548387096775,2.8,1.1,5.2,1.1121808470564216
202508,15,서울,31.22258064516129,31.5,25.4,35.0,2.3891015992654867,62.806451612903224,60.0,37.0,94.0,13.10322951244898,3.0258064516129033,3.0,1.5,4.9,0.8254161544075747
202508,16,서울,31.22258064516129,31.5,25.6,36.2,2.51948535451447,63.29032258064516,63.0,40.0,94.0,13.19392170252928,2.7096774193548385,2.8,0.9,5.3,0.9839901214645321
202508,17,서울,30.87741935483871,31.2,25.9,35.2,2.357641431235795,64.51612903225806,63.0,42.0,92.0,12.49232022148524,2.8870967741935485,2.9,1.2,4.5,0.7526583711458431
202508,18,서울,30.296774193548387,30.4,26.4,34.8,2.024102084212115,65.83870967741936,65.0,43.0,94.0,11.281538825868122,2.958064516129032,3.0,1.4,4.3,0.7356512731579581
202508,19,서울,29.345161290322583,29.6,26.1,33.3,1.6784593550192424,69.3225806451613,68.0,51.0,94.0,9.184723174105262,2.9000000000000004,2.5,1.1,5.0,0.9305912099305473
202508,20,서울,28.46451612903226,28.8,24.7,31.6,1.5508166423096308,72.45161290322581,72.0,56.0,90.0,7.936576548602548,2.393548387096774,2.3,0.7,4.1,0.8902941401098728
202508,21,서울,27.95483870967742,28.4,24.5,30.6,1.4843267182300581,74.90322580645162,74.0,58.0,90.0,7.905082072986032,2.270967741935484,2.2,0.5,4.2,0.9349486789434297
202508,22,서울,27.567741935483873,27.8,24.1,30.0,1.4279092167161032,76.74193548387096,76.0,61.0,92.0,7.425037561904919,1.9548387096774194,1.8,0.3,4.1,0.9461637313127221
202508,23,서울,27.258064516129032,27.5,23.5,29.7,1.4525320865184324,78.64516129032258,79.0,62.0,92.0,7.035852884082471,1.9096774193548387,1.7,0.9,3.9,0.7674003034964553
202509,0,서울,22.470000000000002,22.35,17.9,27.7,2.697399769637674,79.23333333333333,79.5,60.0,96.0,10.437608833488614,1.84,1.7999999999999998,0.2,3.7,0.868053708810296
202509,1,서울,22.133333333333333,21.9,17.7,27.5,2.7449431039054626,80.23333333333333,80.5,60.0,97.0,10.38793508847157,1.9133333333333333,2.0,0.6,3.0,0.841072112752869
202509,2,서울,21.80666666666667,21.6,17.7,27.2,2.6781276698641436,81.73333333333333,82.5,59.0,98.0,10.36550424055287,1.7533333333333334,1.55,0.3,3.4,0.8135631859119883
202509,3,서울,21.540000000000003,21.4,17.6,27.1,2.6729294274518245,83.1,86.0,62.0,98.0,10.117754964281422,1.6733333333333333,1.55,0.2,4.1,0.9688006568142272
202509,4,서울,21.273333333333333,21.25,17.3,27.0,2.6519912275994364,83.73333333333333,86.0,62.0,98.0,9.769528041871805,1.7933333333333332,1.65,0.2,3.4,0.7129024372643645
202509,5,서울,21.009999999999998,20.950000000000003,17.0,26.4,2.567750927871743,84.6,88.0,63.0,97.0,9.640432097913598,1.8833333333333333,1.75,0.2,3.3,0.7177951553594321
202509,6,서울,20.756666666666668,20.65,16.7,26.1,2.5275971052437884,85.46666666666667,89.0,62.0,97.0,9.608664672138852,1.93,1.85,0.5,4.0,0.736323579544417
202509,7,서울,20.753333333333334,20.75,16.6,26.0,2.5335995020487383,85.93333333333334,90.5,63.0,95.0,9.299363468514402,1.7566666666666666,1.7999999999999998,0.5,3.5,0.7108437596087573
202509,8,서울,21.373333333333335,21.549999999999997,17.2,26.1,2.4719018691231875,84.36666666666666,88.5,59.0,95.0,9.970588933366017,1.9566666666666668,1.95,0.5,3.6,0.8211360227246715
202509,9,서울,22.346666666666668,22.55,17.7,26.3,2.467405915941474,81.03333333333333,82.5,59.0,96.0,11.278552527981452,1.9833333333333334,1.95,0.9,3.7,0.7688250477338707
202509,10,서울,23.383333333333333,23.65,18.4,28.2,2.5738852067392735,76.7,79.0,50.0,96.0,12.782396300084493,2.2766666666666664,2.3499999999999996,0.4,3.6,0.9054179196345753
202509,11,서울,24.306666666666665,24.55,18.7,29.7,2.7190177401525686,72.7,72.5,43.0,95.0,13.933710053753414,2.2199999999999998,2.25,0.9,3.6,0.7676205959393904
202509,12,서울,25.220000000000002,25.75,19.0,30.8,2.896894889359985,68.93333333333334,69.0,41.0,97.0,15.22233688465359,2.3066666666666666,2.3,0.8,4.0,0.8665959299160864
202509,13,서울,25.959999999999997,26.200000000000003,19.6,31.2,2.968756851171767,66.06666666666666,67.0,35.0,92.0,14.736614811141468,2.1599999999999997,1.7,1.3,4.6,0.8252899177112624
202509,14,서울,26.373333333333335,26.35,20.6,32.5,3.0837654248341106,64.16666666666667,62.0,33.0,93.0,15.565397816805142,2.5,2.3,0.5,5.5,1.103911540683932
202509,15,서울,26.623333333333335,26.65,20.3,32.5,3.2794746565552972,62.36666666666667,59.0,31.0,94.0,16.059122089916702,2.4866666666666664,2.4,0.8,5.0,0.9149084496627888
202509,16,서울,26.663333333333334,26.6,20.1,32.0,3.267233706356805,62.2,59.0,31.0,95.0,16.07611207071986,2.493333333333333,2.3,1.1,6.2,1.0938490513441224
202509,17,서울,26.403333333333332,26.4,19.6,31.7,3.207586194539797,63.233333333333334,58.5,32.0,94.0,15.928034996526558,2.146666666666667,2.1,0.7,3.9,0.7951288480853096
202509,18,서울,25.563333333333333,25.2,19.0,30.9,3.0150751501280264,66.46666666666667,64.0,43.0,93.0,14.20959688654681,2.0533333333333332,1.9,0.8,3.9,0.7417283327069486
202509,19,서울,24.62,24.35,18.7,29.8,2.832983075037384,70.43333333333334,68.5,47.0,95.0,12.973934966144506,1.9,1.85,0.7,3.8,0.6596759915239476
202509,20,서울,23.853333333333335,23.65,18.5,29.0,2.7042410285013214,73.23333333333333,72.0,52.0,94.0,11.658009924609726,1.7633333333333332,1.8,0.6,3.9,0.7595294974332889
202509,21,서울,23.353333333333335,23.200000000000003,18.6,28.7,2.640106232624024,75.8,74.5,56.0,95.0,10.924190177513513,1.7966666666666666,1.7,0.6,4.0,0.8495367229720919
202509,22,서울,22.923333333333336,22.85,18.5,28.4,2.609489755030511,77.1,76.0,56.0,95.0,10.629659221838383,1.7,1.6,0.3,4.1,0.9168912995401438
202509,23,서울,22.529999999999998,22.299999999999997,18.1,28.2,2.6315263697106968,78.5,79.0,58.0,95.0,10.552822796082442,1.7833333333333334,1.65,0.3,3.4,0.8963848208924763
202510,0,서울,15.36774193548387,16.9,6.7,22.2,4.670645001622666,79.54838709677419,80.0,51.0,100.0,12.49756965621028,2.1548387096774193,2.0,0.3,5.1,1.1876696256892934
202510,1,서울,15.061290322580644,16.5,5.8,22.2,4.802546367595341,80.0,81.0,55.0,100.0,12.564500255349062,1.9903225806451614,1.9,0.7,4.3,0.9459932482879843
202510,2,서울,14.76774193548387,16.1,5.1,22.1,4.967184789313039,81.61290322580645,82.0,51.0,100.0,12.17833436710412,2.0,1.9,0.2,4.6,1.1601724009818541
202510,3,서울,14.516129032258064,16.2,4.6,22.0,5.092811716801996,81.70967741935483,83.0,48.0,100.0,12.469144713751346,2.1322580645161286,1.9,0.6,4.9,0.9883950279027084
202510,4,서울,14.306451612903226,16.5,4.2,21.9,5.17126261074095,82.3225806451613,84.0,51.0,100.0,12.014954839072274,2.0,2.0,0.3,4.9,1.0557777543908882
202510,5,서울,14.093548387096776,16.1,3.6,21.7,5.2404793345565235,83.29032258064517,85.0,54.0,99.0,11.88891233709543,1.8741935483870968,1.8,0.2,4.5,0.8778639765307167
202510,6,서울,13.92258064516129,16.0,3.4,21.7,5.2938775755533145,83.74193548387096,86.0,54.0,99.0,11.865826960745958,1.8774193548387095,1.7,0.2,4.2,0.8811771208330198
202510,7,서울,13.851612903225806,16.0,3.1,21.6,5.339904553937392,84.19354838709677,86.0,53.0,100.0,11.668817006131372,1.9451612903225806,1.8,0.5,4.2,0.884246839473164
202510,8,서울,14.170967741935485,16.4,3.3,21.7,5.23464061475011,83.83870967741936,85.0,54.0,100.0,11.8042274184394,2.032258064516129,2.2,0.5,4.5,1.0061103639840556
202510,9,서울,15.345161290322581,16.5,5.5,21.9,4.729188704889204,80.3225806451613,81.0,47.0,98.0,12.28111584717012,2.261290322580645,2.2,0.5,3.8,0.8175889021404495
202510,10,서울,16.519354838709678,17.1,7.3,22.1,4.312340381961108,75.54838709677419,74.0,38.0,100.0,14.816294430294015,2.370967741935484,2.2,1.0,4.0,0.8993306949752862
202510,11,서울,17.73225806451613,17.8,9.4,23.7,4.047170789310659,71.2258064516129,68.0,28.0,98.0,16.422971061736167,2.235483870967742,2.2,0.9,4.2,0.8927666313569949
202510,12,서울,18.62258064516129,18.7,10.3,24.7,4.0096308788897534,68.3225806451613,69.0,26.0,98.0,17.057524433074878,2.429032258064516,2.4,1.1,4.4,0.7789709230290508
202510,13,서울,19.287096774193547,19.3,10.5,26.0,4.1160451840315435,66.80645161290323,63.0,28.0,98.0,17.336703559863405,2.52258064516129,2.3,1.0,4.3,0.936201430398165
202510,14,서울,19.738709677419354,19.7,11.9,26.9,4.058791069547255,65.19354838709677,62.0,30.0,98.0,16.84917278847582,2.5677419354838706,2.7,1.1,4.8,0.9414128023965518
202510,15,서울,19.787096774193547,19.5,12.0,27.5,3.9796768659012067,64.3225806451613,60.0,27.0,97.0,17.56585152461862,2.7129032258064516,2.6,1.3,4.8,0.8476406217589587
202510,16,서울,19.538709677419355,19.3,11.5,27.7,4.0124537313514965,65.6774193548387,62.0,32.0,98.0,17.57723356461267,2.693548387096774,2.5,1.3,5.0,0.8947757573347517
202510,17,서울,18.883870967741935,18.8,11.3,26.4,3.9115296900482597,67.35483870967742,63.0,39.0,99.0,16.20195129626218,2.4645161290322584,2.4,0.8,4.7,0.9307876188464528
202510,18,서울,18.02258064516129,17.4,10.2,24.5,4.031600978719609,70.25806451612904,68.0,42.0,99.0,15.231475616707835,2.57741935483871,2.6,0.9,4.8,1.159801614478199
202510,19,서울,17.31935483870968,16.9,9.6,23.5,4.081782237768096,73.25806451612904,71.0,47.0,99.0,13.844295436353276,2.47741935483871,2.4,0.7,4.8,1.0889474053474315
202510,20,서울,16.799999999999997,16.5,8.9,23.3,4.156681368592017,74.41935483870968,71.0,49.0,99.0,13.64496047031867,2.2903225806451615,2.0,0.6,5.2,1.1493055406663848
202510,21,서울,16.358064516129033,15.8,8.0,22.9,4.283594611503161,76.09677419354838,74.0,51.0,100.0,13.257337185397063,2.103225806451613,1.7,0.3,4.7,1.1350429862543363
202510,22,서울,15.94516129032258,15.4,7.1,22.5,4.4383809893306365,77.3225806451613,75.0,55.0,99.0,12.20215034812633,2.1838709677419357,1.9,0.3,4.8,1.2535540871706996
202510,23,서울,15.548387096774194,15.4,7.1,22.2,4.509240214473825,78.74193548387096,78.0,55.0,100.0,11.687508265766724,2.232258064516129,2.1,0.6,4.7,1.2240335226275991
202511,0,서울,7.39,7.9,-0.6,13.4,3.854003739954881,66.2,66.5,44.0,87.0,10.652504966859462,1.7033333333333334,1.5,0.6,3.9,0.8580182995128081
202511,1,서울,6.946666666666667,7.55,-1.0,12.9,3.837000744415314,66.9,68.5,47.0,87.0,10.996394393398795,1.6166666666666667,1.6,0.2,3.6,1.0123660689055438
202511,2,서울,6.636666666666667,7.2,-1.5,13.1,3.8630418007087353,68.13333333333334,69.5,44.0,90.0,11.649280970361941,1.6266666666666665,1.45,0.1,3.8,0.9794204244429927
202511,3,서울,6.306666666666667,6.65,-1.6,12.5,3.82603903699945,69.06666666666666,71.0,32.0,89.0,13.325974981043686,1.4733333333333334,1.4,0.1,4.6,0.9634468771330733
202511,4,서울,6.083333333333333,6.6,-1.6,12.6,3.835594036025633,69.96666666666667,71.5,35.0,91.0,13.213063894164153,1.4433333333333331,1.4,0.1,3.6,0.823651806803442
202511,5,서울,5.91,6.25,-1.9,12.8,3.957912197802933,70.43333333333334,72.5,25.0,91.0,14.22160409336815,1.4966666666666666,1.55,0.3,3.7,0.7893617383829726
202511,6,서울,5.7733333333333325,5.85,-2.0,12.8,3.9545637828518685,71.06666666666666,73.5,27.0,93.0,13.843791919580546,1.72,1.65,0.5,4.2,0.8057551608958795
202511,7,서울,5.553333333333333,5.7,-1.7,12.9,3.8915233550614223,71.23333333333333,75.0,27.0,91.0,14.055759240115483,1.7166666666666666,1.6,0.3,3.6,0.8034766410068672
202511,8,서울,5.5633333333333335,5.800000000000001,-1.9,13.1,3.864380517186317,72.2,75.0,30.0,93.0,14.069776852873511,1.79,1.65,0.4,3.5,0.8260207895855807
202511,9,서울,6.806666666666667,7.4,-0.9,13.9,3.748188834654663,68.76666666666667,73.0,32.0,91.0,14.37354690306859,2.0233333333333334,1.8,1.1,4.6,0.8767822571407233
202511,10,서울,8.76,9.3,1.1,14.9,3.532177212721492,61.6,61.5,30.0,89.0,15.473224927440704,1.9200000000000002,1.75,0.9,4.3,0.815115815760833
202511,11,서울,10.473333333333333,11.3,2.9,15.5,3.6145237043344185,55.2,53.0,28.0,90.0,16.711342421159387,2.1933333333333334,2.2,0.5,4.6,1.0167335572492833
202511,12,서울,11.986666666666668,12.85,3.8,17.0,3.980966208600997,50.93333333333333,51.5,27.0,93.0,16.096547784376394,2.4033333333333333,2.1500000000000004,1.0,4.7,1.0046386666731042
202511,13,서울,12.916666666666666,13.4,4.6,18.4,4.0361370515445305,47.06666666666667,46.0,28.0,90.0,15.256278149945542,2.8266666666666667,2.6500000000000004,1.3,5.0,0.9295654651626148
202511,14,서울,13.46,14.65,4.7,19.5,4.278381904895579,44.86666666666667,42.5,24.0,86.0,14.216875192175145,2.94,2.85,0.8,5.0,1.0545795043686763
202511,15,서울,13.593333333333334,14.7,5.2,19.9,4.364032723204009,44.733333333333334,42.5,23.0,87.0,13.776374913130317,2.94,2.95,1.2,4.3,0.8938872875025242
202511,16,서울,13.146666666666667,14.25,5.1,19.9,4.256413686575162,45.233333333333334,42.5,22.0,84.0,13.400162977221283,2.8666666666666667,2.8499999999999996,0.8,5.1,0.9056654377072536
202511,17,서울,11.966666666666667,12.9,3.7,18.6,4.1006587640098235,49.03333333333333,48.5,24.0,73.0,11.955328730631845,2.6566666666666667,2.6,1.4,4.8,0.9550892116963999
202511,18,서울,10.803333333333335,11.7,3.0,16.8,3.8796092349735374,55.36666666666667,57.5,31.0,76.0,11.511563401815716,2.353333333333333,2.3,0.6,4.3,0.9209190811482778
202511,19,서울,10.0,10.75,2.4,15.5,3.810783248299126,59.13333333333333,58.0,36.0,79.0,11.075706043761548,2.0766666666666667,1.9,0.6,3.9,0.9035116675136706
202511,20,서울,9.416666666666666,10.149999999999999,1.4,15.0,3.8241594373533703,61.766666666666666,61.5,37.0,84.0,11.976077687690958,2.02,1.7,0.8,4.9,1.0403580285585377
202511,21,서울,8.896666666666667,9.4,0.6,14.7,3.8946898715305047,63.833333333333336,61.0,44.0,84.0,11.468347243859817,1.8966666666666667,1.7999999999999998,0.1,4.3,1.2030086803749471
202511,22,서울,8.473333333333333,8.9,0.2,14.3,3.90939922479792,65.2,65.0,44.0,86.0,11.327111206122332,2.06,1.7999999999999998,0.5,4.1,1.0280882828052167
202511,23,서울,7.97,8.7,-0.1,14.0,3.904740708420982,65.6,66.0,41.0,87.0,11.49692612591851,1.8866666666666667,1.6,0.6,4.1,1.032817817273773
202512,0,서울,0.6032258064516128,0.8,-8.9,12.2,4.698260945709432,65.54838709677419,63.0,36.0,95.0,16.90135834714165,1.9967741935483871,1.9,0.8,3.9,0.9119517059463701
202512,1,서울,0.33548387096774185,0.3,-9.4,11.5,4.73128230589388,65.7741935483871,65.0,35.0,95.0,17.207962647990136,1.9483870967741934,1.8,0.2,4.8,1.047495733560742
202512,2,서울,0.12258064516129029,0.3,-9.8,9.2,4.618564688834209,65.25806451612904,63.0,37.0,95.0,17.06647345320738,2.0935483870967744,1.8,0.5,5.2,1.1313518414919876
202512,3,서울,-0.12580645161290313,-0.4,-10.2,7.9,4.611432730503286,65.54838709677419,63.0,41.0,94.0,17.277806013645403,1.9774193548387096,2.0,0.7,4.2,0.7392382013123847
202512,4,서울,-0.4,-0.7,-10.7,7.7,4.554411780533976,66.38709677419355,61.0,36.0,93.0,17.77390862913921,1.8870967741935485,1.7,0.9,3.3,0.6286185570937122
202512,5,서울,-0.6483870967741936,-0.6,-11.0,8.0,4.627517042485595,66.90322580645162,62.0,38.0,93.0,17.529698302613344,2.0193548387096776,1.8,0.6,3.8,0.7824829518222574
202512,6,서울,-0.8580645161290323,-0.8,-11.4,8.2,4.681935083812275,67.19354838709677,66.0,37.0,94.0,17.47268221126665,1.8258064516129033,1.8,0.3,3.5,0.8262234330314789
202512,7,서울,-0.9354838709677419,-0.7,-11.6,8.4,4.755316210102595,67.80645161290323,68.0,34.0,94.0,17.81650799088439,2.135483870967742,2.0,0.4,3.8,0.8175362936272917
202512,8,서울,-0.9774193548387096,-0.9,-11.8,8.3,4.756799321491946,67.25806451612904,64.0,32.0,93.0,17.9126914819921,2.1903225806451614,2.3,0.8,3.5,0.6564321943707908
202512,9,서울,-0.4774193548387096,-0.1,-11.3,8.6,4.614376785469471,66.19354838709677,64.0,30.0,94.0,18.00077656628311,2.425806451612903,2.5,0.9,4.1,0.7641848563166219
202512,10,서울,0.8645161290322579,1.6,-10.3,8.8,4.241347929381003,62.354838709677416,61.0,28.0,94.0,19.305523194320624,2.606451612903226,2.6,1.1,4.5,0.8679229934623494
202512,11,서울,2.0387096774193547,3.4,-8.9,9.0,4.178012080671448,58.483870967741936,55.0,27.0,90.0,19.69580491330059,2.370967741935484,2.4,0.4,5.2,0.9231083534764837
202512,12,서울,3.0290322580645164,3.8,-7.6,11.4,4.1847495782015525,55.0,51.0,25.0,92.0,19.77371993328519,2.7903225806451615,2.6,1.4,5.2,0.9030890833539725
202512,13,서울,3.835483870967742,3.8,-6.4,12.8,4.241112148725205,53.03225806451613,50.0,26.0,94.0,19.550761061005172,2.603225806451613,2.5,1.0,5.1,0.9232131826643081
202512,14,서울,4.351612903225806,4.0,-4.9,13.3,4.215595724429463,51.70967741935484,51.0,23.0,93.0,20.02197717240915,2.806451612903226,2.6,0.7,5.1,0.9790932825395027
202512,15,서울,4.632258064516129,4.5,-4.0,12.9,4.068446640244423,50.806451612903224,49.0,26.0,95.0,20.199701903474896,2.9387096774193546,2.9,1.0,5.3,1.0477523305803518
202512,16,서울,4.367741935483871,4.4,-4.2,12.3,3.988014300941777,51.87096774193548,51.0,23.0,95.0,20.10098162691542,2.725806451612903,2.3,1.1,5.3,1.060492886015895
202512,17,서울,3.4451612903225803,4.1,-5.4,12.0,4.052722435571544,54.645161290322584,55.0,26.0,95.0,19.42601071947399,2.6129032258064515,2.5,0.8,4.5,0.8976792060581817
202512,18,서울,2.603225806451613,2.7,-6.1,11.5,4.075003793124431,57.87096774193548,58.0,29.0,95.0,18.851599287565094,2.519354838709677,2.3,0.9,5.1,0.9689923820955146
202512,19,서울,1.9580645161290324,2.2,-6.5,11.1,4.130841253590555,61.16129032258065,59.0,34.0,94.0,18.361366641572094,2.2451612903225806,2.0,0.5,4.9,0.9681042332577691
202512,20,서울,1.4709677419354839,1.5,-6.8,11.0,4.241241449417619,62.935483870967744,62.0,36.0,94.0,17.454580074908645,2.429032258064516,2.1,0.9,5.1,1.013966977893296
202512,21,서울,1.0516129032258066,1.1,-7.4,10.1,4.29347341653522,63.67741935483871,61.0,37.0,94.0,17.084860933536437,2.4612903225806453,2.3,0.7,5.8,1.2060064729939162
202512,22,서울,0.6193548387096774,1.4,-8.1,9.0,4.331005992056095,63.83870967741935,61.0,38.0,94.0,17.08429449171285,2.3225806451612905,2.4,0.3,4.7,1.2284705063395849
202512,23,서울,0.2580645161290322,0.4,-8.7,8.2,4.448278632875747,64.3225806451613,63.0,38.0,94.0,16.389808005331023,2.364516129032258,2.1,0.3,4.7,1.1282873118423855
